elapsed_ms,frame,scene,event,ms
2936.0531,1,18,"Scene switch",2472.6153
2946.355,1,18,"SetVSync",10.2862
2959.4926,1,18,"RenderPath3D Update",12.2865
2959.5165,1,18,"Application Update",2496.145
2976.1581,1,18,"Application Render",16.6373
2977.0796,1,18,"Application Compose",0.1945
2986.0913,1,18,"SubmitCommandLists",9.0005
2986.4854,1,18,"CPU Frame",0
3004.6344,2,18,"SetVSync",15.8878
3010.4578,2,18,"RenderPath3D Update",4.8555
3010.4724,2,18,"Application Update",21.7505
3026.8549,2,18,"Application Render",16.379
3028.1217,2,18,"Application Compose",0.3163
3036.1931,2,18,"SubmitCommandLists",8.0384
3044.3462,2,18,"Shadowmap packing",0.000600000028
3044.3534,2,18,"Render",16.3782005
3044.3555,2,18,"Procedural Animations",0.00120000006
3044.3579,2,18,"Script Components",9.99999975e-05
3044.3607,2,18,"CPU Frame",41.6615982
3044.3628,2,18,"Input",0.121799998
3044.365,2,18,"GUI Update",0.0351000018
3044.3671,2,18,"Frustum Culling",1.16530001
3044.369,2,18,"Animations",9.99999975e-05
3044.3708,2,18,"Spring Dependencies",0.000199999995
3044.373,2,18,"GUI Render",0.125400007
3044.3754,2,18,"Physics",0.00829999987
3044.3771,2,18,"Update",21.7502003
3044.379,2,18,"Fixed Update",0.00630000001
3044.3809,2,18,"Spline Update",0.000199999995
3044.3827,2,18,"Compose",0.315200001
3044.3907,2,18,"Update Buffers (CPU)",0.0769999996
3059.5042,3,18,"SetVSync",14.6184
3065.0584,3,18,"RenderPath3D Update",4.6874
3065.0733,3,18,"Application Update",20.2496
3080.9977,3,18,"Application Render",15.9209
3081.5467,3,18,"Application Compose",0.4616
3082.6178,3,18,"SubmitCommandLists",1.0588
3083.5373,3,18,"Shadowmap packing",0.000699999975
3083.5461,3,18,"Render",15.9195004
3083.5484,3,18,"Procedural Animations",0.00100000005
3083.5507,3,18,"Script Components",0.000199999995
3083.553,3,18,"CPU Frame",37.2434006
3083.5549,3,18,"Input",0.358900011
3083.5572,3,18,"GUI Update",0.0342999995
3083.5591,3,18,"Frustum Culling",1.35739994
3083.561,3,18,"Animations",0.000500000024
3083.5628,3,18,"Spring Dependencies",0.00039999999
3083.565,3,18,"GUI Render",0.0786999986
3083.5668,3,18,"Physics",0.00949999969
3083.5685,3,18,"Update",20.2493
3083.5702,3,18,"Fixed Update",0.0439000018
3083.5731,3,18,"Spline Update",0.000600000028
3083.5751,3,18,"Compose",0.460900009
3083.577,3,18,"Update Buffers (CPU)",0.210999995
3112.5331,4,18,"SetVSync",28.7832
3118.1948,4,18,"RenderPath3D Update",4.8016
3118.2138,4,18,"Application Update",34.4831
3128.5927,4,18,"Application Render",10.3754
3129.0699,4,18,"Application Compose",0.3998
3130.2435,4,18,"SubmitCommandLists",1.1621
3130.2779,4,18,"Shadowmap packing",0.000199999995
3130.281,4,18,"Render",10.3745003
3130.2832,4,18,"Procedural Animations",0.00109999999
3130.2855,4,18,"Script Components",0.000199999995
3130.2876,4,18,"CPU Frame",45.5519981
3130.2895,4,18,"Input",0.138799995
3130.2916,4,18,"GUI Update",0.0445999987
3130.2936,4,18,"Frustum Culling",1.21599996
3130.2955,4,18,"Animations",9.99999975e-05
3130.2977,4,18,"Spring Dependencies",0.000300000014
3130.2997,4,18,"GUI Render",0.159299999
3130.3014,4,18,"Physics",0.00650000013
3130.3031,4,18,"Update",34.4827003
3130.3048,4,18,"Fixed Update",0.00529999984
3130.3066,4,18,"Spline Update",0.000199999995
3130.3084,4,18,"Compose",0.399100006
3130.3103,4,18,"Update Buffers (CPU)",0.0874999985
3161.2327,5,18,"SetVSync",30.7556
3167.2444,5,18,"RenderPath3D Update",5.139
3167.2617,5,18,"Application Update",36.8036
3177.8083,5,18,"Application Render",10.5431
3178.2968,5,18,"Application Compose",0.4193
3179.3485,5,18,"SubmitCommandLists",1.0397
3179.3737,5,18,"Shadowmap packing",0.000600000028
3179.3769,5,18,"Render",10.5424004
3179.379,5,18,"Procedural Animations",0.00139999995
3179.3815,5,18,"Script Components",0.000199999995
3179.3843,5,18,"CPU Frame",48.0391006
3179.3862,5,18,"Input",0.133399993
3179.3885,5,18,"GUI Update",0.0364000015
3179.3904,5,18,"Frustum Culling",1.20889997
3179.3923,5,18,"Animations",0.000199999995
3179.394,5,18,"Spring Dependencies",0.000199999995
3179.396,5,18,"GUI Render",0.0777999982
3179.3977,5,18,"Physics",0.00779999979
3179.3996,5,18,"Update",36.8031998
3179.5464,5,18,"Fixed Update",0.00490000006
3179.5501,5,18,"Spline Update",0.000199999995
3179.5522,5,18,"Compose",0.41839999
3179.5541,5,18,"Update Buffers (CPU)",0.0815000013
3226.6493,6,18,"SetVSync",46.9147
3232.5821,6,18,"RenderPath3D Update",4.9836
3232.6021,6,18,"Application Update",52.9066
3243.1537,6,18,"Application Render",10.5475
3243.6455,6,18,"Application Compose",0.4154
3245.0333,6,18,"SubmitCommandLists",1.3755
3245.0982,6,18,"Shadowmap packing",0.000500000024
3245.1016,6,18,"Render",10.5464001
3245.1036,6,18,"Procedural Animations",0.00139999995
3245.106,6,18,"Script Components",0.000300000014
3245.1087,6,18,"CPU Frame",64.2912979
3245.1106,6,18,"Input",0.124799997
3245.1128,6,18,"GUI Update",0.0372000001
3245.1147,6,18,"Frustum Culling",1.41579998
3245.1168,6,18,"Animations",9.99999975e-05
3245.1192,6,18,"Spring Dependencies",0.000300000014
3245.1212,6,18,"GUI Render",0.1184
3245.1231,6,18,"Physics",0.0074
3245.1248,6,18,"Update",52.8889999
3245.1265,6,18,"Fixed Update",0.00639999984
3245.1284,6,18,"Spline Update",0.000199999995
3245.1302,6,18,"Compose",0.414600015
3245.132,6,18,"Update Buffers (CPU)",0.125400007
3292.151,7,18,"SetVSync",46.8234
3298.0253,7,18,"RenderPath3D Update",4.975
3298.0529,7,18,"Application Update",52.7524
3309.1185,7,18,"Application Render",11.0617
3309.608,7,18,"Application Compose",0.4242
3310.6288,7,18,"SubmitCommandLists",1.0083
3310.6549,7,18,"Shadowmap packing",0.000500000024
3310.6581,7,18,"Render",11.0595999
3310.6603,7,18,"Procedural Animations",0.00139999995
3310.6627,7,18,"Script Components",9.99999975e-05
3310.6654,7,18,"CPU Frame",64.5378036
3310.6672,7,18,"Input",0.148200005
3310.6694,7,18,"GUI Update",0.0386999995
3310.6713,7,18,"Frustum Culling",1.31760001
3310.6732,7,18,"Animations",0.000300000014
3310.6749,7,18,"Spring Dependencies",0.00100000005
3310.6768,7,18,"GUI Render",0.0773999989
3310.6784,7,18,"Physics",0.00949999969
3310.68,7,18,"Update",52.7517014
3310.6818,7,18,"Fixed Update",0.00540000014
3310.6834,7,18,"Spline Update",0.000199999995
3310.6851,7,18,"Compose",0.423000008
3310.6868,7,18,"Update Buffers (CPU)",0.1083
3358.3726,8,18,"SetVSync",47.5176
3363.9713,8,18,"RenderPath3D Update",4.7436
3363.9876,8,18,"Application Update",53.1584
3374.2477,8,18,"Application Render",10.2568
3374.7504,8,18,"Application Compose",0.4318
3375.9268,8,18,"SubmitCommandLists",1.1643
3375.9528,8,18,"Shadowmap packing",0.00039999999
3375.956,8,18,"Render",10.2558002
3375.9583,8,18,"Procedural Animations",0.0013
3375.9611,8,18,"Script Components",0.000199999995
3375.9718,8,18,"CPU Frame",64.1159973
3375.9737,8,18,"Input",0.124700002
3375.9761,8,18,"GUI Update",0.0469999984
3375.9853,8,18,"Frustum Culling",1.36360002
3375.9872,8,18,"Animations",0.00079999998
3375.9891,8,18,"Spring Dependencies",0.00039999999
3375.9913,8,18,"GUI Render",0.0784000009
3375.9932,8,18,"Physics",0.0074
3375.9949,8,18,"Update",53.1581001
3375.9965,8,18,"Fixed Update",0.00520000001
3375.9987,8,18,"Spline Update",0.000199999995
3376.0005,8,18,"Compose",0.431199998
3376.0024,8,18,"Update Buffers (CPU)",0.111199997
3405.3461,9,18,"SetVSync",29.1802
3411.0357,9,18,"RenderPath3D Update",4.7592
3411.0489,9,18,"Application Update",34.9012
3421.3239,9,18,"Application Render",10.2714
3421.8217,9,18,"Application Compose",0.42
3426.2617,9,18,"SubmitCommandLists",4.4277
3426.2907,9,18,"Shadowmap packing",0.000300000014
3426.294,9,18,"Render",10.2704
3426.2962,9,18,"Procedural Animations",0.0013
3426.2986,9,18,"Script Components",0.000199999995
3426.3012,9,18,"CPU Frame",45.8886986
3426.3033,9,18,"Input",0.126499996
3426.3057,9,18,"GUI Update",0.0463000014
3426.3078,9,18,"Frustum Culling",1.1947
3426.3097,9,18,"Animations",0.00079999998
3426.3115,9,18,"Spring Dependencies",0.000699999975
3426.3136,9,18,"GUI Render",0.100299999
3426.3155,9,18,"Physics",0.0159000009
3426.3172,9,18,"Update",34.9009018
3426.3189,9,18,"Fixed Update",0.00510000018
3426.3209,9,18,"Spline Update",0.000199999995
3426.3227,9,18,"Compose",0.419200003
3426.3245,9,18,"Update Buffers (CPU)",0.1061
3452.0825,10,18,"SetVSync",25.5904
3457.8654,10,18,"RenderPath3D Update",4.9173
3457.9809,10,18,"Application Update",31.5096
3468.298,10,18,"Application Render",10.3135
3468.9649,10,18,"Application Compose",0.5985
3470.0437,10,18,"SubmitCommandLists",1.0631
3470.0795,10,18,"Shadowmap packing",0.000500000024
3470.083,10,18,"Render",10.3122997
3470.0859,10,18,"Procedural Animations",0.0013
3470.0883,10,18,"Script Components",0.000199999995
3470.091,10,18,"CPU Frame",42.6978989
3470.0929,10,18,"Input",0.128299996
3470.0953,10,18,"GUI Update",0.0445999987
3470.0974,10,18,"Frustum Culling",1.26180005
3470.0995,10,18,"Animations",9.99999975e-05
3470.1027,10,18,"Spring Dependencies",0.000300000014
3470.1053,10,18,"GUI Render",0.0855000019
3470.1073,10,18,"Physics",0.0074
3470.1096,10,18,"Update",31.5093002
3470.1118,10,18,"Fixed Update",0.00590000022
3470.1138,10,18,"Spline Update",0.000300000014
3470.1157,10,18,"Compose",0.597299993
3470.1175,10,18,"Update Buffers (CPU)",0.0945999995
3499.9499,11,18,"SetVSync",29.6375
3507.169,11,18,"RenderPath3D Update",6.0173
3507.1855,11,18,"Application Update",36.9127
3517.4763,11,18,"Application Render",10.2876
3517.9718,11,18,"Application Compose",0.4263
3519.015,11,18,"SubmitCommandLists",1.0305
3519.0714,11,18,"Shadowmap packing",0.000600000028
3519.075,11,18,"Render",10.2868996
3519.077,11,18,"Procedural Animations",0.00159999996
3519.0793,11,18,"Script Components",0.00039999999
3519.082,11,18,"CPU Frame",47.9183006
3519.0839,11,18,"Input",0.135600001
3519.0861,11,18,"GUI Update",0.0795999989
3519.088,11,18,"Frustum Culling",1.2809
3519.0899,11,18,"Animations",9.99999975e-05
3519.092,11,18,"Spring Dependencies",0.000199999995
3519.0941,11,18,"GUI Render",0.0940999985
3519.0958,11,18,"Physics",0.00669999979
3519.0976,11,18,"Update",36.9122009
3519.0993,11,18,"Fixed Update",0.00760000013
3519.1012,11,18,"Spline Update",0.000199999995
3519.1028,11,18,"Compose",0.425300002
3519.1051,11,18,"Update Buffers (CPU)",0.101400003
3548.6708,12,18,"SetVSync",29.4032
3554.344,12,18,"RenderPath3D Update",4.7733
3554.3691,12,18,"Application Update",35.1197
3564.6842,12,18,"Application Render",10.3116
3565.1585,12,18,"Application Compose",0.4167
3566.0276,12,18,"SubmitCommandLists",0.8569
3566.1111,12,18,"Shadowmap packing",0.00100000005
3566.1146,12,18,"Render",10.3107996
3566.1168,12,18,"Procedural Animations",0.00120000006
3566.1189,12,18,"Script Components",0.000199999995
3566.1215,12,18,"CPU Frame",46.1049995
3566.1234,12,18,"Input",0.129199997
3566.1256,12,18,"GUI Update",0.0366999991
3566.1277,12,18,"Frustum Culling",1.23740005
3566.1297,12,18,"Animations",0.000199999995
3566.1315,12,18,"Spring Dependencies",0.000300000014
3566.1335,12,18,"GUI Render",0.144500002
3566.1355,12,18,"Physics",0.00730000017
3566.1373,12,18,"Update",35.1192017
3566.1392,12,18,"Fixed Update",0.00490000006
3566.1411,12,18,"Spline Update",0.000300000014
3566.1429,12,18,"Compose",0.415899992
3566.1447,12,18,"Update Buffers (CPU)",0.0738999993
3596.0112,13,18,"SetVSync",29.5851
3602.0535,13,18,"RenderPath3D Update",5.1559
3602.0738,13,18,"Application Update",35.7113
3616.4084,13,18,"Application Render",14.3315
3616.8864,13,18,"Application Compose",0.4038
3621.2004,13,18,"SubmitCommandLists",4.3021
3621.2247,13,18,"Shadowmap packing",0.00079999998
3621.228,13,18,"Render",14.3176003
3621.2303,13,18,"Procedural Animations",0.00120000006
3621.2329,13,18,"Script Components",0.000300000014
3621.2355,13,18,"CPU Frame",50.8054008
3621.2373,13,18,"Input",0.166500002
3621.2395,13,18,"GUI Update",0.0507000014
3621.2417,13,18,"Frustum Culling",1.29649997
3621.2437,13,18,"Animations",0.000899999985
3621.2457,13,18,"Spring Dependencies",0.000600000028
3621.2479,13,18,"GUI Render",0.072300002
3621.2498,13,18,"Physics",0.00749999983
3621.2517,13,18,"Update",35.7111015
3621.2537,13,18,"Fixed Update",0.0057000001
3621.2557,13,18,"Spline Update",0.000199999995
3621.2578,13,18,"Compose",0.40290001
3621.2597,13,18,"Update Buffers (CPU)",0.126100004
3646.725,14,18,"SetVSync",25.2967
3652.469,14,18,"RenderPath3D Update",4.8111
3652.4997,14,18,"Application Update",31.0903
3662.4194,14,18,"Application Render",9.9162
3663.0194,14,18,"Application Compose",0.481
3663.933,14,18,"SubmitCommandLists",0.8784
3663.9697,14,18,"Shadowmap packing",0.00039999999
3663.9729,14,18,"Render",9.91539955
3663.9749,14,18,"Procedural Animations",0.00120000006
3663.9773,14,18,"Script Components",0.000199999995
3663.98,14,18,"CPU Frame",41.8331985
3663.9822,14,18,"Input",0.124600001
3663.9846,14,18,"GUI Update",0.0370999984
3663.9865,14,18,"Frustum Culling",1.20510006
3663.9884,14,18,"Animations",0.000199999995
3663.9902,14,18,"Spring Dependencies",0.000899999985
3663.9922,14,18,"GUI Render",0.111900002
3663.994,14,18,"Physics",0.00800000038
3663.9957,14,18,"Update",31.0900002
3663.9975,14,18,"Fixed Update",0.0046000001
3663.9994,14,18,"Spline Update",0.000199999995
3664.0014,14,18,"Compose",0.480100006
3664.0036,14,18,"Update Buffers (CPU)",0.104999997
3693.4662,15,18,"SetVSync",29.2462
3699.4298,15,18,"RenderPath3D Update",5.046
3699.4661,15,18,"Application Update",35.2764
3712.0867,15,18,"Application Render",12.6159
3712.5596,15,18,"Application Compose",0.4065
3713.3031,15,18,"SubmitCommandLists",0.7315
3713.3419,15,18,"Shadowmap packing",0.000300000014
3713.3451,15,18,"Render",12.6146002
3713.347,15,18,"Procedural Animations",0.0013
3713.3495,15,18,"Script Components",0.000300000014
3713.3517,15,18,"CPU Frame",48.6066017
3713.3537,15,18,"Input",0.169499993
3713.3558,15,18,"GUI Update",0.0439999998
3713.3579,15,18,"Frustum Culling",1.27390003
3713.3599,15,18,"Animations",9.99999975e-05
3713.3622,15,18,"Spring Dependencies",0.00079999998
3713.3643,15,18,"GUI Render",0.109200001
3713.3664,15,18,"Physics",0.00730000017
3713.3681,15,18,"Update",35.2759018
3713.37,15,18,"Fixed Update",0.00480000023
3713.3721,15,18,"Spline Update",0.000199999995
3713.3739,15,18,"Compose",0.405800015
3713.3757,15,18,"Update Buffers (CPU)",0.101499997
3743.0342,16,18,"SetVSync",29.4575
3748.869,16,18,"RenderPath3D Update",4.9044
3748.8931,16,18,"Application Update",35.335
3758.8379,16,18,"Application Render",9.9413
3759.3183,16,18,"Application Compose",0.4125
3760.307,16,18,"SubmitCommandLists",0.9752
3760.335,16,18,"Shadowmap packing",0.000300000014
3760.3385,16,18,"Render",9.9406004
3760.3404,16,18,"Procedural Animations",0.00150000001
3760.343,16,18,"Script Components",0.000500000024
3760.346,16,18,"CPU Frame",46.0115013
3760.348,16,18,"Input",0.1655
3760.35,16,18,"GUI Update",0.0430000015
3760.3522,16,18,"Frustum Culling",1.21669996
3760.3542,16,18,"Animations",0.000699999975
3760.3562,16,18,"Spring Dependencies",0.000199999995
3760.3584,16,18,"GUI Render",0.113399997
3760.3603,16,18,"Physics",0.00889999978
3760.3622,16,18,"Update",35.3347015
3760.364,16,18,"Fixed Update",0.00549999997
3760.366,16,18,"Spline Update",0.000199999995
3760.3679,16,18,"Compose",0.411599994
3760.37,16,18,"Update Buffers (CPU)",0.0720999986
3789.8403,17,18,"SetVSync",29.2168
3795.8776,17,18,"RenderPath3D Update",5.1568
3795.894,17,18,"Application Update",35.3101
3809.0228,17,18,"Application Render",13.1256
3809.5202,17,18,"Application Compose",0.4259
3810.5001,17,18,"SubmitCommandLists",0.9665
3810.5234,17,18,"Shadowmap packing",0.00079999998
3810.527,17,18,"Render",13.1246004
3810.5293,17,18,"Procedural Animations",0.0013
3810.5319,17,18,"Script Components",0.000199999995
3810.5343,17,18,"CPU Frame",49.2061996
3810.5365,17,18,"Input",0.187399998
3810.5389,17,18,"GUI Update",0.0551999994
3810.541,17,18,"Frustum Culling",1.23749995
3810.5433,17,18,"Animations",9.99999975e-05
3810.5456,17,18,"Spring Dependencies",0.000199999995
3810.5477,17,18,"GUI Render",0.0951000005
3810.5497,17,18,"Physics",0.00730000017
3810.5514,17,18,"Update",35.3096008
3810.5534,17,18,"Fixed Update",0.00469999993
3810.5554,17,18,"Spline Update",0.000300000014
3810.5573,17,18,"Compose",0.425099999
3810.5592,17,18,"Update Buffers (CPU)",0.162499994
3843.2219,18,18,"SetVSync",32.4825
3849.5888,18,18,"RenderPath3D Update",5.36
3849.6124,18,18,"Application Update",38.8922
3860.6747,18,18,"Application Render",11.0568
3861.1669,18,18,"Application Compose",0.4215
3862.2551,18,18,"SubmitCommandLists",1.0755
3862.3819,18,18,"Shadowmap packing",0.000500000024
3862.3855,18,18,"Render",11.0558004
3862.3875,18,18,"Procedural Animations",0.00150000001
3862.3898,18,18,"Script Components",9.99999975e-05
3862.3924,18,18,"CPU Frame",50.6626015
3862.4016,18,18,"Input",0.144199997
3862.404,18,18,"GUI Update",0.0419999994
3862.4061,18,18,"Frustum Culling",1.45770001
3862.408,18,18,"Animations",9.99999975e-05
3862.4098,18,18,"Spring Dependencies",0.000699999975
3862.4119,18,18,"GUI Render",0.136199996
3862.4141,18,18,"Physics",0.00860000029
3862.4159,18,18,"Update",38.8918991
3862.4176,18,18,"Fixed Update",0.00480000023
3862.4194,18,18,"Spline Update",0.000199999995
3862.4211,18,18,"Compose",0.42050001
3862.423,18,18,"Update Buffers (CPU)",0.0980999991
3892.4015,19,18,"SetVSync",29.8076
3898.0034,19,18,"RenderPath3D Update",4.7443
3898.0197,19,18,"Application Update",35.4449
3908.2848,19,18,"Application Render",10.2617
3908.7844,19,18,"Application Compose",0.4212
3909.651,19,18,"SubmitCommandLists",0.8539
3909.6754,19,18,"Shadowmap packing",0.000300000014
3909.6789,19,18,"Render",10.2608995
3909.6811,19,18,"Procedural Animations",0.00120000006
3909.6836,19,18,"Script Components",0.000199999995
3909.686,19,18,"CPU Frame",46.4225006
3909.688,19,18,"Input",0.1294
3909.6904,19,18,"GUI Update",0.0351000018
3909.6924,19,18,"Frustum Culling",1.22109997
3909.6945,19,18,"Animations",9.99999975e-05
3909.6968,19,18,"Spring Dependencies",0.000199999995
3909.6989,19,18,"GUI Render",0.118900001
3909.7008,19,18,"Physics",0.00769999996
3909.7026,19,18,"Update",35.4446983
3909.7045,19,18,"Fixed Update",0.00510000018
3909.7065,19,18,"Spline Update",0.000199999995
3909.7083,19,18,"Compose",0.420300007
3909.7101,19,18,"Update Buffers (CPU)",0.1074
3939.105,20,18,"SetVSync",29.1971
3945.2428,20,18,"RenderPath3D Update",5.2267
3945.261,20,18,"Application Update",35.383
3955.0781,20,18,"Application Render",9.8138
3955.5858,20,18,"Application Compose",0.4401
3956.4285,20,18,"SubmitCommandLists",0.8304
3956.4832,20,18,"Shadowmap packing",0.000500000024
3956.4863,20,18,"Render",9.81289959
3956.4883,20,18,"Procedural Animations",0.0013
3956.4906,20,18,"Script Components",0.000500000024
3956.4931,20,18,"CPU Frame",45.9287987
3956.4955,20,18,"Input",0.153200001
3956.4977,20,18,"GUI Update",0.0445000008
3956.4995,20,18,"Frustum Culling",1.23969996
3956.5014,20,18,"Animations",0.00079999998
3956.5036,20,18,"Spring Dependencies",0.000300000014
3956.5057,20,18,"GUI Render",0.0958999991
3956.5076,20,18,"Physics",0.0109000001
3956.5094,20,18,"Update",35.3825989
3956.5115,20,18,"Fixed Update",0.00540000014
3956.5134,20,18,"Spline Update",0.00039999999
3956.5153,20,18,"Compose",0.439300001
3956.5173,20,18,"Update Buffers (CPU)",0.106799997
3985.2256,21,18,"SetVSync",28.4918
3991.0016,21,18,"RenderPath3D Update",4.8856
3991.0167,21,18,"Application Update",34.3116
4000.7199,21,18,"Application Render",9.6999
4001.2124,21,18,"Application Compose",0.4243
4002.1529,21,18,"SubmitCommandLists",0.9275
4002.1887,21,18,"Shadowmap packing",0.00039999999
4002.1926,21,18,"Render",9.69900036
4002.1946,21,18,"Procedural Animations",0.00109999999
4002.197,21,18,"Script Components",0.000300000014
4002.1993,21,18,"CPU Frame",44.7625008
4002.2012,21,18,"Input",0.172900006
4002.2034,21,18,"GUI Update",0.0421999991
4002.2055,21,18,"Frustum Culling",1.20469999
4002.2076,21,18,"Animations",0.000500000024
4002.2095,21,18,"Spring Dependencies",0.000199999995
4002.2115,21,18,"GUI Render",0.145899996
4002.2134,21,18,"Physics",0.00730000017
4002.2153,21,18,"Update",34.3111992
4002.217,21,18,"Fixed Update",0.00490000006
4002.2189,21,18,"Spline Update",0.000199999995
4002.2207,21,18,"Compose",0.423500001
4002.2226,21,18,"Update Buffers (CPU)",0.0992999971
4030.0056,22,18,"SetVSync",27.6068
4036.1309,22,18,"RenderPath3D Update",5.0575
4036.1434,22,18,"Application Update",33.7642
4051.0553,22,18,"Application Render",14.9085
4051.558,22,18,"Application Compose",0.4227
4052.615,22,18,"SubmitCommandLists",1.0438
4052.6404,22,18,"Shadowmap packing",0.00039999999
4052.6437,22,18,"Render",14.9078999
4052.6459,22,18,"Procedural Animations",0.00120000006
4052.6882,22,18,"Script Components",0.000199999995
4052.6908,22,18,"CPU Frame",49.3865013
4052.6927,22,18,"Input",0.142399997
4052.6954,22,18,"GUI Update",0.0527999997
4052.7065,22,18,"Frustum Culling",1.37829995
4052.7085,22,18,"Animations",0.0013
4052.7108,22,18,"Spring Dependencies",0.00039999999
4052.7129,22,18,"GUI Render",0.114699997
4052.7148,22,18,"Physics",0.0074
4052.7165,22,18,"Update",33.7639008
4052.7182,22,18,"Fixed Update",0.00469999993
4052.7201,22,18,"Spline Update",0.000300000014
4052.7221,22,18,"Compose",0.421700001
4052.7239,22,18,"Update Buffers (CPU)",0.139599994
4081.5611,23,18,"SetVSync",28.6483
4087.5264,23,18,"RenderPath3D Update",4.9881
4087.5429,23,18,"Application Update",34.6502
4097.2869,23,18,"Application Render",9.7409
4097.7724,23,18,"Application Compose",0.4056
4098.7163,23,18,"SubmitCommandLists",0.9319
4098.7421,23,18,"Shadowmap packing",0.000199999995
4098.7604,23,18,"Render",9.73999977
4098.7624,23,18,"Procedural Animations",0.00109999999
4098.7651,23,18,"Script Components",0.000500000024
4098.7677,23,18,"CPU Frame",45.1507988
4098.7697,23,18,"Input",0.152600005
4098.7719,23,18,"GUI Update",0.0335999988
4098.7874,23,18,"Frustum Culling",1.21060002
4098.7893,23,18,"Animations",0.000199999995
4098.791,23,18,"Spring Dependencies",0.00100000005
4098.793,23,18,"GUI Render",0.149499997
4098.7948,23,18,"Physics",0.00710000005
4098.7966,23,18,"Update",34.6498985
4098.7983,23,18,"Fixed Update",0.00540000014
4098.8002,23,18,"Spline Update",0.000199999995
4098.802,23,18,"Compose",0.404399991
4098.8038,23,18,"Update Buffers (CPU)",0.107699998
4127.3386,24,18,"SetVSync",28.3002
4133.696,24,18,"RenderPath3D Update",4.7977
4133.7082,24,18,"Application Update",34.6965
4144.121,24,18,"Application Render",10.4092
4144.6259,24,18,"Application Compose",0.4168
4145.4978,24,18,"SubmitCommandLists",0.8593
4145.5365,24,18,"Shadowmap packing",0.000300000014
4145.5398,24,18,"Render",10.4083004
4145.5424,24,18,"Procedural Animations",0.00139999995
4145.5449,24,18,"Script Components",9.99999975e-05
4145.5478,24,18,"CPU Frame",45.9035988
4145.5501,24,18,"Input",0.192699999
4145.5523,24,18,"GUI Update",0.0399999991
4145.5543,24,18,"Frustum Culling",1.25610006
4145.5562,24,18,"Animations",9.99999975e-05
4145.5579,24,18,"Spring Dependencies",0.000699999975
4145.5599,24,18,"GUI Render",0.123599999
4145.5618,24,18,"Physics",0.00659999996
4145.5638,24,18,"Update",34.6960983
4145.5656,24,18,"Fixed Update",0.00579999993
4145.5676,24,18,"Spline Update",0.000199999995
4145.5694,24,18,"Compose",0.415899992
4145.5712,24,18,"Update Buffers (CPU)",0.129700005
4175.9077,25,18,"SetVSync",30.1688
4181.8157,25,18,"RenderPath3D Update",4.9127
4181.8281,25,18,"Application Update",36.107
4191.5629,25,18,"Application Render",9.7316
4192.0529,25,18,"Application Compose",0.423
4192.9384,25,18,"SubmitCommandLists",0.8733
4192.9724,25,18,"Shadowmap packing",0.00039999999
4192.9757,25,18,"Render",9.73099995
4192.9777,25,18,"Procedural Animations",0.00150000001
4192.98,25,18,"Script Components",0.000199999995
4192.9828,25,18,"CPU Frame",46.5513992
4192.9848,25,18,"Input",0.135600001
4192.9877,25,18,"GUI Update",0.0450000018
4192.9895,25,18,"Frustum Culling",1.1918
4192.9914,25,18,"Animations",0.000199999995
4192.9932,25,18,"Spring Dependencies",9.99999975e-05
4192.9959,25,18,"GUI Render",0.134000003
4192.9978,25,18,"Physics",0.00719999988
4192.9998,25,18,"Update",36.1067009
4193.0015,25,18,"Fixed Update",0.00449999981
4193.0035,25,18,"Spline Update",0.000199999995
4193.0053,25,18,"Compose",0.421999991
4193.0079,25,18,"Update Buffers (CPU)",0.0731000006
4222.2193,26,18,"SetVSync",29.0298
4227.9689,26,18,"RenderPath3D Update",4.8468
4227.9903,26,18,"Application Update",34.8197
4238.3415,26,18,"Application Render",10.3481
4238.8754,26,18,"Application Compose",0.4689
4239.7776,26,18,"SubmitCommandLists",0.8902
4239.8005,26,18,"Shadowmap packing",0.000699999975
4239.8038,26,18,"Render",10.3473997
4239.8057,26,18,"Procedural Animations",0.00100000005
4239.8084,26,18,"Script Components",0.000199999995
4239.8681,26,18,"CPU Frame",45.9310989
4239.8701,26,18,"Input",0.1479
4239.8726,26,18,"GUI Update",0.0386000015
4239.8828,26,18,"Frustum Culling",1.27859998
4239.8848,26,18,"Animations",0.000699999975
4239.8865,26,18,"Spring Dependencies",0.000300000014
4239.8898,26,18,"GUI Render",0.101000004
4239.906,26,18,"Physics",0.00820000004
4239.9078,26,18,"Update",34.8194008
4239.9097,26,18,"Fixed Update",0.0057000001
4239.9116,26,18,"Spline Update",0.000300000014
4239.9134,26,18,"Compose",0.467999995
4239.9153,26,18,"Update Buffers (CPU)",0.0729999989
4268.0237,27,18,"SetVSync",27.9235
4273.6794,27,18,"RenderPath3D Update",4.7209
4273.6977,27,18,"Application Update",33.6165
4283.4972,27,18,"Application Render",9.7959
4283.9849,27,18,"Application Compose",0.4099
4284.9707,27,18,"SubmitCommandLists",0.9744
4285.0043,27,18,"Shadowmap packing",0.000300000014
4285.0079,27,18,"Render",9.7947998
4285.01,27,18,"Procedural Animations",0.00120000006
4285.0124,27,18,"Script Components",9.99999975e-05
4285.0157,27,18,"CPU Frame",44.2018013
4285.0176,27,18,"Input",0.151999995
4285.0198,27,18,"GUI Update",0.0355999991
4285.0218,27,18,"Frustum Culling",1.20000005
4285.0238,27,18,"Animations",0.000600000028
4285.0256,27,18,"Spring Dependencies",0.000199999995
4285.028,27,18,"GUI Render",0.219400004
4285.0301,27,18,"Physics",0.00609999988
4285.0319,27,18,"Update",33.6162987
4285.0337,27,18,"Fixed Update",0.00499999989
4285.0356,27,18,"Spline Update",0.000199999995
4285.0375,27,18,"Compose",0.409200013
4285.0392,27,18,"Update Buffers (CPU)",0.0989999995
4313.7321,28,18,"SetVSync",28.5181
4319.7367,28,18,"RenderPath3D Update",5.1082
4319.7518,28,18,"Application Update",34.5563
4330.218,28,18,"Application Render",10.4633
4330.7026,28,18,"Application Compose",0.4075
4331.6376,28,18,"SubmitCommandLists",0.9234
4331.6588,28,18,"Shadowmap packing",0.000500000024
4331.6619,28,18,"Render",10.4624996
4331.6641,28,18,"Procedural Animations",0.00120000006
4331.6666,28,18,"Script Components",9.99999975e-05
4331.6695,28,18,"CPU Frame",45.726799
4331.6718,28,18,"Input",0.1417
4331.6742,28,18,"GUI Update",0.0450999998
4331.6762,28,18,"Frustum Culling",1.26250005
4331.6782,28,18,"Animations",0.00079999998
4331.6801,28,18,"Spring Dependencies",0.000300000014
4331.6821,28,18,"GUI Render",0.0864999965
4331.684,28,18,"Physics",0.00779999979
4331.686,28,18,"Update",34.5559998
4331.6878,28,18,"Fixed Update",0.00510000018
4331.6901,28,18,"Spline Update",0.000300000014
4331.6922,28,18,"Compose",0.406500012
4331.6944,28,18,"Update Buffers (CPU)",0.0939999968
4360.5443,29,18,"SetVSync",28.6659
4366.4178,29,18,"RenderPath3D Update",4.9698
4366.4418,29,18,"Application Update",34.5839
4376.2527,29,18,"Application Render",9.808
4376.7448,29,18,"Application Compose",0.4143
4377.6816,29,18,"SubmitCommandLists",0.9249
4377.7237,29,18,"Shadowmap packing",0.00159999996
4377.7271,29,18,"Render",9.80720043
4377.7293,29,18,"Procedural Animations",0.00139999995
4377.7316,29,18,"Script Components",0.000199999995
4377.7344,29,18,"CPU Frame",45.1024017
4377.7366,29,18,"Input",0.137999997
4377.7389,29,18,"GUI Update",0.0434000008
4377.741,29,18,"Frustum Culling",1.23409998
4377.7431,29,18,"Animations",0
4377.7453,29,18,"Spring Dependencies",0.000300000014
4377.7474,29,18,"GUI Render",0.160899997
4377.7494,29,18,"Physics",0.00669999979
4377.7513,29,18,"Update",34.5835991
4377.7531,29,18,"Fixed Update",0.0159000009
4377.7552,29,18,"Spline Update",0.000300000014
4377.757,29,18,"Compose",0.413399994
4377.759,29,18,"Update Buffers (CPU)",0.107600003
4406.5331,30,18,"SetVSync",28.4843
4412.6404,30,18,"RenderPath3D Update",4.9457
4412.6629,30,18,"Application Update",34.6511
4421.9306,30,18,"Application Render",9.2635
4422.4242,30,18,"Application Compose",0.4243
4423.6093,30,18,"SubmitCommandLists",1.1726
4423.6438,30,18,"Shadowmap packing",0.00039999999
4423.6472,30,18,"Render",9.26259995
4423.649,30,18,"Procedural Animations",0.00120000006
4423.6518,30,18,"Script Components",0.000199999995
4423.6706,30,18,"CPU Frame",44.7206993
4423.6728,30,18,"Input",0.233899996
4423.675,30,18,"GUI Update",0.0705000013
4423.7387,30,18,"Frustum Culling",1.19990003
4423.7409,30,18,"Animations",9.99999975e-05
4423.7437,30,18,"Spring Dependencies",0.000300000014
4423.7458,30,18,"GUI Render",0.0829999968
4423.7478,30,18,"Physics",0.00730000017
4423.7496,30,18,"Update",34.6506004
4423.7514,30,18,"Fixed Update",0.00549999997
4423.7533,30,18,"Spline Update",0.000199999995
4423.7551,30,18,"Compose",0.423500001
4423.757,30,18,"Update Buffers (CPU)",0.0926000029
4453.0853,31,18,"SetVSync",29.1559
4459.0482,31,18,"RenderPath3D Update",4.9896
4459.063,31,18,"Application Update",35.1524
4470.0578,31,18,"Application Render",10.9915
4470.5447,31,18,"Application Compose",0.4131
4471.3393,31,18,"SubmitCommandLists",0.7837
4471.3605,31,18,"Shadowmap packing",0.00039999999
4471.3637,31,18,"Render",10.9907999
4471.3658,31,18,"Procedural Animations",0.00109999999
4471.3682,31,18,"Script Components",0.000300000014
4471.3709,31,18,"CPU Frame",46.9278984
4471.3729,31,18,"Input",0.136399999
4471.3751,31,18,"GUI Update",0.0489000008
4471.3772,31,18,"Frustum Culling",1.27250004
4471.3792,31,18,"Animations",0.000199999995
4471.381,31,18,"Spring Dependencies",0.000699999975
4471.3833,31,18,"GUI Render",0.195999995
4471.385,31,18,"Physics",0.00680000009
4471.3868,31,18,"Update",35.1521988
4471.3885,31,18,"Fixed Update",0.00600000005
4471.3905,31,18,"Spline Update",0.000300000014
4471.3923,31,18,"Compose",0.412299991
4471.3942,31,18,"Update Buffers (CPU)",0.0864999965
4503.2666,32,18,"SetVSync",31.6422
4510.4617,32,18,"RenderPath3D Update",6.1398
4510.4834,32,18,"Application Update",38.8991
4521.939,32,18,"Application Render",11.452
4522.4647,32,18,"Application Compose",0.4466
4523.4978,32,18,"SubmitCommandLists",1.0194
4523.6035,32,18,"Shadowmap packing",0.000300000014
4523.6077,32,18,"Render",11.4510002
4523.6103,32,18,"Procedural Animations",0.00179999997
4523.6128,32,18,"Script Components",0.000199999995
4523.6158,32,18,"CPU Frame",51.1207008
4523.6181,32,18,"Input",0.171100006
4523.6208,32,18,"GUI Update",0.0423000008
4523.6228,32,18,"Frustum Culling",1.31640005
4523.6251,32,18,"Animations",0.000199999995
4523.6271,32,18,"Spring Dependencies",0.00079999998
4523.6296,32,18,"GUI Render",0.161899999
4523.6315,32,18,"Physics",0.0103000002
4523.6334,32,18,"Update",38.8983002
4523.6355,32,18,"Fixed Update",0.00540000014
4523.6375,32,18,"Spline Update",0.000199999995
4523.6395,32,18,"Compose",0.44569999
4523.6418,32,18,"Update Buffers (CPU)",0.0895999968
4551.5563,33,18,"SetVSync",27.7158
4557.2258,33,18,"RenderPath3D Update",4.8233
4557.2405,33,18,"Application Update",33.4212
4567.3975,33,18,"Application Render",10.1538
4567.9005,33,18,"Application Compose",0.4388
4568.6071,33,18,"SubmitCommandLists",0.694
4568.6591,33,18,"Shadowmap packing",0.000500000024
4568.6626,33,18,"Render",10.1529999
4568.666,33,18,"Procedural Animations",0.00100000005
4568.6833,33,18,"Script Components",0.000300000014
4568.6861,33,18,"CPU Frame",44.3254013
4568.6879,33,18,"Input",0.159799993
4568.6902,33,18,"GUI Update",0.0388999991
4568.6924,33,18,"Frustum Culling",1.25160003
4568.6944,33,18,"Animations",0.000199999995
4568.6962,33,18,"Spring Dependencies",0.00039999999
4568.6985,33,18,"GUI Render",0.0698999986
4568.7007,33,18,"Physics",0.00760000013
4568.7027,33,18,"Update",33.4208984
4568.7045,33,18,"Fixed Update",0.00590000022
4568.7064,33,18,"Spline Update",0.000199999995
4568.7083,33,18,"Compose",0.437999994
4568.71,33,18,"Update Buffers (CPU)",0.0769999996
4597.6984,34,18,"SetVSync",28.5984
4603.8624,34,18,"RenderPath3D Update",5.1515
4603.8791,34,18,"Application Update",34.8068
4613.8723,34,18,"Application Render",9.99
4614.3706,34,18,"Application Compose",0.4234
4615.3101,34,18,"SubmitCommandLists",0.9269
4615.3344,34,18,"Shadowmap packing",0.000699999975
4615.3376,34,18,"Render",9.98929977
4615.3396,34,18,"Procedural Animations",0.00109999999
4615.342,34,18,"Script Components",0.000199999995
4615.3447,34,18,"CPU Frame",45.7302017
4615.3468,34,18,"Input",0.3398
4615.3492,34,18,"GUI Update",0.0366999991
4615.3511,34,18,"Frustum Culling",1.23249996
4615.3533,34,18,"Animations",0.00109999999
4615.4535,34,18,"Spring Dependencies",0.000300000014
4615.4565,34,18,"GUI Render",0.124399997
4615.4583,34,18,"Physics",0.00710000005
4615.4602,34,18,"Update",34.8064003
4615.4622,34,18,"Fixed Update",0.00549999997
4615.464,34,18,"Spline Update",0.000199999995
4615.4659,34,18,"Compose",0.422500014
4615.4678,34,18,"Update Buffers (CPU)",0.108400002
4643.494,35,18,"SetVSync",27.8457
4649.3155,35,18,"RenderPath3D Update",4.9577
4649.3318,35,18,"Application Update",33.7024
4662.1026,35,18,"Application Render",12.7674
4662.6076,35,18,"Application Compose",0.4329
4663.6592,35,18,"SubmitCommandLists",1.036
4663.6985,35,18,"Shadowmap packing",0.0013
4663.7015,35,18,"Render",12.7665005
4663.7035,35,18,"Procedural Animations",0.0013
4663.7057,35,18,"Script Components",0.000199999995
4663.708,35,18,"CPU Frame",47.2930984
4663.7101,35,18,"Input",0.144600004
4663.7122,35,18,"GUI Update",0.0344999991
4663.7144,35,18,"Frustum Culling",1.18599999
4663.7164,35,18,"Animations",0.000199999995
4663.7182,35,18,"Spring Dependencies",0.00159999996
4663.7202,35,18,"GUI Render",0.0705000013
4663.7219,35,18,"Physics",0.00710000005
4663.7237,35,18,"Update",33.7020988
4663.7254,35,18,"Fixed Update",0.00520000001
4663.7272,35,18,"Spline Update",0.000199999995
4663.729,35,18,"Compose",0.431600004
4663.7309,35,18,"Update Buffers (CPU)",0.0964000002
4691.9726,36,18,"SetVSync",28.0579
4697.8081,36,18,"RenderPath3D Update",4.9326
4697.8333,36,18,"Application Update",33.9368
4707.6018,36,18,"Application Render",9.7636
4708.0875,36,18,"Application Compose",0.4186
4709.0677,36,18,"SubmitCommandLists",0.9677
4709.0911,36,18,"Shadowmap packing",0.000300000014
4709.0945,36,18,"Render",9.76249981
4709.0964,36,18,"Procedural Animations",0.00109999999
4709.0987,36,18,"Script Components",0.000199999995
4709.1013,36,18,"CPU Frame",44.406601
4709.1032,36,18,"Input",0.148599997
4709.1056,36,18,"GUI Update",0.0417999998
4709.1077,36,18,"Frustum Culling",1.26259995
4709.1096,36,18,"Animations",0.000600000028
4709.1113,36,18,"Spring Dependencies",0.000199999995
4709.1134,36,18,"GUI Render",0.0936999992
4709.1154,36,18,"Physics",0.0092000002
4709.117,36,18,"Update",33.9364014
4709.119,36,18,"Fixed Update",0.00529999984
4709.1209,36,18,"Spline Update",0.000300000014
4709.1227,36,18,"Compose",0.417600006
4709.1245,36,18,"Update Buffers (CPU)",0.0979000032
4737.3781,37,18,"SetVSync",28.0845
4743.367,37,18,"RenderPath3D Update",5.1377
4743.382,37,18,"Application Update",34.1071
4757.257,37,18,"Application Render",13.8719
4757.738,37,18,"Application Compose",0.4131
4758.6547,37,18,"SubmitCommandLists",0.9041
4758.6888,37,18,"Shadowmap packing",0.00039999999
4758.692,37,18,"Render",13.8711996
4758.6942,37,18,"Procedural Animations",0.00109999999
4758.6967,37,18,"Script Components",0.000300000014
4758.6991,37,18,"CPU Frame",48.6649017
4758.701,37,18,"Input",0.130400002
4758.7036,37,18,"GUI Update",0.0441999994
4758.7055,37,18,"Frustum Culling",1.42490005
4758.7075,37,18,"Animations",0.000199999995
4758.7093,37,18,"Spring Dependencies",9.99999975e-05
4758.7119,37,18,"GUI Render",0.118100002
4758.7137,37,18,"Physics",0.00669999979
4758.7154,37,18,"Update",34.1068993
4758.7172,37,18,"Fixed Update",0.00520000001
4758.719,37,18,"Spline Update",0.000199999995
4758.7208,37,18,"Compose",0.412099987
4758.7227,37,18,"Update Buffers (CPU)",0.141800001
4786.2786,38,18,"SetVSync",27.3322
4791.9692,38,18,"RenderPath3D Update",4.7839
4791.9835,38,18,"Application Update",33.0568
4801.9642,38,18,"Application Render",9.9699
4802.485,38,18,"Application Compose",0.4413
4803.4341,38,18,"SubmitCommandLists",0.9358
4803.4543,38,18,"Shadowmap packing",0.00079999998
4803.4651,38,18,"Render",9.96930027
4803.4672,38,18,"Procedural Animations",0.00109999999
4803.4697,38,18,"Script Components",0.000199999995
4803.4722,38,18,"CPU Frame",43.8260994
4803.4741,38,18,"Input",0.1866
4803.4764,38,18,"GUI Update",0.0410999991
4803.4785,38,18,"Frustum Culling",1.18640006
4803.4803,38,18,"Animations",0.000600000028
4803.4821,38,18,"Spring Dependencies",0.000300000014
4803.4841,38,18,"GUI Render",0.177599996
4803.526,38,18,"Physics",0.00889999978
4803.528,38,18,"Update",33.0563011
4803.5299,38,18,"Fixed Update",0.00510000018
4803.5319,38,18,"Spline Update",0.000199999995
4803.5337,38,18,"Compose",0.440299988
4803.5355,38,18,"Update Buffers (CPU)",0.115199998
4833.1559,39,18,"SetVSync",29.4582
4840.2951,39,18,"RenderPath3D Update",6.1442
4840.316,39,18,"Application Update",36.6448
4853.6079,39,18,"Application Render",13.2886
4854.1402,39,18,"Application Compose",0.4433
4856.4373,39,18,"SubmitCommandLists",2.2696
4856.5393,39,18,"Shadowmap packing",0.00039999999
4856.5443,39,18,"Render",13.2870998
4856.5462,39,18,"Procedural Animations",0.00150000001
4856.5499,39,18,"Script Components",0.000300000014
4856.5547,39,18,"CPU Frame",50.7046013
4856.5574,39,18,"Input",0.118299998
4856.5612,39,18,"GUI Update",0.0693999976
4856.5633,39,18,"Frustum Culling",1.48430002
4856.5665,39,18,"Animations",0.00039999999
4856.5693,39,18,"Spring Dependencies",9.99999975e-05
4856.5736,39,18,"GUI Render",0.140000001
4856.5763,39,18,"Physics",0.0362999998
4856.5786,39,18,"Update",36.6445007
4856.5803,39,18,"Fixed Update",0.00480000023
4856.5821,39,18,"Spline Update",9.99999975e-05
4856.5844,39,18,"Compose",0.442299992
4856.5874,39,18,"Update Buffers (CPU)",0.106200002
4883.7576,40,18,"SetVSync",26.5873
4889.7592,40,18,"RenderPath3D Update",5.0472
4889.7766,40,18,"Application Update",32.6893
4900.9737,40,18,"Application Render",11.1939
4901.4588,40,18,"Application Compose",0.4051
4902.1985,40,18,"SubmitCommandLists",0.7274
4902.2183,40,18,"Shadowmap packing",0.000699999975
4902.221,40,18,"Render",11.1932001
4902.223,40,18,"Procedural Animations",0.00109999999
4902.2253,40,18,"Script Components",0.000199999995
4902.2278,40,18,"CPU Frame",44.9859009
4902.2296,40,18,"Input",0.426299989
4902.2317,40,18,"GUI Update",0.0474999994
4902.2336,40,18,"Frustum Culling",1.2723
4902.2354,40,18,"Animations",0.000899999985
4902.2373,40,18,"Spring Dependencies",0.000500000024
4902.2391,40,18,"GUI Render",0.0828000009
4902.2408,40,18,"Physics",0.0130000003
4902.2424,40,18,"Update",32.6890984
4902.2441,40,18,"Fixed Update",0.0250000004
4902.246,40,18,"Spline Update",0.000300000014
4902.2478,40,18,"Compose",0.404100001
4902.2496,40,18,"Update Buffers (CPU)",0.114699997
4932.5447,41,18,"SetVSync",30.0749
4939.1402,41,18,"RenderPath3D Update",5.5276
4939.1868,41,18,"Application Update",36.746
4949.5325,41,18,"Application Render",10.3424
4950.0271,41,18,"Application Compose",0.4025
4951.0926,41,18,"SubmitCommandLists",1.053
4951.1142,41,18,"Shadowmap packing",0.000600000028
4951.1174,41,18,"Render",10.3416004
4951.1195,41,18,"Procedural Animations",0.00150000001
4951.1217,41,18,"Script Components",0.000199999995
4951.124,41,18,"CPU Frame",47.8252983
4951.1259,41,18,"Input",0.174199998
4951.1283,41,18,"GUI Update",0.057599999
4951.1303,41,18,"Frustum Culling",1.26769996
4951.1323,41,18,"Animations",0.000199999995
4951.1345,41,18,"Spring Dependencies",0.000300000014
4951.1364,41,18,"GUI Render",0.102899998
4951.1383,41,18,"Physics",0.0074
4951.14,41,18,"Update",36.7457008
4951.1418,41,18,"Fixed Update",0.0057000001
4951.1441,41,18,"Spline Update",0.000199999995
4951.1459,41,18,"Compose",0.401300013
4951.1478,41,18,"Update Buffers (CPU)",0.0929000005
4978.9945,42,18,"SetVSync",27.6535
4984.7818,42,18,"RenderPath3D Update",4.8789
4984.7941,42,18,"Application Update",33.4723
4994.3672,42,18,"Application Render",9.5698
4994.8503,42,18,"Application Compose",0.424
4995.7232,42,18,"SubmitCommandLists",0.8603
4995.7479,42,18,"Shadowmap packing",0.000899999985
4995.7622,42,18,"Render",9.56900024
4995.7642,42,18,"Procedural Animations",0.0013
4995.7666,42,18,"Script Components",0.000199999995
4995.7693,42,18,"CPU Frame",43.7537994
4995.7715,42,18,"Input",0.149499997
4995.7738,42,18,"GUI Update",0.0339000002
4995.7763,42,18,"Frustum Culling",1.20249999
4995.7782,42,18,"Animations",9.99999975e-05
4995.7806,42,18,"Spring Dependencies",0.000500000024
4995.7843,42,18,"GUI Render",0.202299997
4995.7863,42,18,"Physics",0.00700000022
4995.8049,42,18,"Update",33.4720993
4995.8066,42,18,"Fixed Update",0.0046000001
4995.8539,42,18,"Spline Update",0.000199999995
4995.8559,42,18,"Compose",0.423400015
4995.8577,42,18,"Update Buffers (CPU)",0.0917999968
5024.103,43,18,"SetVSync",28.0441
5029.8224,43,18,"RenderPath3D Update",4.8198
5029.8388,43,18,"Application Update",33.7987
5039.9398,43,18,"Application Render",10.0978
5040.4206,43,18,"Application Compose",0.4059
5041.3887,43,18,"SubmitCommandLists",0.9561
5041.4097,43,18,"Shadowmap packing",0.000699999975
5041.4131,43,18,"Render",10.0971003
5041.4151,43,18,"Procedural Animations",0.00159999996
5041.4175,43,18,"Script Components",0.000199999995
5041.42,43,18,"CPU Frame",44.6916008
5041.4221,43,18,"Input",0.166700006
5041.4245,43,18,"GUI Update",0.0375000015
5041.4266,43,18,"Frustum Culling",1.30910003
5041.4287,43,18,"Animations",0.000199999995
5041.4305,43,18,"Spring Dependencies",0.000199999995
5041.4324,43,18,"GUI Render",0.157000005
5041.4341,43,18,"Physics",0.00779999979
5041.4359,43,18,"Update",33.7985001
5041.4377,43,18,"Fixed Update",0.00469999993
5041.4397,43,18,"Spline Update",0.0103000002
5041.4415,43,18,"Compose",0.405099988
5041.4433,43,18,"Update Buffers (CPU)",0.107900001
5070.456,44,18,"SetVSync",28.8002
5076.0813,44,18,"RenderPath3D Update",4.7807
5076.0968,44,18,"Application Update",34.459
5085.9045,44,18,"Application Render",9.8045
5086.4289,44,18,"Application Compose",0.4488
5087.4027,44,18,"SubmitCommandLists",0.9614
5087.4391,44,18,"Shadowmap packing",0.000500000024
5087.4422,44,18,"Render",9.80370045
5087.4448,44,18,"Procedural Animations",0.00120000006
5087.4471,44,18,"Script Components",0.000199999995
5087.4495,44,18,"CPU Frame",45.0363007
5087.4516,44,18,"Input",0.180099994
5087.4538,44,18,"GUI Update",0.0351999998
5087.4561,44,18,"Frustum Culling",1.23310006
5087.4579,44,18,"Animations",0.000199999995
5087.4597,44,18,"Spring Dependencies",0.000199999995
5087.4617,44,18,"GUI Render",0.143399999
5087.4637,44,18,"Physics",0.00630000001
5087.4655,44,18,"Update",34.4586983
5087.4672,44,18,"Fixed Update",0.00549999997
5087.4691,44,18,"Spline Update",0.000199999995
5087.4709,44,18,"Compose",0.447899997
5087.4728,44,18,"Update Buffers (CPU)",0.0716999993
5115.3856,45,18,"SetVSync",27.7459
5121.488,45,18,"RenderPath3D Update",5.1863
5121.5148,45,18,"Application Update",33.9022
5131.2481,45,18,"Application Render",9.7303
5131.7405,45,18,"Application Compose",0.4213
5132.6156,45,18,"SubmitCommandLists",0.8615
5132.6364,45,18,"Shadowmap packing",0.000300000014
5132.6396,45,18,"Render",9.72959995
5132.6415,45,18,"Procedural Animations",0.0013
5132.644,45,18,"Script Components",0.00039999999
5132.6467,45,18,"CPU Frame",44.3321991
5132.6487,45,18,"Input",0.125699997
5132.651,45,18,"GUI Update",0.111599997
5132.653,45,18,"Frustum Culling",1.19280005
5132.655,45,18,"Animations",9.99999975e-05
5132.6574,45,18,"Spring Dependencies",9.99999975e-05
5132.6597,45,18,"GUI Render",0.104099996
5132.6614,45,18,"Physics",0.00730000017
5132.6634,45,18,"Update",33.9017982
5132.6653,45,18,"Fixed Update",0.00520000001
5132.6672,45,18,"Spline Update",0.000199999995
5132.6692,45,18,"Compose",0.420399994
5132.6714,45,18,"Update Buffers (CPU)",0.0969000012
5161.1829,46,18,"SetVSync",28.326
5167.1616,46,18,"RenderPath3D Update",5.0006
5167.1828,46,18,"Application Update",34.3461
5178.1763,46,18,"Application Render",10.9905
5178.6553,46,18,"Application Compose",0.4046
5179.4418,46,18,"SubmitCommandLists",0.7752
5179.5018,46,18,"Shadowmap packing",0.00039999999
5179.5052,46,18,"Render",10.9896002
5179.5073,46,18,"Procedural Animations",0.0013
5179.5097,46,18,"Script Components",0.000199999995
5179.5121,46,18,"CPU Frame",46.0355988
5179.514,46,18,"Input",0.151500002
5179.5165,46,18,"GUI Update",0.0335999988
5179.5188,46,18,"Frustum Culling",1.22959995
5179.5209,46,18,"Animations",0.00100000005
5179.5228,46,18,"Spring Dependencies",0.000199999995
5179.5249,46,18,"GUI Render",0.0758000016
5179.5268,46,18,"Physics",0.0109000001
5179.5285,46,18,"Update",34.3457985
5179.5302,46,18,"Fixed Update",0.00469999993
5179.5321,46,18,"Spline Update",0.000199999995
5179.534,46,18,"Compose",0.403800011
5179.5941,46,18,"Update Buffers (CPU)",0.0918999985
5207.5365,47,18,"SetVSync",27.7007
5213.3461,47,18,"RenderPath3D Update",4.8841
5213.3614,47,18,"Application Update",33.5454
5223.2193,47,18,"Application Render",9.8546
5223.7112,47,18,"Application Compose",0.4157
5224.7445,47,18,"SubmitCommandLists",1.0218
5224.7686,47,18,"Shadowmap packing",0.00039999999
5224.7718,47,18,"Render",9.85359955
5224.7739,47,18,"Procedural Animations",0.00109999999
5224.7766,47,18,"Script Components",0.000199999995
5224.7789,47,18,"CPU Frame",44.2433014
5224.7809,47,18,"Input",0.205500007
5224.7832,47,18,"GUI Update",0.0447999984
5224.7852,47,18,"Frustum Culling",1.22389996
5224.7871,47,18,"Animations",9.99999975e-05
5224.7897,47,18,"Spring Dependencies",0.00079999998
5224.7918,47,18,"GUI Render",0.0844999999
5224.7938,47,18,"Physics",0.00710000005
5224.7957,47,18,"Update",33.5451012
5224.7973,47,18,"Fixed Update",0.00510000018
5224.7992,47,18,"Spline Update",0.000199999995
5224.8011,47,18,"Compose",0.414900005
5224.8029,47,18,"Update Buffers (CPU)",0.109499998
5254.7905,48,18,"SetVSync",29.7581
5260.9263,48,18,"RenderPath3D Update",5.2181
5260.9468,48,18,"Application Update",35.9349
5274.1402,48,18,"Application Render",13.1897
5274.6318,48,18,"Application Compose",0.4232
5275.4789,48,18,"SubmitCommandLists",0.8339
5275.4995,48,18,"Shadowmap packing",0.00039999999
5275.5034,48,18,"Render",13.1889
5275.5054,48,18,"Procedural Animations",0.00179999997
5275.5077,48,18,"Script Components",0.000300000014
5275.5103,48,18,"CPU Frame",49.8821983
5275.5123,48,18,"Input",0.174600005
5275.5144,48,18,"GUI Update",0.0615999997
5275.5166,48,18,"Frustum Culling",1.21249998
5275.5186,48,18,"Animations",0.000199999995
5275.5204,48,18,"Spring Dependencies",0.000300000014
5275.5223,48,18,"GUI Render",0.154599994
5275.5241,48,18,"Physics",0.00700000022
5275.526,48,18,"Update",35.9346008
5275.5279,48,18,"Fixed Update",0.0230999999
5275.5298,48,18,"Spline Update",0.00039999999
5275.5316,48,18,"Compose",0.422399998
5275.5334,48,18,"Update Buffers (CPU)",0.0927999988
5304.6806,49,18,"SetVSync",28.9811
5310.5298,49,18,"RenderPath3D Update",4.9557
5310.5464,49,18,"Application Update",34.866
5321.0346,49,18,"Application Render",10.4763
5321.5298,49,18,"Application Compose",0.4235
5322.599,49,18,"SubmitCommandLists",1.0557
5322.6207,49,18,"Shadowmap packing",0.00039999999
5322.6241,49,18,"Render",10.4754
5322.6265,49,18,"Procedural Animations",0.00120000006
5322.6292,49,18,"Script Components",0.000199999995
5322.6315,49,18,"CPU Frame",46.047699
5322.6336,49,18,"Input",0.1329
5322.6361,49,18,"GUI Update",0.0450999998
5322.6382,49,18,"Frustum Culling",1.23609996
5322.6402,49,18,"Animations",9.99999975e-05
5322.6426,49,18,"Spring Dependencies",0.000300000014
5322.6449,49,18,"GUI Render",0.0737999976
5322.6471,49,18,"Physics",0.00730000017
5322.649,49,18,"Update",34.8656998
5322.6509,49,18,"Fixed Update",0.00469999993
5322.6528,49,18,"Spline Update",0.000300000014
5322.6546,49,18,"Compose",0.422600001
5322.6566,49,18,"Update Buffers (CPU)",0.0996999964
5350.4371,50,18,"SetVSync",27.6035
5355.9928,50,18,"RenderPath3D Update",4.6988
5356.0097,50,18,"Application Update",33.1962
5365.8223,50,18,"Application Render",9.8093
5366.3132,50,18,"Application Compose",0.4035
5367.2289,50,18,"SubmitCommandLists",0.9032
5367.2503,50,18,"Shadowmap packing",0.00039999999
5367.2537,50,18,"Render",9.80860043
5367.2558,50,18,"Procedural Animations",0.00120000006
5367.258,50,18,"Script Components",0.000199999995
5367.2605,50,18,"CPU Frame",43.7104988
5367.2625,50,18,"Input",0.141900003
5367.2647,50,18,"GUI Update",0.0355000012
5367.2668,50,18,"Frustum Culling",1.25520003
5367.2688,50,18,"Animations",0.000899999985
5367.2707,50,18,"Spring Dependencies",0.000899999985
5367.2727,50,18,"GUI Render",0.161500007
5367.2745,50,18,"Physics",0.0108000003
5367.2762,50,18,"Update",33.1957016
5367.278,50,18,"Fixed Update",0.0055999998
5367.28,50,18,"Spline Update",0.000300000014
5367.2819,50,18,"Compose",0.40259999
5367.2841,50,18,"Update Buffers (CPU)",0.0917000026
5395.9241,51,18,"SetVSync",28.464
5401.8454,51,18,"RenderPath3D Update",4.9905
5401.8709,51,18,"Application Update",34.4301
5411.3682,51,18,"Application Render",9.4942
5411.8447,51,18,"Application Compose",0.4015
5412.8714,51,18,"SubmitCommandLists",1.0149
5412.907,51,18,"Shadowmap packing",0.000500000024
5412.9108,51,18,"Render",9.49339962
5412.9129,51,18,"Procedural Animations",0.00150000001
5412.9152,51,18,"Script Components",0.000500000024
5412.9178,51,18,"CPU Frame",44.6105995
5412.92,51,18,"Input",0.1417
5412.9225,51,18,"GUI Update",0.0472000018
5412.9246,51,18,"Frustum Culling",1.29250002
5412.9267,51,18,"Animations",0.000500000024
5412.9348,51,18,"Spring Dependencies",0.000699999975
5412.9369,51,18,"GUI Render",0.184200004
5412.9387,51,18,"Physics",0.0167999994
5412.9405,51,18,"Update",34.4297981
5412.9422,51,18,"Fixed Update",0.00510000018
5412.944,51,18,"Spline Update",0.000500000024
5412.9458,51,18,"Compose",0.400700003
5412.9476,51,18,"Update Buffers (CPU)",0.0800999999
5441.6691,52,18,"SetVSync",28.5439
5447.2164,52,18,"RenderPath3D Update",4.6852
5447.256,52,18,"Application Update",34.1501
5457.1307,52,18,"Application Render",9.8702
5457.5845,52,18,"Application Compose",0.3906
5458.3337,52,18,"SubmitCommandLists",0.7376
5458.3638,52,18,"Shadowmap packing",0.00039999999
5458.367,52,18,"Render",9.86940002
5458.3692,52,18,"Procedural Animations",0.00109999999
5458.3717,52,18,"Script Components",0.000199999995
5458.3739,52,18,"CPU Frame",44.7064018
5458.3757,52,18,"Input",0.1329
5458.3779,52,18,"GUI Update",0.0351000018
5458.3798,52,18,"Frustum Culling",1.3154
5458.3818,52,18,"Animations",9.99999975e-05
5458.3841,52,18,"Spring Dependencies",0.000199999995
5458.3862,52,18,"GUI Render",0.0851000026
5458.3879,52,18,"Physics",0.00769999996
5458.3897,52,18,"Update",34.149601
5458.3913,52,18,"Fixed Update",0.00499999989
5458.3932,52,18,"Spline Update",0.000199999995
5458.3948,52,18,"Compose",0.389899999
5458.3967,52,18,"Update Buffers (CPU)",0.102600001
5484.9817,53,18,"SetVSync",26.3046
5490.4767,53,18,"RenderPath3D Update",4.5765
5490.4992,53,18,"Application Update",31.8417
5500.6525,53,18,"Application Render",10.1502
5501.2017,53,18,"Application Compose",0.454
5502.2122,53,18,"SubmitCommandLists",0.9979
5502.2696,53,18,"Shadowmap packing",0.000899999985
5502.2734,53,18,"Render",10.1492996
5502.2757,53,18,"Procedural Animations",0.00120000006
5502.2781,53,18,"Script Components",0.000199999995
5502.2804,53,18,"CPU Frame",42.8638
5502.2991,53,18,"Input",0.248600006
5502.3016,53,18,"GUI Update",0.0313000008
5502.3037,53,18,"Frustum Culling",1.15740001
5502.3057,53,18,"Animations",0.000199999995
5502.3075,53,18,"Spring Dependencies",0.000300000014
5502.3096,53,18,"GUI Render",0.061999999
5502.3115,53,18,"Physics",0.00689999992
5502.3132,53,18,"Update",31.8414001
5502.3149,53,18,"Fixed Update",0.00620000018
5502.3168,53,18,"Spline Update",0.000199999995
5502.3185,53,18,"Compose",0.453200012
5502.3204,53,18,"Update Buffers (CPU)",0.0983999968
5531.0557,54,18,"SetVSync",28.5445
5536.9643,54,18,"RenderPath3D Update",4.8683
5536.9787,54,18,"Application Update",34.5064
5547.1947,54,18,"Application Render",10.2125
5547.6915,54,18,"Application Compose",0.4225
5548.6511,54,18,"SubmitCommandLists",0.9457
5548.7287,54,18,"Shadowmap packing",0.00039999999
5548.7322,54,18,"Render",10.2118998
5548.7345,54,18,"Procedural Animations",0.0013
5548.7383,54,18,"Script Components",0.000199999995
5548.7568,54,18,"CPU Frame",45.4519997
5548.7587,54,18,"Input",0.140499994
5548.761,54,18,"GUI Update",0.0386999995
5548.7631,54,18,"Frustum Culling",1.40339994
5548.7651,54,18,"Animations",0.000199999995
5548.7669,54,18,"Spring Dependencies",0.000199999995
5548.7688,54,18,"GUI Render",0.194700003
5548.7707,54,18,"Physics",0.00779999979
5548.7726,54,18,"Update",34.5061989
5548.7744,54,18,"Fixed Update",0.00480000023
5548.7762,54,18,"Spline Update",0.000199999995
5548.7782,54,18,"Compose",0.421299994
5548.7804,54,18,"Update Buffers (CPU)",0.1153
5575.7167,55,18,"SetVSync",26.7703
5581.4823,55,18,"RenderPath3D Update",4.7858
5581.495,55,18,"Application Update",32.5776
5590.7587,55,18,"Application Render",9.2122
5591.2406,55,18,"Application Compose",0.4015
5592.0171,55,18,"SubmitCommandLists",0.7643
5592.0565,55,18,"Shadowmap packing",0.000500000024
5592.0598,55,18,"Render",9.21140003
5592.0619,55,18,"Procedural Animations",0.00109999999
5592.0646,55,18,"Script Components",9.99999975e-05
5592.0675,55,18,"CPU Frame",42.5400009
5592.0696,55,18,"Input",0.125200003
5592.0721,55,18,"GUI Update",0.0410000011
5592.0745,55,18,"Frustum Culling",1.16630006
5592.0765,55,18,"Animations",9.99999975e-05
5592.0785,55,18,"Spring Dependencies",0.00100000005
5592.0806,55,18,"GUI Render",0.112899996
5592.0829,55,18,"Physics",0.00719999988
5592.0849,55,18,"Update",32.577301
5592.0867,55,18,"Fixed Update",0.00590000022
5592.0886,55,18,"Spline Update",0.000199999995
5592.0906,55,18,"Compose",0.40079999
5592.0926,55,18,"Update Buffers (CPU)",0.0953999981
5619.6136,56,18,"SetVSync",27.3403
5625.0192,56,18,"RenderPath3D Update",4.513
5625.0364,56,18,"Application Update",32.7813
5638.0889,56,18,"Application Render",13.0495
5638.5687,56,18,"Application Compose",0.4029
5639.5575,56,18,"SubmitCommandLists",0.9762
5639.5819,56,18,"Shadowmap packing",0.00039999999
5639.5852,56,18,"Render",13.0487003
5639.5874,56,18,"Procedural Animations",0.00120000006
5639.5897,56,18,"Script Components",0.000199999995
5639.5921,56,18,"CPU Frame",46.5309982
5639.5941,56,18,"Input",0.151700005
5639.5964,56,18,"GUI Update",0.0601999983
5639.5984,56,18,"Frustum Culling",1.17639995
5639.6005,56,18,"Animations",9.99999975e-05
5639.603,56,18,"Spring Dependencies",0.00039999999
5639.6053,56,18,"GUI Render",0.146899998
5639.6071,56,18,"Physics",0.00730000017
5639.6091,56,18,"Update",32.780899
5639.6111,56,18,"Fixed Update",0.00490000006
5639.6131,56,18,"Spline Update",0.000199999995
5639.6149,56,18,"Compose",0.402099997
5639.6168,56,18,"Update Buffers (CPU)",0.0800999999
5666.6245,57,18,"SetVSync",26.8275
5672.3217,57,18,"RenderPath3D Update",4.7844
5672.3409,57,18,"Application Update",32.5738
5681.8665,57,18,"Application Render",9.522
5682.3168,57,18,"Application Compose",0.3926
5683.173,57,18,"SubmitCommandLists",0.8443
5683.21,57,18,"Shadowmap packing",0.00039999999
5683.2133,57,18,"Render",9.52089977
5683.2157,57,18,"Procedural Animations",0.00139999995
5683.2182,57,18,"Script Components",0.000199999995
5683.2205,57,18,"CPU Frame",42.7532005
5683.2225,57,18,"Input",0.138600007
5683.2246,57,18,"GUI Update",0.0406999998
5683.2266,57,18,"Frustum Culling",1.23730004
5683.2286,57,18,"Animations",9.99999975e-05
5683.2308,57,18,"Spring Dependencies",0.000899999985
5683.2331,57,18,"GUI Render",0.178299993
5683.2348,57,18,"Physics",0.00749999983
5683.2365,57,18,"Update",32.5735016
5683.2384,57,18,"Fixed Update",0.00540000014
5683.2402,57,18,"Spline Update",0.000199999995
5683.242,57,18,"Compose",0.39199999
5683.2438,57,18,"Update Buffers (CPU)",0.117299996
5710.7277,58,18,"SetVSync",27.2452
5716.1708,58,18,"RenderPath3D Update",4.5715
5716.1828,58,18,"Application Update",32.7289
5725.7749,58,18,"Application Render",9.589
5726.2564,58,18,"Application Compose",0.4158
5727.2547,58,18,"SubmitCommandLists",0.984
5727.2768,58,18,"Shadowmap packing",0.000500000024
5727.28,58,18,"Render",9.58810043
5727.2821,58,18,"Procedural Animations",0.00159999996
5727.2845,58,18,"Script Components",0.00039999999
5727.287,58,18,"CPU Frame",43.0788994
5727.289,58,18,"Input",0.198400006
5727.2915,58,18,"GUI Update",0.0311999992
5727.2936,58,18,"Frustum Culling",1.13849998
5727.2956,58,18,"Animations",9.99999975e-05
5727.298,58,18,"Spring Dependencies",0.000600000028
5727.3003,58,18,"GUI Render",0.0856000036
5727.302,58,18,"Physics",0.00769999996
5727.3039,58,18,"Update",32.7285995
5727.3056,58,18,"Fixed Update",0.00540000014
5727.3074,58,18,"Spline Update",0.000199999995
5727.3092,58,18,"Compose",0.414900005
5727.3109,58,18,"Update Buffers (CPU)",0.0886999965
5754.7121,59,18,"SetVSync",27.2386
5760.307,59,18,"RenderPath3D Update",4.7254
5760.3214,59,18,"Application Update",32.867
5773.4405,59,18,"Application Render",13.1152
5773.93,59,18,"Application Compose",0.4228
5774.8464,59,18,"SubmitCommandLists",0.8617
5774.8682,59,18,"Shadowmap packing",0.00100000005
5774.8712,59,18,"Render",13.1138
5774.8734,59,18,"Procedural Animations",0.00120000006
5774.8756,59,18,"Script Components",9.99999975e-05
5774.8788,59,18,"CPU Frame",46.712101
5774.8808,59,18,"Input",0.131500006
5774.8833,59,18,"GUI Update",0.0428000018
5774.8853,59,18,"Frustum Culling",1.27199996
5774.8872,59,18,"Animations",9.99999975e-05
5774.889,59,18,"Spring Dependencies",0.000199999995
5774.8913,59,18,"GUI Render",0.181199998
5774.8931,59,18,"Physics",0.00760000013
5774.8948,59,18,"Update",32.8666992
5774.8966,59,18,"Fixed Update",0.00540000014
5774.8984,59,18,"Spline Update",0.000300000014
5774.9002,59,18,"Compose",0.421999991
5774.902,59,18,"Update Buffers (CPU)",0.103399999
5802.6485,60,18,"SetVSync",27.5744
5808.2561,60,18,"RenderPath3D Update",4.7188
5808.287,60,18,"Application Update",33.2326
5819.6484,60,18,"Application Render",11.3574
5820.1172,60,18,"Application Compose",0.401
5821.1343,60,18,"SubmitCommandLists",1.005
5821.1588,60,18,"Shadowmap packing",0.000600000028
5821.1622,60,18,"Render",11.3563995
5821.1646,60,18,"Procedural Animations",0.0013
5821.1672,60,18,"Script Components",0.000199999995
5821.1698,60,18,"CPU Frame",45.2671013
5821.1717,60,18,"Input",0.140799999
5821.1743,60,18,"GUI Update",0.0509000011
5821.1764,60,18,"Frustum Culling",1.18729997
5821.1785,60,18,"Animations",0.000199999995
5821.1802,60,18,"Spring Dependencies",0.000300000014
5821.1824,60,18,"GUI Render",0.150700003
5821.1841,60,18,"Physics",0.00680000009
5821.1861,60,18,"Update",33.2322006
5821.1879,60,18,"Fixed Update",0.0055999998
5821.1974,60,18,"Spline Update",0.000300000014
5821.1993,60,18,"Compose",0.399899989
5821.2012,60,18,"Update Buffers (CPU)",0.108199999
5849.8875,61,18,"SetVSync",28.5037
5856.4473,61,18,"RenderPath3D Update",5.5385
5856.4674,61,18,"Application Update",35.1112
5870.7118,61,18,"Application Render",14.2408
5871.371,61,18,"Application Compose",0.5285
5872.5708,61,18,"SubmitCommandLists",1.1803
5872.6063,61,18,"Shadowmap packing",0.00159999996
5872.6097,61,18,"Render",14.2400999
5872.6118,61,18,"Procedural Animations",0.00289999996
5872.6145,61,18,"Script Components",0.000199999995
5872.6183,61,18,"CPU Frame",50.2356987
5872.6203,61,18,"Input",0.143600002
5872.6375,61,18,"GUI Update",0.0353000015
5872.6396,61,18,"Frustum Culling",1.47119999
5872.6415,61,18,"Animations",0.00100000005
5872.6434,61,18,"Spring Dependencies",0.000899999985
5872.6454,61,18,"GUI Render",0.102600001
5872.6473,61,18,"Physics",0.0362999998
5872.6491,61,18,"Update",35.1108017
5872.6508,61,18,"Fixed Update",0.00549999997
5872.6526,61,18,"Spline Update",0.000199999995
5872.6545,61,18,"Compose",0.527400017
5872.6567,61,18,"Update Buffers (CPU)",0.130500004
5902.4756,62,18,"SetVSync",29.5987
5908.117,62,18,"RenderPath3D Update",4.7293
5908.1425,62,18,"Application Update",35.2946
5919.404,62,18,"Application Render",11.258
5919.8901,62,18,"Application Compose",0.3993
5920.901,62,18,"SubmitCommandLists",0.9988
5920.924,62,18,"Shadowmap packing",0.00039999999
5920.9274,62,18,"Render",11.2568998
5920.9295,62,18,"Procedural Animations",0.00120000006
5920.9319,62,18,"Script Components",9.99999975e-05
5920.9348,62,18,"CPU Frame",47.303299
5920.9366,62,18,"Input",0.179100007
5920.939,62,18,"GUI Update",0.0379000008
5920.9426,62,18,"Frustum Culling",2.36179996
5920.9447,62,18,"Animations",0.000500000024
5920.9496,62,18,"Spring Dependencies",0.000300000014
5920.9608,62,18,"GUI Render",0.107799999
5920.9628,62,18,"Physics",0.00999999978
5920.9646,62,18,"Update",35.2943001
5920.9664,62,18,"Fixed Update",0.00600000005
5920.9684,62,18,"Spline Update",0.000199999995
5920.9704,62,18,"Compose",0.398400009
5920.9721,62,18,"Update Buffers (CPU)",0.0870999992
5948.4862,63,18,"SetVSync",27.3356
5954.4281,63,18,"RenderPath3D Update",4.9928
5954.4563,63,18,"Application Update",33.3319
5965.7908,63,18,"Application Render",11.3313
5966.2686,63,18,"Application Compose",0.4074
5967.1851,63,18,"SubmitCommandLists",0.9036
5967.2277,63,18,"Shadowmap packing",0.000500000024
5967.2732,63,18,"Render",11.3304996
5967.2755,63,18,"Procedural Animations",0.0013
5967.2778,63,18,"Script Components",0.000199999995
5967.2801,63,18,"CPU Frame",45.3628998
5967.282,63,18,"Input",0.140699998
5967.2843,63,18,"GUI Update",0.0480000004
5967.2864,63,18,"Frustum Culling",1.25629997
5967.2885,63,18,"Animations",0.000199999995
5967.2902,63,18,"Spring Dependencies",0.00109999999
5967.2926,63,18,"GUI Render",0.106399998
5967.2944,63,18,"Physics",0.00719999988
5967.2966,63,18,"Update",33.3314018
5967.2982,63,18,"Fixed Update",0.0055999998
5967.3,63,18,"Spline Update",0.000300000014
5967.3019,63,18,"Compose",0.406500012
5967.3039,63,18,"Update Buffers (CPU)",0.0891000032
5996.0882,64,18,"SetVSync",28.6223
6001.9658,64,18,"RenderPath3D Update",4.9579
6001.9818,64,18,"Application Update",34.5348
6012.2762,64,18,"Application Render",10.2904
6012.753,64,18,"Application Compose",0.4056
6013.6553,64,18,"SubmitCommandLists",0.8896
6013.6932,64,18,"Shadowmap packing",0.000500000024
6013.6967,64,18,"Render",10.2890997
6013.6985,64,18,"Procedural Animations",0.00179999997
6013.7008,64,18,"Script Components",0.000199999995
6013.7033,64,18,"CPU Frame",45.5634003
6013.7051,64,18,"Input",0.131300002
6013.7072,64,18,"GUI Update",0.0476999991
6013.7091,64,18,"Frustum Culling",1.3175
6013.7112,64,18,"Animations",0.000199999995
6013.7129,64,18,"Spring Dependencies",0.00079999998
6013.7151,64,18,"GUI Render",0.143999994
6013.717,64,18,"Physics",0.00769999996
6013.7188,64,18,"Update",34.5344009
6013.7207,64,18,"Fixed Update",0.00540000014
6013.7227,64,18,"Spline Update",0.000300000014
6013.7247,64,18,"Compose",0.404700011
6013.7266,64,18,"Update Buffers (CPU)",0.0984999985
6041.8034,65,18,"SetVSync",27.9152
6047.9039,65,18,"RenderPath3D Update",5.1675
6047.9383,65,18,"Application Update",34.0686
6069.3152,65,18,"Application Render",21.3725
6069.7932,65,18,"Application Compose",0.3987
6070.8476,65,18,"SubmitCommandLists",1.0407
6070.8726,65,18,"Shadowmap packing",0.00170000002
6070.8911,65,18,"Render",21.3708992
6070.8931,65,18,"Procedural Animations",0.00139999995
6070.8955,65,18,"Script Components",0.000300000014
6070.8983,65,18,"CPU Frame",56.1323013
6070.9001,65,18,"Input",0.123800002
6070.9028,65,18,"GUI Update",0.0491999984
6070.905,65,18,"Frustum Culling",1.57130003
6070.907,65,18,"Animations",0.000300000014
6070.909,65,18,"Spring Dependencies",0.000300000014
6070.9111,65,18,"GUI Render",0.167999998
6070.913,65,18,"Physics",0.00719999988
6070.9148,65,18,"Update",34.0682983
6070.9167,65,18,"Fixed Update",0.00510000018
6070.9186,65,18,"Spline Update",0.000300000014
6070.9204,65,18,"Compose",0.397599995
6070.9222,65,18,"Update Buffers (CPU)",0.246700004
6097.7924,66,18,"SetVSync",26.6705
6103.7912,66,18,"RenderPath3D Update",5.0555
6103.8182,66,18,"Application Update",32.7153
6114.4199,66,18,"Application Render",10.5983
6114.8913,66,18,"Application Compose",0.3968
6115.7651,66,18,"SubmitCommandLists",0.8614
6115.7884,66,18,"Shadowmap packing",0.000300000014
6115.7916,66,18,"Render",10.5974998
6115.7937,66,18,"Procedural Animations",0.0013
6115.796,66,18,"Script Components",9.99999975e-05
6115.7993,66,18,"CPU Frame",44.0381012
6115.8014,66,18,"Input",0.168200001
6115.8035,66,18,"GUI Update",0.0351000018
6115.8056,66,18,"Frustum Culling",1.44770002
6115.8076,66,18,"Animations",0.000199999995
6115.8096,66,18,"Spring Dependencies",0.000300000014
6115.8118,66,18,"GUI Render",0.148399994
6115.8136,66,18,"Physics",0.00829999987
6115.8155,66,18,"Update",32.7150002
6115.8174,66,18,"Fixed Update",0.00590000022
6115.8193,66,18,"Spline Update",0.000199999995
6115.8212,66,18,"Compose",0.395799994
6115.8232,66,18,"Update Buffers (CPU)",0.0812999979
6143.7582,67,18,"SetVSync",27.7454
6150.2192,67,18,"RenderPath3D Update",5.0573
6150.2376,67,18,"Application Update",34.2435
6160.4443,67,18,"Application Render",10.2035
6160.9238,67,18,"Application Compose",0.4045
6161.8601,67,18,"SubmitCommandLists",0.9231
6161.9324,67,18,"Shadowmap packing",0.000300000014
6161.9522,67,18,"Render",10.2025995
6161.9543,67,18,"Procedural Animations",0.00139999995
6162.0199,67,18,"Script Components",0.000300000014
6162.0236,67,18,"CPU Frame",45.1534004
6162.0257,67,18,"Input",0.1602
6162.028,67,18,"GUI Update",0.0359999985
6162.0303,67,18,"Frustum Culling",1.25639999
6162.0327,67,18,"Animations",9.99999975e-05
6162.0352,67,18,"Spring Dependencies",0.000500000024
6162.0376,67,18,"GUI Render",0.125799999
6162.0394,67,18,"Physics",0.0074
6162.0413,67,18,"Update",34.2430992
6162.043,67,18,"Fixed Update",0.00490000006
6162.0449,67,18,"Spline Update",0.000199999995
6162.0468,67,18,"Compose",0.403600007
6162.0488,67,18,"Update Buffers (CPU)",0.0944000036
6189.0374,68,18,"SetVSync",26.8044
6194.6672,68,18,"RenderPath3D Update",4.7507
6194.6806,68,18,"Application Update",32.4673
6204.2181,68,18,"Application Render",9.5254
6204.72,68,18,"Application Compose",0.4136
6205.6458,68,18,"SubmitCommandLists",0.9126
6205.6686,68,18,"Shadowmap packing",0.00039999999
6205.6717,68,18,"Render",9.52439976
6205.6739,68,18,"Procedural Animations",0.00170000002
6205.6766,68,18,"Script Components",9.99999975e-05
6205.6796,68,18,"CPU Frame",42.8077011
6205.6817,68,18,"Input",0.152199998
6205.6839,68,18,"GUI Update",0.0526000001
6205.6859,68,18,"Frustum Culling",1.22710001
6205.688,68,18,"Animations",9.99999975e-05
6205.6899,68,18,"Spring Dependencies",0.00039999999
6205.692,68,18,"GUI Render",0.167300001
6205.6939,68,18,"Physics",0.00779999979
6205.6959,68,18,"Update",32.4670982
6205.6978,68,18,"Fixed Update",0.00499999989
6205.7094,68,18,"Spline Update",0.000199999995
6205.7113,68,18,"Compose",0.412900001
6205.7132,68,18,"Update Buffers (CPU)",0.0878999978
6233.0795,69,18,"SetVSync",27.2027
6238.7216,69,18,"RenderPath3D Update",4.7592
6238.7494,69,18,"Application Update",32.8907
6248.1328,69,18,"Application Render",9.3785
6248.5973,69,18,"Application Compose",0.3887
6249.3698,69,18,"SubmitCommandLists",0.7584
6249.3904,69,18,"Shadowmap packing",0.00039999999
6249.3932,69,18,"Render",9.37779999
6249.3954,69,18,"Procedural Animations",0.00139999995
6249.3978,69,18,"Script Components",0.000199999995
6249.4002,69,18,"CPU Frame",42.9468002
6249.4037,69,18,"Input",0.1347
6249.4211,69,18,"GUI Update",0.0476999991
6249.4229,69,18,"Frustum Culling",1.11389995
6249.425,69,18,"Animations",0.000500000024
6249.4272,69,18,"Spring Dependencies",0.000199999995
6249.4294,69,18,"GUI Render",0.0794999972
6249.4313,69,18,"Physics",0.00730000017
6249.4332,69,18,"Update",32.8904991
6249.4349,69,18,"Fixed Update",0.0046000001
6249.4368,69,18,"Spline Update",0.000199999995
6249.439,69,18,"Compose",0.387800008
6249.4409,69,18,"Update Buffers (CPU)",0.0806000009
6276.6372,70,18,"SetVSync",27.0216
6282.1956,70,18,"RenderPath3D Update",4.6746
6282.2123,70,18,"Application Update",32.6166
6291.4121,70,18,"Application Render",9.1963
6291.911,70,18,"Application Compose",0.4128
6292.6825,70,18,"SubmitCommandLists",0.7587
6292.7055,70,18,"Shadowmap packing",0.00039999999
6292.7089,70,18,"Render",9.1953001
6292.7111,70,18,"Procedural Animations",0.00120000006
6292.7134,70,18,"Script Components",0.000199999995
6292.7163,70,18,"CPU Frame",42.537899
6292.7188,70,18,"Input",0.143199995
6292.7213,70,18,"GUI Update",0.0410000011
6292.7234,70,18,"Frustum Culling",1.15719998
6292.7253,70,18,"Animations",9.99999975e-05
6292.7275,70,18,"Spring Dependencies",9.99999975e-05
6292.7297,70,18,"GUI Render",0.189400002
6292.7316,70,18,"Physics",0.00760000013
6292.7336,70,18,"Update",32.6162987
6292.7355,70,18,"Fixed Update",0.00529999984
6292.7374,70,18,"Spline Update",0.000199999995
6292.7392,70,18,"Compose",0.411599994
6292.7411,70,18,"Update Buffers (CPU)",0.0715000033
6323.0112,71,18,"SetVSync",30.0987
6328.6087,71,18,"RenderPath3D Update",4.7192
6328.6298,71,18,"Application Update",35.7361
6338.4877,71,18,"Application Render",9.855
6338.9709,71,18,"Application Compose",0.401
6339.7729,71,18,"SubmitCommandLists",0.79
6339.7956,71,18,"Shadowmap packing",0.000600000028
6339.7988,71,18,"Render",9.85429955
6339.8007,71,18,"Procedural Animations",0.00109999999
6339.8029,71,18,"Script Components",0.000199999995
6339.8054,71,18,"CPU Frame",46.2832985
6339.8074,71,18,"Input",0.141399994
6339.8493,71,18,"GUI Update",0.0425999984
6339.8514,71,18,"Frustum Culling",1.24310005
6339.8533,71,18,"Animations",0.00039999999
6339.8551,71,18,"Spring Dependencies",0.000199999995
6339.8572,71,18,"GUI Render",0.156800002
6339.859,71,18,"Physics",0.00769999996
6339.8717,71,18,"Update",35.7358017
6339.8734,71,18,"Fixed Update",0.00520000001
6339.8754,71,18,"Spline Update",0.000300000014
6339.8772,71,18,"Compose",0.399699986
6339.8792,71,18,"Update Buffers (CPU)",0.131600007
6369.7731,72,18,"SetVSync",29.7377
6375.7602,72,18,"RenderPath3D Update",4.9786
6375.7774,72,18,"Application Update",35.7603
6385.0556,72,18,"Application Render",9.2751
6385.5397,72,18,"Application Compose",0.4125
6386.3081,72,18,"SubmitCommandLists",0.7554
6386.3299,72,18,"Shadowmap packing",0.00039999999
6386.3518,72,18,"Render",9.27400017
6386.3539,72,18,"Procedural Animations",0.00109999999
6386.3565,72,18,"Script Components",0.000199999995
6386.359,72,18,"CPU Frame",45.7621002
6386.3612,72,18,"Input",0.126800001
6386.3637,72,18,"GUI Update",0.0379999988
6386.3659,72,18,"Frustum Culling",1.11290002
6386.368,72,18,"Animations",0.000199999995
6386.37,72,18,"Spring Dependencies",0.000300000014
6386.3725,72,18,"GUI Render",0.0821999982
6386.3746,72,18,"Physics",0.00680000009
6386.3766,72,18,"Update",35.7601013
6386.3784,72,18,"Fixed Update",0.00499999989
6386.3804,72,18,"Spline Update",0.000199999995
6386.3823,72,18,"Compose",0.411599994
6386.3961,72,18,"Update Buffers (CPU)",0.0762000009
6414.1897,73,18,"SetVSync",27.6207
6419.8345,73,18,"RenderPath3D Update",4.7557
6419.8527,73,18,"Application Update",33.3022
6432.4677,73,18,"Application Render",12.6036
6432.9274,73,18,"Application Compose",0.395
6434.1086,73,18,"SubmitCommandLists",1.1676
6434.1417,73,18,"Shadowmap packing",0.000600000028
6434.1601,73,18,"Render",12.6027002
6434.162,73,18,"Procedural Animations",0.00120000006
6434.1645,73,18,"Script Components",0.000199999995
6434.1669,73,18,"CPU Frame",46.6150017
6434.169,73,18,"Input",0.143199995
6434.1712,73,18,"GUI Update",0.0511999987
6434.1731,73,18,"Frustum Culling",1.12969995
6434.1749,73,18,"Animations",0.000500000024
6434.1768,73,18,"Spring Dependencies",0.000300000014
6434.1791,73,18,"GUI Render",0.145300001
6434.1807,73,18,"Physics",0.0074
6434.1825,73,18,"Update",33.3019981
6434.1841,73,18,"Fixed Update",0.00529999984
6434.186,73,18,"Spline Update",0.000300000014
6434.1976,73,18,"Compose",0.394199997
6434.1999,73,18,"Update Buffers (CPU)",0.0879999995
6461.204,74,18,"SetVSync",26.7968
6466.7344,74,18,"RenderPath3D Update",4.6631
6466.7456,74,18,"Application Update",32.3567
6476.4707,74,18,"Application Render",9.722
6476.9698,74,18,"Application Compose",0.4227
6477.8189,74,18,"SubmitCommandLists",0.8366
6477.8437,74,18,"Shadowmap packing",0.00079999998
6477.847,74,18,"Render",9.72109985
6477.8494,74,18,"Procedural Animations",0.0013
6477.8519,74,18,"Script Components",0.000199999995
6477.8543,74,18,"CPU Frame",42.8468018
6477.8563,74,18,"Input",0.176699996
6477.8588,74,18,"GUI Update",0.0406000018
6477.8609,74,18,"Frustum Culling",1.16929996
6477.863,74,18,"Animations",9.99999975e-05
6477.8654,74,18,"Spring Dependencies",0.000600000028
6477.8677,74,18,"GUI Render",0.104199998
6477.8694,74,18,"Physics",0.00769999996
6477.8718,74,18,"Update",32.3563004
6477.8736,74,18,"Fixed Update",0.00600000005
6477.8755,74,18,"Spline Update",0.000199999995
6477.8775,74,18,"Compose",0.421900004
6477.8794,74,18,"Update Buffers (CPU)",0.103200004
6506.4056,75,18,"SetVSync",28.3485
6512.0189,75,18,"RenderPath3D Update",4.7577
6512.0305,75,18,"Application Update",33.9924
6522.7102,75,18,"Application Render",10.6765
6523.2007,75,18,"Application Compose",0.4187
6524.278,75,18,"SubmitCommandLists",1.0643
6524.3476,75,18,"Shadowmap packing",0.000600000028
6524.3514,75,18,"Render",10.6758003
6524.3536,75,18,"Procedural Animations",0.00120000006
6524.3559,75,18,"Script Components",9.99999975e-05
6524.3682,75,18,"CPU Frame",45.3759003
6524.3701,75,18,"Input",0.147699997
6524.3725,75,18,"GUI Update",0.0375999995
6524.3744,75,18,"Frustum Culling",1.20640004
6524.4209,75,18,"Animations",0.00079999998
6524.4228,75,18,"Spring Dependencies",0.00079999998
6524.4251,75,18,"GUI Render",0.145600006
6524.427,75,18,"Physics",0.00899999961
6524.4292,75,18,"Update",33.9920998
6524.431,75,18,"Fixed Update",0.00499999989
6524.4329,75,18,"Spline Update",0.000199999995
6524.4348,75,18,"Compose",0.417800009
6524.4366,75,18,"Update Buffers (CPU)",0.0935000032
6550.4041,76,18,"SetVSync",25.7804
6556.023,76,18,"RenderPath3D Update",4.6396
6556.0424,76,18,"Application Update",31.4408
6566.3391,76,18,"Application Render",10.2932
6566.881,76,18,"Application Compose",0.4601
6567.71,76,18,"SubmitCommandLists",0.8165
6567.7768,76,18,"Shadowmap packing",0.000500000024
6567.7972,76,18,"Render",10.2924995
6567.7992,76,18,"Procedural Animations",0.00109999999
6567.8018,76,18,"Script Components",0.000199999995
6567.804,76,18,"CPU Frame",42.5536003
6567.8059,76,18,"Input",0.151299998
6567.8083,76,18,"GUI Update",0.0522000007
6567.8105,76,18,"Frustum Culling",1.1803
6567.8208,76,18,"Animations",9.99999975e-05
6567.823,76,18,"Spring Dependencies",0.000600000028
6567.8255,76,18,"GUI Render",0.101000004
6567.8271,76,18,"Physics",0.00659999996
6567.8289,76,18,"Update",31.4405003
6567.8306,76,18,"Fixed Update",0.00680000009
6567.8323,76,18,"Spline Update",0.000300000014
6567.8341,76,18,"Compose",0.459199995
6567.836,76,18,"Update Buffers (CPU)",0.100400001
6583.2345,77,18,"SetVSync",15.2128
6588.827,77,18,"RenderPath3D Update",4.744
6588.8428,77,18,"Application Update",20.8603
6598.3029,77,18,"Application Render",9.457
6598.7726,77,18,"Application Compose",0.4101
6599.6794,77,18,"SubmitCommandLists",0.8944
6599.7163,77,18,"Shadowmap packing",0.00039999999
6599.7196,77,18,"Render",9.45629978
6599.7227,77,18,"Procedural Animations",0.0013
6599.7253,77,18,"Script Components",0.000500000024
6599.7282,77,18,"CPU Frame",31.0151005
6599.7303,77,18,"Input",0.1241
6599.7334,77,18,"GUI Update",0.0460000001
6599.7475,77,18,"Frustum Culling",1.16240001
6599.7496,77,18,"Animations",9.99999975e-05
6599.752,77,18,"Spring Dependencies",0.00100000005
6599.7542,77,18,"GUI Render",0.1219
6599.7561,77,18,"Physics",0.00800000038
6599.7578,77,18,"Update",20.8600006
6599.7597,77,18,"Fixed Update",0.0167999994
6599.7622,77,18,"Spline Update",0.000199999995
6599.764,77,18,"Compose",0.409299999
6599.7661,77,18,"Update Buffers (CPU)",0.0945999995
6615.3868,78,18,"SetVSync",15.4206
6620.9064,78,18,"RenderPath3D Update",4.661
6620.9202,78,18,"Application Update",20.975
6630.29,78,18,"Application Render",9.3663
6630.7699,78,18,"Application Compose",0.4023
6631.6276,78,18,"SubmitCommandLists",0.8455
6631.6534,78,18,"Shadowmap packing",0.000300000014
6631.6568,78,18,"Render",9.36550045
6631.6588,78,18,"Procedural Animations",0.00120000006
6631.6612,78,18,"Script Components",0.000199999995
6631.664,78,18,"CPU Frame",31.0771999
6631.6661,78,18,"Input",0.163100004
6631.6685,78,18,"GUI Update",0.0461999997
6631.6705,78,18,"Frustum Culling",1.11259997
6631.6727,78,18,"Animations",0.000500000024
6631.6746,78,18,"Spring Dependencies",9.99999975e-05
6631.6772,78,18,"GUI Render",0.1197
6631.6793,78,18,"Physics",0.00650000013
6631.6812,78,18,"Update",20.9747009
6631.683,78,18,"Fixed Update",0.00719999988
6631.6853,78,18,"Spline Update",0.000199999995
6631.6872,78,18,"Compose",0.40110001
6631.689,78,18,"Update Buffers (CPU)",0.0896999985
6647.1114,79,18,"SetVSync",15.2377
6652.6,79,18,"RenderPath3D Update",4.6827
6652.6151,79,18,"Application Update",20.7598
6662.6745,79,18,"Application Render",10.0562
6663.1412,79,18,"Application Compose",0.3987
6663.9708,79,18,"SubmitCommandLists",0.8163
6664.0115,79,18,"Shadowmap packing",0.000300000014
6664.0149,79,18,"Render",10.0546999
6664.0173,79,18,"Procedural Animations",0.0013
6664.0197,79,18,"Script Components",0.000199999995
6664.0221,79,18,"CPU Frame",31.5083008
6664.0241,79,18,"Input",0.155100003
6664.0262,79,18,"GUI Update",0.0322999991
6664.0284,79,18,"Frustum Culling",1.1437
6664.0305,79,18,"Animations",0.000500000024
6664.0324,79,18,"Spring Dependencies",0.000300000014
6664.0343,79,18,"GUI Render",0.0658999979
6664.0827,79,18,"Physics",0.00989999995
6664.0849,79,18,"Update",20.7595005
6664.0867,79,18,"Fixed Update",0.00490000006
6664.0889,79,18,"Spline Update",0.000199999995
6664.0907,79,18,"Compose",0.397700012
6664.0928,79,18,"Update Buffers (CPU)",0.0931999981
6679.7594,80,18,"SetVSync",15.4891
6685.3664,80,18,"RenderPath3D Update",4.6517
6685.3826,80,18,"Application Update",21.1326
6694.7953,80,18,"Application Render",9.4094
6695.2739,80,18,"Application Compose",0.4073
6696.0932,80,18,"SubmitCommandLists",0.8059
6696.1155,80,18,"Shadowmap packing",0.00039999999
6696.1186,80,18,"Render",9.40859985
6696.1211,80,18,"Procedural Animations",0.00109999999
6696.1235,80,18,"Script Components",9.99999975e-05
6696.1261,80,18,"CPU Frame",31.2998009
6696.128,80,18,"Input",0.144299999
6696.1305,80,18,"GUI Update",0.0315000005
6696.1325,80,18,"Frustum Culling",1.12829995
6696.1344,80,18,"Animations",9.99999975e-05
6696.1361,80,18,"Spring Dependencies",0.000600000028
6696.1382,80,18,"GUI Render",0.0851999968
6696.1401,80,18,"Physics",0.00700000022
6696.1418,80,18,"Update",21.1324005
6696.1437,80,18,"Fixed Update",0.00579999993
6696.1456,80,18,"Spline Update",0.000199999995
6696.1475,80,18,"Compose",0.406599998
6696.1493,80,18,"Update Buffers (CPU)",0.107299998
6712.029,81,18,"SetVSync",15.7075
6718.2087,81,18,"RenderPath3D Update",5.213
6718.2256,81,18,"Application Update",21.9236
6731.2642,81,18,"Application Render",13.0353
6731.9432,81,18,"Application Compose",0.6101
6732.9525,81,18,"SubmitCommandLists",0.9904
6732.9819,81,18,"Shadowmap packing",0.000500000024
6732.9854,81,18,"Render",13.0342999
6732.9872,81,18,"Procedural Animations",0.00139999995
6732.9895,81,18,"Script Components",0.00109999999
6732.9918,81,18,"CPU Frame",35.850399
6732.9937,81,18,"Input",0.141200006
6732.9958,81,18,"GUI Update",0.0502000004
6732.9978,81,18,"Frustum Culling",1.18480003
6732.9999,81,18,"Animations",0.000199999995
6733.002,81,18,"Spring Dependencies",9.99999975e-05
6733.0051,81,18,"GUI Render",0.0692000017
6733.007,81,18,"Physics",0.0136000002
6733.0089,81,18,"Update",21.9234009
6733.0189,81,18,"Fixed Update",0.00600000005
6733.0207,81,18,"Spline Update",0.000300000014
6733.0226,81,18,"Compose",0.609200001
6733.0244,81,18,"Update Buffers (CPU)",0.140300006
6748.1247,82,18,"SetVSync",14.8999
6753.5508,82,18,"RenderPath3D Update",4.6193
6753.5639,82,18,"Application Update",20.3842
6763.3165,82,18,"Application Render",9.7495
6763.7869,82,18,"Application Compose",0.3962
6764.6773,82,18,"SubmitCommandLists",0.8769
6764.6995,82,18,"Shadowmap packing",0.0013
6764.7027,82,18,"Render",9.74870014
6764.7047,82,18,"Procedural Animations",0.00109999999
6764.7069,82,18,"Script Components",0.000199999995
6764.7096,82,18,"CPU Frame",30.8290005
6764.7117,82,18,"Input",0.144199997
6764.714,82,18,"GUI Update",0.0333999991
6764.7162,82,18,"Frustum Culling",1.15890002
6764.7181,82,18,"Animations",0.000199999995
6764.7201,82,18,"Spring Dependencies",0.000199999995
6764.7225,82,18,"GUI Render",0.111100003
6764.7241,82,18,"Physics",0.00650000013
6764.726,82,18,"Update",20.3838005
6764.7277,82,18,"Fixed Update",0.0057000001
6764.7296,82,18,"Spline Update",0.000199999995
6764.7314,82,18,"Compose",0.395399988
6764.7333,82,18,"Update Buffers (CPU)",0.0733999982
6780.2202,83,18,"SetVSync",15.3157
6785.863,83,18,"RenderPath3D Update",4.8358
6785.8787,83,18,"Application Update",20.9936
6795.3782,83,18,"Application Render",9.4963
6795.8814,83,18,"Application Compose",0.4215
6796.7801,83,18,"SubmitCommandLists",0.8873
6796.809,83,18,"Shadowmap packing",0.00039999999
6796.8219,83,18,"Render",9.49540043
6796.8241,83,18,"Procedural Animations",0.00120000006
6796.8263,83,18,"Script Components",9.99999975e-05
6796.83,83,18,"CPU Frame",31.1980991
6796.8324,83,18,"Input",0.140300006
6796.8353,83,18,"GUI Update",0.0428000018
6796.8373,83,18,"Frustum Culling",1.13839996
6796.8391,83,18,"Animations",0.000300000014
6796.8409,83,18,"Spring Dependencies",0.00039999999
6796.8432,83,18,"GUI Render",0.100000001
6796.845,83,18,"Physics",0.00639999984
6796.8468,83,18,"Update",20.9932995
6796.8912,83,18,"Fixed Update",0.00529999984
6796.8932,83,18,"Spline Update",0.000199999995
6796.8951,83,18,"Compose",0.420700014
6796.8968,83,18,"Update Buffers (CPU)",0.109499998
6813.0542,84,18,"SetVSync",15.9867
6819.1804,84,18,"RenderPath3D Update",5.1705
6819.1966,84,18,"Application Update",22.1501
6832.3217,84,18,"Application Render",13.1213
6832.8168,84,18,"Application Compose",0.4163
6833.7122,84,18,"SubmitCommandLists",0.8715
6833.7366,84,18,"Shadowmap packing",0.000500000024
6833.7401,84,18,"Render",13.1205997
6833.742,84,18,"Procedural Animations",0.00120000006
6833.7443,84,18,"Script Components",0.000199999995
6833.7467,84,18,"CPU Frame",36.0280991
6833.7485,84,18,"Input",0.137199998
6833.7538,84,18,"GUI Update",0.0601999983
6833.7569,84,18,"Frustum Culling",1.30190003
6833.7588,84,18,"Animations",0.000199999995
6833.7606,84,18,"Spring Dependencies",0.000500000024
6833.7626,84,18,"GUI Render",0.0943000019
6833.7644,84,18,"Physics",0.00789999962
6833.7663,84,18,"Update",22.1495991
6833.7681,84,18,"Fixed Update",0.0046000001
6833.7701,84,18,"Spline Update",0.000300000014
6833.7719,84,18,"Compose",0.415399998
6833.7737,84,18,"Update Buffers (CPU)",0.102399997
6850.3681,85,18,"SetVSync",16.4288
6856.5564,85,18,"RenderPath3D Update",5.2559
6856.5772,85,18,"Application Update",22.6581
6867.0317,85,18,"Application Render",10.4512
6867.5165,85,18,"Application Compose",0.4089
6868.3264,85,18,"SubmitCommandLists",0.7968
6868.3544,85,18,"Shadowmap packing",0.000600000028
6868.3578,85,18,"Render",10.4493999
6868.3599,85,18,"Procedural Animations",0.00120000006
6868.3622,85,18,"Script Components",0.000300000014
6868.3647,85,18,"CPU Frame",33.7984009
6868.3681,85,18,"Input",0.1347
6868.3714,85,18,"GUI Update",0.0406999998
6868.3748,85,18,"Frustum Culling",1.31200004
6868.3781,85,18,"Animations",0.000199999995
6868.3813,85,18,"Spring Dependencies",0.000300000014
6868.3848,85,18,"GUI Render",0.129299998
6868.3876,85,18,"Physics",0.00639999984
6868.3894,85,18,"Update",22.6576004
6868.3914,85,18,"Fixed Update",0.00469999993
6868.3934,85,18,"Spline Update",0.000199999995
6868.3952,85,18,"Compose",0.407999992
6868.3969,85,18,"Update Buffers (CPU)",0.0863000005
6885.823,86,18,"SetVSync",17.2485
6891.6079,86,18,"RenderPath3D Update",4.7979
6891.6278,86,18,"Application Update",23.0739
6902.3296,86,18,"Application Render",10.6981
6902.8066,86,18,"Application Compose",0.4085
6903.6984,86,18,"SubmitCommandLists",0.8799
6903.7212,86,18,"Shadowmap packing",0.000500000024
6903.7243,86,18,"Render",10.6970997
6903.7262,86,18,"Procedural Animations",0.00120000006
6903.7287,86,18,"Script Components",0.000300000014
6903.7311,86,18,"CPU Frame",34.4729004
6903.733,86,18,"Input",0.143999994
6903.7354,86,18,"GUI Update",0.0357000008
6903.7375,86,18,"Frustum Culling",1.24510002
6903.7394,86,18,"Animations",0.000899999985
6903.7413,86,18,"Spring Dependencies",0.000300000014
6903.7435,86,18,"GUI Render",0.151199996
6903.7453,86,18,"Physics",0.0137999998
6903.747,86,18,"Update",23.0736008
6903.7487,86,18,"Fixed Update",0.00609999988
6903.7507,86,18,"Spline Update",0.000199999995
6903.7525,86,18,"Compose",0.407900006
6903.7545,86,18,"Update Buffers (CPU)",0.0900999978
6919.2572,87,18,"SetVSync",15.3297
6924.6089,87,18,"RenderPath3D Update",4.5647
6924.6218,87,18,"Application Update",20.7151
6934.3922,87,18,"Application Render",9.7672
6934.8615,87,18,"Application Compose",0.3993
6935.7024,87,18,"SubmitCommandLists",0.8269
6935.7265,87,18,"Shadowmap packing",0.000600000028
6935.7296,87,18,"Render",9.76650047
6935.7317,87,18,"Procedural Animations",0.00139999995
6935.7342,87,18,"Script Components",9.99999975e-05
6935.7371,87,18,"CPU Frame",31.1581001
6935.7393,87,18,"Input",0.140499994
6935.7417,87,18,"GUI Update",0.0318000019
6935.7437,87,18,"Frustum Culling",1.1566
6935.7456,87,18,"Animations",0.000199999995
6935.7475,87,18,"Spring Dependencies",0.000199999995
6935.7496,87,18,"GUI Render",0.100599997
6935.7517,87,18,"Physics",0.00659999996
6935.7539,87,18,"Update",20.7148991
6935.7561,87,18,"Fixed Update",0.00540000014
6935.7581,87,18,"Spline Update",0.000199999995
6935.8025,87,18,"Compose",0.398400009
6935.8046,87,18,"Update Buffers (CPU)",0.108499996
6950.764,88,18,"SetVSync",14.8
6956.1274,88,18,"RenderPath3D Update",4.5747
6956.1398,88,18,"Application Update",20.1954
6965.8729,88,18,"Application Render",9.7294
6966.3444,88,18,"Application Compose",0.4018
6967.153,88,18,"SubmitCommandLists",0.7952
6967.1755,88,18,"Shadowmap packing",0.000699999975
6967.1785,88,18,"Render",9.72879982
6967.1806,88,18,"Procedural Animations",0.00109999999
6967.1831,88,18,"Script Components",9.99999975e-05
6967.1862,88,18,"CPU Frame",30.6376991
6967.1883,88,18,"Input",0.127599999
6967.191,88,18,"GUI Update",0.0417000018
6967.1935,88,18,"Frustum Culling",1.15600002
6967.1955,88,18,"Animations",9.99999975e-05
6967.1973,88,18,"Spring Dependencies",0.00150000001
6967.1995,88,18,"GUI Render",0.0703999996
6967.2014,88,18,"Physics",0.00669999979
6967.203,88,18,"Update",20.1952
6967.2051,88,18,"Fixed Update",0.00520000001
6967.207,88,18,"Spline Update",0.000199999995
6967.209,88,18,"Compose",0.400900006
6967.2108,88,18,"Update Buffers (CPU)",0.117399998
6982.6582,89,18,"SetVSync",15.2724
6988.1683,89,18,"RenderPath3D Update",4.6233
6988.183,89,18,"Application Update",20.8173
6997.6418,89,18,"Application Render",9.4554
6998.1567,89,18,"Application Compose",0.4066
6999.014,89,18,"SubmitCommandLists",0.8444
6999.043,89,18,"Shadowmap packing",0.00039999999
6999.0464,89,18,"Render",9.45440006
6999.0488,89,18,"Procedural Animations",0.00120000006
6999.0515,89,18,"Script Components",0.000199999995
6999.0539,89,18,"CPU Frame",30.9986992
6999.0559,89,18,"Input",0.142900005
6999.0584,89,18,"GUI Update",0.0322000012
6999.0605,89,18,"Frustum Culling",1.18099999
6999.0626,89,18,"Animations",0.000699999975
6999.0648,89,18,"Spring Dependencies",0.000199999995
6999.067,89,18,"GUI Render",0.0687000006
6999.069,89,18,"Physics",0.00899999961
6999.0707,89,18,"Update",20.8169003
6999.0724,89,18,"Fixed Update",0.0057000001
6999.0744,89,18,"Spline Update",0.000199999995
6999.0761,89,18,"Compose",0.405699998
6999.0842,89,18,"Update Buffers (CPU)",0.103
7013.6391,90,18,"SetVSync",14.3811
7019.1886,90,18,"RenderPath3D Update",4.7296
7019.2135,90,18,"Application Update",19.977
7028.6059,90,18,"Application Render",9.3889
7029.0878,90,18,"Application Compose",0.4077
7029.8531,90,18,"SubmitCommandLists",0.7533
7029.8751,90,18,"Shadowmap packing",0.00039999999
7029.8782,90,18,"Render",9.38780022
7029.8802,90,18,"Procedural Animations",0.0113000004
7029.8826,90,18,"Script Components",9.99999975e-05
7029.8853,90,18,"CPU Frame",30.0653992
7029.8873,90,18,"Input",0.140100002
7029.8899,90,18,"GUI Update",0.0430000015
7029.8919,90,18,"Frustum Culling",1.22319996
7029.8938,90,18,"Animations",0.000500000024
7029.8956,90,18,"Spring Dependencies",0.000199999995
7029.8977,90,18,"GUI Render",0.0945999995
7029.8995,90,18,"Physics",0.0136000002
7029.9011,90,18,"Update",19.9764996
7029.9029,90,18,"Fixed Update",0.0055999998
7029.9048,90,18,"Spline Update",0.000199999995
7029.9066,90,18,"Compose",0.406899989
7029.9085,90,18,"Update Buffers (CPU)",0.125599995
7049.8999,91,18,"SetVSync",19.7987
7056.0523,91,18,"RenderPath3D Update",5.2871
7056.0772,91,18,"Application Update",25.997
7071.0186,91,18,"Application Render",14.9378
7071.4937,91,18,"Application Compose",0.4005
7072.3782,91,18,"SubmitCommandLists",0.8709
7072.4025,91,18,"Shadowmap packing",0.00120000006
7072.4059,91,18,"Render",14.9371004
7072.408,91,18,"Procedural Animations",0.00350000011
7072.4104,91,18,"Script Components",0.00329999998
7072.4127,91,18,"CPU Frame",41.6357994
7072.4146,91,18,"Input",0.159700006
7072.4167,91,18,"GUI Update",0.0724000037
7072.4188,91,18,"Frustum Culling",1.21089995
7072.4208,91,18,"Animations",9.99999975e-05
7072.4233,91,18,"Spring Dependencies",0.000199999995
7072.4255,91,18,"GUI Render",0.134200007
7072.4277,91,18,"Physics",0.0130000003
7072.4294,91,18,"Update",25.9965992
7072.431,91,18,"Fixed Update",0.00620000018
7072.4329,91,18,"Spline Update",0.00039999999
7072.4347,91,18,"Compose",0.399500012
7072.4366,91,18,"Update Buffers (CPU)",0.132200003
7087.4392,92,18,"SetVSync",14.7874
7092.966,92,18,"RenderPath3D Update",4.6831
7092.9798,92,18,"Application Update",20.3494
7102.6631,92,18,"Application Render",9.6802
7103.1361,92,18,"Application Compose",0.4018
7103.965,92,18,"SubmitCommandLists",0.8155
7103.9907,92,18,"Shadowmap packing",0.000600000028
7103.9944,92,18,"Render",9.67930031
7103.9962,92,18,"Procedural Animations",0.00109999999
7103.9986,92,18,"Script Components",0.000199999995
7104.001,92,18,"CPU Frame",30.7532997
7104.003,92,18,"Input",0.130700007
7104.0052,92,18,"GUI Update",0.0417999998
7104.0072,92,18,"Frustum Culling",1.25909996
7104.0091,92,18,"Animations",0.000600000028
7104.0195,92,18,"Spring Dependencies",0.000300000014
7104.0214,92,18,"GUI Render",0.0684999973
7104.0231,92,18,"Physics",0.00620000018
7104.025,92,18,"Update",20.3491001
7104.0266,92,18,"Fixed Update",0.00540000014
7104.0284,92,18,"Spline Update",0.000500000024
7104.0305,92,18,"Compose",0.400900006
7104.0322,92,18,"Update Buffers (CPU)",0.103299998
7119.2603,93,18,"SetVSync",15.0653
7124.828,93,18,"RenderPath3D Update",4.7731
7124.8399,93,18,"Application Update",20.6655
7134.1752,93,18,"Application Render",9.3312
7134.6917,93,18,"Application Compose",0.443
7135.6566,93,18,"SubmitCommandLists",0.9527
7135.6922,93,18,"Shadowmap packing",0.0013
7135.6964,93,18,"Render",9.3302002
7135.6986,93,18,"Procedural Animations",0.00109999999
7135.7009,93,18,"Script Components",0.000199999995
7135.7034,93,18,"CPU Frame",30.7203999
7135.7058,93,18,"Input",0.130600005
7135.7084,93,18,"GUI Update",0.0353999995
7135.7103,93,18,"Frustum Culling",1.14709997
7135.7121,93,18,"Animations",0.000199999995
7135.7142,93,18,"Spring Dependencies",0.000300000014
7135.7166,93,18,"GUI Render",0.0671000034
7135.7185,93,18,"Physics",0.00669999979
7135.7203,93,18,"Update",20.6651993
7135.7224,93,18,"Fixed Update",0.00490000006
7135.7243,93,18,"Spline Update",0.000199999995
7135.7262,93,18,"Compose",0.442299992
7135.7284,93,18,"Update Buffers (CPU)",0.0747999996
7151.9528,94,18,"SetVSync",15.9892
7157.3903,94,18,"RenderPath3D Update",4.5682
7157.4053,94,18,"Application Update",21.4802
7167.5594,94,18,"Application Render",10.1506
7168.0332,94,18,"Application Compose",0.3934
7168.8938,94,18,"SubmitCommandLists",0.8462
7168.9207,94,18,"Shadowmap packing",0.00039999999
7168.924,94,18,"Render",10.1498003
7168.9263,94,18,"Procedural Animations",0.00139999995
7168.9291,94,18,"Script Components",0.000199999995
7168.9315,94,18,"CPU Frame",32.3624001
7168.9335,94,18,"Input",0.182400003
7168.9358,94,18,"GUI Update",0.0329999998
7168.938,94,18,"Frustum Culling",1.50450003
7168.9401,94,18,"Animations",0.00100000005
7168.9419,94,18,"Spring Dependencies",0.000600000028
7168.9447,94,18,"GUI Render",0.0878000036
7168.9467,94,18,"Physics",0.00650000013
7168.9484,94,18,"Update",21.4797993
7168.9504,94,18,"Fixed Update",0.00510000018
7168.9523,94,18,"Spline Update",0.000199999995
7168.9543,94,18,"Compose",0.3926
7168.9653,94,18,"Update Buffers (CPU)",0.0957999974
7184.3629,95,18,"SetVSync",15.0619
7190.1121,95,18,"RenderPath3D Update",4.9089
7190.128,95,18,"Application Update",20.8573
7199.8259,95,18,"Application Render",9.6947
7200.3072,95,18,"Application Compose",0.4116
7201.2072,95,18,"SubmitCommandLists",0.8863
7201.2434,95,18,"Shadowmap packing",0.00039999999
7201.247,95,18,"Render",9.69379997
7201.2492,95,18,"Procedural Animations",0.00120000006
7201.2522,95,18,"Script Components",0.00039999999
7201.2547,95,18,"CPU Frame",31.4074993
7201.2567,95,18,"Input",0.292600006
7201.2593,95,18,"GUI Update",0.0489000008
7201.2612,95,18,"Frustum Culling",1.12080002
7201.2635,95,18,"Animations",0.000899999985
7201.2659,95,18,"Spring Dependencies",0.000300000014
7201.268,95,18,"GUI Render",0.071800001
7201.2699,95,18,"Physics",0.00680000009
7201.2716,95,18,"Update",20.8568993
7201.2737,95,18,"Fixed Update",0.00630000001
7201.2755,95,18,"Spline Update",0.000600000028
7201.2774,95,18,"Compose",0.410600007
7201.2796,95,18,"Update Buffers (CPU)",0.0737999976
7215.5576,96,18,"SetVSync",14.0998
7220.922,96,18,"RenderPath3D Update",4.566
7220.9827,96,18,"Application Update",19.5469
7230.4089,96,18,"Application Render",9.4227
7230.8985,96,18,"Application Compose",0.4072
7231.7371,96,18,"SubmitCommandLists",0.8255
7231.7635,96,18,"Shadowmap packing",0.000500000024
7231.768,96,18,"Render",9.42169952
7231.7716,96,18,"Procedural Animations",0.00120000006
7231.7754,96,18,"Script Components",0.000199999995
7231.793,96,18,"CPU Frame",29.6825008
7231.796,96,18,"Input",0.142800003
7231.7998,96,18,"GUI Update",0.0307999998
7231.8032,96,18,"Frustum Culling",1.19190001
7231.8065,96,18,"Animations",0.000500000024
7231.8093,96,18,"Spring Dependencies",0.000300000014
7231.8123,96,18,"GUI Render",0.0935000032
7231.8144,96,18,"Physics",0.0074
7231.8162,96,18,"Update",19.5466003
7231.8179,96,18,"Fixed Update",0.00700000022
7231.8213,96,18,"Spline Update",0.000199999995
7231.8266,96,18,"Compose",0.406399995
7231.8398,96,18,"Update Buffers (CPU)",0.0724999979
7247.2124,97,18,"SetVSync",15.1229
7252.6663,97,18,"RenderPath3D Update",4.6334
7252.6799,97,18,"Application Update",20.6315
7262.0372,97,18,"Application Render",9.3542
7262.5069,97,18,"Application Compose",0.3909
7263.319,97,18,"SubmitCommandLists",0.7997
7263.3486,97,18,"Shadowmap packing",0.000500000024
7263.3519,97,18,"Render",9.35249996
7263.354,97,18,"Procedural Animations",0.00120000006
7263.357,97,18,"Script Components",0.000199999995
7263.3599,97,18,"CPU Frame",30.7621994
7263.3617,97,18,"Input",0.195700005
7263.3644,97,18,"GUI Update",0.0370999984
7263.3664,97,18,"Frustum Culling",1.27970004
7263.3684,97,18,"Animations",9.99999975e-05
7263.3805,97,18,"Spring Dependencies",0.000699999975
7263.3827,97,18,"GUI Render",0.0991000012
7263.3845,97,18,"Physics",0.00710000005
7263.3864,97,18,"Update",20.6312008
7263.388,97,18,"Fixed Update",0.0057000001
7263.3899,97,18,"Spline Update",0.000199999995
7263.3916,97,18,"Compose",0.389999986
7263.3935,97,18,"Update Buffers (CPU)",0.0982000008
7277.9789,98,18,"SetVSync",14.4099
7283.6115,98,18,"RenderPath3D Update",4.691
7283.6284,98,18,"Application Update",20.0802
7292.7464,98,18,"Application Render",9.1149
7293.2227,98,18,"Application Compose",0.4083
7294.0648,98,18,"SubmitCommandLists",0.8302
7294.0902,98,18,"Shadowmap packing",0.00039999999
7294.0934,98,18,"Render",9.11369991
7294.0955,98,18,"Procedural Animations",0.00120000006
7294.0982,98,18,"Script Components",0.000199999995
7294.1007,98,18,"CPU Frame",29.8948002
7294.1028,98,18,"Input",0.142900005
7294.1066,98,18,"GUI Update",0.0344000012
7294.1088,98,18,"Frustum Culling",1.1645
7294.1277,98,18,"Animations",0.000199999995
7294.1297,98,18,"Spring Dependencies",0.000300000014
7294.132,98,18,"GUI Render",0.0659999996
7294.1342,98,18,"Physics",0.00719999988
7294.1365,98,18,"Update",20.0797005
7294.1386,98,18,"Fixed Update",0.00549999997
7294.1408,98,18,"Spline Update",0.000199999995
7294.1428,98,18,"Compose",0.407400012
7294.1449,98,18,"Update Buffers (CPU)",0.0694999993
7310.132,99,18,"SetVSync",15.766
7315.897,99,18,"RenderPath3D Update",4.8841
7315.9168,99,18,"Application Update",21.5804
7325.2659,99,18,"Application Render",9.3451
7325.7267,99,18,"Application Compose",0.3994
7326.4944,99,18,"SubmitCommandLists",0.7555
7326.518,99,18,"Shadowmap packing",0.000300000014
7326.5213,99,18,"Render",9.34389973
7326.5233,99,18,"Procedural Animations",0.00120000006
7326.5257,99,18,"Script Components",0.000199999995
7326.5283,99,18,"CPU Frame",31.6551991
7326.5302,99,18,"Input",0.179499999
7326.5326,99,18,"GUI Update",0.0324000008
7326.5346,99,18,"Frustum Culling",1.15509999
7326.5364,99,18,"Animations",0.000199999995
7326.5382,99,18,"Spring Dependencies",0.000199999995
7326.5401,99,18,"GUI Render",0.0684999973
7326.542,99,18,"Physics",0.0110999998
7326.5438,99,18,"Update",21.5800991
7326.5457,99,18,"Fixed Update",0.00540000014
7326.5475,99,18,"Spline Update",0.000199999995
7326.5492,99,18,"Compose",0.398699999
7326.551,99,18,"Update Buffers (CPU)",0.101199999
7342.6804,100,18,"SetVSync",15.94
7347.9482,100,18,"RenderPath3D Update",4.509
7347.9597,100,18,"Application Update",21.2392
7357.4633,100,18,"Application Render",9.5
7358.0093,100,18,"Application Compose",0.4141
7358.7783,100,18,"SubmitCommandLists",0.7564
7358.8121,100,18,"Shadowmap packing",0.000600000028
7358.8157,100,18,"Render",9.49919987
7358.8178,100,18,"Procedural Animations",0.00109999999
7358.8203,100,18,"Script Components",0.00039999999
7358.8231,100,18,"CPU Frame",31.5100002
7358.825,100,18,"Input",0.157199994
7358.8275,100,18,"GUI Update",0.0324000008
7358.8298,100,18,"Frustum Culling",1.14740002
7358.8318,100,18,"Animations",0.000600000028
7358.8337,100,18,"Spring Dependencies",0.000199999995
7358.8358,100,18,"GUI Render",0.120700002
7358.838,100,18,"Physics",0.00749999983
7358.8398,100,18,"Update",21.2388992
7358.8416,100,18,"Fixed Update",0.00620000018
7358.8435,100,18,"Spline Update",0.000199999995
7358.8453,100,18,"Compose",0.413199991
7358.847,100,18,"Update Buffers (CPU)",0.0661000013
7374.5832,101,18,"SetVSync",15.572
7380.3902,101,18,"RenderPath3D Update",4.8569
7380.4053,101,18,"Application Update",21.4139
7389.8174,101,18,"Application Render",9.4086
7390.2977,101,18,"Application Compose",0.4086
7391.1036,101,18,"SubmitCommandLists",0.7921
7391.1493,101,18,"Shadowmap packing",0.000500000024
7391.1538,101,18,"Render",9.40779972
7391.1561,101,18,"Procedural Animations",0.00120000006
7391.1585,101,18,"Script Components",9.99999975e-05
7391.1625,101,18,"CPU Frame",31.5044003
7391.1654,101,18,"Input",0.1329
7391.1681,101,18,"GUI Update",0.0443999991
7391.1705,101,18,"Frustum Culling",1.14429998
7391.1731,101,18,"Animations",0.00039999999
7391.175,101,18,"Spring Dependencies",9.99999975e-05
7391.1773,101,18,"GUI Render",0.0877000019
7391.1801,101,18,"Physics",0.00499999989
7391.1819,101,18,"Update",21.4134998
7391.184,101,18,"Fixed Update",0.00529999984
7391.186,101,18,"Spline Update",0.000300000014
7391.1893,101,18,"Compose",0.407400012
7391.1915,101,18,"Update Buffers (CPU)",0.0706999972
7407.1627,102,18,"SetVSync",15.5541
7412.5042,102,18,"RenderPath3D Update",4.5218
7412.5268,102,18,"Application Update",20.9544
7421.9264,102,18,"Application Render",9.3962
7422.3983,102,18,"Application Compose",0.4065
7423.1826,102,18,"SubmitCommandLists",0.7721
7423.2072,102,18,"Shadowmap packing",0.000699999975
7423.2106,102,18,"Render",9.39540005
7423.2127,102,18,"Procedural Animations",0.0013
7423.2151,102,18,"Script Components",9.99999975e-05
7423.2181,102,18,"CPU Frame",31.2877998
7423.2203,102,18,"Input",0.358399987
7423.2227,102,18,"GUI Update",0.0416000001
7423.2248,102,18,"Frustum Culling",1.19019997
7423.2269,102,18,"Animations",0.000600000028
7423.229,102,18,"Spring Dependencies",0.00109999999
7423.2313,102,18,"GUI Render",0.0734999999
7423.2335,102,18,"Physics",0.00620000018
7423.2353,102,18,"Update",20.9538994
7423.2372,102,18,"Fixed Update",0.0126999998
7423.2391,102,18,"Spline Update",0.000199999995
7423.2411,102,18,"Compose",0.405699998
7423.243,102,18,"Update Buffers (CPU)",0.0838000029
7439.1225,103,18,"SetVSync",15.6901
7444.938,103,18,"RenderPath3D Update",4.8935
7444.9537,103,18,"Application Update",21.5411
7457.9816,103,18,"Application Render",13.0248
7458.4539,103,18,"Application Compose",0.4027
7459.4443,103,18,"SubmitCommandLists",0.9768
7459.4801,103,18,"Shadowmap packing",0.000600000028
7459.4832,103,18,"Render",13.0241003
7459.4854,103,18,"Procedural Animations",0.00120000006
7459.4876,103,18,"Script Components",0.000300000014
7459.4988,103,18,"CPU Frame",35.2645988
7459.5007,103,18,"Input",0.157600001
7459.5037,103,18,"GUI Update",0.0416000001
7459.5054,103,18,"Frustum Culling",1.18309999
7459.5076,103,18,"Animations",0.000199999995
7459.5095,103,18,"Spring Dependencies",0.00079999998
7459.5117,103,18,"GUI Render",0.0759000033
7459.5134,103,18,"Physics",0.00700000022
7459.5154,103,18,"Update",21.5405998
7459.517,103,18,"Fixed Update",0.0057000001
7459.5191,103,18,"Spline Update",0.000199999995
7459.5208,103,18,"Compose",0.40169999
7459.5226,103,18,"Update Buffers (CPU)",0.0722000003
7475.561,104,18,"SetVSync",15.8668
7481.4786,104,18,"RenderPath3D Update",4.8456
7481.4971,104,18,"Application Update",21.8231
7490.7294,104,18,"Application Render",9.229
7491.2588,104,18,"Application Compose",0.4077
7492.2788,104,18,"SubmitCommandLists",1.007
7492.3197,104,18,"Shadowmap packing",0.00039999999
7492.3229,104,18,"Render",9.22830009
7492.3248,104,18,"Procedural Animations",0.00100000005
7492.3274,104,18,"Script Components",0.000300000014
7492.33,104,18,"CPU Frame",31.8059998
7492.3321,104,18,"Input",0.139899999
7492.3345,104,18,"GUI Update",0.0366000012
7492.3367,104,18,"Frustum Culling",1.15369999
7492.3386,104,18,"Animations",0.000199999995
7492.3404,104,18,"Spring Dependencies",0.00039999999
7492.3425,104,18,"GUI Render",0.0798999965
7492.3442,104,18,"Physics",0.00760000013
7492.346,104,18,"Update",21.8223991
7492.3479,104,18,"Fixed Update",0.00579999993
7492.3499,104,18,"Spline Update",0.000199999995
7492.3518,104,18,"Compose",0.406599998
7492.3536,104,18,"Update Buffers (CPU)",0.0775000006
7508.3897,105,18,"SetVSync",15.8485
7514.9886,105,18,"RenderPath3D Update",4.7582
7515.0093,105,18,"Application Update",22.4884
7528.0845,105,18,"Application Render",13.0721
7528.5851,105,18,"Application Compose",0.4254
7529.5224,105,18,"SubmitCommandLists",0.9229
7529.6145,105,18,"Shadowmap packing",0.000500000024
7529.6182,105,18,"Render",13.0713997
7529.6205,105,18,"Procedural Animations",0.00150000001
7529.6229,105,18,"Script Components",0.000199999995
7529.6253,105,18,"CPU Frame",36.2844009
7529.6272,105,18,"Input",0.155499995
7529.6295,105,18,"GUI Update",0.0346999988
7529.6319,105,18,"Frustum Culling",1.27190006
7529.6338,105,18,"Animations",9.99999975e-05
7529.636,105,18,"Spring Dependencies",0.000500000024
7529.6381,105,18,"GUI Render",0.105999999
7529.6397,105,18,"Physics",0.00590000022
7529.6415,105,18,"Update",22.4880009
7529.6433,105,18,"Fixed Update",0.0055999998
7529.6453,105,18,"Spline Update",0.000199999995
7529.647,105,18,"Compose",0.424400002
7529.6488,105,18,"Update Buffers (CPU)",0.0829000026
7546.5236,106,18,"SetVSync",16.6732
7552.2134,106,18,"RenderPath3D Update",4.7182
7552.236,106,18,"Application Update",22.4269
7561.579,106,18,"Application Render",9.3388
7562.0516,106,18,"Application Compose",0.4061
7562.9693,106,18,"SubmitCommandLists",0.9056
7563.0242,106,18,"Shadowmap packing",0.00039999999
7563.028,106,18,"Render",9.33810043
7563.0302,106,18,"Procedural Animations",0.00109999999
7563.0328,106,18,"Script Components",0.000300000014
7563.0353,106,18,"CPU Frame",32.4772987
7563.0372,106,18,"Input",0.143700004
7563.0396,106,18,"GUI Update",0.0397000015
7563.0416,106,18,"Frustum Culling",1.20469999
7563.0436,106,18,"Animations",0.000199999995
7563.0454,106,18,"Spring Dependencies",0.000300000014
7563.0473,106,18,"GUI Render",0.0860999972
7563.0491,106,18,"Physics",0.00760000013
7563.051,106,18,"Update",22.4265995
7563.0527,106,18,"Fixed Update",0.00899999961
7563.0545,106,18,"Spline Update",0.000199999995
7563.0563,106,18,"Compose",0.405299991
7563.0584,106,18,"Update Buffers (CPU)",0.0688999966
7578.8828,107,18,"SetVSync",15.6336
7584.2264,107,18,"RenderPath3D Update",4.5196
7584.2371,107,18,"Application Update",21.0077
7593.7147,107,18,"Application Render",9.4743
7594.2053,107,18,"Application Compose",0.4214
7594.9709,107,18,"SubmitCommandLists",0.7521
7595.0002,107,18,"Shadowmap packing",0.000199999995
7595.0041,107,18,"Render",9.47369957
7595.0062,107,18,"Procedural Animations",0.00120000006
7595.0087,107,18,"Script Components",0.000199999995
7595.0111,107,18,"CPU Frame",31.2008991
7595.0131,107,18,"Input",0.158199996
7595.0155,107,18,"GUI Update",0.0333000012
7595.018,107,18,"Frustum Culling",1.17980003
7595.0201,107,18,"Animations",0.000199999995
7595.0219,107,18,"Spring Dependencies",0.00039999999
7595.0242,107,18,"GUI Render",0.109499998
7595.026,107,18,"Physics",0.00659999996
7595.028,107,18,"Update",21.0074005
7595.0298,107,18,"Fixed Update",0.00630000001
7595.0321,107,18,"Spline Update",0.000199999995
7595.0339,107,18,"Compose",0.42050001
7595.0357,107,18,"Update Buffers (CPU)",0.0903000012
7610.6454,108,18,"SetVSync",15.4256
7616.1069,108,18,"RenderPath3D Update",4.6885
7616.1272,108,18,"Application Update",20.9285
7629.1008,108,18,"Application Render",12.9705
7629.6051,108,18,"Application Compose",0.392
7630.4268,108,18,"SubmitCommandLists",0.8091
7630.4506,108,18,"Shadowmap packing",0.000699999975
7630.4539,108,18,"Render",12.9696999
7630.4559,108,18,"Procedural Animations",0.00120000006
7630.4583,108,18,"Script Components",0.000300000014
7630.4607,108,18,"CPU Frame",34.6272011
7630.4624,108,18,"Input",0.150099993
7630.4651,108,18,"GUI Update",0.0346000008
7630.4672,108,18,"Frustum Culling",1.25279999
7630.4691,108,18,"Animations",9.99999975e-05
7630.4715,108,18,"Spring Dependencies",0.000199999995
7630.4736,108,18,"GUI Render",0.0816000029
7630.4755,108,18,"Physics",0.00639999984
7630.4773,108,18,"Update",20.9281998
7630.479,108,18,"Fixed Update",0.00659999996
7630.4809,108,18,"Spline Update",0.000300000014
7630.4827,108,18,"Compose",0.391000003
7630.4845,108,18,"Update Buffers (CPU)",0.070100002
7645.7451,109,18,"SetVSync",15.0842
7651.2226,109,18,"RenderPath3D Update",4.6566
7651.2455,109,18,"Application Update",20.604
7660.6778,109,18,"Application Render",9.4289
7661.15,109,18,"Application Compose",0.4038
7661.9979,109,18,"SubmitCommandLists",0.8341
7662.0578,109,18,"Shadowmap packing",0.000300000014
7662.0621,109,18,"Render",9.42819977
7662.065,109,18,"Procedural Animations",0.00150000001
7662.0675,109,18,"Script Components",0.000199999995
7662.0702,109,18,"CPU Frame",30.7182007
7662.0721,109,18,"Input",0.145500004
7662.0748,109,18,"GUI Update",0.0405000001
7662.0768,109,18,"Frustum Culling",1.14740002
7662.0788,109,18,"Animations",9.99999975e-05
7662.081,109,18,"Spring Dependencies",0.000300000014
7662.0832,109,18,"GUI Render",0.0693000033
7662.0852,109,18,"Physics",0.00639999984
7662.087,109,18,"Update",20.6035995
7662.0886,109,18,"Fixed Update",0.00540000014
7662.0906,109,18,"Spline Update",0.000300000014
7662.0924,109,18,"Compose",0.402999997
7662.0943,109,18,"Update Buffers (CPU)",0.0898000002
7678.531,110,18,"SetVSync",16.141
7684.1421,110,18,"RenderPath3D Update",4.7134
7684.1571,110,18,"Application Update",21.7947
7694.0208,110,18,"Application Render",9.8598
7694.5238,110,18,"Application Compose",0.4159
7695.4188,110,18,"SubmitCommandLists",0.8807
7695.4418,110,18,"Shadowmap packing",0.00039999999
7695.4454,110,18,"Render",9.85910034
7695.4477,110,18,"Procedural Animations",0.00120000006
7695.45,110,18,"Script Components",0.000199999995
7695.4619,110,18,"CPU Frame",32.5009003
7695.4639,110,18,"Input",0.2333
7695.4661,110,18,"GUI Update",0.0416000001
7695.4681,110,18,"Frustum Culling",1.32169998
7695.4701,110,18,"Animations",9.99999975e-05
7695.4724,110,18,"Spring Dependencies",0.000300000014
7695.4745,110,18,"GUI Render",0.0719000027
7695.4764,110,18,"Physics",0.00689999992
7695.4785,110,18,"Update",21.7945004
7695.4802,110,18,"Fixed Update",0.00749999983
7695.4821,110,18,"Spline Update",0.000199999995
7695.4839,110,18,"Compose",0.414999992
7695.4941,110,18,"Update Buffers (CPU)",0.0936999992
7711.4514,111,18,"SetVSync",15.7883
7716.8282,111,18,"RenderPath3D Update",4.5525
7716.8446,111,18,"Application Update",21.2031
7726.3717,111,18,"Application Render",9.524
7726.8442,111,18,"Application Compose",0.4056
7727.6252,111,18,"SubmitCommandLists",0.7672
7727.6796,111,18,"Shadowmap packing",0.000500000024
7727.6829,111,18,"Render",9.5230999
7727.6849,111,18,"Procedural Animations",0.0013
7727.687,111,18,"Script Components",0.000300000014
7727.6893,111,18,"CPU Frame",31.4199009
7727.6914,111,18,"Input",0.136099994
7727.6939,111,18,"GUI Update",0.0355000012
7727.6957,111,18,"Frustum Culling",1.21899998
7727.6977,111,18,"Animations",0.000600000028
7727.6996,111,18,"Spring Dependencies",0.000300000014
7727.7014,111,18,"GUI Render",0.0781000033
7727.7031,111,18,"Physics",0.00659999996
7727.7049,111,18,"Update",21.2026005
7727.7065,111,18,"Fixed Update",0.00549999997
7727.7084,111,18,"Spline Update",0.000199999995
7727.7103,111,18,"Compose",0.404799998
7727.712,111,18,"Update Buffers (CPU)",0.0794999972
7743.4367,112,18,"SetVSync",15.5519
7749.0365,112,18,"RenderPath3D Update",4.7303
7749.0551,112,18,"Application Update",21.1905
7758.2585,112,18,"Application Render",9.192
7758.7702,112,18,"Application Compose",0.3911
7759.7345,112,18,"SubmitCommandLists",0.9519
7759.7579,112,18,"Shadowmap packing",0.000300000014
7759.7613,112,18,"Render",9.19120026
7759.7635,112,18,"Procedural Animations",0.00150000001
7759.7657,112,18,"Script Components",0.000199999995
7759.7682,112,18,"CPU Frame",31.1217995
7759.7702,112,18,"Input",0.141000003
7759.7725,112,18,"GUI Update",0.0397000015
7759.7745,112,18,"Frustum Culling",1.16030002
7759.7763,112,18,"Animations",0.000600000028
7759.7781,112,18,"Spring Dependencies",0.00139999995
7759.78,112,18,"GUI Render",0.102499999
7759.7819,112,18,"Physics",0.0174000002
7759.7837,112,18,"Update",21.1902008
7759.7943,112,18,"Fixed Update",0.00579999993
7759.7962,112,18,"Spline Update",0.000300000014
7759.7981,112,18,"Compose",0.390399992
7759.7999,112,18,"Update Buffers (CPU)",0.112599999
7774.79,113,18,"SetVSync",14.8296
7780.3913,113,18,"RenderPath3D Update",4.7366
7780.4147,113,18,"Application Update",20.4726
7789.6089,113,18,"Application Render",9.1908
7790.0847,113,18,"Application Compose",0.4061
7790.8897,113,18,"SubmitCommandLists",0.792
7790.9251,113,18,"Shadowmap packing",0.000600000028
7790.9287,113,18,"Render",9.19009972
7790.9306,113,18,"Procedural Animations",0.00120000006
7790.9329,113,18,"Script Components",0.000199999995
7790.9354,113,18,"CPU Frame",30.3446999
7790.9372,113,18,"Input",0.130899996
7790.9396,113,18,"GUI Update",0.0427000001
7790.9416,113,18,"Frustum Culling",1.10959995
7790.9434,113,18,"Animations",0.000199999995
7790.9451,113,18,"Spring Dependencies",0.000600000028
7790.9471,113,18,"GUI Render",0.0866999999
7790.9488,113,18,"Physics",0.00680000009
7790.9505,113,18,"Update",20.4720001
7790.9523,113,18,"Fixed Update",0.00520000001
7790.9541,113,18,"Spline Update",0.000199999995
7790.9558,113,18,"Compose",0.405299991
7790.9574,113,18,"Update Buffers (CPU)",0.102499999
7806.3829,114,18,"SetVSync",15.2604
7811.9014,114,18,"RenderPath3D Update",4.7009
7811.9143,114,18,"Application Update",20.8121
7821.238,114,18,"Application Render",9.3196
7821.7155,114,18,"Application Compose",0.4108
7822.5879,114,18,"SubmitCommandLists",0.8604
7822.6188,114,18,"Shadowmap packing",0.000300000014
7822.6225,114,18,"Render",9.3185997
7822.6248,114,18,"Procedural Animations",0.00120000006
7822.6272,114,18,"Script Components",9.99999975e-05
7822.6305,114,18,"CPU Frame",30.8201008
7822.6324,114,18,"Input",0.133599997
7822.6349,114,18,"GUI Update",0.0384000018
7822.6368,114,18,"Frustum Culling",1.1688
7822.6388,114,18,"Animations",9.99999975e-05
7822.6405,114,18,"Spring Dependencies",0.000300000014
7822.6427,114,18,"GUI Render",0.0967999995
7822.6445,114,18,"Physics",0.00490000006
7822.6462,114,18,"Update",20.8118
7822.6482,114,18,"Fixed Update",0.00549999997
7822.65,114,18,"Spline Update",0.000199999995
7822.6519,114,18,"Compose",0.410100013
7822.6538,114,18,"Update Buffers (CPU)",0.0811000019
7838.8813,115,18,"SetVSync",16.0468
7845.4765,115,18,"RenderPath3D Update",5.2254
7845.4892,115,18,"Application Update",22.6743
7857.5648,115,18,"Application Render",12.0717
7858.3051,115,18,"Application Compose",0.5288
7860.553,115,18,"SubmitCommandLists",2.2328
7860.6301,115,18,"Shadowmap packing",0.0013
7860.6358,115,18,"Render",12.0704002
7860.6378,115,18,"Procedural Animations",0.00139999995
7860.6416,115,18,"Script Components",0.000199999995
7860.6441,115,18,"CPU Frame",35.7128983
7860.6459,115,18,"Input",0.149700001
7860.6483,115,18,"GUI Update",0.0463000014
7860.6505,115,18,"Frustum Culling",1.24740005
7860.6525,115,18,"Animations",9.99999975e-05
7860.6547,115,18,"Spring Dependencies",0.00079999998
7860.657,115,18,"GUI Render",0.0935999975
7860.6588,115,18,"Physics",0.00719999988
7860.6606,115,18,"Update",22.6741009
7860.6624,115,18,"Fixed Update",0.00439999998
7860.6642,115,18,"Spline Update",0.000199999995
7860.666,115,18,"Compose",0.52700001
7860.6679,115,18,"Update Buffers (CPU)",0.129600003
7876.4191,116,18,"SetVSync",15.5761
7884.378,116,18,"RenderPath3D Update",5.7381
7884.3925,116,18,"Application Update",23.5683
7895.5734,116,18,"Application Render",11.1774
7896.1247,116,18,"Application Compose",0.4253
7897.074,116,18,"SubmitCommandLists",0.9362
7897.0987,116,18,"Shadowmap packing",0.000300000014
7897.102,116,18,"Render",11.1757002
7897.104,116,18,"Procedural Animations",0.00109999999
7897.1064,116,18,"Script Components",0.000899999985
7897.109,116,18,"CPU Frame",35.5439987
7897.1112,116,18,"Input",0.144700006
7897.1139,116,18,"GUI Update",0.102799997
7897.1159,116,18,"Frustum Culling",1.43110001
7897.1178,116,18,"Animations",0.000500000024
7897.1198,116,18,"Spring Dependencies",0.000600000028
7897.122,116,18,"GUI Render",0.1329
7897.1238,116,18,"Physics",0.0136000002
7897.1257,116,18,"Update",23.5678005
7897.1274,116,18,"Fixed Update",0.0055999998
7897.1294,116,18,"Spline Update",0.000699999975
7897.1312,116,18,"Compose",0.424499989
7897.133,116,18,"Update Buffers (CPU)",0.0838999972
7912.2985,117,18,"SetVSync",14.9894
7919.0307,117,18,"RenderPath3D Update",5.9215
7919.045,117,18,"Application Update",21.7625
7928.171,117,18,"Application Render",9.1225
7928.6456,117,18,"Application Compose",0.4122
7929.4439,117,18,"SubmitCommandLists",0.7853
7929.4731,117,18,"Shadowmap packing",0.00039999999
7929.4764,117,18,"Render",9.12110043
7929.479,117,18,"Procedural Animations",0.00230000005
7929.4819,117,18,"Script Components",0.000199999995
7929.4944,117,18,"CPU Frame",31.5641994
7929.4961,117,18,"Input",0.137600005
7929.4987,117,18,"GUI Update",0.0337999985
7929.5008,117,18,"Frustum Culling",1.10230005
7929.5028,117,18,"Animations",0.000600000028
7929.505,117,18,"Spring Dependencies",0.000199999995
7929.5074,117,18,"GUI Render",0.0667999983
7929.5098,117,18,"Physics",0.00749999983
7929.5116,117,18,"Update",21.7621994
7929.5134,117,18,"Fixed Update",0.0055999998
7929.5154,117,18,"Spline Update",0.000199999995
7929.5172,117,18,"Compose",0.41139999
7929.519,117,18,"Update Buffers (CPU)",0.0719000027
7944.935,118,18,"SetVSync",15.2323
7950.3278,118,18,"RenderPath3D Update",4.5673
7950.3425,118,18,"Application Update",20.6598
7959.7863,118,18,"Application Render",9.4407
7960.2731,118,18,"Application Compose",0.4191
7961.3152,118,18,"SubmitCommandLists",1.0293
7961.3412,118,18,"Shadowmap packing",0.000300000014
7961.3444,118,18,"Render",9.44009972
7961.3463,118,18,"Procedural Animations",0.00120000006
7961.3487,118,18,"Script Components",0.000199999995
7961.3511,118,18,"CPU Frame",30.8209
7961.3532,118,18,"Input",0.151899993
7961.3555,118,18,"GUI Update",0.0351999998
7961.3579,118,18,"Frustum Culling",1.19430006
7961.3597,118,18,"Animations",0.000199999995
7961.3615,118,18,"Spring Dependencies",0.000199999995
7961.3634,118,18,"GUI Render",0.0667999983
7961.3653,118,18,"Physics",0.00719999988
7961.3673,118,18,"Update",20.6595001
7961.3692,118,18,"Fixed Update",0.0057000001
7961.3712,118,18,"Spline Update",0.000300000014
7961.3729,118,18,"Compose",0.418500006
7961.3747,118,18,"Update Buffers (CPU)",0.0687000006
7976.9923,119,18,"SetVSync",15.441
7982.5121,119,18,"RenderPath3D Update",4.6783
7982.5441,119,18,"Application Update",21.0126
7991.9484,119,18,"Application Render",9.401
7992.4335,119,18,"Application Compose",0.4126
7993.1968,119,18,"SubmitCommandLists",0.7489
7993.223,119,18,"Shadowmap packing",0.000300000014
7993.2261,119,18,"Render",9.40030003
7993.228,119,18,"Procedural Animations",0.00109999999
7993.2305,119,18,"Script Components",0.000199999995
7993.2341,119,18,"CPU Frame",31.1123009
7993.236,119,18,"Input",0.135600001
7993.2388,119,18,"GUI Update",0.0313999988
7993.2411,119,18,"Frustum Culling",1.16690004
7993.2431,119,18,"Animations",0.000600000028
7993.2449,119,18,"Spring Dependencies",0.000199999995
7993.2469,119,18,"GUI Render",0.0649999976
7993.2487,119,18,"Physics",0.00949999969
7993.2506,119,18,"Update",21.0123005
7993.2525,119,18,"Fixed Update",0.00510000018
7993.2544,119,18,"Spline Update",0.00039999999
7993.2562,119,18,"Compose",0.41170001
7993.2586,119,18,"Update Buffers (CPU)",0.0733999982
8008.7505,120,18,"SetVSync",15.3086
8014.2806,120,18,"RenderPath3D Update",4.6743
8014.2947,120,18,"Application Update",20.8731
8023.7582,120,18,"Application Render",9.4602
8024.2821,120,18,"Application Compose",0.4044
8025.1398,120,18,"SubmitCommandLists",0.8458
