elapsed_ms,frame,scene,event,ms
2804.5864,1,18,"Scene switch",2312.8251
2817.9531,1,18,"RenderPath3D Update",12.5032
2817.9821,1,18,"Application Update",2326.2998
2833.1972,1,18,"Application Render",15.2115
2833.9717,1,18,"Application Compose",0.1959
2842.7298,1,18,"SubmitCommandLists",8.7449
2844.115,1,18,"CPU Frame",0
2854.138,2,18,"RenderPath3D Update",5.7027
2854.1575,2,18,"Application Update",6.8104
2868.7336,2,18,"Application Render",14.5727
2869.8759,2,18,"Application Compose",0.3368
2879.7872,2,18,"SubmitCommandLists",9.8885
2888.4597,2,18,"Shadowmap packing",0.00039999999
2888.4699,2,18,"Render",14.5709
2888.4723,2,18,"Procedural Animations",0.00170000002
2888.4752,2,18,"Script Components",0.000199999995
2888.4779,2,18,"CPU Frame",25.8071003
2888.4798,2,18,"Input",0.188099995
2888.4827,2,18,"GUI Update",0.0406000018
2888.4847,2,18,"Frustum Culling",1.66680002
2888.4867,2,18,"Animations",0.000199999995
2888.4886,2,18,"Spring Dependencies",0.00100000005
2888.491,2,18,"GUI Render",0.158199996
2888.4929,2,18,"Physics",0.00810000021
2888.4947,2,18,"Update",6.80959988
2888.4966,2,18,"Fixed Update",0.00630000001
2888.4983,2,18,"Spline Update",0.000300000014
2888.5003,2,18,"Compose",0.335599989
2888.5022,2,18,"Update Buffers (CPU)",0.0957000032
2895.6277,3,18,"RenderPath3D Update",5.9852
2895.6476,3,18,"Application Update",7.011
2912.2791,3,18,"Application Render",16.628
2912.8267,3,18,"Application Compose",0.4684
2916.8325,3,18,"SubmitCommandLists",3.9919
2917.8181,3,18,"Shadowmap packing",0.000899999985
2917.8276,3,18,"Render",16.6268005
2917.8303,3,18,"Procedural Animations",0.00159999996
2917.8329,3,18,"Script Components",0.000300000014
2917.8354,3,18,"CPU Frame",24.4006996
2917.8374,3,18,"Input",0.121100001
2917.8398,3,18,"GUI Update",0.0397000015
2917.8418,3,18,"Frustum Culling",1.36749995
2917.8437,3,18,"Animations",9.99999975e-05
2917.8462,3,18,"Spring Dependencies",0.000899999985
2917.8484,3,18,"GUI Render",0.161300004
2917.8503,3,18,"Physics",0.00680000009
2917.8522,3,18,"Update",7.01060009
2917.8539,3,18,"Fixed Update",0.00529999984
2917.8557,3,18,"Spline Update",0.000199999995
2917.8575,3,18,"Compose",0.467599988
2917.8595,3,18,"Update Buffers (CPU)",0.2588
2925.2521,4,18,"RenderPath3D Update",6.3091
2925.2711,4,18,"Application Update",7.2703
2937.5913,4,18,"Application Render",12.3169
2938.1367,4,18,"Application Compose",0.4626
2939.2616,4,18,"SubmitCommandLists",1.1111
2939.3025,4,18,"Shadowmap packing",0.000699999975
2939.3054,4,18,"Render",12.316
2939.3074,4,18,"Procedural Animations",0.00179999997
2939.3096,4,18,"Script Components",0.000199999995
2939.312,4,18,"CPU Frame",20.3446999
2939.3143,4,18,"Input",0.129700005
2939.333,4,18,"GUI Update",0.0310999993
2939.3351,4,18,"Frustum Culling",1.29110003
2939.3369,4,18,"Animations",0.000199999995
2939.3385,4,18,"Spring Dependencies",0.00039999999
2939.3406,4,18,"GUI Render",0.27790001
2939.3422,4,18,"Physics",0.00810000021
2939.3439,4,18,"Update",7.27010012
2939.3456,4,18,"Fixed Update",0.00480000023
2939.3474,4,18,"Spline Update",0.000300000014
2939.3491,4,18,"Compose",0.461499989
2939.3509,4,18,"Update Buffers (CPU)",0.0976999998
2946.9816,5,18,"RenderPath3D Update",6.5746
2947.0231,5,18,"Application Update",7.5108
2958.7557,5,18,"Application Render",11.7289
2959.2733,5,18,"Application Compose",0.4099
2960.1893,5,18,"SubmitCommandLists",0.9038
2960.216,5,18,"Shadowmap packing",0.00039999999
2960.2193,5,18,"Render",11.7278004
2960.2215,5,18,"Procedural Animations",0.00139999995
2960.2237,5,18,"Script Components",0.000199999995
2960.2262,5,18,"CPU Frame",19.993
2960.2281,5,18,"Input",0.150000006
2960.2301,5,18,"GUI Update",0.0810000002
2960.232,5,18,"Frustum Culling",1.91719997
2960.2339,5,18,"Animations",0.000199999995
2960.2357,5,18,"Spring Dependencies",0.00159999996
2960.2375,5,18,"GUI Render",0.107600003
2960.2393,5,18,"Physics",0.0055999998
2960.2411,5,18,"Update",7.51060009
2960.2432,5,18,"Fixed Update",0.00579999993
2960.2449,5,18,"Spline Update",0.000600000028
2960.2466,5,18,"Compose",0.408699989
2960.2485,5,18,"Update Buffers (CPU)",0.193499997
2968.0085,6,18,"RenderPath3D Update",6.6191
2968.1827,6,18,"Application Update",7.7971
2979.848,6,18,"Application Render",11.6622
2980.3242,6,18,"Application Compose",0.4073
2981.2435,6,18,"SubmitCommandLists",0.9062
2981.2698,6,18,"Shadowmap packing",0.000500000024
2981.273,6,18,"Render",11.6613998
2981.2749,6,18,"Procedural Animations",0.00159999996
2981.2771,6,18,"Script Components",0.000199999995
2981.2796,6,18,"CPU Frame",20.1289005
2981.2815,6,18,"Input",0.125799999
2981.2835,6,18,"GUI Update",0.0650999993
2981.2856,6,18,"Frustum Culling",2.12380004
2981.2875,6,18,"Animations",0.000199999995
2981.2892,6,18,"Spring Dependencies",0.000600000028
2981.2913,6,18,"GUI Render",0.1347
2981.293,6,18,"Physics",0.00630000001
2981.2948,6,18,"Update",7.7968998
2981.2967,6,18,"Fixed Update",0.00590000022
2981.2984,6,18,"Spline Update",0.000199999995
2981.3002,6,18,"Compose",0.406399995
2981.3019,6,18,"Update Buffers (CPU)",0.165600002
2988.5231,7,18,"RenderPath3D Update",6.1506
2988.5551,7,18,"Application Update",7.1106
2999.7457,7,18,"Application Render",11.1859
3000.2477,7,18,"Application Compose",0.4315
3001.2069,7,18,"SubmitCommandLists",0.9445
3001.2473,7,18,"Shadowmap packing",0.00079999998
3001.2505,7,18,"Render",11.184
3001.2525,7,18,"Procedural Animations",0.00139999995
3001.2547,7,18,"Script Components",0.000199999995
3001.2573,7,18,"CPU Frame",18.9986992
3001.2592,7,18,"Input",0.131799996
3001.2615,7,18,"GUI Update",0.0443999991
3001.2729,7,18,"Frustum Culling",1.65680003
3001.2747,7,18,"Animations",0.000199999995
3001.2765,7,18,"Spring Dependencies",0.00039999999
3001.2783,7,18,"GUI Render",0.107000001
3001.2799,7,18,"Physics",0.00769999996
3001.283,7,18,"Update",7.11030006
3001.3029,7,18,"Fixed Update",0.00449999981
3001.3046,7,18,"Spline Update",0.000199999995
3001.3063,7,18,"Compose",0.430000007
3001.308,7,18,"Update Buffers (CPU)",0.111199997
3007.9514,8,18,"RenderPath3D Update",5.4976
3007.9705,8,18,"Application Update",6.4981
3020.8503,8,18,"Application Render",12.8767
3021.332,8,18,"Application Compose",0.4015
3022.2433,8,18,"SubmitCommandLists",0.8968
3022.2698,8,18,"Shadowmap packing",0.000600000028
3022.2728,8,18,"Render",12.8752003
3022.2748,8,18,"Procedural Animations",0.00139999995
3022.277,8,18,"Script Components",0.000199999995
3022.2795,8,18,"CPU Frame",20.1182995
3022.2812,8,18,"Input",0.151899993
3022.2835,8,18,"GUI Update",0.0313999988
3022.2858,8,18,"Frustum Culling",1.52789998
3022.2877,8,18,"Animations",0.000199999995
3022.2895,8,18,"Spring Dependencies",0.00039999999
3022.2915,8,18,"GUI Render",0.0800999999
3022.2932,8,18,"Physics",0.00609999988
3022.295,8,18,"Update",6.49770021
3022.2967,8,18,"Fixed Update",0.00609999988
3022.2983,8,18,"Spline Update",0.000300000014
3022.3,8,18,"Compose",0.4005
3022.3019,8,18,"Update Buffers (CPU)",0.145400003
3028.882,9,18,"RenderPath3D Update",5.5241
3028.9338,9,18,"Application Update",6.4708
3041.0812,9,18,"Application Render",12.1439
3041.5594,9,18,"Application Compose",0.3988
3042.9103,9,18,"SubmitCommandLists",1.3392
3042.94,9,18,"Shadowmap packing",0.000500000024
3042.9432,9,18,"Render",12.1426001
3042.9551,9,18,"Procedural Animations",0.00159999996
3042.9575,9,18,"Script Components",0.000199999995
3042.9602,9,18,"CPU Frame",19.3101997
3042.9621,9,18,"Input",0.132799998
3042.9642,9,18,"GUI Update",0.0467999987
3042.9663,9,18,"Frustum Culling",1.50250006
3042.9681,9,18,"Animations",0.000199999995
3042.9698,9,18,"Spring Dependencies",0.000600000028
3042.9722,9,18,"GUI Render",0.135000005
3042.974,9,18,"Physics",0.00600000005
3042.9758,9,18,"Update",6.47069979
3042.9776,9,18,"Fixed Update",0.00540000014
3042.9792,9,18,"Spline Update",0.000199999995
3042.9809,9,18,"Compose",0.397899985
3042.9828,9,18,"Update Buffers (CPU)",0.0738999993
3049.638,10,18,"RenderPath3D Update",5.5819
3049.7074,10,18,"Application Update",6.5788
3062.2024,10,18,"Application Render",12.47
3062.6906,10,18,"Application Compose",0.4136
3063.6276,10,18,"SubmitCommandLists",0.925
3063.6566,10,18,"Shadowmap packing",0.000600000028
3063.6598,10,18,"Render",12.4678001
3063.662,10,18,"Procedural Animations",0.00179999997
3063.7757,10,18,"Script Components",9.99999975e-05
3063.7793,10,18,"CPU Frame",19.7723007
3063.7812,10,18,"Input",0.133900002
3063.7838,10,18,"GUI Update",0.0439999998
3063.7859,10,18,"Frustum Culling",1.47619998
3063.7878,10,18,"Animations",9.99999975e-05
3063.7896,10,18,"Spring Dependencies",0.000300000014
3063.7919,10,18,"GUI Render",0.126200005
3063.7938,10,18,"Physics",0.00829999987
3063.7955,10,18,"Update",6.57849979
3063.7974,10,18,"Fixed Update",0.00600000005
3063.7992,10,18,"Spline Update",0.000199999995
3063.801,10,18,"Compose",0.412900001
3063.803,10,18,"Update Buffers (CPU)",0.112800002
3070.4156,11,18,"RenderPath3D Update",5.5502
3070.436,11,18,"Application Update",6.4825
3081.9426,11,18,"Application Render",11.5033
3082.4213,11,18,"Application Compose",0.393
3083.2963,11,18,"SubmitCommandLists",0.8621
3083.3251,11,18,"Shadowmap packing",0.000500000024
3083.3285,11,18,"Render",11.5021
3083.3306,11,18,"Procedural Animations",0.0013
3083.333,11,18,"Script Components",0.000199999995
3083.3356,11,18,"CPU Frame",18.7866993
3083.3374,11,18,"Input",0.138500005
3083.3396,11,18,"GUI Update",0.0428000018
3083.3416,11,18,"Frustum Culling",1.46449995
3083.3435,11,18,"Animations",0.000899999985
3083.3453,11,18,"Spring Dependencies",0.000600000028
3083.3473,11,18,"GUI Render",0.0780000016
3083.349,11,18,"Physics",0.0171000008
3083.3508,11,18,"Update",6.48220015
3083.3529,11,18,"Fixed Update",0.00529999984
3083.3547,11,18,"Spline Update",0.000199999995
3083.3564,11,18,"Compose",0.392399997
3083.3582,11,18,"Update Buffers (CPU)",0.134299994
3089.6848,12,18,"RenderPath3D Update",5.1745
3089.7143,12,18,"Application Update",6.2037
3101.403,12,18,"Application Render",11.6841
3101.9787,12,18,"Application Compose",0.4779
3102.9311,12,18,"SubmitCommandLists",0.9392
3102.9597,12,18,"Shadowmap packing",0.000600000028
3102.9627,12,18,"Render",11.6823997
3102.9648,12,18,"Procedural Animations",0.00120000006
3102.967,12,18,"Script Components",9.99999975e-05
3102.9701,12,18,"CPU Frame",18.6753006
3102.9721,12,18,"Input",0.141200006
3102.9742,12,18,"GUI Update",0.0324999988
3102.9762,12,18,"Frustum Culling",2.06570005
3102.9781,12,18,"Animations",0.000699999975
3102.9799,12,18,"Spring Dependencies",0.000600000028
3102.982,12,18,"GUI Render",0.0984999985
3102.984,12,18,"Physics",0.00659999996
3102.9857,12,18,"Update",6.2033
3102.9876,12,18,"Fixed Update",0.00490000006
3102.9893,12,18,"Spline Update",0.000300000014
3102.991,12,18,"Compose",0.477100015
3102.9928,12,18,"Update Buffers (CPU)",0.1215
3109.7942,13,18,"RenderPath3D Update",5.6942
3109.8211,13,18,"Application Update",6.6903
3120.8164,13,18,"Application Render",10.9919
3121.2891,13,18,"Application Compose",0.402
3123.0407,13,18,"SubmitCommandLists",1.7371
3123.1048,13,18,"Shadowmap packing",0.00079999998
3123.1081,13,18,"Render",10.9903002
3123.1101,13,18,"Procedural Animations",0.00109999999
3123.1125,13,18,"Script Components",9.99999975e-05
3123.1245,13,18,"CPU Frame",18.3523998
3123.1262,13,18,"Input",0.127100006
3123.1286,13,18,"GUI Update",0.0427000001
3123.1306,13,18,"Frustum Culling",1.58159995
3123.1325,13,18,"Animations",9.99999975e-05
3123.1343,13,18,"Spring Dependencies",0.00109999999
3123.1366,13,18,"GUI Render",0.108499996
3123.1382,13,18,"Physics",0.0046000001
3123.1399,13,18,"Update",6.69010019
3123.1415,13,18,"Fixed Update",0.00499999989
3123.1433,13,18,"Spline Update",0.000199999995
3123.1451,13,18,"Compose",0.400999993
3123.147,13,18,"Update Buffers (CPU)",0.128700003
3132.5269,14,18,"RenderPath3D Update",8.1728
3132.5467,14,18,"Application Update",9.2346
3145.1572,14,18,"Application Render",12.6072
3145.6492,14,18,"Application Compose",0.4089
3146.537,14,18,"SubmitCommandLists",0.8736
3146.5789,14,18,"Shadowmap packing",0.000600000028
3146.5825,14,18,"Render",12.6061001
3146.5846,14,18,"Procedural Animations",0.00120000006
3146.5868,14,18,"Script Components",0.000300000014
3146.5893,14,18,"CPU Frame",22.5876999
3146.591,14,18,"Input",0.152099997
3146.5931,14,18,"GUI Update",0.0610999987
3146.5949,14,18,"Frustum Culling",1.50220001
3146.5968,14,18,"Animations",0.000300000014
3146.6419,14,18,"Spring Dependencies",0.000199999995
3146.644,14,18,"GUI Render",0.0982000008
3146.6458,14,18,"Physics",0.00579999993
3146.6475,14,18,"Update",9.2343998
3146.6494,14,18,"Fixed Update",0.00590000022
3146.6511,14,18,"Spline Update",0.00039999999
3146.6528,14,18,"Compose",0.407799989
3146.6546,14,18,"Update Buffers (CPU)",0.124899998
3154.317,15,18,"RenderPath3D Update",6.42
3154.3605,15,18,"Application Update",7.5647
3167.8916,15,18,"Application Render",13.5263
3168.5718,15,18,"Application Compose",0.6087
3169.6139,15,18,"SubmitCommandLists",1.0255
3169.677,15,18,"Shadowmap packing",0.000600000028
3169.6808,15,18,"Render",13.5232
3169.6829,15,18,"Procedural Animations",0.00219999999
3169.6852,15,18,"Script Components",0.000199999995
3169.6876,15,18,"CPU Frame",22.0160999
3169.6894,15,18,"Input",0.129500002
3169.6916,15,18,"GUI Update",0.0388999991
3169.6935,15,18,"Frustum Culling",1.36609995
3169.6954,15,18,"Animations",0.000300000014
3169.6973,15,18,"Spring Dependencies",0.000699999975
3169.6995,15,18,"GUI Render",0.134000003
3169.7014,15,18,"Physics",0.0100999996
3169.7034,15,18,"Update",7.56430006
3169.7053,15,18,"Fixed Update",0.0055999998
3169.7071,15,18,"Spline Update",0.000199999995
3169.709,15,18,"Compose",0.607500017
3169.7111,15,18,"Update Buffers (CPU)",0.186299995
3179.2246,16,18,"RenderPath3D Update",7.5544
3179.2505,16,18,"Application Update",9.0499
3190.6696,16,18,"Application Render",11.4144
3191.303,16,18,"Application Compose",0.5215
3192.3757,16,18,"SubmitCommandLists",1.0493
3192.4128,16,18,"Shadowmap packing",0.00039999999
3192.4159,16,18,"Render",11.4125996
3192.418,16,18,"Procedural Animations",0.00150000001
3192.4203,16,18,"Script Components",0.000899999985
3192.4227,16,18,"CPU Frame",21.6495991
3192.4245,16,18,"Input",0.470999986
3192.4267,16,18,"GUI Update",0.0698999986
3192.429,16,18,"Frustum Culling",1.94790006
3192.4309,16,18,"Animations",9.99999975e-05
3192.433,16,18,"Spring Dependencies",0.00109999999
3192.4353,16,18,"GUI Render",0.104400001
3192.437,16,18,"Physics",0.00899999961
3192.4387,16,18,"Update",9.04969978
3192.4405,16,18,"Fixed Update",0.0109999999
3192.4422,16,18,"Spline Update",0.000300000014
3192.4439,16,18,"Compose",0.520299971
3192.4458,16,18,"Update Buffers (CPU)",0.129099995
3199.9606,17,18,"RenderPath3D Update",6.3294
3199.9804,17,18,"Application Update",7.3917
3209.986,17,18,"Application Render",10.0021
3210.4593,17,18,"Application Compose",0.3999
3211.6942,17,18,"SubmitCommandLists",1.2225
3211.7565,17,18,"Shadowmap packing",0.000500000024
3211.7603,17,18,"Render",10.0003004
3211.7621,17,18,"Procedural Animations",0.00139999995
3211.7645,17,18,"Script Components",0.000300000014
3211.7674,17,18,"CPU Frame",18.0755997
3211.77,17,18,"Input",0.130600005
3211.7727,17,18,"GUI Update",0.0452000014
3211.7751,17,18,"Frustum Culling",1.59169996
3211.777,17,18,"Animations",9.99999975e-05
3211.7798,17,18,"Spring Dependencies",0.000600000028
3211.7828,17,18,"GUI Render",0.0755999982
3211.7846,17,18,"Physics",0.00590000022
3211.7864,17,18,"Update",7.39139986
3211.7888,17,18,"Fixed Update",0.00590000022
3211.7906,17,18,"Spline Update",0.000199999995
3211.7924,17,18,"Compose",0.398999989
3211.7943,17,18,"Update Buffers (CPU)",0.142399997
3219.8627,18,18,"RenderPath3D Update",6.0637
3219.8915,18,18,"Application Update",7.8652
3229.9759,18,18,"Application Render",10.0813
3230.45,18,18,"Application Compose",0.4054
3231.4616,18,18,"SubmitCommandLists",0.9984
3231.4894,18,18,"Shadowmap packing",0.00109999999
3231.4924,18,18,"Render",10.0804996
3231.4948,18,18,"Procedural Animations",0.00150000001
3231.4969,18,18,"Script Components",9.99999975e-05
3231.4998,18,18,"CPU Frame",18.7292004
3231.5018,18,18,"Input",0.208900005
3231.5037,18,18,"GUI Update",0.0333000012
3231.5057,18,18,"Frustum Culling",1.45340002
3231.5077,18,18,"Animations",0.000500000024
3231.5095,18,18,"Spring Dependencies",0.00079999998
3231.5117,18,18,"GUI Render",0.122599997
3231.5133,18,18,"Physics",0.00800000038
3231.515,18,18,"Update",7.86509991
3231.5168,18,18,"Fixed Update",0.0103000002
3231.6181,18,18,"Spline Update",0.000199999995
3231.6203,18,18,"Compose",0.404700011
3231.6223,18,18,"Update Buffers (CPU)",0.208299994
3238.3591,19,18,"RenderPath3D Update",5.7268
3238.3799,19,18,"Application Update",6.6055
3249.6437,19,18,"Application Render",11.26
3250.1149,19,18,"Application Compose",0.3952
3251.2128,19,18,"SubmitCommandLists",1.086
3251.2401,19,18,"Shadowmap packing",0.000699999975
3251.2431,19,18,"Render",11.2587004
3251.245,19,18,"Procedural Animations",0.00109999999
3251.2473,19,18,"Script Components",0.000300000014
3251.2497,19,18,"CPU Frame",18.6453991
3251.2514,19,18,"Input",0.140300006
3251.2537,19,18,"GUI Update",0.0458000004
3251.2557,19,18,"Frustum Culling",1.6164
3251.2575,19,18,"Animations",0.000199999995
3251.2592,19,18,"Spring Dependencies",0.000699999975
3251.2613,19,18,"GUI Render",0.0938000008
3251.263,19,18,"Physics",0.00710000005
3251.2648,19,18,"Update",6.60529995
3251.2667,19,18,"Fixed Update",0.00480000023
3251.2684,19,18,"Spline Update",0.000199999995
3251.2701,19,18,"Compose",0.394300014
3251.2718,19,18,"Update Buffers (CPU)",0.127299994
3258.0079,20,18,"RenderPath3D Update",5.6976
3258.0459,20,18,"Application Update",6.6233
3269.8395,20,18,"Application Render",11.7904
3270.3166,20,18,"Application Compose",0.4009
3271.2235,20,18,"SubmitCommandLists",0.8936
3271.2506,20,18,"Shadowmap packing",0.00039999999
3271.2535,20,18,"Render",11.7894001
3271.2554,20,18,"Procedural Animations",0.0013
3271.2576,20,18,"Script Components",9.99999975e-05
3271.2605,20,18,"CPU Frame",19.0972004
3271.2623,20,18,"Input",0.137199998
3271.2645,20,18,"GUI Update",0.0509000011
3271.2665,20,18,"Frustum Culling",1.4217
3271.2684,20,18,"Animations",9.99999975e-05
3271.2701,20,18,"Spring Dependencies",0.00159999996
3271.2723,20,18,"GUI Render",0.0769999996
3271.274,20,18,"Physics",0.00549999997
3271.2757,20,18,"Update",6.62300014
3271.2775,20,18,"Fixed Update",0.00639999984
3271.2792,20,18,"Spline Update",0.000199999995
3271.281,20,18,"Compose",0.400200009
3271.2828,20,18,"Update Buffers (CPU)",0.0936999992
3277.8003,21,18,"RenderPath3D Update",5.2656
3277.8187,21,18,"Application Update",6.3988
3290.8797,21,18,"Application Render",13.0576
3291.3641,21,18,"Application Compose",0.4097
3292.459,21,18,"SubmitCommandLists",1.0807
3292.4873,21,18,"Shadowmap packing",0.00100000005
3292.4905,21,18,"Render",13.0566998
3292.4925,21,18,"Procedural Animations",0.00159999996
3292.4946,21,18,"Script Components",0.000199999995
3292.4971,21,18,"CPU Frame",20.1348
3292.4991,21,18,"Input",0.126300007
3292.5015,21,18,"GUI Update",0.0322999991
3292.5035,21,18,"Frustum Culling",1.79120004
3292.5055,21,18,"Animations",0.000199999995
3292.5073,21,18,"Spring Dependencies",0.00240000011
3292.5093,21,18,"GUI Render",0.0979999974
3292.511,21,18,"Physics",0.00520000001
3292.5129,21,18,"Update",6.39849997
3292.5147,21,18,"Fixed Update",0.00499999989
3292.5165,21,18,"Spline Update",0.000199999995
3292.5182,21,18,"Compose",0.408600003
3292.5201,21,18,"Update Buffers (CPU)",0.1664
3300.535,22,18,"RenderPath3D Update",6.8891
3300.5558,22,18,"Application Update",7.8744
3314.2226,22,18,"Application Render",13.6635
3314.7364,22,18,"Application Compose",0.4228
3316.2909,22,18,"SubmitCommandLists",1.5412
3316.3897,22,18,"Shadowmap packing",0.00079999998
3316.3937,22,18,"Render",13.6625004
3316.3959,22,18,"Procedural Animations",0.0186999999
3316.399,22,18,"Script Components",0.000199999995
3316.4033,22,18,"CPU Frame",22.2702007
3316.4067,22,18,"Input",0.149299994
3316.4109,22,18,"GUI Update",0.0579000004
3316.4138,22,18,"Frustum Culling",1.23810005
3316.4158,22,18,"Animations",9.99999975e-05
3316.4185,22,18,"Spring Dependencies",0.00039999999
3316.4216,22,18,"GUI Render",0.105499998
3316.4248,22,18,"Physics",0.00749999983
3316.4428,22,18,"Update",7.87419987
3316.4448,22,18,"Fixed Update",0.00609999988
3316.4467,22,18,"Spline Update",0.000199999995
3316.4488,22,18,"Compose",0.422100008
3316.4518,22,18,"Update Buffers (CPU)",0.154100001
3325.0722,23,18,"RenderPath3D Update",6.9318
3325.0921,23,18,"Application Update",8.396
3341.1803,23,18,"Application Render",16.0843
3341.7305,23,18,"Application Compose",0.4159
3344.3022,23,18,"SubmitCommandLists",2.5579
3344.3721,23,18,"Shadowmap packing",0.00039999999
3344.3757,23,18,"Render",16.0832996
3344.3783,23,18,"Procedural Animations",0.00170000002
3344.381,23,18,"Script Components",0.00100000005
3344.3836,23,18,"CPU Frame",25.4150009
3344.386,23,18,"Input",0.223299995
3344.3885,23,18,"GUI Update",0.0498000011
3344.3904,23,18,"Frustum Culling",1.71759999
3344.3924,23,18,"Animations",0.000199999995
3344.3943,23,18,"Spring Dependencies",0.00170000002
3344.3968,23,18,"GUI Render",0.142100006
3344.3986,23,18,"Physics",0.00860000029
3344.4003,23,18,"Update",8.39579964
3344.4023,23,18,"Fixed Update",0.0115
3344.4042,23,18,"Spline Update",0.000300000014
3344.406,23,18,"Compose",0.415100008
3344.4079,23,18,"Update Buffers (CPU)",0.167899996
3352.7296,24,18,"RenderPath3D Update",6.8
3352.8562,24,18,"Application Update",8.2753
3368.496,24,18,"Application Render",15.6355
3369.0267,24,18,"Application Compose",0.4373
3370.0448,24,18,"SubmitCommandLists",0.9935
3370.0738,24,18,"Shadowmap packing",0.000500000024
3370.0776,24,18,"Render",15.6316996
3370.0796,24,18,"Procedural Animations",0.0013
3370.082,24,18,"Script Components",0.000300000014
3370.0847,24,18,"CPU Frame",24.6963997
3370.0868,24,18,"Input",0.158399999
3370.0891,24,18,"GUI Update",0.0333999991
3370.0912,24,18,"Frustum Culling",2.03609991
3370.0931,24,18,"Animations",0.00100000005
3370.0949,24,18,"Spring Dependencies",0.000300000014
3370.0972,24,18,"GUI Render",0.129800007
3370.099,24,18,"Physics",0.00689999992
3370.1009,24,18,"Update",8.2748003
3370.103,24,18,"Fixed Update",0.00600000005
3370.1047,24,18,"Spline Update",0.000199999995
3370.1066,24,18,"Compose",0.436100006
3370.1084,24,18,"Update Buffers (CPU)",0.121200003
3379.7858,25,18,"RenderPath3D Update",8.1325
3379.8063,25,18,"Application Update",9.539
3390.2273,25,18,"Application Render",10.4172
3390.7106,25,18,"Application Compose",0.4072
3391.6547,25,18,"SubmitCommandLists",0.9312
3391.6845,25,18,"Shadowmap packing",0.000500000024
3391.6876,25,18,"Render",10.4162998
3391.6896,25,18,"Procedural Animations",0.00190000003
3391.6918,25,18,"Script Components",0.000199999995
3391.6942,25,18,"CPU Frame",20.6583004
3391.696,25,18,"Input",0.146899998
3391.6982,25,18,"GUI Update",0.0654999986
3391.7005,25,18,"Frustum Culling",1.64450002
3391.7023,25,18,"Animations",0.000199999995
3391.704,25,18,"Spring Dependencies",0.00100000005
3391.7062,25,18,"GUI Render",0.109899998
3391.7079,25,18,"Physics",0.0124000004
3391.7097,25,18,"Update",9.53880024
3391.7114,25,18,"Fixed Update",0.00540000014
3391.7131,25,18,"Spline Update",0.000500000024
3391.7149,25,18,"Compose",0.406500012
3391.7166,25,18,"Update Buffers (CPU)",0.0975999981
3399.0155,26,18,"RenderPath3D Update",5.5961
3399.0423,26,18,"Application Update",7.1837
3409.8851,26,18,"Application Render",10.8391
3410.3544,26,18,"Application Compose",0.3988
3411.2084,26,18,"SubmitCommandLists",0.8402
3411.2335,26,18,"Shadowmap packing",0.000699999975
3411.2367,26,18,"Render",10.8371
3411.2385,26,18,"Procedural Animations",0.00139999995
3411.2406,26,18,"Script Components",0.000199999995
3411.243,26,18,"CPU Frame",18.6923008
3411.2451,26,18,"Input",0.131200001
3411.2472,26,18,"GUI Update",0.0359999985
3411.249,26,18,"Frustum Culling",1.41550004
3411.2509,26,18,"Animations",9.99999975e-05
3411.2531,26,18,"Spring Dependencies",0.00039999999
3411.2553,26,18,"GUI Render",0.117600001
3411.257,26,18,"Physics",0.00549999997
3411.2587,26,18,"Update",7.18330002
3411.2607,26,18,"Fixed Update",0.00499999989
3411.2624,26,18,"Spline Update",9.99999975e-05
3411.2641,26,18,"Compose",0.397799999
3411.2659,26,18,"Update Buffers (CPU)",0.131699994
3418.8426,27,18,"RenderPath3D Update",6.481
3418.8856,27,18,"Application Update",7.4789
3430.6569,27,18,"Application Render",11.7671
3431.1339,27,18,"Application Compose",0.3967
3432.1719,27,18,"SubmitCommandLists",1.0248
3432.1974,27,18,"Shadowmap packing",0.00039999999
3432.2004,27,18,"Render",11.7664003
3432.2023,27,18,"Procedural Animations",0.00159999996
3432.2462,27,18,"Script Components",9.99999975e-05
3432.2491,27,18,"CPU Frame",19.9207001
3432.2509,27,18,"Input",0.129500002
3432.2533,27,18,"GUI Update",0.055399999
3432.2553,27,18,"Frustum Culling",1.88250005
3432.2572,27,18,"Animations",0.000199999995
3432.2589,27,18,"Spring Dependencies",0.00230000005
3432.261,27,18,"GUI Render",0.153400004
3432.2627,27,18,"Physics",0.0289999992
3432.2646,27,18,"Update",7.47849989
3432.2739,27,18,"Fixed Update",0.0055999998
3432.2758,27,18,"Spline Update",0.000300000014
3432.2777,27,18,"Compose",0.395700008
3432.2794,27,18,"Update Buffers (CPU)",0.170399994
3439.513,28,18,"RenderPath3D Update",6.1383
3439.5318,28,18,"Application Update",7.0719
3450.9883,28,18,"Application Render",11.4448
3451.4605,28,18,"Application Compose",0.4028
3452.4619,28,18,"SubmitCommandLists",0.9882
3452.4892,28,18,"Shadowmap packing",0.000699999975
3452.4924,28,18,"Render",11.4436998
3452.4945,28,18,"Procedural Animations",0.00170000002
3452.4965,28,18,"Script Components",9.99999975e-05
3452.4995,28,18,"CPU Frame",19.2838993
3452.5013,28,18,"Input",0.168500006
3452.5035,28,18,"GUI Update",0.0419000015
3452.5054,28,18,"Frustum Culling",1.10940003
3452.5073,28,18,"Animations",0.000199999995
3452.5091,28,18,"Spring Dependencies",0.00039999999
3452.5115,28,18,"GUI Render",0.1435
3452.5131,28,18,"Physics",0.0055999998
3452.5148,28,18,"Update",7.0717001
3452.5166,28,18,"Fixed Update",0.00609999988
3452.5183,28,18,"Spline Update",0.000300000014
3452.5201,28,18,"Compose",0.40169999
3452.5219,28,18,"Update Buffers (CPU)",0.163699999
3459.3673,29,18,"RenderPath3D Update",5.7486
3459.3858,29,18,"Application Update",6.7221
3473.6965,29,18,"Application Render",14.3078
3474.1562,29,18,"Application Compose",0.3932
3475.0826,29,18,"SubmitCommandLists",0.9138
3475.1175,29,18,"Shadowmap packing",0.000500000024
3475.1204,29,18,"Render",14.3067999
3475.1228,29,18,"Procedural Animations",0.00170000002
3475.1251,29,18,"Script Components",0.000199999995
3475.1275,29,18,"CPU Frame",21.6877995
3475.1293,29,18,"Input",0.131300002
3475.1316,29,18,"GUI Update",0.0557999983
3475.1338,29,18,"Frustum Culling",1.38940001
3475.1356,29,18,"Animations",0.000600000028
3475.1374,29,18,"Spring Dependencies",0.00039999999
3475.1394,29,18,"GUI Render",0.0680999979
3475.1418,29,18,"Physics",0.0108000003
3475.1434,29,18,"Update",6.72189999
3475.1452,29,18,"Fixed Update",0.00510000018
3475.1469,29,18,"Spline Update",0.000199999995
3475.1486,29,18,"Compose",0.392399997
3475.1505,29,18,"Update Buffers (CPU)",0.0856999978
3482.6857,30,18,"RenderPath3D Update",5.7155
3482.7153,30,18,"Application Update",7.4078
3493.7163,30,18,"Application Render",10.9973
3494.177,30,18,"Application Compose",0.3952
3495.1381,30,18,"SubmitCommandLists",0.949
3495.1654,30,18,"Shadowmap packing",0.00159999996
3495.1684,30,18,"Render",10.9963999
3495.1703,30,18,"Procedural Animations",0.00120000006
3495.1724,30,18,"Script Components",0.000199999995
3495.1749,30,18,"CPU Frame",19.0846004
3495.1766,30,18,"Input",0.145099998
3495.179,30,18,"GUI Update",0.0465000011
3495.1811,30,18,"Frustum Culling",2.39700007
3495.1829,30,18,"Animations",0.000199999995
3495.1846,30,18,"Spring Dependencies",0.00039999999
3495.1869,30,18,"GUI Render",0.0855000019
3495.1886,30,18,"Physics",0.00549999997
3495.1903,30,18,"Update",7.40749979
3495.1921,30,18,"Fixed Update",0.00609999988
3495.194,30,18,"Spline Update",0.00039999999
3495.1957,30,18,"Compose",0.394300014
3495.1975,30,18,"Update Buffers (CPU)",0.183899999
3502.4768,31,18,"RenderPath3D Update",6.0864
3502.5371,31,18,"Application Update",7.1921
3514.1154,31,18,"Application Render",11.5752
3514.594,31,18,"Application Compose",0.4028
3516.8149,31,18,"SubmitCommandLists",2.2063
3516.8412,31,18,"Shadowmap packing",0.00079999998
3516.8442,31,18,"Render",11.5741997
3516.8462,31,18,"Procedural Animations",0.00139999995
3516.8483,31,18,"Script Components",0.000199999995
3516.8507,31,18,"CPU Frame",19.4498997
3516.8525,31,18,"Input",0.136299998
3516.8545,31,18,"GUI Update",0.057500001
3516.8564,31,18,"Frustum Culling",1.78190005
3516.8941,31,18,"Animations",9.99999975e-05
3516.897,31,18,"Spring Dependencies",0.00079999998
3516.8994,31,18,"GUI Render",0.135499999
3516.9011,31,18,"Physics",0.00710000005
3516.9028,31,18,"Update",7.19180012
3516.9045,31,18,"Fixed Update",0.00549999997
3516.9063,31,18,"Spline Update",0.000300000014
3516.9081,31,18,"Compose",0.401600003
3516.9099,31,18,"Update Buffers (CPU)",0.127800003
3524.1542,32,18,"RenderPath3D Update",6.1229
3524.2033,32,18,"Application Update",7.1268
3534.9777,32,18,"Application Render",10.7697
3535.4578,32,18,"Application Compose",0.3975
3536.4086,32,18,"SubmitCommandLists",0.9384
3536.437,32,18,"Shadowmap packing",0.000699999975
3536.44,32,18,"Render",10.7683001
3536.4421,32,18,"Procedural Animations",0.0013
3536.4442,32,18,"Script Components",0.00100000005
3536.4466,32,18,"CPU Frame",18.6366005
3536.4485,32,18,"Input",0.155100003
3536.4506,32,18,"GUI Update",0.063500002
3536.4525,32,18,"Frustum Culling",1.87030005
3536.4543,32,18,"Animations",0.000500000024
3536.4562,32,18,"Spring Dependencies",0.000699999975
3536.4582,32,18,"GUI Render",0.189199999
3536.46,32,18,"Physics",0.00910000037
3536.4616,32,18,"Update",7.12629986
3536.4633,32,18,"Fixed Update",0.00529999984
3536.465,32,18,"Spline Update",0.000300000014
3536.4667,32,18,"Compose",0.396699995
3536.4685,32,18,"Update Buffers (CPU)",0.146300003
3543.9815,33,18,"RenderPath3D Update",6.4038
3544.0114,33,18,"Application Update",7.3978
3555.737,33,18,"Application Render",11.7225
3556.2099,33,18,"Application Compose",0.4021
3557.3222,33,18,"SubmitCommandLists",1.0982
3557.3539,33,18,"Shadowmap packing",0.000699999975
3557.357,33,18,"Render",11.7215004
3557.3592,33,18,"Procedural Animations",0.00159999996
3557.3613,33,18,"Script Components",0.000199999995
3557.3638,33,18,"CPU Frame",19.7954998
3557.3656,33,18,"Input",0.134100005
3557.3679,33,18,"GUI Update",0.0322999991
3557.3702,33,18,"Frustum Culling",1.68599999
3557.3721,33,18,"Animations",9.99999975e-05
3557.3743,33,18,"Spring Dependencies",0.000500000024
3557.3765,33,18,"GUI Render",0.117200002
3557.3784,33,18,"Physics",0.00490000006
3557.3801,33,18,"Update",7.3973999
3557.3821,33,18,"Fixed Update",0.00549999997
3557.3838,33,18,"Spline Update",0.000199999995
3557.3855,33,18,"Compose",0.40110001
3557.3875,33,18,"Update Buffers (CPU)",0.166500002
3565.2075,34,18,"RenderPath3D Update",6.566
3565.2411,34,18,"Application Update",7.6753
3576.5847,34,18,"Application Render",11.3401
3577.0522,34,18,"Application Compose",0.3963
3577.9579,34,18,"SubmitCommandLists",0.8919
3577.984,34,18,"Shadowmap packing",0.00039999999
3577.987,34,18,"Render",11.3395004
3577.989,34,18,"Procedural Animations",0.00249999994
3577.9912,34,18,"Script Components",0.000199999995
3577.9935,34,18,"CPU Frame",19.7217007
3577.9954,34,18,"Input",0.154899999
3577.9973,34,18,"GUI Update",0.0505999997
3577.9992,34,18,"Frustum Culling",1.64680004
3578.001,34,18,"Animations",0.000199999995
3578.0028,34,18,"Spring Dependencies",0.000500000024
3578.005,34,18,"GUI Render",0.0914999992
3578.0066,34,18,"Physics",0.00549999997
3578.0083,34,18,"Update",7.67509985
3578.0101,34,18,"Fixed Update",0.00579999993
3578.0118,34,18,"Spline Update",0.000600000028
3578.0135,34,18,"Compose",0.394899994
3578.0153,34,18,"Update Buffers (CPU)",0.168599993
3585.9376,35,18,"RenderPath3D Update",6.7644
3585.9642,35,18,"Application Update",7.8069
3597.3849,35,18,"Application Render",11.4175
3597.8598,35,18,"Application Compose",0.4098
3598.7431,35,18,"SubmitCommandLists",0.8705
3598.7767,35,18,"Shadowmap packing",0.000300000014
3598.7797,35,18,"Render",11.4168997
3598.7821,35,18,"Procedural Animations",0.0013
3598.7843,35,18,"Script Components",0.000199999995
3598.7869,35,18,"CPU Frame",19.8957005
3598.7886,35,18,"Input",0.1303
3598.7909,35,18,"GUI Update",0.0381999984
3598.793,35,18,"Frustum Culling",1.61699998
3598.7949,35,18,"Animations",0.000300000014
3598.7966,35,18,"Spring Dependencies",0.000899999985
3598.799,35,18,"GUI Render",0.102399997
3598.8007,35,18,"Physics",0.00800000038
3598.8024,35,18,"Update",7.80670023
3598.8043,35,18,"Fixed Update",0.00529999984
3598.9092,35,18,"Spline Update",0.000300000014
3598.9114,35,18,"Compose",0.409000009
3598.9134,35,18,"Update Buffers (CPU)",0.158600003
3606.2697,36,18,"RenderPath3D Update",6.2182
3606.3056,36,18,"Application Update",7.2452
3618.5723,36,18,"Application Render",12.2632
3619.0436,36,18,"Application Compose",0.3942
3619.9301,36,18,"SubmitCommandLists",0.8744
3619.9567,36,18,"Shadowmap packing",0.000300000014
3619.9597,36,18,"Render",12.2622995
3619.9619,36,18,"Procedural Animations",0.00209999993
3619.964,36,18,"Script Components",0.000199999995
3619.9665,36,18,"CPU Frame",20.2931995
3619.9683,36,18,"Input",0.135199994
3619.9703,36,18,"GUI Update",0.0658000037
3619.9723,36,18,"Frustum Culling",1.16400003
3619.9743,36,18,"Animations",0.000199999995
3619.976,36,18,"Spring Dependencies",0.000600000028
3619.9782,36,18,"GUI Render",0.102300003
3619.9799,36,18,"Physics",0.00579999993
3619.9817,36,18,"Update",7.24499989
3619.9835,36,18,"Fixed Update",0.0057000001
3619.9853,36,18,"Spline Update",0.000300000014
3619.9871,36,18,"Compose",0.393599987
3619.9888,36,18,"Update Buffers (CPU)",0.129899994
3627.3992,37,18,"RenderPath3D Update",6.31
3627.4306,37,18,"Application Update",7.2853
3638.6183,37,18,"Application Render",11.1846
3639.097,37,18,"Application Compose",0.3942
3640.1056,37,18,"SubmitCommandLists",0.9816
3640.1411,37,18,"Shadowmap packing",0.000699999975
3640.1445,37,18,"Render",11.1836996
3640.1467,37,18,"Procedural Animations",0.00159999996
3640.1491,37,18,"Script Components",0.000300000014
3640.1516,37,18,"CPU Frame",19.1749992
3640.1535,37,18,"Input",0.145500004
3640.156,37,18,"GUI Update",0.0751999989
3640.158,37,18,"Frustum Culling",1.77330005
3640.16,37,18,"Animations",0.000300000014
3640.1619,37,18,"Spring Dependencies",0.000199999995
3640.164,37,18,"GUI Render",0.138699993
3640.1659,37,18,"Physics",0.00600000005
3640.1678,37,18,"Update",7.28499985
3640.1699,37,18,"Fixed Update",0.00529999984
3640.1717,37,18,"Spline Update",0.000300000014
3640.1736,37,18,"Compose",0.393400013
3640.1755,37,18,"Update Buffers (CPU)",0.129099995
3647.3725,38,18,"RenderPath3D Update",5.9222
3647.4078,38,18,"Application Update",6.8446
3659.3888,38,18,"Application Render",11.9776
3659.8744,38,18,"Application Compose",0.4052
3660.7963,38,18,"SubmitCommandLists",0.9097
3660.8239,38,18,"Shadowmap packing",0.000699999975
3660.8267,38,18,"Render",11.9764996
3660.8287,38,18,"Procedural Animations",0.00159999996
3660.831,38,18,"Script Components",0.000300000014
3660.8335,38,18,"CPU Frame",19.7544994
3660.8352,38,18,"Input",0.364899993
3660.8373,38,18,"GUI Update",0.0507999994
3660.8391,38,18,"Frustum Culling",1.24860001
3660.841,38,18,"Animations",0.000300000014
3660.8427,38,18,"Spring Dependencies",0.00079999998
3660.8447,38,18,"GUI Render",0.105099998
3660.8464,38,18,"Physics",0.00779999979
3660.8482,38,18,"Update",6.84429979
3660.8499,38,18,"Fixed Update",0.00760000013
3660.8516,38,18,"Spline Update",0.000300000014
3660.8534,38,18,"Compose",0.404399991
3660.8551,38,18,"Update Buffers (CPU)",0.144800007
3668.1237,39,18,"RenderPath3D Update",6.0845
3668.1433,39,18,"Application Update",7.1367
3679.7944,39,18,"Application Render",11.648
3680.2935,39,18,"Application Compose",0.4182
3681.2288,39,18,"SubmitCommandLists",0.9224
3681.2669,39,18,"Shadowmap packing",0.00039999999
3681.2703,39,18,"Render",11.6386995
3681.2727,39,18,"Procedural Animations",0.00179999997
3681.2751,39,18,"Script Components",0.000199999995
3681.2777,39,18,"CPU Frame",19.4906006
3681.2797,39,18,"Input",0.140699998
3681.2824,39,18,"GUI Update",0.0320000015
3681.2844,39,18,"Frustum Culling",1.15460002
3681.2864,39,18,"Animations",0.000300000014
3681.2882,39,18,"Spring Dependencies",0.00109999999
3681.2905,39,18,"GUI Render",0.123899996
3681.2923,39,18,"Physics",0.00899999961
3681.294,39,18,"Update",7.13649988
3681.296,39,18,"Fixed Update",0.00490000006
3681.2977,39,18,"Spline Update",0.000199999995
3681.2997,39,18,"Compose",0.417400002
3681.3015,39,18,"Update Buffers (CPU)",0.0834999979
3689.1211,40,18,"RenderPath3D Update",6.6801
3689.1399,40,18,"Application Update",7.6813
3700.5591,40,18,"Application Render",11.3783
3701.0383,40,18,"Application Compose",0.4133
3701.9951,40,18,"SubmitCommandLists",0.9438
3702.0221,40,18,"Shadowmap packing",0.000199999995
3702.0251,40,18,"Render",11.3768997
3702.027,40,18,"Procedural Animations",0.00200000009
3702.0292,40,18,"Script Components",9.99999975e-05
3702.0322,40,18,"CPU Frame",19.7980003
3702.0339,40,18,"Input",0.142900005
3702.0363,40,18,"GUI Update",0.055399999
3702.0381,40,18,"Frustum Culling",1.13610005
3702.04,40,18,"Animations",0.000500000024
3702.0418,40,18,"Spring Dependencies",0.000300000014
3702.0439,40,18,"GUI Render",0.118799999
3702.0457,40,18,"Physics",0.0104999999
3702.0475,40,18,"Update",7.68109989
3702.0492,40,18,"Fixed Update",0.00769999996
3702.0509,40,18,"Spline Update",0.000199999995
3702.0527,40,18,"Compose",0.412099987
3702.0544,40,18,"Update Buffers (CPU)",0.0922000036
3709.1594,41,18,"RenderPath3D Update",6.0045
3709.2105,41,18,"Application Update",7.014
3720.7922,41,18,"Application Render",11.5772
3721.2816,41,18,"Application Compose",0.4198
3722.1193,41,18,"SubmitCommandLists",0.8245
3722.1484,41,18,"Shadowmap packing",0.000300000014
3722.1517,41,18,"Render",11.5760002
3722.1537,41,18,"Procedural Animations",0.00139999995
3722.156,41,18,"Script Components",9.99999975e-05
3722.1589,41,18,"CPU Frame",19.2800999
3722.1608,41,18,"Input",0.129500002
3722.163,41,18,"GUI Update",0.0439999998
3722.1652,41,18,"Frustum Culling",1.26680005
3722.1675,41,18,"Animations",9.99999975e-05
3722.1693,41,18,"Spring Dependencies",0.00079999998
3722.1714,41,18,"GUI Render",0.0684999973
3722.1733,41,18,"Physics",0.00490000006
3722.175,41,18,"Update",7.01329994
3722.177,41,18,"Fixed Update",0.0057000001
3722.1787,41,18,"Spline Update",0.000300000014
3722.1805,41,18,"Compose",0.419
3722.1824,41,18,"Update Buffers (CPU)",0.102899998
3728.9395,42,18,"RenderPath3D Update",5.5408
3728.957,42,18,"Application Update",6.6369
3739.127,42,18,"Application Render",10.167
3739.6771,42,18,"Application Compose",0.4634
3740.6763,42,18,"SubmitCommandLists",0.984
3740.706,42,18,"Shadowmap packing",0.000600000028
3740.709,42,18,"Render",10.1660995
3740.711,42,18,"Procedural Animations",0.0013
3740.713,42,18,"Script Components",0.000199999995
3740.7155,42,18,"CPU Frame",17.5529003
3740.7175,42,18,"Input",0.125699997
3740.7197,42,18,"GUI Update",0.0362000018
3740.7219,42,18,"Frustum Culling",1.53869998
3740.7239,42,18,"Animations",9.99999975e-05
3740.7262,42,18,"Spring Dependencies",0.000500000024
3740.7283,42,18,"GUI Render",0.068400003
3740.7301,42,18,"Physics",0.00469999993
3740.732,42,18,"Update",6.63660002
3740.7339,42,18,"Fixed Update",0.0057000001
3740.7358,42,18,"Spline Update",0.000300000014
3740.7376,42,18,"Compose",0.462599993
3740.7394,42,18,"Update Buffers (CPU)",0.0970999971
3747.7463,43,18,"RenderPath3D Update",5.8706
3747.7647,43,18,"Application Update",6.875
3758.0741,43,18,"Application Render",10.3059
3758.5678,43,18,"Application Compose",0.4239
3759.4446,43,18,"SubmitCommandLists",0.8645
3759.4724,43,18,"Shadowmap packing",0.00039999999
3759.4755,43,18,"Render",10.3051004
3759.4775,43,18,"Procedural Animations",0.00139999995
3759.4801,43,18,"Script Components",0.000199999995
3759.4827,43,18,"CPU Frame",17.8848
3759.4848,43,18,"Input",0.138799995
3759.487,43,18,"GUI Update",0.0362999998
3759.4891,43,18,"Frustum Culling",1.67309999
3759.491,43,18,"Animations",0.000199999995
3759.4929,43,18,"Spring Dependencies",0.000300000014
3759.4953,43,18,"GUI Render",0.0883999988
3759.4972,43,18,"Physics",0.00520000001
3759.4988,43,18,"Update",6.87470007
3759.5006,43,18,"Fixed Update",0.00499999989
3759.5023,43,18,"Spline Update",0.000199999995
3759.5041,43,18,"Compose",0.423000008
3759.506,43,18,"Update Buffers (CPU)",0.109700002
3766.6416,44,18,"RenderPath3D Update",5.2681
3766.6595,44,18,"Application Update",7.0006
3777.52,44,18,"Application Render",10.8574
3777.9868,44,18,"Application Compose",0.3901
3778.9969,44,18,"SubmitCommandLists",0.9988
3779.0251,44,18,"Shadowmap packing",0.000500000024
3779.0278,44,18,"Render",10.8566999
3779.0297,44,18,"Procedural Animations",0.0013
3779.0747,44,18,"Script Components",0.000199999995
3779.0772,44,18,"CPU Frame",18.5351009
3779.079,44,18,"Input",0.141200006
3779.0815,44,18,"GUI Update",0.0441000015
3779.0834,44,18,"Frustum Culling",1.55110002
3779.0853,44,18,"Animations",0.000300000014
3779.0874,44,18,"Spring Dependencies",0.00039999999
3779.0895,44,18,"GUI Render",0.0873000026
3779.0912,44,18,"Physics",0.00510000018
3779.0929,44,18,"Update",7.00029993
3779.095,44,18,"Fixed Update",0.00529999984
3779.0966,44,18,"Spline Update",9.99999975e-05
3779.0988,44,18,"Compose",0.389200002
3779.1006,44,18,"Update Buffers (CPU)",0.1391
3786.5555,45,18,"RenderPath3D Update",6.3489
3786.5875,45,18,"Application Update",7.3382
3797.5482,45,18,"Application Render",10.9573
3798.1492,45,18,"Application Compose",0.5218
3799.1903,45,18,"SubmitCommandLists",1.0256
3799.2165,45,18,"Shadowmap packing",0.00039999999
3799.2197,45,18,"Render",10.9563999
3799.2217,45,18,"Procedural Animations",0.00209999993
3799.2239,45,18,"Script Components",0.000300000014
3799.2262,45,18,"CPU Frame",19.1471996
3799.228,45,18,"Input",0.130500004
3799.2302,45,18,"GUI Update",0.0639000013
3799.2319,45,18,"Frustum Culling",1.08449996
3799.2338,45,18,"Animations",0.000199999995
3799.2356,45,18,"Spring Dependencies",0.000300000014
3799.2376,45,18,"GUI Render",0.104999997
3799.2392,45,18,"Physics",0.00939999986
3799.2409,45,18,"Update",7.33790016
3799.2428,45,18,"Fixed Update",0.0120000001
3799.2446,45,18,"Spline Update",0.000300000014
3799.2463,45,18,"Compose",0.520799994
3799.2481,45,18,"Update Buffers (CPU)",0.131999999
3806.3598,46,18,"RenderPath3D Update",5.9555
3806.3827,46,18,"Application Update",6.9835
3817.8112,46,18,"Application Render",11.4248
3818.3279,46,18,"Application Compose",0.4305
3819.4543,46,18,"SubmitCommandLists",1.1122
3819.4839,46,18,"Shadowmap packing",0.00039999999
3819.4871,46,18,"Render",11.4237003
3819.489,46,18,"Procedural Animations",0.00190000003
3819.4915,46,18,"Script Components",0.000199999995
3819.4941,46,18,"CPU Frame",19.1320992
3819.496,46,18,"Input",0.139500007
3819.4989,46,18,"GUI Update",0.0493000001
3819.5009,46,18,"Frustum Culling",1.07589996
3819.503,46,18,"Animations",0.000300000014
3819.5049,46,18,"Spring Dependencies",0.00079999998
3819.5075,46,18,"GUI Render",0.0736000016
3819.5169,46,18,"Physics",0.00510000018
3819.5186,46,18,"Update",6.98330021
3819.5205,46,18,"Fixed Update",0.00549999997
3819.5222,46,18,"Spline Update",0.000300000014
3819.524,46,18,"Compose",0.429100007
3819.5259,46,18,"Update Buffers (CPU)",0.113200001
3826.0123,47,18,"RenderPath3D Update",5.3884
3826.0308,47,18,"Application Update",6.3567
3837.5928,47,18,"Application Render",11.558
3838.1589,47,18,"Application Compose",0.4535
3839.06,47,18,"SubmitCommandLists",0.8878
3839.0879,47,18,"Shadowmap packing",0.00039999999
3839.0911,47,18,"Render",11.5571003
3839.0933,47,18,"Procedural Animations",0.0013
3839.0955,47,18,"Script Components",0.000199999995
3839.0984,47,18,"CPU Frame",18.6970997
3839.1003,47,18,"Input",0.125499994
3839.1027,47,18,"GUI Update",0.0428999998
3839.1046,47,18,"Frustum Culling",1.65439999
3839.1064,47,18,"Animations",0.000300000014
3839.1083,47,18,"Spring Dependencies",0.000199999995
3839.1104,47,18,"GUI Render",0.0975999981
3839.1122,47,18,"Physics",0.00510000018
3839.1139,47,18,"Update",6.35640001
3839.1157,47,18,"Fixed Update",0.0153999999
3839.1175,47,18,"Spline Update",0.000199999995
3839.1192,47,18,"Compose",0.451900005
3839.1213,47,18,"Update Buffers (CPU)",0.0877000019
3845.7139,48,18,"RenderPath3D Update",5.4413
3845.7334,48,18,"Application Update",6.4694
3857.5404,48,18,"Application Render",11.7954
3858.0919,48,18,"Application Compose",0.449
3859.1411,48,18,"SubmitCommandLists",1.0337
3859.1713,48,18,"Shadowmap packing",9.99999975e-05
3859.175,48,18,"Render",11.7943001
3859.1772,48,18,"Procedural Animations",0.00109999999
3859.1797,48,18,"Script Components",9.99999975e-05
3859.1825,48,18,"CPU Frame",19.0254993
3859.1844,48,18,"Input",0.131600007
3859.1868,48,18,"GUI Update",0.0489999987
3859.1888,48,18,"Frustum Culling",1.31659997
3859.2491,48,18,"Animations",0.000699999975
3859.2513,48,18,"Spring Dependencies",0.00079999998
3859.2539,48,18,"GUI Render",0.155399993
3859.2557,48,18,"Physics",0.0107000005
3859.2576,48,18,"Update",6.4691
3859.2595,48,18,"Fixed Update",0.00510000018
3859.2614,48,18,"Spline Update",0.000199999995
3859.2632,48,18,"Compose",0.44780001
3859.2652,48,18,"Update Buffers (CPU)",0.197999999
3866.3992,49,18,"RenderPath3D Update",5.949
3866.4295,49,18,"Application Update",6.9945
3877.7301,49,18,"Application Render",11.297
3878.6007,49,18,"Application Compose",0.6698
3881.7783,49,18,"SubmitCommandLists",3.1303
3881.8286,49,18,"Shadowmap packing",0.000500000024
3881.8324,49,18,"Render",11.2959003
3881.8344,49,18,"Procedural Animations",0.00120000006
3881.8386,49,18,"Script Components",0.000300000014
3881.8422,49,18,"CPU Frame",19.4605999
3881.844,49,18,"Input",0.153699994
3881.8462,49,18,"GUI Update",0.0447999984
3881.8492,49,18,"Frustum Culling",1.87240005
3881.8511,49,18,"Animations",9.99999975e-05
3881.8534,49,18,"Spring Dependencies",0.00100000005
3881.8559,49,18,"GUI Render",0.118299998
3881.8581,49,18,"Physics",0.00579999993
3881.87,49,18,"Update",6.99410009
3881.8747,49,18,"Fixed Update",0.00730000017
3881.8764,49,18,"Spline Update",0.000199999995
3881.8783,49,18,"Compose",0.666899979
3881.8804,49,18,"Update Buffers (CPU)",0.188299999
3889.8157,50,18,"RenderPath3D Update",6.1331
3889.8702,50,18,"Application Update",7.7353
3902.3882,50,18,"Application Render",12.5149
3902.8593,50,18,"Application Compose",0.3934
3903.9435,50,18,"SubmitCommandLists",1.072
3903.9897,50,18,"Shadowmap packing",0.00150000001
3903.9928,50,18,"Render",12.5141001
3903.9949,50,18,"Procedural Animations",0.00350000011
3903.9971,50,18,"Script Components",0.00039999999
3903.9997,50,18,"CPU Frame",21.0632992
3904.0016,50,18,"Input",0.215700001
3904.0039,50,18,"GUI Update",0.108199999
3904.0057,50,18,"Frustum Culling",1.52139997
3904.0077,50,18,"Animations",9.99999975e-05
3904.0098,50,18,"Spring Dependencies",0.00039999999
3904.0121,50,18,"GUI Render",0.0979000032
3904.0139,50,18,"Physics",0.0237000007
3904.0155,50,18,"Update",7.73500013
3904.0173,50,18,"Fixed Update",0.0288999993
3904.0191,50,18,"Spline Update",0.000500000024
3904.0212,50,18,"Compose",0.392500013
3904.023,50,18,"Update Buffers (CPU)",0.200599998
3910.5181,51,18,"RenderPath3D Update",5.4482
3910.5472,51,18,"Application Update",6.3509
3922.7281,51,18,"Application Render",12.1761
3923.2098,51,18,"Application Compose",0.4051
3924.1984,51,18,"SubmitCommandLists",0.9754
3924.2266,51,18,"Shadowmap packing",0.000699999975
3924.2298,51,18,"Render",12.1744003
3924.2318,51,18,"Procedural Animations",0.00209999993
3924.2341,51,18,"Script Components",0.000199999995
3924.2367,51,18,"CPU Frame",19.2416992
3924.2385,51,18,"Input",0.162300006
3924.2407,51,18,"GUI Update",0.0401000008
3924.2429,51,18,"Frustum Culling",1.51339996
3924.245,51,18,"Animations",0.000199999995
3924.2468,51,18,"Spring Dependencies",0.000300000014
3924.2492,51,18,"GUI Render",0.0943000019
3924.2509,51,18,"Physics",0.00789999962
3924.2528,51,18,"Update",6.35039997
3924.2547,51,18,"Fixed Update",0.00419999985
3924.2565,51,18,"Spline Update",0.000199999995
3924.2582,51,18,"Compose",0.404199988
3924.2601,51,18,"Update Buffers (CPU)",0.0973000005
3930.9157,52,18,"RenderPath3D Update",5.6413
3930.9514,52,18,"Application Update",6.5308
3941.6132,52,18,"Application Render",10.6587
3942.1245,52,18,"Application Compose",0.4365
3943.1826,52,18,"SubmitCommandLists",1.0446
3943.2115,52,18,"Shadowmap packing",0.000699999975
3943.2149,52,18,"Render",10.6576996
3943.2169,52,18,"Procedural Animations",0.00120000006
3943.2193,52,18,"Script Components",0.000199999995
3943.222,52,18,"CPU Frame",17.9193993
3943.224,52,18,"Input",0.1329
3943.2264,52,18,"GUI Update",0.0430000015
3943.2285,52,18,"Frustum Culling",1.35969996
3943.2306,52,18,"Animations",0.000899999985
3943.2325,52,18,"Spring Dependencies",0.00209999993
3943.2347,52,18,"GUI Render",0.0705000013
3943.2364,52,18,"Physics",0.0219999999
3943.2382,52,18,"Update",6.5303998
3943.24,52,18,"Fixed Update",0.00579999993
3943.2843,52,18,"Spline Update",0.000199999995
3943.2863,52,18,"Compose",0.435600013
3943.2882,52,18,"Update Buffers (CPU)",0.0898000002
3949.9899,53,18,"RenderPath3D Update",5.5281
3950.0135,53,18,"Application Update",6.5742
3961.4476,53,18,"Application Render",11.4308
3962.0569,53,18,"Application Compose",0.48
3963.1003,53,18,"SubmitCommandLists",1.0304
3963.1283,53,18,"Shadowmap packing",0.000899999985
3963.1314,53,18,"Render",11.4296999
3963.1335,53,18,"Procedural Animations",0.00179999997
3963.1356,53,18,"Script Components",0.000300000014
3963.1379,53,18,"CPU Frame",18.8670006
3963.1397,53,18,"Input",0.139899999
3963.1418,53,18,"GUI Update",0.0531000011
3963.1437,53,18,"Frustum Culling",1.90960002
3963.1457,53,18,"Animations",9.99999975e-05
3963.148,53,18,"Spring Dependencies",0.00200000009
3963.1505,53,18,"GUI Render",0.0900000036
3963.1522,53,18,"Physics",0.00499999989
3963.154,53,18,"Update",6.57380009
3963.1557,53,18,"Fixed Update",0.00529999984
3963.1575,53,18,"Spline Update",0.000300000014
3963.1593,53,18,"Compose",0.478700012
3963.1611,53,18,"Update Buffers (CPU)",0.116300002
3969.8217,54,18,"RenderPath3D Update",5.5891
3969.841,54,18,"Application Update",6.5334
3984.0176,54,18,"Application Render",14.1727
3984.4997,54,18,"Application Compose",0.4076
3985.3018,54,18,"SubmitCommandLists",0.7882
3985.3294,54,18,"Shadowmap packing",0.00039999999
3985.3327,54,18,"Render",14.1715002
3985.3348,54,18,"Procedural Animations",0.00150000001
3985.337,54,18,"Script Components",0.000199999995
3985.3396,54,18,"CPU Frame",21.3941994
3985.3415,54,18,"Input",0.134200007
3985.3436,54,18,"GUI Update",0.0430999994
3985.3457,54,18,"Frustum Culling",1.65840006
3985.3475,54,18,"Animations",0.000199999995
3985.3493,54,18,"Spring Dependencies",0.000199999995
3985.3512,54,18,"GUI Render",0.0725999996
3985.3531,54,18,"Physics",0.00659999996
3985.3548,54,18,"Update",6.53310013
3985.3567,54,18,"Fixed Update",0.00579999993
3985.3585,54,18,"Spline Update",0.000199999995
3985.3602,54,18,"Compose",0.406699985
3985.3621,54,18,"Update Buffers (CPU)",0.105099998
3992.0519,55,18,"RenderPath3D Update",5.5398
3992.0701,55,18,"Application Update",6.5782
4002.2266,55,18,"Application Render",10.1524
4002.7045,55,18,"Application Compose",0.4032
4003.8579,55,18,"SubmitCommandLists",1.1416
4003.9018,55,18,"Shadowmap packing",0.000500000024
4003.9048,55,18,"Render",10.1511002
4003.907,55,18,"Procedural Animations",0.00159999996
4003.9094,55,18,"Script Components",0.000199999995
4003.9122,55,18,"CPU Frame",17.3955002
4003.9141,55,18,"Input",0.119000003
4003.9169,55,18,"GUI Update",0.0351000018
4003.9189,55,18,"Frustum Culling",1.5309
4003.921,55,18,"Animations",0.000199999995
4003.9227,55,18,"Spring Dependencies",0.00120000006
4003.9256,55,18,"GUI Render",0.0711999983
4003.9273,55,18,"Physics",0.00549999997
4003.9291,55,18,"Update",6.5777998
4003.9323,55,18,"Fixed Update",0.00490000006
4003.9341,55,18,"Spline Update",0.000199999995
4003.9359,55,18,"Compose",0.402399987
4003.9599,55,18,"Update Buffers (CPU)",0.0939000025
4011.0038,56,18,"RenderPath3D Update",5.9093
4011.0335,56,18,"Application Update",6.8698
4021.6413,56,18,"Application Render",10.6044
4022.1254,56,18,"Application Compose",0.4007
4023.0087,56,18,"SubmitCommandLists",0.871
4023.0534,56,18,"Shadowmap packing",0.000500000024
4023.0562,56,18,"Render",10.6036997
4023.0583,56,18,"Procedural Animations",0.00120000006
4023.0687,56,18,"Script Components",9.99999975e-05
4023.0718,56,18,"CPU Frame",18.2560005
4023.0737,56,18,"Input",0.183500007
4023.0762,56,18,"GUI Update",0.0540999994
4023.0782,56,18,"Frustum Culling",1.74010003
4023.0801,56,18,"Animations",0.000500000024
4023.0819,56,18,"Spring Dependencies",0.00159999996
4023.084,56,18,"GUI Render",0.0930999964
4023.0858,56,18,"Physics",0.0118000004
4023.0874,56,18,"Update",6.86929989
4023.0891,56,18,"Fixed Update",0.00499999989
4023.0909,56,18,"Spline Update",0.000199999995
4023.0927,56,18,"Compose",0.399599999
4023.0944,56,18,"Update Buffers (CPU)",0.0905999988
4030.6868,57,18,"RenderPath3D Update",5.7414
4030.7156,57,18,"Application Update",7.4732
4042.1626,57,18,"Application Render",9.3577
4042.7123,57,18,"Application Compose",0.4705
4043.7031,57,18,"SubmitCommandLists",0.9756
4043.7323,57,18,"Shadowmap packing",0.000600000028
4043.7352,57,18,"Render",9.35610008
4043.7375,57,18,"Procedural Animations",0.00159999996
4043.7399,57,18,"Script Components",0.000199999995
4043.7423,57,18,"CPU Frame",19.6980991
4043.7444,57,18,"Input",0.136999995
4043.7469,57,18,"GUI Update",0.0355000012
4043.7489,57,18,"Frustum Culling",1.14219999
4043.7508,57,18,"Animations",9.99999975e-05
4043.7531,57,18,"Spring Dependencies",0.00109999999
4043.7555,57,18,"GUI Render",0.0921000019
4043.7576,57,18,"Physics",0.00520000001
4043.7596,57,18,"Update",7.46449995
4043.7614,57,18,"Fixed Update",0.00499999989
4043.7632,57,18,"Spline Update",0.000199999995
4043.765,57,18,"Compose",0.469599992
4043.767,57,18,"Update Buffers (CPU)",0.0931999981
4050.8828,58,18,"RenderPath3D Update",6.0147
4050.9005,58,18,"Application Update",6.9479
4061.7978,58,18,"Application Render",10.8935
4062.284,58,18,"Application Compose",0.4185
4063.1395,58,18,"SubmitCommandLists",0.8429
4063.1671,58,18,"Shadowmap packing",0.000699999975
4063.17,58,18,"Render",10.8926001
4063.1722,58,18,"Procedural Animations",0.00159999996
4063.1746,58,18,"Script Components",0.000300000014
4063.1772,58,18,"CPU Frame",18.5737
4063.1792,58,18,"Input",0.172600001
4063.1812,58,18,"GUI Update",0.056499999
4063.1835,58,18,"Frustum Culling",1.61570001
4063.1855,58,18,"Animations",0.000199999995
4063.1874,58,18,"Spring Dependencies",0.00120000006
4063.1896,58,18,"GUI Render",0.193900004
4063.1917,58,18,"Physics",0.0055999998
4063.1934,58,18,"Update",6.94759989
4063.1953,58,18,"Fixed Update",0.00590000022
4063.1972,58,18,"Spline Update",0.000699999975
4063.1989,58,18,"Compose",0.417699993
4063.2008,58,18,"Update Buffers (CPU)",0.119999997
4070.1476,59,18,"RenderPath3D Update",5.912
4070.1724,59,18,"Application Update",6.8235
4081.2379,59,18,"Application Render",11.054
4081.73,59,18,"Application Compose",0.4143
4082.6925,59,18,"SubmitCommandLists",0.9512
4082.7214,59,18,"Shadowmap packing",0.00079999998
4082.7245,59,18,"Render",11.0525999
4082.7265,59,18,"Procedural Animations",0.00159999996
4082.7287,59,18,"Script Components",9.99999975e-05
4082.7314,59,18,"CPU Frame",18.5834007
4082.7332,59,18,"Input",0.136800006
4082.7355,59,18,"GUI Update",0.0520000011
4082.7374,59,18,"Frustum Culling",1.31599998
4082.7395,59,18,"Animations",9.99999975e-05
4082.7412,59,18,"Spring Dependencies",0.00039999999
4082.7432,59,18,"GUI Render",0.0631999969
4082.745,59,18,"Physics",0.00650000013
4082.7468,59,18,"Update",6.82310009
4082.7486,59,18,"Fixed Update",0.0057000001
4082.7504,59,18,"Spline Update",0.000199999995
4082.7522,59,18,"Compose",0.413599998
4082.754,59,18,"Update Buffers (CPU)",0.103100002
4089.7909,60,18,"RenderPath3D Update",5.8636
4089.8113,60,18,"Application Update",6.9089
4099.8043,60,18,"Application Render",9.9896
4100.2857,60,18,"Application Compose",0.4164
4101.3278,60,18,"SubmitCommandLists",1.0282
4101.3567,60,18,"Shadowmap packing",0.00039999999
4101.3596,60,18,"Render",9.98849964
4101.3618,60,18,"Procedural Animations",0.00109999999
4101.3641,60,18,"Script Components",0.000300000014
4101.3669,60,18,"CPU Frame",17.5855999
4101.3688,60,18,"Input",0.136099994
4101.3712,60,18,"GUI Update",0.0416000001
4101.3732,60,18,"Frustum Culling",1.40719998
4101.3751,60,18,"Animations",0.000899999985
4101.3773,60,18,"Spring Dependencies",9.99999975e-05
4101.38,60,18,"GUI Render",0.0724999979
4101.3819,60,18,"Physics",0.00630000001
4101.3837,60,18,"Update",6.90859985
4101.3857,60,18,"Fixed Update",0.00669999979
4101.3876,60,18,"Spline Update",0.000199999995
4101.3894,60,18,"Compose",0.415499985
4101.3913,60,18,"Update Buffers (CPU)",0.0734999999
4108.3273,61,18,"RenderPath3D Update",5.833
4108.3561,61,18,"Application Update",6.8088
4118.5418,61,18,"Application Render",10.1817
4119.0253,61,18,"Application Compose",0.4075
4120.064,61,18,"SubmitCommandLists",1.0265
4120.0929,61,18,"Shadowmap packing",0.00039999999
4120.0963,61,18,"Render",10.1805
4120.1502,61,18,"Procedural Animations",0.00120000006
4120.153,61,18,"Script Components",0.000300000014
4120.1555,61,18,"CPU Frame",17.6891994
4120.1574,61,18,"Input",0.135800004
4120.1599,61,18,"GUI Update",0.0328000002
4120.1618,61,18,"Frustum Culling",1.70140004
4120.1637,61,18,"Animations",0.000500000024
4120.1655,61,18,"Spring Dependencies",0.00039999999
4120.1675,61,18,"GUI Render",0.0742999986
4120.1693,61,18,"Physics",0.00630000001
4120.1713,61,18,"Update",6.80789995
4120.173,61,18,"Fixed Update",0.00529999984
4120.1748,61,18,"Spline Update",0.000199999995
4120.1766,61,18,"Compose",0.406699985
4120.1784,61,18,"Update Buffers (CPU)",0.0825000033
4127.4652,62,18,"RenderPath3D Update",6.2178
4127.4991,62,18,"Application Update",7.1592
4139.3768,62,18,"Application Render",11.8745
4139.8675,62,18,"Application Compose",0.4117
4140.7589,62,18,"SubmitCommandLists",0.879
4140.813,62,18,"Shadowmap packing",0.00039999999
4140.8166,62,18,"Render",11.8736
4140.8186,62,18,"Procedural Animations",0.00139999995
4140.8209,62,18,"Script Components",0.0013
4140.8234,62,18,"CPU Frame",19.7964001
4140.8253,62,18,"Input",0.149299994
4140.8276,62,18,"GUI Update",0.052099999
4140.8296,62,18,"Frustum Culling",1.63039994
4140.8315,62,18,"Animations",9.99999975e-05
4140.8336,62,18,"Spring Dependencies",0.00120000006
4140.836,62,18,"GUI Render",0.148200005
4140.8377,62,18,"Physics",0.00620000018
4140.8399,62,18,"Update",7.15889978
4140.8417,62,18,"Fixed Update",0.00540000014
4140.8435,62,18,"Spline Update",0.00039999999
4140.8538,62,18,"Compose",0.410899997
4140.8556,62,18,"Update Buffers (CPU)",0.0974000022
4148.2354,63,18,"RenderPath3D Update",6.2459
4148.2625,63,18,"Application Update",7.2693
4164.0673,63,18,"Application Render",15.8005
4164.6014,63,18,"Application Compose",0.4318
4165.5613,63,18,"SubmitCommandLists",0.9421
4165.6207,63,18,"Shadowmap packing",0.00079999998
4165.6246,63,18,"Render",15.7996998
4165.6268,63,18,"Procedural Animations",0.00150000001
4165.6292,63,18,"Script Components",0.000300000014
4165.6318,63,18,"CPU Frame",23.8145008
4165.6337,63,18,"Input",0.126599997
4165.6358,63,18,"GUI Update",0.0698999986
4165.6379,63,18,"Frustum Culling",1.20280004
4165.6399,63,18,"Animations",0.000199999995
4165.6418,63,18,"Spring Dependencies",0.000300000014
4165.644,63,18,"GUI Render",0.145600006
4165.646,63,18,"Physics",0.00590000022
4165.6478,63,18,"Update",7.26910019
4165.6498,63,18,"Fixed Update",0.00490000006
4165.6516,63,18,"Spline Update",0.00039999999
4165.6534,63,18,"Compose",0.430299997
4165.6553,63,18,"Update Buffers (CPU)",0.100599997
4173.4354,64,18,"RenderPath3D Update",6.5477
4173.461,64,18,"Application Update",7.5814
4186.8532,64,18,"Application Render",13.3887
4187.3482,64,18,"Application Compose",0.4171
4188.2212,64,18,"SubmitCommandLists",0.8596
4188.2505,64,18,"Shadowmap packing",0.000899999985
4188.2534,64,18,"Render",13.3868999
4188.2557,64,18,"Procedural Animations",0.00120000006
4188.2581,64,18,"Script Components",0.000300000014
4188.2606,64,18,"CPU Frame",21.7507
4188.263,64,18,"Input",0.209000006
4188.2652,64,18,"GUI Update",0.0315000005
4188.2674,64,18,"Frustum Culling",1.55729997
4188.2694,64,18,"Animations",9.99999975e-05
4188.2719,64,18,"Spring Dependencies",0.000500000024
4188.2745,64,18,"GUI Render",0.140400007
4188.2762,64,18,"Physics",0.00650000013
4188.278,64,18,"Update",7.58099985
4188.2798,64,18,"Fixed Update",0.00810000021
4188.2815,64,18,"Spline Update",0.000199999995
4188.2834,64,18,"Compose",0.416299999
4188.2853,64,18,"Update Buffers (CPU)",0.122199997
4195.1769,65,18,"RenderPath3D Update",5.7284
4195.2043,65,18,"Application Update",6.747
4209.4295,65,18,"Application Render",14.221
4209.9065,65,18,"Application Compose",0.3979
4210.9307,65,18,"SubmitCommandLists",1.0123
4210.9599,65,18,"Shadowmap packing",0.00039999999
4210.9631,65,18,"Render",14.2201996
4210.9651,65,18,"Procedural Animations",0.00179999997
4210.9675,65,18,"Script Components",0.000199999995
4210.9701,65,18,"CPU Frame",21.6781006
4210.9719,65,18,"Input",0.160300002
4210.9745,65,18,"GUI Update",0.0351000018
4211.0313,65,18,"Frustum Culling",1.37609994
4211.0336,65,18,"Animations",0.000199999995
4211.0353,65,18,"Spring Dependencies",0.000300000014
4211.0379,65,18,"GUI Render",0.0777999982
4211.0398,65,18,"Physics",0.0055999998
4211.0415,65,18,"Update",6.74679995
4211.0434,65,18,"Fixed Update",0.00510000018
4211.0451,65,18,"Spline Update",0.000199999995
4211.0469,65,18,"Compose",0.397199988
4211.0487,65,18,"Update Buffers (CPU)",0.102700002
4218.2568,66,18,"RenderPath3D Update",5.5693
4218.2744,66,18,"Application Update",7.0744
4229.4516,66,18,"Application Render",11.1742
4229.9261,66,18,"Application Compose",0.3925
4230.986,66,18,"SubmitCommandLists",1.0477
4231.0147,66,18,"Shadowmap packing",0.000500000024
4231.0174,66,18,"Render",11.1627998
4231.0193,66,18,"Procedural Animations",0.00159999996
4231.0215,66,18,"Script Components",0.000300000014
4231.024,66,18,"CPU Frame",18.9874001
4231.0259,66,18,"Input",0.139799997
4231.0282,66,18,"GUI Update",0.0650999993
4231.03,66,18,"Frustum Culling",1.42369998
4231.032,66,18,"Animations",9.99999975e-05
4231.0342,66,18,"Spring Dependencies",0.00039999999
4231.0365,66,18,"GUI Render",0.115099996
4231.0382,66,18,"Physics",0.00650000013
4231.04,66,18,"Update",7.07420015
4231.0419,66,18,"Fixed Update",0.00469999993
4231.0436,66,18,"Spline Update",0.000500000024
4231.0454,66,18,"Compose",0.391400009
4231.0471,66,18,"Update Buffers (CPU)",0.158299997
4238.1532,67,18,"RenderPath3D Update",6.063
4238.1826,67,18,"Application Update",6.9767
4249.5989,67,18,"Application Render",11.4123
4250.0706,67,18,"Application Compose",0.4036
4250.9736,67,18,"SubmitCommandLists",0.8897
4251.0014,67,18,"Shadowmap packing",0.00039999999
4251.0047,67,18,"Render",11.4111004
4251.0068,67,18,"Procedural Animations",0.00179999997
4251.0091,67,18,"Script Components",0.000199999995
4251.0116,67,18,"CPU Frame",19.0771999
4251.0134,67,18,"Input",0.148900002
4251.0153,67,18,"GUI Update",0.0631999969
4251.0177,67,18,"Frustum Culling",1.80449998
4251.0194,67,18,"Animations",0.000199999995
4251.0211,67,18,"Spring Dependencies",0.000600000028
4251.0232,67,18,"GUI Render",0.115800001
4251.0248,67,18,"Physics",0.00689999992
4251.0264,67,18,"Update",6.9763999
4251.0282,67,18,"Fixed Update",0.00419999985
4251.0299,67,18,"Spline Update",0.000199999995
4251.0316,67,18,"Compose",0.40290001
4251.0337,67,18,"Update Buffers (CPU)",0.1083
4258.0238,68,18,"RenderPath3D Update",5.9347
4258.0617,68,18,"Application Update",6.8811
4269.9674,68,18,"Application Render",11.9025
4270.429,68,18,"Application Compose",0.3964
4271.3984,68,18,"SubmitCommandLists",0.9574
4271.4268,68,18,"Shadowmap packing",0.00100000005
4271.4297,68,18,"Render",11.8931999
4271.4317,68,18,"Procedural Animations",0.00150000001
4271.4337,68,18,"Script Components",0.000199999995
4271.4362,68,18,"CPU Frame",19.4491005
4271.438,68,18,"Input",0.135000005
4271.4404,68,18,"GUI Update",0.0549999997
4271.4424,68,18,"Frustum Culling",1.505
4271.4443,68,18,"Animations",0.000699999975
4271.4464,68,18,"Spring Dependencies",0.000899999985
4271.4486,68,18,"GUI Render",0.136500001
4271.4504,68,18,"Physics",0.0296
4271.4521,68,18,"Update",6.88079977
4271.4541,68,18,"Fixed Update",0.00609999988
4271.4557,68,18,"Spline Update",0.000300000014
4271.4574,68,18,"Compose",0.395599991
4271.4592,68,18,"Update Buffers (CPU)",0.123599999
4278.9376,69,18,"RenderPath3D Update",6.3459
4278.9618,69,18,"Application Update",7.366
4291.1152,69,18,"Application Render",12.1504
4291.5979,69,18,"Application Compose",0.4115
4292.5598,69,18,"SubmitCommandLists",0.9486
4292.5883,69,18,"Shadowmap packing",0.00039999999
4292.5914,69,18,"Render",12.1493998
4292.5939,69,18,"Procedural Animations",0.0013
4292.5962,69,18,"Script Components",0.000199999995
4292.5987,69,18,"CPU Frame",20.1931
4292.6006,69,18,"Input",0.125
4292.603,69,18,"GUI Update",0.0353000015
4292.6053,69,18,"Frustum Culling",1.07980001
4292.6075,69,18,"Animations",9.99999975e-05
4292.61,69,18,"Spring Dependencies",0.000600000028
4292.6126,69,18,"GUI Render",0.0812000036
4292.6144,69,18,"Physics",0.00529999984
4292.6162,69,18,"Update",7.36569977
4292.7158,69,18,"Fixed Update",0.00490000006
4292.7188,69,18,"Spline Update",0.000199999995
4292.7207,69,18,"Compose",0.410600007
4292.7226,69,18,"Update Buffers (CPU)",0.0918999985
4299.5726,70,18,"RenderPath3D Update",5.7783
4299.5961,70,18,"Application Update",6.7099
4314.2926,70,18,"Application Render",14.693
4314.8019,70,18,"Application Compose",0.4282
4315.8292,70,18,"SubmitCommandLists",1.0148
4315.8687,70,18,"Shadowmap packing",0.000500000024
4315.872,70,18,"Render",14.6919003
4315.8742,70,18,"Procedural Animations",0.00150000001
4315.8766,70,18,"Script Components",0.000199999995
4315.8793,70,18,"CPU Frame",22.2343006
4315.8812,70,18,"Input",0.150199994
4315.8841,70,18,"GUI Update",0.0421999991
4315.8862,70,18,"Frustum Culling",1.40890002
4315.8882,70,18,"Animations",0.000199999995
4315.8899,70,18,"Spring Dependencies",0.00039999999
4315.8924,70,18,"GUI Render",0.1105
4315.8944,70,18,"Physics",0.00989999995
4315.8961,70,18,"Update",6.70959997
4315.8991,70,18,"Fixed Update",0.00529999984
4315.9008,70,18,"Spline Update",0.000199999995
4315.9026,70,18,"Compose",0.42719999
4315.9048,70,18,"Update Buffers (CPU)",0.0931999981
4324.6086,71,18,"RenderPath3D Update",6.6435
4324.6474,71,18,"Application Update",8.4627
4341.9297,71,18,"Application Render",17.2791
4342.4215,71,18,"Application Compose",0.4121
4343.2388,71,18,"SubmitCommandLists",0.8046
4343.3045,71,18,"Shadowmap packing",0.00039999999
4343.308,71,18,"Render",17.2775993
4343.3105,71,18,"Procedural Animations",0.0013
4343.3137,71,18,"Script Components",9.99999975e-05
4343.3169,71,18,"CPU Frame",26.5832996
4343.319,71,18,"Input",0.252799988
4343.3215,71,18,"GUI Update",0.0408000015
4343.3238,71,18,"Frustum Culling",1.65610003
4343.3257,71,18,"Animations",0.000199999995
4343.3275,71,18,"Spring Dependencies",0.000199999995
4343.33,71,18,"GUI Render",0.134000003
4343.332,71,18,"Physics",0.00850000046
4343.334,71,18,"Update",8.46170044
4343.3362,71,18,"Fixed Update",0.0186000001
4343.3384,71,18,"Spline Update",0.000199999995
4343.3402,71,18,"Compose",0.411300004
4343.342,71,18,"Update Buffers (CPU)",0.170499995
4351.469,72,18,"RenderPath3D Update",6.6832
4351.4988,72,18,"Application Update",7.8501
4366.3693,72,18,"Application Render",14.8666
4366.9369,72,18,"Application Compose",0.4742
4367.8243,72,18,"SubmitCommandLists",0.8724
4367.8526,72,18,"Shadowmap packing",0.00039999999
4367.8557,72,18,"Render",14.8645
4367.8577,72,18,"Procedural Animations",0.0013
4367.8602,72,18,"Script Components",0.000600000028
4367.8626,72,18,"CPU Frame",23.6760998
4367.8645,72,18,"Input",0.26910001
4367.8668,72,18,"GUI Update",0.101800002
4367.8687,72,18,"Frustum Culling",1.71870005
4367.8706,72,18,"Animations",0.000199999995
4367.8725,72,18,"Spring Dependencies",0.000500000024
4367.8747,72,18,"GUI Render",0.0908999965
4367.8766,72,18,"Physics",0.00620000018
4367.8785,72,18,"Update",7.84950018
4367.8804,72,18,"Fixed Update",0.0164999999
4367.8823,72,18,"Spline Update",0.00079999998
4367.8841,72,18,"Compose",0.471100003
4367.8859,72,18,"Update Buffers (CPU)",0.131699994
4374.9771,73,18,"RenderPath3D Update",5.7965
4375.0075,73,18,"Application Update",6.9695
4388.5528,73,18,"Application Render",13.542
4389.0397,73,18,"Application Compose",0.4189
4389.865,73,18,"SubmitCommandLists",0.8113
4389.9069,73,18,"Shadowmap packing",0.000500000024
4389.91,73,18,"Render",13.5404997
4389.9121,73,18,"Procedural Animations",0.00109999999
4389.9146,73,18,"Script Components",0.000300000014
4389.9173,73,18,"CPU Frame",21.2089996
4389.9193,73,18,"Input",0.140300006
4389.9217,73,18,"GUI Update",0.0568999983
4389.9238,73,18,"Frustum Culling",1.68739998
4389.9257,73,18,"Animations",0.000199999995
4389.9275,73,18,"Spring Dependencies",0.000899999985
4389.9298,73,18,"GUI Render",0.111100003
4389.9316,73,18,"Physics",0.00650000013
4389.9336,73,18,"Update",6.9691
4389.9357,73,18,"Fixed Update",0.00600000005
4389.9375,73,18,"Spline Update",0.000199999995
4389.9394,73,18,"Compose",0.417499989
4389.9413,73,18,"Update Buffers (CPU)",0.0799999982
4396.6259,74,18,"RenderPath3D Update",5.5614
4396.6453,74,18,"Application Update",6.5563
4407.911,74,18,"Application Render",11.2119
4408.4008,74,18,"Application Compose",0.4147
4409.2806,74,18,"SubmitCommandLists",0.8669
4409.3095,74,18,"Shadowmap packing",0.000500000024
4409.3124,74,18,"Render",11.2110996
4409.3146,74,18,"Procedural Animations",0.00230000005
4409.3171,74,18,"Script Components",0.000199999995
4409.3197,74,18,"CPU Frame",18.5226002
4409.3218,74,18,"Input",0.135000005
4409.3241,74,18,"GUI Update",0.0296
4409.3261,74,18,"Frustum Culling",1.32799995
4409.3282,74,18,"Animations",0.000199999995
4409.3301,74,18,"Spring Dependencies",0.000300000014
4409.3324,74,18,"GUI Render",0.0786999986
4409.3342,74,18,"Physics",0.00639999984
4409.3361,74,18,"Update",6.55600023
4409.3379,74,18,"Fixed Update",0.00620000018
4409.3398,74,18,"Spline Update",0.000199999995
4409.3417,74,18,"Compose",0.413700014
4409.3436,74,18,"Update Buffers (CPU)",0.0979999974
4415.9936,75,18,"RenderPath3D Update",5.5767
4416.0101,75,18,"Application Update",6.5246
4426.4981,75,18,"Application Render",10.4847
4427.119,75,18,"Application Compose",0.5106
4428.0711,75,18,"SubmitCommandLists",0.9381
4428.1001,75,18,"Shadowmap packing",0.000600000028
4428.1036,75,18,"Render",10.4834003
4428.1057,75,18,"Procedural Animations",0.0013
4428.1078,75,18,"Script Components",0.000300000014
4428.1106,75,18,"CPU Frame",17.8320007
4428.1126,75,18,"Input",0.131099999
4428.115,75,18,"GUI Update",0.0320999995
4428.1172,75,18,"Frustum Culling",1.50049996
4428.1192,75,18,"Animations",0.000600000028
4428.1209,75,18,"Spring Dependencies",0.00039999999
4428.1232,75,18,"GUI Render",0.0710999966
4428.1249,75,18,"Physics",0.00989999995
4428.1266,75,18,"Update",6.5243001
4428.1285,75,18,"Fixed Update",0.00439999998
4428.1302,75,18,"Spline Update",0.000300000014
4428.132,75,18,"Compose",0.509000003
4428.1338,75,18,"Update Buffers (CPU)",0.0753000006
4434.9164,76,18,"RenderPath3D Update",5.7003
4434.9405,76,18,"Application Update",6.6611
4444.972,76,18,"Application Render",10.0285
4445.4587,76,18,"Application Compose",0.4192
4446.4572,76,18,"SubmitCommandLists",0.9857
4446.4865,76,18,"Shadowmap packing",0.000500000024
4446.4894,76,18,"Render",10.0274
4446.4915,76,18,"Procedural Animations",0.00150000001
4446.4939,76,18,"Script Components",0.000300000014
4446.4966,76,18,"CPU Frame",17.3805008
4446.4984,76,18,"Input",0.133000001
4446.5008,76,18,"GUI Update",0.0408999994
4446.5027,76,18,"Frustum Culling",1.58469999
4446.5047,76,18,"Animations",0.000199999995
4446.5066,76,18,"Spring Dependencies",0.000899999985
4446.5088,76,18,"GUI Render",0.166199997
4446.5106,76,18,"Physics",0.00710000005
4446.5124,76,18,"Update",6.66090012
4446.5143,76,18,"Fixed Update",0.00620000018
4446.516,76,18,"Spline Update",0.000199999995
4446.5179,76,18,"Compose",0.418300003
4446.5196,76,18,"Update Buffers (CPU)",0.111100003
4453.7355,77,18,"RenderPath3D Update",6.1384
4453.7523,77,18,"Application Update",7.0899
4464.293,77,18,"Application Render",10.5369
4464.8769,77,18,"Application Compose",0.426
4465.7551,77,18,"SubmitCommandLists",0.8639
4465.784,77,18,"Shadowmap packing",0.00039999999
4465.7876,77,18,"Render",10.5361996
4465.7897,77,18,"Procedural Animations",0.00219999999
4465.7921,77,18,"Script Components",0.000600000028
4465.7946,77,18,"CPU Frame",18.4130993
4465.7967,77,18,"Input",0.132499993
4465.7988,77,18,"GUI Update",0.0533999987
4465.801,77,18,"Frustum Culling",1.52279997
4465.8031,77,18,"Animations",0.00039999999
4465.8049,77,18,"Spring Dependencies",0.00079999998
4465.8071,77,18,"GUI Render",0.0894000009
4465.8089,77,18,"Physics",0.00730000017
4465.8107,77,18,"Update",7.08960009
4465.8126,77,18,"Fixed Update",0.00430000015
4465.8143,77,18,"Spline Update",0.000699999975
4465.8162,77,18,"Compose",0.424899995
4465.818,77,18,"Update Buffers (CPU)",0.125799999
4472.0603,78,18,"RenderPath3D Update",5.1866
4472.0863,78,18,"Application Update",6.1156
4482.9156,78,18,"Application Render",10.8259
4483.5246,78,18,"Application Compose",0.5152
4484.463,78,18,"SubmitCommandLists",0.9227
4484.49,78,18,"Shadowmap packing",0.00139999995
4484.4932,78,18,"Render",10.8249998
4484.537,78,18,"Procedural Animations",0.00190000003
4484.5395,78,18,"Script Components",0.000300000014
4484.5421,78,18,"CPU Frame",17.7621002
4484.544,78,18,"Input",0.140699998
4484.5461,78,18,"GUI Update",0.0322999991
4484.5484,78,18,"Frustum Culling",1.58350003
4484.5504,78,18,"Animations",0.00109999999
4484.5523,78,18,"Spring Dependencies",0.000300000014
4484.567,78,18,"GUI Render",0.102899998
4484.5688,78,18,"Physics",0.00449999981
4484.5707,78,18,"Update",6.11490011
4484.5727,78,18,"Fixed Update",0.00600000005
4484.5744,78,18,"Spline Update",0.000199999995
4484.5762,78,18,"Compose",0.514400005
4484.5779,78,18,"Update Buffers (CPU)",0.0702000037
4491.4209,79,18,"RenderPath3D Update",5.6304
4491.4397,79,18,"Application Update",6.7289
4501.5607,79,18,"Application Render",10.1176
4502.0506,79,18,"Application Compose",0.4152
4503.0239,79,18,"SubmitCommandLists",0.9609
4503.0629,79,18,"Shadowmap packing",0.000699999975
4503.0665,79,18,"Render",10.1163998
4503.069,79,18,"Procedural Animations",0.00109999999
4503.0715,79,18,"Script Components",9.99999975e-05
4503.0749,79,18,"CPU Frame",17.5818005
4503.0767,79,18,"Input",0.122100003
4503.0795,79,18,"GUI Update",0.0408999994
4503.0814,79,18,"Frustum Culling",1.523
4503.0835,79,18,"Animations",9.99999975e-05
4503.0853,79,18,"Spring Dependencies",0.000500000024
4503.088,79,18,"GUI Render",0.0683000013
4503.0898,79,18,"Physics",0.00579999993
4503.0916,79,18,"Update",6.72860003
4503.0937,79,18,"Fixed Update",0.0046000001
4503.0957,79,18,"Spline Update",0.000199999995
4503.0976,79,18,"Compose",0.414400011
4503.1001,79,18,"Update Buffers (CPU)",0.0700000003
4509.5854,80,18,"RenderPath3D Update",5.0758
4509.6058,80,18,"Application Update",6.2161
4520.6694,80,18,"Application Render",11.0606
4521.1566,80,18,"Application Compose",0.4224
4522.016,80,18,"SubmitCommandLists",0.847
4522.045,80,18,"Shadowmap packing",0.000500000024
4522.0484,80,18,"Render",11.0598001
4522.0506,80,18,"Procedural Animations",0.0013
4522.0528,80,18,"Script Components",9.99999975e-05
4522.0559,80,18,"CPU Frame",18.1205006
4522.0579,80,18,"Input",0.275999993
4522.0601,80,18,"GUI Update",0.0318000019
4522.0621,80,18,"Frustum Culling",1.56369996
4522.0642,80,18,"Animations",0.000699999975
4522.0662,80,18,"Spring Dependencies",0.00039999999
4522.0685,80,18,"GUI Render",0.137799993
4522.0702,80,18,"Physics",0.00999999978
4522.0721,80,18,"Update",6.21589994
4522.0743,80,18,"Fixed Update",0.00639999984
4522.076,80,18,"Spline Update",0.000300000014
4522.078,80,18,"Compose",0.421600014
4522.0798,80,18,"Update Buffers (CPU)",0.153899997
4529.2035,81,18,"RenderPath3D Update",6.0596
4529.2216,81,18,"Application Update",6.996
4540.9364,81,18,"Application Render",11.7119
4541.573,81,18,"Application Compose",0.5683
4542.673,81,18,"SubmitCommandLists",1.0837
4542.7011,81,18,"Shadowmap packing",0.00109999999
4542.7042,81,18,"Render",11.7107
4542.7062,81,18,"Procedural Animations",0.00219999999
4542.7085,81,18,"Script Components",0.000199999995
4542.7111,81,18,"CPU Frame",19.5519009
4542.713,81,18,"Input",0.134599999
4542.7154,81,18,"GUI Update",0.0377000012
4542.7175,81,18,"Frustum Culling",1.16540003
4542.7195,81,18,"Animations",0.000199999995
4542.7213,81,18,"Spring Dependencies",0.000300000014
4542.7235,81,18,"GUI Render",0.128299996
4542.7252,81,18,"Physics",0.00579999993
4542.727,81,18,"Update",6.99569988
4542.7292,81,18,"Fixed Update",0.00529999984
4542.731,81,18,"Spline Update",9.99999975e-05
4542.7332,81,18,"Compose",0.567399979
4542.7352,81,18,"Update Buffers (CPU)",0.0943000019
4549.5279,82,18,"RenderPath3D Update",5.8145
4549.5502,82,18,"Application Update",6.6631
4560.9115,82,18,"Application Render",11.3581
4561.4459,82,18,"Application Compose",0.44
4562.3497,82,18,"SubmitCommandLists",0.8913
4562.3765,82,18,"Shadowmap packing",0.000699999975
4562.3796,82,18,"Render",11.3571997
4562.3815,82,18,"Procedural Animations",0.00139999995
4562.3835,82,18,"Script Components",0.000199999995
4562.3861,82,18,"CPU Frame",18.7658997
4562.3881,82,18,"Input",0.140400007
4562.3903,82,18,"GUI Update",0.0568000004
4562.3922,82,18,"Frustum Culling",1.18879998
4562.4342,82,18,"Animations",0.000199999995
4562.4361,82,18,"Spring Dependencies",0.000199999995
4562.4382,82,18,"GUI Render",0.0918999985
4562.44,82,18,"Physics",0.00689999992
4562.4419,82,18,"Update",6.66289997
4562.4437,82,18,"Fixed Update",0.0055999998
4562.4454,82,18,"Spline Update",0.000199999995
4562.4471,82,18,"Compose",0.439200014
4562.4489,82,18,"Update Buffers (CPU)",0.126900002
4569.2901,83,18,"RenderPath3D Update",5.8029
4569.3086,83,18,"Application Update",6.7195
4580.1779,83,18,"Application Render",10.8656
4580.7329,83,18,"Application Compose",0.4674
4581.6078,83,18,"SubmitCommandLists",0.8618
4581.6358,83,18,"Shadowmap packing",0.000600000028
4581.6392,83,18,"Render",10.8642998
4581.6412,83,18,"Procedural Animations",0.000899999985
4581.6432,83,18,"Script Components",0.000199999995
4581.6458,83,18,"CPU Frame",18.3766003
4581.6476,83,18,"Input",0.129299998
4581.6498,83,18,"GUI Update",0.0513000004
4581.6517,83,18,"Frustum Culling",1.38399994
4581.6535,83,18,"Animations",0.00100000005
4581.6554,83,18,"Spring Dependencies",0.00100000005
4581.6574,83,18,"GUI Render",0.0926000029
4581.6591,83,18,"Physics",0.0210999995
4581.6608,83,18,"Update",6.7191
4581.6628,83,18,"Fixed Update",0.00490000006
4581.6645,83,18,"Spline Update",0.000199999995
4581.6663,83,18,"Compose",0.466600001
4581.668,83,18,"Update Buffers (CPU)",0.0957000032
4588.3287,84,18,"RenderPath3D Update",5.4546
4588.3572,84,18,"Application Update",6.5491
4599.8051,84,18,"Application Render",11.4441
4600.3214,84,18,"Application Compose",0.437
4601.3723,84,18,"SubmitCommandLists",1.037
4601.4,84,18,"Shadowmap packing",0.00100000005
4601.4035,84,18,"Render",11.4428997
4601.4055,84,18,"Procedural Animations",0.0013
4601.4074,84,18,"Script Components",9.99999975e-05
4601.4107,84,18,"CPU Frame",18.7063999
4601.4127,84,18,"Input",0.1294
4601.415,84,18,"GUI Update",0.0445000008
4601.4171,84,18,"Frustum Culling",1.75090003
4601.419,84,18,"Animations",0.000500000024
4601.4209,84,18,"Spring Dependencies",0.000699999975
4601.4231,84,18,"GUI Render",0.112599999
4601.4247,84,18,"Physics",0.0111999996
4601.4264,84,18,"Update",6.54869986
4601.4282,84,18,"Fixed Update",0.00499999989
4601.43,84,18,"Spline Update",0.000199999995
4601.4319,84,18,"Compose",0.436100006
4601.4343,84,18,"Update Buffers (CPU)",0.121200003
4608.7529,85,18,"RenderPath3D Update",6.1698
4608.7735,85,18,"Application Update",7.1938
4619.3711,85,18,"Application Render",10.5941
4619.8427,85,18,"Application Compose",0.4053
4620.8325,85,18,"SubmitCommandLists",0.9778
4620.86,85,18,"Shadowmap packing",0.000300000014
4620.8632,85,18,"Render",10.5923996
4620.8654,85,18,"Procedural Animations",0.00139999995
4620.8678,85,18,"Script Components",0.000199999995
4620.8701,85,18,"CPU Frame",18.4638004
4620.872,85,18,"Input",0.135000005
4620.8744,85,18,"GUI Update",0.0540999994
4620.8764,85,18,"Frustum Culling",1.78299999
4620.8785,85,18,"Animations",0.000600000028
4620.8803,85,18,"Spring Dependencies",0.000300000014
4620.8824,85,18,"GUI Render",0.110799998
4620.884,85,18,"Physics",0.0103000002
4620.8858,85,18,"Update",7.19339991
4620.8876,85,18,"Fixed Update",0.00469999993
4620.8895,85,18,"Spline Update",0.000199999995
4620.8913,85,18,"Compose",0.404399991
4620.8934,85,18,"Update Buffers (CPU)",0.142100006
4627.9873,86,18,"RenderPath3D Update",5.6221
4628.0289,86,18,"Application Update",6.7259
4639.4608,86,18,"Application Render",11.4275
4639.9477,86,18,"Application Compose",0.4115
4640.9922,86,18,"SubmitCommandLists",1.032
4641.0248,86,18,"Shadowmap packing",0.000300000014
4641.0283,86,18,"Render",11.4260998
4641.0303,86,18,"Procedural Animations",0.00139999995
4641.0327,86,18,"Script Components",0.000300000014
4641.0352,86,18,"CPU Frame",19.1091995
4641.0371,86,18,"Input",0.393000007
4641.0398,86,18,"GUI Update",0.0469999984
4641.0417,86,18,"Frustum Culling",1.50520003
4641.0435,86,18,"Animations",9.99999975e-05
4641.0458,86,18,"Spring Dependencies",0.00039999999
4641.048,86,18,"GUI Render",0.154899999
4641.0498,86,18,"Physics",0.0055999998
4641.0516,86,18,"Update",6.72529984
4641.0535,86,18,"Fixed Update",0.00789999962
4641.1033,86,18,"Spline Update",0.000300000014
4641.1051,86,18,"Compose",0.410699993
4641.107,86,18,"Update Buffers (CPU)",0.1087
4648.5627,87,18,"RenderPath3D Update",5.7036
4648.5854,87,18,"Application Update",7.3367
4659.4029,87,18,"Application Render",10.8144
4659.8881,87,18,"Application Compose",0.4165
4660.7749,87,18,"SubmitCommandLists",0.8743
4660.8023,87,18,"Shadowmap packing",0.000699999975
4660.8053,87,18,"Render",10.8137999
4660.8073,87,18,"Procedural Animations",0.0013
4660.8095,87,18,"Script Components",0.000199999995
4660.812,87,18,"CPU Frame",18.8836002
4660.814,87,18,"Input",0.1303
4660.8161,87,18,"GUI Update",0.0417999998
4660.8183,87,18,"Frustum Culling",1.54700005
4660.8204,87,18,"Animations",0.000199999995
4660.8221,87,18,"Spring Dependencies",9.99999975e-05
4660.8248,87,18,"GUI Render",0.119900003
4660.8267,87,18,"Physics",0.00520000001
4660.8285,87,18,"Update",7.33640003
4660.8304,87,18,"Fixed Update",0.00499999989
4660.8322,87,18,"Spline Update",0.000300000014
4660.834,87,18,"Compose",0.415800005
4660.8358,87,18,"Update Buffers (CPU)",0.1347
4667.4063,88,18,"RenderPath3D Update",5.5771
4667.4271,88,18,"Application Update",6.4416
4678.3917,88,18,"Application Render",10.9608
4678.8857,88,18,"Application Compose",0.4065
4679.7069,88,18,"SubmitCommandLists",0.808
4679.7443,88,18,"Shadowmap packing",0.000199999995
4679.7475,88,18,"Render",10.9590998
4679.7495,88,18,"Procedural Animations",0.0013
4679.7517,88,18,"Script Components",0.000199999995
4679.7546,88,18,"CPU Frame",18.1044006
4679.7564,88,18,"Input",0.1382
4679.7585,88,18,"GUI Update",0.0364999995
4679.7606,88,18,"Frustum Culling",1.23969996
4679.7625,88,18,"Animations",0.000199999995
4679.7643,88,18,"Spring Dependencies",0.00109999999
4679.7667,88,18,"GUI Render",0.0776000023
4679.7684,88,18,"Physics",0.0109999999
4679.7702,88,18,"Update",6.44119978
4679.7719,88,18,"Fixed Update",0.00540000014
4679.7737,88,18,"Spline Update",0.000199999995
4679.7754,88,18,"Compose",0.405400008
4679.7772,88,18,"Update Buffers (CPU)",0.066399999
4686.5326,89,18,"RenderPath3D Update",5.5761
4686.553,89,18,"Application Update",6.6243
4696.8404,89,18,"Application Render",10.2844
4697.3296,89,18,"Application Compose",0.4229
4698.6513,89,18,"SubmitCommandLists",1.3089
4698.6881,89,18,"Shadowmap packing",0.000600000028
4698.6912,89,18,"Render",10.2834997
4698.6936,89,18,"Procedural Animations",0.0013
4698.6958,89,18,"Script Components",0.00039999999
4698.6987,89,18,"CPU Frame",17.6124992
4698.7007,89,18,"Input",0.140599996
4698.7028,89,18,"GUI Update",0.0392999984
4698.7049,89,18,"Frustum Culling",1.65199995
4698.7068,89,18,"Animations",0.000600000028
4698.7086,89,18,"Spring Dependencies",0.00079999998
4698.7108,89,18,"GUI Render",0.0793000013
4698.7128,89,18,"Physics",0.00680000009
4698.7146,89,18,"Update",6.62400007
4698.7164,89,18,"Fixed Update",0.00499999989
4698.718,89,18,"Spline Update",0.000199999995
4698.7199,89,18,"Compose",0.421799988
4698.7218,89,18,"Update Buffers (CPU)",0.0921000019
4705.5884,90,18,"RenderPath3D Update",5.8528
4705.61,90,18,"Application Update",6.7401
4716.0774,90,18,"Application Render",10.4641
4716.5561,90,18,"Application Compose",0.4021
4717.4195,90,18,"SubmitCommandLists",0.8512
4717.4469,90,18,"Shadowmap packing",0.000500000024
4717.4501,90,18,"Render",10.4630003
4717.4521,90,18,"Procedural Animations",0.00209999993
4717.4544,90,18,"Script Components",0.000300000014
4717.4571,90,18,"CPU Frame",17.8932991
4717.4588,90,18,"Input",0.136999995
4717.4611,90,18,"GUI Update",0.0428000018
4717.4632,90,18,"Frustum Culling",1.63230002
4717.4651,90,18,"Animations",9.99999975e-05
4717.4673,90,18,"Spring Dependencies",0.000899999985
4717.4696,90,18,"GUI Render",0.0829000026
4717.4713,90,18,"Physics",0.00600000005
4717.4731,90,18,"Update",6.73990011
4717.4749,90,18,"Fixed Update",0.00510000018
4717.4765,90,18,"Spline Update",0.000199999995
4717.4783,90,18,"Compose",0.40079999
4717.4802,90,18,"Update Buffers (CPU)",0.0874999985
4725.0802,91,18,"RenderPath3D Update",6.3924
4725.122,91,18,"Application Update",7.4656
4735.7811,91,18,"Application Render",10.5405
4736.2652,91,18,"Application Compose",0.4183
4737.2155,91,18,"SubmitCommandLists",0.9383
4737.2439,91,18,"Shadowmap packing",0.000699999975
4737.2469,91,18,"Render",10.5394001
4737.2491,91,18,"Procedural Animations",0.00159999996
4737.2512,91,18,"Script Components",0.00039999999
4737.2536,91,18,"CPU Frame",18.8390999
4737.2554,91,18,"Input",0.164299995
4737.2574,91,18,"GUI Update",0.0386999995
4737.2594,91,18,"Frustum Culling",1.51059997
4737.2614,91,18,"Animations",0.000199999995
4737.2631,91,18,"Spring Dependencies",0.000600000028
4737.2652,91,18,"GUI Render",0.140900001
4737.2669,91,18,"Physics",0.00639999984
4737.2685,91,18,"Update",7.46509981
4737.2703,91,18,"Fixed Update",0.0046000001
4737.2721,91,18,"Spline Update",0.00039999999
4737.2738,91,18,"Compose",0.416999996
4737.2754,91,18,"Update Buffers (CPU)",0.120899998
4744.0092,92,18,"RenderPath3D Update",5.6517
4744.0522,92,18,"Application Update",6.6375
4757.9381,92,18,"Application Render",13.8825
4758.4411,92,18,"Application Compose",0.4322
4759.293,92,18,"SubmitCommandLists",0.837
4759.3224,92,18,"Shadowmap packing",0.00039999999
4759.3256,92,18,"Render",13.8817997
4759.3277,92,18,"Procedural Animations",0.00139999995
4759.33,92,18,"Script Components",0.000199999995
4759.3325,92,18,"CPU Frame",21.2201004
4759.3343,92,18,"Input",0.127700001
4759.3366,92,18,"GUI Update",0.0357000008
4759.3386,92,18,"Frustum Culling",1.09850001
4759.3405,92,18,"Animations",0.000199999995
4759.3422,92,18,"Spring Dependencies",0.000199999995
4759.3445,92,18,"GUI Render",0.0895000026
4759.3462,92,18,"Physics",0.00710000005
4759.3479,92,18,"Update",6.63719988
4759.3497,92,18,"Fixed Update",0.00549999997
4759.3513,92,18,"Spline Update",0.000199999995
4759.3531,92,18,"Compose",0.431300014
4759.3548,92,18,"Update Buffers (CPU)",0.100900002
4766.9831,93,18,"RenderPath3D Update",5.7427
4767.0364,93,18,"Application Update",7.5417
4777.6129,93,18,"Application Render",10.5719
4778.0985,93,18,"Application Compose",0.4137
4778.994,93,18,"SubmitCommandLists",0.8814
4779.021,93,18,"Shadowmap packing",0.00109999999
4779.0242,93,18,"Render",10.5705004
4779.0263,93,18,"Procedural Animations",0.00209999993
4779.0285,93,18,"Script Components",0.000199999995
4779.0311,93,18,"CPU Frame",18.7987995
4779.033,93,18,"Input",0.127800003
4779.0357,93,18,"GUI Update",0.0381999984
4779.0378,93,18,"Frustum Culling",1.81239998
4779.0399,93,18,"Animations",0.000199999995
4779.0417,93,18,"Spring Dependencies",0.00100000005
4779.0438,93,18,"GUI Render",0.172800004
4779.0457,93,18,"Physics",0.00510000018
4779.0475,93,18,"Update",7.54139996
4779.0494,93,18,"Fixed Update",0.00579999993
4779.0512,93,18,"Spline Update",0.000300000014
4779.053,93,18,"Compose",0.412699997
4779.0549,93,18,"Update Buffers (CPU)",0.104000002
4786.3002,94,18,"RenderPath3D Update",6.1841
4786.3208,94,18,"Application Update",7.1104
4797.7376,94,18,"Application Render",11.4135
4798.2077,94,18,"Application Compose",0.4004
4799.1888,94,18,"SubmitCommandLists",0.9674
4799.2134,94,18,"Shadowmap packing",0.000600000028
4799.2162,94,18,"Render",11.4124002
4799.2182,94,18,"Procedural Animations",0.00179999997
4799.2205,94,18,"Script Components",0.000199999995
4799.2231,94,18,"CPU Frame",19.2077999
4799.2248,94,18,"Input",0.143099993
4799.2269,94,18,"GUI Update",0.0516999997
4799.2286,94,18,"Frustum Culling",1.21619999
4799.2304,94,18,"Animations",0.000199999995
4799.2321,94,18,"Spring Dependencies",0.00039999999
4799.2342,94,18,"GUI Render",0.104400001
4799.2358,94,18,"Physics",0.0115999999
4799.2374,94,18,"Update",7.11009979
4799.2392,94,18,"Fixed Update",0.00669999979
4799.241,94,18,"Spline Update",0.000300000014
4799.2428,94,18,"Compose",0.399500012
4799.2445,94,18,"Update Buffers (CPU)",0.133599997
4806.4225,95,18,"RenderPath3D Update",5.7408
4806.4665,95,18,"Application Update",7.0727
4818.3567,95,18,"Application Render",11.8857
4818.8532,95,18,"Application Compose",0.4151
4819.7035,95,18,"SubmitCommandLists",0.8369
4819.7347,95,18,"Shadowmap packing",0.000300000014
4819.738,95,18,"Render",11.8844995
4819.7791,95,18,"Procedural Animations",0.00139999995
4819.7817,95,18,"Script Components",0.000199999995
4819.7845,95,18,"CPU Frame",19.6601009
4819.7863,95,18,"Input",0.1259
4819.7885,95,18,"GUI Update",0.0309999995
4819.7906,95,18,"Frustum Culling",1.15849996
4819.7925,95,18,"Animations",0.000199999995
4819.7942,95,18,"Spring Dependencies",0.00039999999
4819.7966,95,18,"GUI Render",0.0768000036
4819.7982,95,18,"Physics",0.00710000005
4819.8001,95,18,"Update",7.07240009
4819.802,95,18,"Fixed Update",0.00540000014
4819.804,95,18,"Spline Update",0.000199999995
4819.8058,95,18,"Compose",0.414299995
4819.8078,95,18,"Update Buffers (CPU)",0.142900005
4825.9419,96,18,"RenderPath3D Update",5.1062
4825.9598,96,18,"Application Update",6.0101
4837.1802,96,18,"Application Render",11.2172
4837.751,96,18,"Application Compose",0.4588
4838.592,96,18,"SubmitCommandLists",0.8281
4838.6194,96,18,"Shadowmap packing",0.000199999995
4838.6229,96,18,"Render",11.2160997
4838.625,96,18,"Procedural Animations",0.00109999999
4838.6274,96,18,"Script Components",0.000199999995
4838.6299,96,18,"CPU Frame",18.0391998
4838.6318,96,18,"Input",0.129600003
4838.634,96,18,"GUI Update",0.0364999995
4838.636,96,18,"Frustum Culling",1.54830003
4838.6381,96,18,"Animations",0.000600000028
4838.6402,96,18,"Spring Dependencies",0.000300000014
4838.6421,96,18,"GUI Render",0.0719999969
4838.6439,96,18,"Physics",0.00899999961
4838.6456,96,18,"Update",6.00979996
4838.6474,96,18,"Fixed Update",0.00630000001
4838.6491,96,18,"Spline Update",0.000199999995
4838.6508,96,18,"Compose",0.457800001
4838.6527,96,18,"Update Buffers (CPU)",0.113499999
4845.3509,97,18,"RenderPath3D Update",5.5126
4845.3711,97,18,"Application Update",6.5747
4856.7473,97,18,"Application Render",11.3734
4857.2748,97,18,"Application Compose",0.4438
4858.4506,97,18,"SubmitCommandLists",1.1459
4858.5316,97,18,"Shadowmap packing",0.00109999999
4858.5357,97,18,"Render",11.3719997
4858.5378,97,18,"Procedural Animations",0.00109999999
4858.5403,97,18,"Script Components",0.000300000014
4858.5435,97,18,"CPU Frame",18.6891994
4858.5455,97,18,"Input",0.133100003
4858.5479,97,18,"GUI Update",0.0340999998
4858.5501,97,18,"Frustum Culling",1.47809994
4858.552,97,18,"Animations",0.000600000028
4858.5539,97,18,"Spring Dependencies",0.000899999985
4858.5564,97,18,"GUI Render",0.0878000036
4858.5582,97,18,"Physics",0.00960000046
4858.5599,97,18,"Update",6.57450008
4858.562,97,18,"Fixed Update",0.00490000006
4858.5638,97,18,"Spline Update",0.000199999995
4858.5656,97,18,"Compose",0.442600012
4858.5678,97,18,"Update Buffers (CPU)",0.178000003
4865.9616,98,18,"RenderPath3D Update",6.1232
4865.9817,98,18,"Application Update",7.2196
4876.917,98,18,"Application Render",10.932
4877.4047,98,18,"Application Compose",0.4175
4880.7987,98,18,"SubmitCommandLists",3.3799
4880.8957,98,18,"Shadowmap packing",0.000500000024
4880.901,98,18,"Render",10.9308996
4880.9037,98,18,"Procedural Animations",0.00139999995
4880.9059,98,18,"Script Components",0.000300000014
4880.9107,98,18,"CPU Frame",18.9225998
4880.913,98,18,"Input",0.179900005
4880.916,98,18,"GUI Update",0.0485999994
4880.9228,98,18,"Frustum Culling",1.85350001
4880.925,98,18,"Animations",0.000199999995
4880.9308,98,18,"Spring Dependencies",0.000500000024
4880.9335,98,18,"GUI Render",0.104999997
4880.9353,98,18,"Physics",0.0108000003
4880.9374,98,18,"Update",7.21929979
4880.9403,98,18,"Fixed Update",0.00639999984
4880.9422,98,18,"Spline Update",0.000300000014
4880.9441,98,18,"Compose",0.416399986
4880.947,98,18,"Update Buffers (CPU)",0.114299998
4890.6489,99,18,"RenderPath3D Update",8.1048
4890.7113,99,18,"Application Update",9.3114
4903.4847,99,18,"Application Render",12.7661
4903.9717,99,18,"Application Compose",0.409
4904.9621,99,18,"SubmitCommandLists",0.9782
4904.9918,99,18,"Shadowmap packing",0.000699999975
4904.9948,99,18,"Render",12.7610998
4904.9968,99,18,"Procedural Animations",0.00439999998
4904.999,99,18,"Script Components",0.000199999995
4905.0015,99,18,"CPU Frame",23.1376991
4905.0033,99,18,"Input",0.400299996
4905.0053,99,18,"GUI Update",0.0768999979
4905.0074,99,18,"Frustum Culling",1.88119996
4905.0563,99,18,"Animations",0.000199999995
4905.0581,99,18,"Spring Dependencies",0.0013
4905.0604,99,18,"GUI Render",0.0964000002
4905.0622,99,18,"Physics",0.0251000002
4905.0639,99,18,"Update",9.31099987
4905.0658,99,18,"Fixed Update",0.0311999992
4905.0675,99,18,"Spline Update",0.000600000028
4905.0693,99,18,"Compose",0.408199996
4905.0712,99,18,"Update Buffers (CPU)",0.200800002
4912.172,100,18,"RenderPath3D Update",5.4854
4912.1976,100,18,"Application Update",6.9772
4923.5172,100,18,"Application Render",11.316
4923.9889,100,18,"Application Compose",0.3957
4924.9018,100,18,"SubmitCommandLists",0.9006
4924.931,100,18,"Shadowmap packing",0.000699999975
4924.934,100,18,"Render",11.3151999
4924.936,100,18,"Procedural Animations",0.00139999995
4924.938,100,18,"Script Components",0.000199999995
4924.9408,100,18,"CPU Frame",19.0191994
4924.9427,100,18,"Input",0.138099998
4924.9448,100,18,"GUI Update",0.0469999984
4924.9469,100,18,"Frustum Culling",1.67620003
4924.9487,100,18,"Animations",0.000199999995
4924.9503,100,18,"Spring Dependencies",0.000600000028
4924.9524,100,18,"GUI Render",0.159199998
4924.9542,100,18,"Physics",0.00499999989
4924.956,100,18,"Update",6.9769001
4924.9578,100,18,"Fixed Update",0.00469999993
4924.9596,100,18,"Spline Update",0.000199999995
4924.9613,100,18,"Compose",0.394800007
4924.9632,100,18,"Update Buffers (CPU)",0.123599999
4932.5358,101,18,"RenderPath3D Update",6.4662
4932.5692,101,18,"Application Update",7.4605
4943.9829,101,18,"Application Render",11.4102
4944.4597,101,18,"Application Compose",0.3996
4945.3798,101,18,"SubmitCommandLists",0.9076
4945.4073,101,18,"Shadowmap packing",0.000300000014
4945.4101,101,18,"Render",11.4094
4945.4123,101,18,"Procedural Animations",0.00190000003
4945.4144,101,18,"Script Components",0.000300000014
4945.4166,101,18,"CPU Frame",19.5510998
4945.4183,101,18,"Input",0.134499997
4945.4206,101,18,"GUI Update",0.152400002
4945.4222,101,18,"Frustum Culling",1.7974
4945.4243,101,18,"Animations",0.000300000014
4945.4261,101,18,"Spring Dependencies",0.000199999995
4945.4281,101,18,"GUI Render",0.1919
4945.4299,101,18,"Physics",0.00639999984
4945.4317,101,18,"Update",7.46029997
4945.4334,101,18,"Fixed Update",0.00510000018
4945.4352,101,18,"Spline Update",0.000300000014
4945.4368,101,18,"Compose",0.398699999
4945.4387,101,18,"Update Buffers (CPU)",0.144700006
4952.6194,102,18,"RenderPath3D Update",6.1482
4952.6401,102,18,"Application Update",7.0577
4964.4292,102,18,"Application Render",11.7775
4964.9005,102,18,"Application Compose",0.3915
4965.7938,102,18,"SubmitCommandLists",0.8812
4965.8222,102,18,"Shadowmap packing",0.000600000028
4965.8251,102,18,"Render",11.7765999
4965.8271,102,18,"Procedural Animations",0.00200000009
4965.8292,102,18,"Script Components",9.99999975e-05
4965.8323,102,18,"CPU Frame",19.5139999
4965.834,102,18,"Input",0.132400006
4965.8362,102,18,"GUI Update",0.0612000003
4965.8381,102,18,"Frustum Culling",1.08350003
4965.84,102,18,"Animations",0.000199999995
4965.8418,102,18,"Spring Dependencies",0.00100000005
4965.8439,102,18,"GUI Render",0.0901999995
4965.846,102,18,"Physics",0.00989999995
4965.8476,102,18,"Update",7.05749989
4965.8493,102,18,"Fixed Update",0.00540000014
4965.8511,102,18,"Spline Update",0.000300000014
4965.8528,102,18,"Compose",0.390599996
4965.8547,102,18,"Update Buffers (CPU)",0.116999999
4973.1104,103,18,"RenderPath3D Update",6.1447
4973.1448,103,18,"Application Update",7.1465
4984.7119,103,18,"Application Render",11.5638
4985.1852,103,18,"Application Compose",0.3937
4985.932,103,18,"SubmitCommandLists",0.7349
4985.9584,103,18,"Shadowmap packing",0.000500000024
4985.9616,103,18,"Render",11.5628996
4985.9635,103,18,"Procedural Animations",0.00159999996
4985.9657,103,18,"Script Components",9.99999975e-05
4985.9687,103,18,"CPU Frame",19.3841
4985.9705,103,18,"Input",0.133000001
4985.9726,103,18,"GUI Update",0.0421999991
4985.9747,103,18,"Frustum Culling",1.10810006
4985.9766,103,18,"Animations",0.000600000028
4985.9784,103,18,"Spring Dependencies",0.00150000001
4985.9805,103,18,"GUI Render",0.0776999965
4986.0243,103,18,"Physics",0.00609999988
4986.0265,103,18,"Update",7.14629984
4986.0284,103,18,"Fixed Update",0.00480000023
4986.0302,103,18,"Spline Update",0.000199999995
4986.032,103,18,"Compose",0.39289999
4986.0339,103,18,"Update Buffers (CPU)",0.0864999965
4992.4656,104,18,"RenderPath3D Update",5.2741
4992.4835,104,18,"Application Update",6.3148
5003.1423,104,18,"Application Render",10.6554
5003.7366,104,18,"Application Compose",0.4798
5004.6521,104,18,"SubmitCommandLists",0.9015
5004.6794,104,18,"Shadowmap packing",0.00039999999
5004.6826,104,18,"Render",10.6543999
5004.6847,104,18,"Procedural Animations",0.00120000006
5004.6869,104,18,"Script Components",0.000500000024
5004.6894,104,18,"CPU Frame",17.7992992
5004.6912,104,18,"Input",0.124499999
5004.6933,104,18,"GUI Update",0.0412000008
5004.6952,104,18,"Frustum Culling",1.54799998
5004.6973,104,18,"Animations",0.000500000024
5004.699,104,18,"Spring Dependencies",0.000300000014
5004.7016,104,18,"GUI Render",0.116899997
5004.7033,104,18,"Physics",0.0296999998
5004.7051,104,18,"Update",6.31449986
5004.7068,104,18,"Fixed Update",0.0046000001
5004.7088,104,18,"Spline Update",0.000199999995
5004.7105,104,18,"Compose",0.478700012
5004.7123,104,18,"Update Buffers (CPU)",0.107100002
5011.7685,105,18,"RenderPath3D Update",5.9013
5011.7883,105,18,"Application Update",6.9293
5022.395,105,18,"Application Render",10.6033
5022.8837,105,18,"Application Compose",0.4153
5023.9823,105,18,"SubmitCommandLists",1.0849
5024.0278,105,18,"Shadowmap packing",0.000600000028
5024.0494,105,18,"Render",10.6020002
5024.0516,105,18,"Procedural Animations",0.00120000006
5024.0538,105,18,"Script Components",0.000199999995
5024.0571,105,18,"CPU Frame",18.2250996
5024.059,105,18,"Input",0.135000005
5024.0617,105,18,"GUI Update",0.053199999
5024.0638,105,18,"Frustum Culling",1.6437
5024.0657,105,18,"Animations",0.000500000024
5024.0681,105,18,"Spring Dependencies",0.000699999975
5024.0703,105,18,"GUI Render",0.104400001
5024.072,105,18,"Physics",0.00540000014
5024.0738,105,18,"Update",6.92910004
5024.0759,105,18,"Fixed Update",0.0057000001
5024.0777,105,18,"Spline Update",0.000199999995
5024.0795,105,18,"Compose",0.414200008
5024.0823,105,18,"Update Buffers (CPU)",0.102899998
5031.3762,106,18,"RenderPath3D Update",6.0062
5031.3973,106,18,"Application Update",7.0628
5042.0739,106,18,"Application Render",10.6725
5042.5626,106,18,"Application Compose",0.3931
5043.4441,106,18,"SubmitCommandLists",0.8688
5043.4717,106,18,"Shadowmap packing",0.00100000005
5043.4747,106,18,"Render",10.6693001
5043.4766,106,18,"Procedural Animations",0.00120000006
5043.4787,106,18,"Script Components",0.000199999995
5043.4812,106,18,"CPU Frame",18.5687008
5043.483,106,18,"Input",0.218799993
5043.4851,106,18,"GUI Update",0.0511000007
5043.487,106,18,"Frustum Culling",1.5711
5043.489,106,18,"Animations",0.00139999995
5043.4908,106,18,"Spring Dependencies",0.000300000014
5043.4934,106,18,"GUI Render",0.134800002
5043.495,106,18,"Physics",0.00499999989
5043.4968,106,18,"Update",7.06260014
5043.4985,106,18,"Fixed Update",0.00820000004
5043.5002,106,18,"Spline Update",0.000199999995
5043.5019,106,18,"Compose",0.39230001
5043.5036,106,18,"Update Buffers (CPU)",0.119499996
5051.4275,107,18,"RenderPath3D Update",6.7871
5051.4582,107,18,"Application Update",7.8101
5066.7185,107,18,"Application Render",15.2566
5067.2498,107,18,"Application Compose",0.4281
5068.3682,107,18,"SubmitCommandLists",1.105
5068.3991,107,18,"Shadowmap packing",0.0193000007
5068.402,107,18,"Render",15.2558002
5068.404,107,18,"Procedural Animations",0.0013
5068.4063,107,18,"Script Components",0.000300000014
5068.409,107,18,"CPU Frame",23.7994995
5068.4108,107,18,"Input",0.133000001
5068.4132,107,18,"GUI Update",0.0612000003
5068.415,107,18,"Frustum Culling",2.4756999
5068.4168,107,18,"Animations",0.000500000024
5068.4189,107,18,"Spring Dependencies",0.000600000028
5068.4212,107,18,"GUI Render",0.0715000033
5068.4228,107,18,"Physics",0.00810000021
5068.4245,107,18,"Update",7.80980015
5068.4264,107,18,"Fixed Update",0.00520000001
5068.4281,107,18,"Spline Update",0.000300000014
5068.4843,107,18,"Compose",0.427100003
5068.4866,107,18,"Update Buffers (CPU)",0.164100006
5074.9624,108,18,"RenderPath3D Update",5.3486
5074.9793,108,18,"Application Update",6.3561
5085.1607,108,18,"Application Render",10.178
5085.6285,108,18,"Application Compose",0.3909
5086.8567,108,18,"SubmitCommandLists",1.2166
5086.9104,108,18,"Shadowmap packing",0.000500000024
5086.9143,108,18,"Render",10.1768999
5086.9163,108,18,"Procedural Animations",0.00150000001
5086.9186,108,18,"Script Components",0.000199999995
5086.9217,108,18,"CPU Frame",17.2511997
5086.9235,108,18,"Input",0.124799997
5086.926,108,18,"GUI Update",0.0472000018
5086.9281,108,18,"Frustum Culling",1.61109996
5086.9334,108,18,"Animations",0.00139999995
5086.9373,108,18,"Spring Dependencies",0.000300000014
5086.9396,108,18,"GUI Render",0.0705000013
5086.9414,108,18,"Physics",0.00680000009
5086.9431,108,18,"Update",6.35580015
5086.9449,108,18,"Fixed Update",0.00529999984
5086.9466,108,18,"Spline Update",0.0104999999
5086.9483,108,18,"Compose",0.390199989
5086.9503,108,18,"Update Buffers (CPU)",0.102499999
5094.3296,109,18,"RenderPath3D Update",6.093
5094.3546,109,18,"Application Update",7.1928
5104.4514,109,18,"Application Render",10.0932
5104.9208,109,18,"Application Compose",0.3926
5105.8671,109,18,"SubmitCommandLists",0.9348
5105.8959,109,18,"Shadowmap packing",0.000500000024
5105.8988,109,18,"Render",10.0925999
5105.9007,109,18,"Procedural Animations",0.0013
5105.9028,109,18,"Script Components",0.000199999995
5105.9053,109,18,"CPU Frame",18.0541992
5105.9071,109,18,"Input",0.189999998
5105.9094,109,18,"GUI Update",0.0461000018
5105.9113,109,18,"Frustum Culling",1.62150002
5105.9131,109,18,"Animations",0.000300000014
5105.915,109,18,"Spring Dependencies",0.000500000024
5105.917,109,18,"GUI Render",0.0800999999
5105.9187,109,18,"Physics",0.00639999984
5105.9203,109,18,"Update",7.19250011
5105.9221,109,18,"Fixed Update",0.0118000004
5105.9237,109,18,"Spline Update",0.00039999999
5105.9255,109,18,"Compose",0.391499996
5105.9277,109,18,"Update Buffers (CPU)",0.0860999972
5113.1383,110,18,"RenderPath3D Update",6.1596
5113.1657,110,18,"Application Update",7.0948
5124.3323,110,18,"Application Render",11.1633
5124.8004,110,18,"Application Compose",0.3902
5125.696,110,18,"SubmitCommandLists",0.884
5125.7238,110,18,"Shadowmap packing",0.000699999975
5125.7269,110,18,"Render",11.1625996
5125.7293,110,18,"Procedural Animations",0.00150000001
5125.7314,110,18,"Script Components",0.000300000014
5125.7339,110,18,"CPU Frame",18.9267006
5125.7358,110,18,"Input",0.129899994
5125.7381,110,18,"GUI Update",0.0790000036
5125.7401,110,18,"Frustum Culling",1.49969995
5125.7421,110,18,"Animations",0.000199999995
5125.744,110,18,"Spring Dependencies",0.00109999999
5125.7465,110,18,"GUI Render",0.107299998
5125.7482,110,18,"Physics",0.00620000018
5125.7499,110,18,"Update",7.09450006
5125.7517,110,18,"Fixed Update",0.00639999984
5125.7534,110,18,"Spline Update",0.000199999995
5125.7552,110,18,"Compose",0.389600009
5125.7571,110,18,"Update Buffers (CPU)",0.152700007
5132.7479,111,18,"RenderPath3D Update",5.9298
5132.7652,111,18,"Application Update",6.8664
5145.2394,111,18,"Application Render",12.4705
5145.7607,111,18,"Application Compose",0.443
5146.7484,111,18,"SubmitCommandLists",0.9738
5146.7961,111,18,"Shadowmap packing",0.00079999998
5146.8001,111,18,"Render",12.4696999
5146.8025,111,18,"Procedural Animations",0.00120000006
5146.8047,111,18,"Script Components",0.000199999995
5146.8072,111,18,"CPU Frame",20.059
5146.8091,111,18,"Input",0.130700007
5146.8112,111,18,"GUI Update",0.0441000015
5146.8133,111,18,"Frustum Culling",1.10430002
5146.8153,111,18,"Animations",0.000199999995
5146.8171,111,18,"Spring Dependencies",0.00109999999
5146.8193,111,18,"GUI Render",0.0680999979
5146.821,111,18,"Physics",0.00710000005
5146.8229,111,18,"Update",6.86609983
5146.8247,111,18,"Fixed Update",0.00510000018
5146.8266,111,18,"Spline Update",0.000199999995
5146.8284,111,18,"Compose",0.442299992
5146.8305,111,18,"Update Buffers (CPU)",0.123000003
5154.3649,112,18,"RenderPath3D Update",6.4552
5154.4428,112,18,"Application Update",7.4717
5165.9726,112,18,"Application Render",11.5262
5166.4844,112,18,"Application Compose",0.4262
5167.4342,112,18,"SubmitCommandLists",0.9367
5167.5062,112,18,"Shadowmap packing",0.000699999975
5167.51,112,18,"Render",11.5255003
5167.5122,112,18,"Procedural Animations",0.00150000001
5167.5145,112,18,"Script Components",9.99999975e-05
5167.5175,112,18,"CPU Frame",19.7098007
5167.5195,112,18,"Input",0.128399998
5167.522,112,18,"GUI Update",0.060800001
5167.5248,112,18,"Frustum Culling",1.14660001
5167.5269,112,18,"Animations",0.000199999995
5167.5288,112,18,"Spring Dependencies",0.00079999998
5167.531,112,18,"GUI Render",0.115099996
5167.5329,112,18,"Physics",0.0119000003
5167.535,112,18,"Update",7.47139978
5167.537,112,18,"Fixed Update",0.0055999998
5167.5388,112,18,"Spline Update",0.000199999995
5167.5406,112,18,"Compose",0.425300002
5167.5431,112,18,"Update Buffers (CPU)",0.111100003
5176.1607,113,18,"RenderPath3D Update",7.1306
5176.1783,113,18,"Application Update",8.3915
5189.6962,113,18,"Application Render",13.5035
5190.1789,113,18,"Application Compose",0.4052
5191.7149,113,18,"SubmitCommandLists",1.5227
5191.7769,113,18,"Shadowmap packing",0.00170000002
5191.7803,113,18,"Render",13.5028
5191.7827,113,18,"Procedural Animations",0.00150000001
5191.785,113,18,"Script Components",0.000199999995
5191.7882,113,18,"CPU Frame",22.6982002
5191.7904,113,18,"Input",0.222200006
5191.7927,113,18,"GUI Update",0.0318999998
5191.7948,113,18,"Frustum Culling",2.1566
5191.7969,113,18,"Animations",0.000199999995
5191.7988,113,18,"Spring Dependencies",0.000699999975
5191.801,113,18,"GUI Render",0.1127
5191.8029,113,18,"Physics",0.00820000004
5191.8047,113,18,"Update",8.39099979
5191.8066,113,18,"Fixed Update",0.0129000004
5191.8083,113,18,"Spline Update",0.000300000014
5191.8103,113,18,"Compose",0.403800011
5191.8124,113,18,"Update Buffers (CPU)",0.200100005
5201.8401,114,18,"RenderPath3D Update",8.7916
5201.8638,114,18,"Application Update",9.8635
5213.2515,114,18,"Application Render",11.3839
5213.729,114,18,"Application Compose",0.394
5214.6179,114,18,"SubmitCommandLists",0.8762
5214.6455,114,18,"Shadowmap packing",0.000500000024
5214.6487,114,18,"Render",11.3827
5214.6507,114,18,"Procedural Animations",0.00120000006
5214.6531,114,18,"Script Components",9.99999975e-05
5214.6559,114,18,"CPU Frame",22.0027008
5214.6578,114,18,"Input",0.174400002
5214.6599,114,18,"GUI Update",0.0362000018
5214.6619,114,18,"Frustum Culling",1.21969998
5214.6639,114,18,"Animations",0.000899999985
5214.6657,114,18,"Spring Dependencies",0.000199999995
5214.6679,114,18,"GUI Render",0.102899998
5214.6697,114,18,"Physics",0.00989999995
5214.6714,114,18,"Update",9.86330032
5214.6733,114,18,"Fixed Update",0.00689999992
5214.675,114,18,"Spline Update",0.000199999995
5214.6768,114,18,"Compose",0.39320001
5214.6788,114,18,"Update Buffers (CPU)",0.0922999978
5221.8247,115,18,"RenderPath3D Update",5.9504
5221.8562,115,18,"Application Update",7.0092
5233.0018,115,18,"Application Render",11.1413
5233.573,115,18,"Application Compose",0.4817
5234.4575,115,18,"SubmitCommandLists",0.8717
5234.486,115,18,"Shadowmap packing",0.000500000024
5234.4894,115,18,"Render",11.1395998
5234.4916,115,18,"Procedural Animations",0.00179999997
5234.494,115,18,"Script Components",0.000199999995
5234.4966,115,18,"CPU Frame",18.9480991
5234.4985,115,18,"Input",0.157199994
5234.5007,115,18,"GUI Update",0.0432000011
5234.5026,115,18,"Frustum Culling",1.55999994
5234.5045,115,18,"Animations",9.99999975e-05
5234.5067,115,18,"Spring Dependencies",0.000699999975
5234.509,115,18,"GUI Render",0.0996000022
5234.5107,115,18,"Physics",0.00620000018
5234.5124,115,18,"Update",7.00890017
5234.5243,115,18,"Fixed Update",0.00499999989
5234.5265,115,18,"Spline Update",0.000300000014
5234.5283,115,18,"Compose",0.48089999
5234.5301,115,18,"Update Buffers (CPU)",0.136700004
5241.5796,116,18,"RenderPath3D Update",5.8771
5241.6088,116,18,"Application Update",6.9415
5252.1266,116,18,"Application Render",10.5151
5252.5887,116,18,"Application Compose",0.3967
5253.7823,116,18,"SubmitCommandLists",1.1814
5253.9269,116,18,"Shadowmap packing",0.000699999975
5253.9381,116,18,"Render",10.5141001
5253.94,116,18,"Procedural Animations",0.00150000001
5253.9423,116,18,"Script Components",0.000199999995
5253.9454,116,18,"CPU Frame",18.1233997
5253.9472,116,18,"Input",0.127100006
5253.9496,116,18,"GUI Update",0.0727000013
5253.9518,116,18,"Frustum Culling",1.48810005
5253.9539,116,18,"Animations",0.00480000023
5253.9558,116,18,"Spring Dependencies",0.00150000001
5253.9578,116,18,"GUI Render",0.0778999999
5253.9596,116,18,"Physics",0.00609999988
5253.9612,116,18,"Update",6.94119978
5253.9632,116,18,"Fixed Update",0.00449999981
5253.9649,116,18,"Spline Update",9.99999975e-05
5253.9677,116,18,"Compose",0.395599991
5253.9697,116,18,"Update Buffers (CPU)",0.216999993
5261.3756,117,18,"RenderPath3D Update",6.144
5261.4098,117,18,"Application Update",7.2424
5271.3842,117,18,"Application Render",9.971
5271.8474,117,18,"Application Compose",0.3979
5272.788,117,18,"SubmitCommandLists",0.9289
5272.8149,117,18,"Shadowmap packing",0.00159999996
5272.8182,117,18,"Render",9.97000027
5272.82,117,18,"Procedural Animations",0.00150000001
5272.8222,117,18,"Script Components",0.000300000014
5272.8247,117,18,"CPU Frame",17.9466991
5272.8267,117,18,"Input",0.178100005
5272.8291,117,18,"GUI Update",0.0452000014
5272.8309,117,18,"Frustum Culling",1.50800002
5272.8327,117,18,"Animations",0.000699999975
5272.8345,117,18,"Spring Dependencies",0.000199999995
5272.8365,117,18,"GUI Render",0.123099998
5272.8382,117,18,"Physics",0.0104
5272.8402,117,18,"Update",7.2421999
5272.842,117,18,"Fixed Update",0.0108000003
5272.8438,117,18,"Spline Update",0.000300000014
5272.8456,117,18,"Compose",0.397100002
5272.8473,117,18,"Update Buffers (CPU)",0.138699993
5280.3397,118,18,"RenderPath3D Update",5.7326
5280.3691,118,18,"Application Update",7.3822
5291.4613,118,18,"Application Render",11.0889
5291.9403,118,18,"Application Compose",0.398
5292.956,118,18,"SubmitCommandLists",1.002
5292.9819,118,18,"Shadowmap packing",0.000600000028
5292.9852,118,18,"Render",11.0881004
5292.9873,118,18,"Procedural Animations",0.0013
5292.9894,118,18,"Script Components",0.000199999995
5292.9922,118,18,"CPU Frame",19.1459007
5292.9941,118,18,"Input",0.127299994
5292.9963,118,18,"GUI Update",0.0342000015
5292.9981,118,18,"Frustum Culling",2.00810003
5292.9999,118,18,"Animations",9.99999975e-05
5293.0025,118,18,"Spring Dependencies",0.000500000024
5293.0143,118,18,"GUI Render",0.244800001
5293.016,118,18,"Physics",0.00510000018
5293.0177,118,18,"Update",7.38189983
5293.0196,118,18,"Fixed Update",0.0055999998
5293.0213,118,18,"Spline Update",0.000199999995
5293.0231,118,18,"Compose",0.397000015
5293.0248,118,18,"Update Buffers (CPU)",0.219699994
5300.6601,119,18,"RenderPath3D Update",6.5595
5300.7014,119,18,"Application Update",7.5374
5315.1608,119,18,"Application Render",14.4563
5315.7475,119,18,"Application Compose",0.5062
5317.4572,119,18,"SubmitCommandLists",1.6945
5317.4969,119,18,"Shadowmap packing",0.000600000028
5317.4999,119,18,"Render",14.4554005
5317.5022,119,18,"Procedural Animations",0.00159999996
5317.5044,119,18,"Script Components",0.000199999995
5317.5069,119,18,"CPU Frame",22.7856998
5317.5102,119,18,"Input",0.129199997
5317.5125,119,18,"GUI Update",0.0425000004
5317.5145,119,18,"Frustum Culling",1.5826
5317.5164,119,18,"Animations",0.000199999995
5317.5182,119,18,"Spring Dependencies",0.00200000009
5317.5203,119,18,"GUI Render",0.153400004
5317.522,119,18,"Physics",0.00590000022
5317.5239,119,18,"Update",7.53719997
5317.5258,119,18,"Fixed Update",0.0046000001
5317.5274,119,18,"Spline Update",0.000199999995
5317.5292,119,18,"Compose",0.505400002
5317.5311,119,18,"Update Buffers (CPU)",0.130999997
5325.3399,120,18,"RenderPath3D Update",6.4551
5325.36,120,18,"Application Update",7.6659
5342.1511,120,18,"Application Render",16.788
5342.6739,120,18,"Application Compose",0.4452
5344.1538,120,18,"SubmitCommandLists",1.4675
5344.2417,120,18,"Shadowmap packing",0.00109999999
5344.2484,120,18,"Render",16.7863007
5344.2527,120,18,"Procedural Animations",0.00159999996
5344.3588,120,18,"Script Components",0.000300000014
5344.3638,120,18,"CPU Frame",25.2038002
5344.367,120,18,"Input",0.150800005
5344.371,120,18,"GUI Update",0.0996000022
5344.3748,120,18,"Frustum Culling",1.60790002
5344.3777,120,18,"Animations",0.000600000028
5344.3805,120,18,"Spring Dependencies",0.00209999993
5344.3844,120,18,"GUI Render",0.0878000036
5344.3883,120,18,"Physics",0.00789999962
5344.3915,120,18,"Update",7.66559982
5344.3948,120,18,"Fixed Update",0.00490000006
5344.398,120,18,"Spline Update",0.000199999995
5344.4011,120,18,"Compose",0.444400012
5344.4048,120,18,"Update Buffers (CPU)",0.135299996
5352.1929,121,18,"RenderPath3D Update",6.5215
5352.2534,121,18,"Application Update",7.5691
5364.0479,121,18,"Application Render",11.791
5364.8326,121,18,"Application Compose",0.6505
5365.7665,121,18,"SubmitCommandLists",0.8956
5365.8012,121,18,"Shadowmap packing",0.0013
5365.8044,121,18,"Render",11.7902002
5365.8064,121,18,"Procedural Animations",0.00109999999
5365.8085,121,18,"Script Components",0.000199999995
5365.8113,121,18,"CPU Frame",20.6784992
5365.8131,121,18,"Input",0.256599993
5365.8151,121,18,"GUI Update",0.0614
5365.8172,121,18,"Frustum Culling",1.6451
5365.819,121,18,"Animations",9.99999975e-05
5365.8213,121,18,"Spring Dependencies",0.00079999998
5365.8235,121,18,"GUI Render",0.133100003
5365.8252,121,18,"Physics",0.00659999996
5365.8269,121,18,"Update",7.56869984
5365.8287,121,18,"Fixed Update",0.0103000002
5365.8304,121,18,"Spline Update",0.000300000014
5365.8322,121,18,"Compose",0.649100006
5365.834,121,18,"Update Buffers (CPU)",0.297500014
5372.9522,122,18,"RenderPath3D Update",5.8052
5372.9778,122,18,"Application Update",6.9992
5389.2721,122,18,"Application Render",16.2909
5389.7696,122,18,"Application Compose",0.4128
5390.9457,122,18,"SubmitCommandLists",1.1627
5390.9746,122,18,"Shadowmap packing",0.000500000024
5390.9776,122,18,"Render",16.2900009
5390.9795,122,18,"Procedural Animations",0.00120000006
5390.9817,122,18,"Script Components",0.000199999995
5390.9848,122,18,"CPU Frame",23.9897995
5390.9866,122,18,"Input",0.133900002
5390.989,122,18,"GUI Update",0.0507000014
5390.991,122,18,"Frustum Culling",1.74969995
5390.9932,122,18,"Animations",0.00100000005
5390.9949,122,18,"Spring Dependencies",0.00079999998
5390.9971,122,18,"GUI Render",0.0632999986
5391.0054,122,18,"Physics",0.00540000014
5391.0072,122,18,"Update",6.9987998
5391.0091,122,18,"Fixed Update",0.00490000006
5391.0108,122,18,"Spline Update",0.000199999995
5391.0125,122,18,"Compose",0.412200004
5391.0143,122,18,"Update Buffers (CPU)",0.0829999968
5400.6312,123,18,"RenderPath3D Update",7.5508
5400.6816,123,18,"Application Update",9.4864
5410.9975,123,18,"Application Render",10.3121
5411.4591,123,18,"Application Compose",0.3933
5412.2642,123,18,"SubmitCommandLists",0.7937
5412.2933,123,18,"Shadowmap packing",0.00120000006
5412.2963,123,18,"Render",10.3106003
5412.2983,123,18,"Procedural Animations",0.00170000002
5412.3004,123,18,"Script Components",0.000300000014
5412.3028,123,18,"CPU Frame",20.5063992
5412.3045,123,18,"Input",0.170100003
5412.3065,123,18,"GUI Update",0.0601000004
5412.3085,123,18,"Frustum Culling",1.86720002
5412.3104,123,18,"Animations",0.000199999995
5412.3123,123,18,"Spring Dependencies",0.000699999975
5412.3144,123,18,"GUI Render",0.0961999968
5412.3163,123,18,"Physics",0.0100999996
5412.318,123,18,"Update",9.4861002
5412.32,123,18,"Fixed Update",0.00499999989
5412.3217,123,18,"Spline Update",0.00109999999
5412.3235,123,18,"Compose",0.392500013
5412.3252,123,18,"Update Buffers (CPU)",0.0860000029
5419.6924,124,18,"RenderPath3D Update",5.6571
5419.7264,124,18,"Application Update",7.245
5430.7896,124,18,"Application Render",11.0595
5431.2607,124,18,"Application Compose",0.3995
5432.2758,124,18,"SubmitCommandLists",1.0018
5432.3026,124,18,"Shadowmap packing",0.00109999999
5432.3057,124,18,"Render",11.0495996
5432.3075,124,18,"Procedural Animations",0.00170000002
5432.3096,124,18,"Script Components",0.000199999995
5432.3119,124,18,"CPU Frame",18.9894009
5432.3137,124,18,"Input",0.144400001
5432.3156,124,18,"GUI Update",0.0992000028
5432.3612,124,18,"Frustum Culling",2.32329988
5432.3631,124,18,"Animations",9.99999975e-05
5432.3654,124,18,"Spring Dependencies",0.00039999999
5432.3676,124,18,"GUI Render",0.127800003
5432.3694,124,18,"Physics",0.00899999961
5432.371,124,18,"Update",7.24469995
5432.3733,124,18,"Fixed Update",0.00529999984
5432.3751,124,18,"Spline Update",0.000300000014
5432.3769,124,18,"Compose",0.398499995
5432.3787,124,18,"Update Buffers (CPU)",0.155599996
5439.8328,125,18,"RenderPath3D Update",6.2563
5439.8667,125,18,"Application Update",7.3368
5451.4753,125,18,"Application Render",11.5946
5451.9529,125,18,"Application Compose",0.4003
5452.9742,125,18,"SubmitCommandLists",1.0096
5453.001,125,18,"Shadowmap packing",0.00079999998
5453.004,125,18,"Render",11.5934
5453.0059,125,18,"Procedural Animations",0.00150000001
5453.0082,125,18,"Script Components",0.000199999995
5453.0106,125,18,"CPU Frame",19.6707993
5453.0127,125,18,"Input",0.132599995
5453.0151,125,18,"GUI Update",0.0763999969
5453.0172,125,18,"Frustum Culling",1.85230005
5453.0191,125,18,"Animations",0.000199999995
5453.0208,125,18,"Spring Dependencies",0.00039999999
5453.0229,125,18,"GUI Render",0.193100005
5453.0245,125,18,"Physics",0.00600000005
5453.0262,125,18,"Update",7.33659983
5453.0279,125,18,"Fixed Update",0.0127999997
5453.0296,125,18,"Spline Update",0.000500000024
5453.0314,125,18,"Compose",0.399399996
5453.0332,125,18,"Update Buffers (CPU)",0.146300003
5460.3192,126,18,"RenderPath3D Update",6.2466
5460.3493,126,18,"Application Update",7.1701
5471.2391,126,18,"Application Render",10.8864
5471.7229,126,18,"Application Compose",0.3988
5472.683,126,18,"SubmitCommandLists",0.9477
5472.711,126,18,"Shadowmap packing",0.00079999998
5472.7142,126,18,"Render",10.8853998
5472.7162,126,18,"Procedural Animations",0.0186000001
5472.7184,126,18,"Script Components",0.000199999995
5472.7208,126,18,"CPU Frame",18.7420006
5472.7228,126,18,"Input",0.134100005
5472.7248,126,18,"GUI Update",0.052099999
5472.7268,126,18,"Frustum Culling",1.59309995
5472.7287,126,18,"Animations",0.000199999995
5472.7304,126,18,"Spring Dependencies",0.000899999985
5472.7326,126,18,"GUI Render",0.174500003
5472.7343,126,18,"Physics",0.00639999984
5472.736,126,18,"Update",7.1697998
5472.738,126,18,"Fixed Update",0.00529999984
5472.7398,126,18,"Spline Update",0.000199999995
5472.7416,126,18,"Compose",0.397899985
5472.7433,126,18,"Update Buffers (CPU)",0.0951000005
5480.1108,127,18,"RenderPath3D Update",6.2548
5480.1322,127,18,"Application Update",7.2311
5491.4429,127,18,"Application Render",11.3079
5491.9147,127,18,"Application Compose",0.3948
5492.6992,127,18,"SubmitCommandLists",0.773
5492.7251,127,18,"Shadowmap packing",0.000600000028
5492.7279,127,18,"Render",11.3072004
5492.7298,127,18,"Procedural Animations",0.00159999996
5492.7321,127,18,"Script Components",0.000199999995
5492.7345,127,18,"CPU Frame",19.2241993
5492.7364,127,18,"Input",0.146599993
5492.7388,127,18,"GUI Update",0.0458999984
5492.7407,127,18,"Frustum Culling",1.12090003
5492.7426,127,18,"Animations",0.000699999975
5492.7443,127,18,"Spring Dependencies",0.000300000014
5492.7462,127,18,"GUI Render",0.0958999991
5492.7478,127,18,"Physics",0.00469999993
5492.7495,127,18,"Update",7.23080015
5492.7512,127,18,"Fixed Update",0.00449999981
5492.7529,127,18,"Spline Update",0.000199999995
5492.7546,127,18,"Compose",0.39410001
5492.7564,127,18,"Update Buffers (CPU)",0.108000003
5499.0741,128,18,"RenderPath3D Update",5.2112
5499.1015,128,18,"Application Update",6.2045
5509.5741,128,18,"Application Render",10.4693
5510.1337,128,18,"Application Compose",0.4942
5511.359,128,18,"SubmitCommandLists",1.2116
5511.3892,128,18,"Shadowmap packing",0.000899999985
5511.3925,128,18,"Render",10.4682999
5511.3945,128,18,"Procedural Animations",0.00139999995
5511.3968,128,18,"Script Components",0.000199999995
5511.3992,128,18,"CPU Frame",17.4284
5511.401,128,18,"Input",0.129999995
5511.4032,128,18,"GUI Update",0.0538999997
5511.4054,128,18,"Frustum Culling",1.40830004
5511.4073,128,18,"Animations",9.99999975e-05
5511.4095,128,18,"Spring Dependencies",0.00109999999
5511.4523,128,18,"GUI Render",0.0755999982
5511.454,128,18,"Physics",0.00480000023
5511.4557,128,18,"Update",6.20429993
5511.4577,128,18,"Fixed Update",0.00439999998
5511.4594,128,18,"Spline Update",0.000199999995
5511.4611,128,18,"Compose",0.493299991
5511.4631,128,18,"Update Buffers (CPU)",0.310400009
5518.6511,129,18,"RenderPath3D Update",5.9541
5518.686,129,18,"Application Update",7.0693
5529.3512,129,18,"Application Render",10.6622
5529.8083,129,18,"Application Compose",0.3928
5531.0108,129,18,"SubmitCommandLists",1.1901
5531.088,129,18,"Shadowmap packing",0.000600000028
5531.1067,129,18,"Render",10.6613998
5531.1093,129,18,"Procedural Animations",0.00159999996
5531.1119,129,18,"Script Components",9.99999975e-05
5531.1149,129,18,"CPU Frame",18.4386005
5531.1169,129,18,"Input",0.141499996
5531.1197,129,18,"GUI Update",0.0286999997
5531.1227,129,18,"Frustum Culling",1.54659998
5531.1249,129,18,"Animations",0.000600000028
5531.1267,129,18,"Spring Dependencies",0.00109999999
5531.1301,129,18,"GUI Render",0.0821999982
5531.1321,129,18,"Physics",0.00829999987
5531.1341,129,18,"Update",7.06890011
5531.1365,129,18,"Fixed Update",0.00590000022
5531.1386,129,18,"Spline Update",0.000199999995
5531.1404,129,18,"Compose",0.391799986
5531.1424,129,18,"Update Buffers (CPU)",0.257400006
5537.5413,130,18,"RenderPath3D Update",5.2081
5537.5617,130,18,"Application Update",6.2008
5553.1018,130,18,"Application Render",15.5201
5553.6361,130,18,"Application Compose",0.4305
5554.4822,130,18,"SubmitCommandLists",0.8344
5554.5093,130,18,"Shadowmap packing",0.00190000003
5554.5123,130,18,"Render",15.5190001
5554.5144,130,18,"Procedural Animations",0.00120000006
5554.5166,130,18,"Script Components",9.99999975e-05
5554.5196,130,18,"CPU Frame",22.6030998
5554.5215,130,18,"Input",0.204500005
5554.5236,130,18,"GUI Update",0.050999999
5554.5256,130,18,"Frustum Culling",2.08509994
5554.5276,130,18,"Animations",9.99999975e-05
5554.5293,130,18,"Spring Dependencies",0.00170000002
5554.5316,130,18,"GUI Render",0.123999998
5554.5333,130,18,"Physics",0.00590000022
5554.5351,130,18,"Update",6.20050001
5554.5369,130,18,"Fixed Update",0.00659999996
5554.5387,130,18,"Spline Update",0.000300000014
5554.5405,130,18,"Compose",0.429699987
5554.5423,130,18,"Update Buffers (CPU)",0.201800004
5561.3392,131,18,"RenderPath3D Update",5.5136
5561.3644,131,18,"Application Update",6.6829
5575.5505,131,18,"Application Render",14.1832
5576.0203,131,18,"Application Compose",0.3935
5576.9481,131,18,"SubmitCommandLists",0.9153
5576.9777,131,18,"Shadowmap packing",0.00079999998
5576.9803,131,18,"Render",14.1822004
5576.9826,131,18,"Procedural Animations",0.00150000001
5576.9849,131,18,"Script Components",0.000199999995
5576.9875,131,18,"CPU Frame",21.5305996
5576.9894,131,18,"Input",0.120700002
5576.9915,131,18,"GUI Update",0.0324000008
5576.9936,131,18,"Frustum Culling",1.57089996
5576.9955,131,18,"Animations",9.99999975e-05
5576.9978,131,18,"Spring Dependencies",0.00039999999
5576.9999,131,18,"GUI Render",0.0992999971
5577.0016,131,18,"Physics",0.00469999993
5577.0034,131,18,"Update",6.68260002
5577.0056,131,18,"Fixed Update",0.00490000006
5577.0073,131,18,"Spline Update",0.000199999995
5577.0092,131,18,"Compose",0.392699987
5577.011,131,18,"Update Buffers (CPU)",0.0900000036
5584.304,132,18,"RenderPath3D Update",6.1817
5584.3299,132,18,"Application Update",7.1693
5595.5155,132,18,"Application Render",11.1825
5596.0002,132,18,"Application Compose",0.4047
5596.8817,132,18,"SubmitCommandLists",0.8689
5596.9084,132,18,"Shadowmap packing",0.00039999999
5596.9113,132,18,"Render",11.1817999
5596.9132,132,18,"Procedural Animations",0.00190000003
5596.9155,132,18,"Script Components",0.000199999995
5596.9184,132,18,"CPU Frame",19.0449009
5596.9202,132,18,"Input",0.139200002
5596.9223,132,18,"GUI Update",0.0548
5596.9241,132,18,"Frustum Culling",1.0848
5596.9259,132,18,"Animations",0.000199999995
5596.9276,132,18,"Spring Dependencies",0.00109999999
5596.9297,132,18,"GUI Render",0.0908000022
5596.9315,132,18,"Physics",0.00669999979
5596.9334,132,18,"Update",7.16909981
5596.98,132,18,"Fixed Update",0.00439999998
5596.9818,132,18,"Spline Update",0.00039999999
5596.9836,132,18,"Compose",0.403299987
5596.9854,132,18,"Update Buffers (CPU)",0.114200003
5603.4744,133,18,"RenderPath3D Update",5.4293
5603.506,133,18,"Application Update",6.3762
5613.7413,133,18,"Application Render",10.232
5614.424,133,18,"Application Compose",0.6102
5615.6032,133,18,"SubmitCommandLists",1.1568
5615.6408,133,18,"Shadowmap packing",0.00200000009
5615.6442,133,18,"Render",10.2309999
5615.6476,133,18,"Procedural Animations",0.0114000002
5615.65,133,18,"Script Components",0.000199999995
5615.6689,133,18,"CPU Frame",17.5412998
5615.6707,133,18,"Input",0.133000001
5615.6729,133,18,"GUI Update",0.050999999
5615.6748,133,18,"Frustum Culling",1.42320001
5615.6768,133,18,"Animations",0.000199999995
5615.6786,133,18,"Spring Dependencies",0.00079999998
5615.6814,133,18,"GUI Render",0.0979999974
5615.6833,133,18,"Physics",0.00700000022
5615.6851,133,18,"Update",6.37580013
5615.687,133,18,"Fixed Update",0.0055999998
5615.6889,133,18,"Spline Update",0.000500000024
5615.6907,133,18,"Compose",0.609099984
5615.6926,133,18,"Update Buffers (CPU)",0.0983000025
5622.6017,134,18,"RenderPath3D Update",5.7986
5622.6267,134,18,"Application Update",6.7661
5633.0046,134,18,"Application Render",10.3744
5633.5029,134,18,"Application Compose",0.425
5634.4623,134,18,"SubmitCommandLists",0.9447
5634.4904,134,18,"Shadowmap packing",0.000699999975
5634.4939,134,18,"Render",10.3738003
5634.4959,134,18,"Procedural Animations",0.00109999999
5634.4983,134,18,"Script Components",9.99999975e-05
5634.5014,134,18,"CPU Frame",17.8952999
5634.5033,134,18,"Input",0.156100005
5634.5055,134,18,"GUI Update",0.0456000008
5634.5075,134,18,"Frustum Culling",1.63090003
5634.5095,134,18,"Animations",0.000199999995
5634.5114,134,18,"Spring Dependencies",0.000300000014
5634.5138,134,18,"GUI Render",0.120499998
5634.5156,134,18,"Physics",0.00600000005
5634.5176,134,18,"Update",6.7658
5634.5196,134,18,"Fixed Update",0.0055999998
5634.5214,134,18,"Spline Update",0.000199999995
5634.5233,134,18,"Compose",0.423799992
5634.5252,134,18,"Update Buffers (CPU)",0.0700000003
5641.6909,135,18,"RenderPath3D Update",5.608
5641.7549,135,18,"Application Update",7.048
5652.7077,135,18,"Application Render",10.9456
5653.1808,135,18,"Application Compose",0.3937
5654.0739,135,18,"SubmitCommandLists",0.8815
5654.1031,135,18,"Shadowmap packing",0.000500000024
5654.1059,135,18,"Render",10.9429998
5654.1079,135,18,"Procedural Animations",0.0013
5654.1101,135,18,"Script Components",0.000199999995
5654.1127,135,18,"CPU Frame",18.7108994
5654.1145,135,18,"Input",0.168099999
5654.1167,135,18,"GUI Update",0.0379999988
5654.1186,135,18,"Frustum Culling",1.60660005
5654.1205,135,18,"Animations",9.99999975e-05
5654.1226,135,18,"Spring Dependencies",0.000899999985
5654.1248,135,18,"GUI Render",0.0952000022
5654.1265,135,18,"Physics",0.00520000001
5654.1283,135,18,"Update",7.04629993
5654.1301,135,18,"Fixed Update",0.00710000005
5654.132,135,18,"Spline Update",0.000199999995
5654.1338,135,18,"Compose",0.392699987
5654.1357,135,18,"Update Buffers (CPU)",0.193900004
5661.4314,136,18,"RenderPath3D Update",6.1731
5661.4635,136,18,"Application Update",7.1827
5672.6676,136,18,"Application Render",11.2002
5673.2055,136,18,"Application Compose",0.4702
5674.0837,136,18,"SubmitCommandLists",0.8643
5674.1101,136,18,"Shadowmap packing",0.00079999998
5674.1135,136,18,"Render",11.1991997
5674.1153,136,18,"Procedural Animations",0.00150000001
5674.1174,136,18,"Script Components",0.000199999995
5674.12,136,18,"CPU Frame",19.1252003
5674.1219,136,18,"Input",0.134299994
5674.1243,136,18,"GUI Update",0.0412000008
5674.1261,136,18,"Frustum Culling",1.63989997
5674.128,136,18,"Animations",0.000199999995
5674.1298,136,18,"Spring Dependencies",0.000699999975
5674.132,136,18,"GUI Render",0.0918999985
5674.1337,136,18,"Physics",0.00630000001
5674.1356,136,18,"Update",7.18240023
5674.1374,136,18,"Fixed Update",0.00499999989
5674.1391,136,18,"Spline Update",0.000199999995
5674.1409,136,18,"Compose",0.469099998
5674.2416,136,18,"Update Buffers (CPU)",0.171399996
5681.2736,137,18,"RenderPath3D Update",5.9282
5681.3023,137,18,"Application Update",6.9167
5692.835,137,18,"Application Render",11.53
5693.3247,137,18,"Application Compose",0.412
5694.1776,137,18,"SubmitCommandLists",0.84
5694.2059,137,18,"Shadowmap packing",0.00039999999
5694.2086,137,18,"Render",11.5289001
5694.2106,137,18,"Procedural Animations",0.00260000001
5694.213,137,18,"Script Components",0.000199999995
5694.2155,137,18,"CPU Frame",19.2343006
5694.2173,137,18,"Input",0.130899996
5694.2196,137,18,"GUI Update",0.0529000014
5694.2215,137,18,"Frustum Culling",1.31050003
5694.2235,137,18,"Animations",0.00079999998
5694.2253,137,18,"Spring Dependencies",0.000199999995
5694.2276,137,18,"GUI Render",0.0930000022
5694.2294,137,18,"Physics",0.00529999984
5694.2311,137,18,"Update",6.91650009
5694.233,137,18,"Fixed Update",0.00510000018
5694.2346,137,18,"Spline Update",0.000199999995
5694.2364,137,18,"Compose",0.4111
5694.2382,137,18,"Update Buffers (CPU)",0.0921000019
5701.1081,138,18,"RenderPath3D Update",5.8086
5701.1263,138,18,"Application Update",6.7427
5711.7246,138,18,"Application Render",10.5951
5712.2392,138,18,"Application Compose",0.4284
5713.0354,138,18,"SubmitCommandLists",0.7833
5713.064,138,18,"Shadowmap packing",0.000199999995
5713.0671,138,18,"Render",10.5939999
5713.0695,138,18,"Procedural Animations",0.00139999995
5713.0718,138,18,"Script Components",0.000199999995
5713.0742,138,18,"CPU Frame",18.0541
5713.0762,138,18,"Input",0.134100005
5713.0786,138,18,"GUI Update",0.0461000018
5713.0806,138,18,"Frustum Culling",1.32819998
5713.0825,138,18,"Animations",9.99999975e-05
5713.0848,138,18,"Spring Dependencies",0.00100000005
5713.0872,138,18,"GUI Render",0.0947000012
5713.0888,138,18,"Physics",0.0057000001
5713.0906,138,18,"Update",6.74249983
5713.0929,138,18,"Fixed Update",0.00499999989
5713.0947,138,18,"Spline Update",0.000199999995
5713.0965,138,18,"Compose",0.427700013
5713.0983,138,18,"Update Buffers (CPU)",0.0676999986
5719.9393,139,18,"RenderPath3D Update",5.7025
5719.9605,139,18,"Application Update",6.7209
5730.2897,139,18,"Application Render",10.3258
5730.7617,139,18,"Application Compose",0.3979
5731.6787,139,18,"SubmitCommandLists",0.905
5731.7067,139,18,"Shadowmap packing",0.000600000028
5731.7096,139,18,"Render",10.3238001
5731.7115,139,18,"Procedural Animations",0.00120000006
5731.7136,139,18,"Script Components",0.000199999995
5731.7162,139,18,"CPU Frame",17.7196999
5731.7181,139,18,"Input",0.130899996
5731.7202,139,18,"GUI Update",0.0337000005
5731.7222,139,18,"Frustum Culling",1.65910006
5731.7241,139,18,"Animations",0.000600000028
5731.7258,139,18,"Spring Dependencies",0.0013
5731.728,139,18,"GUI Render",0.0661000013
5731.7299,139,18,"Physics",0.00639999984
5731.7316,139,18,"Update",6.72049999
5731.7334,139,18,"Fixed Update",0.00439999998
5731.7352,139,18,"Spline Update",0.000199999995
5731.737,139,18,"Compose",0.397000015
5731.7389,139,18,"Update Buffers (CPU)",0.113399997
5739.025,140,18,"RenderPath3D Update",6.0432
5739.0717,140,18,"Application Update",7.1467
5750.0335,140,18,"Application Render",10.9569
5750.5605,140,18,"Application Compose",0.4546
5751.6771,140,18,"SubmitCommandLists",1.1019
5751.7041,140,18,"Shadowmap packing",0.000699999975
5751.7072,140,18,"Render",10.9544001
5751.7091,140,18,"Procedural Animations",0.0013
5751.7114,140,18,"Script Components",0.000300000014
5751.714,140,18,"CPU Frame",18.8759995
5751.7161,140,18,"Input",0.167400002
5751.7182,140,18,"GUI Update",0.0878000036
5751.7202,140,18,"Frustum Culling",1.43060005
5751.7221,140,18,"Animations",0.000600000028
5751.7238,140,18,"Spring Dependencies",0.000300000014
5751.726,140,18,"GUI Render",0.162100002
5751.7278,140,18,"Physics",0.00730000017
5751.7296,140,18,"Update",7.14550018
5751.7314,140,18,"Fixed Update",0.0113000004
5751.7332,140,18,"Spline Update",0.000500000024
5751.735,140,18,"Compose",0.453599989
5751.7369,140,18,"Update Buffers (CPU)",0.123300001
5759.2256,141,18,"RenderPath3D Update",6.4275
5759.2573,141,18,"Application Update",7.3606
5770.0435,141,18,"Application Render",10.7824
5770.6063,141,18,"Application Compose",0.3935
5771.5482,141,18,"SubmitCommandLists",0.9292
5771.5753,141,18,"Shadowmap packing",0.00039999999
5771.5783,141,18,"Render",10.7813997
5771.5805,141,18,"Procedural Animations",0.00120000006
5771.5832,141,18,"Script Components",0.00120000006
5771.5855,141,18,"CPU Frame",18.9228992
5771.5874,141,18,"Input",0.149100006
5771.5897,141,18,"GUI Update",0.0582999997
5771.5917,141,18,"Frustum Culling",1.56719995
5771.5938,141,18,"Animations",0.000300000014
5771.5956,141,18,"Spring Dependencies",0.00120000006
5771.5977,141,18,"GUI Render",0.0785999969
5771.5994,141,18,"Physics",0.0057000001
5771.6016,141,18,"Update",7.36009979
5771.6035,141,18,"Fixed Update",0.00499999989
5771.6052,141,18,"Spline Update",0.000500000024
5771.6071,141,18,"Compose",0.392500013
5771.6089,141,18,"Update Buffers (CPU)",0.169300005
5778.5122,142,18,"RenderPath3D Update",5.8384
5778.5508,142,18,"Application Update",6.7888
5789.8631,142,18,"Application Render",11.3089
5790.3606,142,18,"Application Compose",0.397
5791.2611,142,18,"SubmitCommandLists",0.888
5791.2884,142,18,"Shadowmap packing",0.00079999998
5791.2914,142,18,"Render",11.3067999
5791.2934,142,18,"Procedural Animations",0.00159999996
5791.2956,142,18,"Script Components",0.000500000024
5791.298,142,18,"CPU Frame",18.8055
5791.3,142,18,"Input",0.141900003
5791.3024,142,18,"GUI Update",0.0494000018
5791.3044,142,18,"Frustum Culling",1.13549995
5791.3063,142,18,"Animations",0.000199999995
5791.3081,142,18,"Spring Dependencies",0.00039999999
5791.3103,142,18,"GUI Render",0.0710000023
5791.312,142,18,"Physics",0.00669999979
5791.314,142,18,"Update",6.78849983
5791.3159,142,18,"Fixed Update",0.00529999984
5791.3178,142,18,"Spline Update",0.000199999995
5791.3196,142,18,"Compose",0.396100014
5791.3214,142,18,"Update Buffers (CPU)",0.100199997
5797.8584,143,18,"RenderPath3D Update",5.4131
5797.8766,143,18,"Application Update",6.4078
5809.5536,143,18,"Application Render",11.6739
5810.0978,143,18,"Application Compose",0.455
5810.9871,143,18,"SubmitCommandLists",0.8762
5811.0145,143,18,"Shadowmap packing",0.000500000024
5811.0173,143,18,"Render",11.6555004
5811.0192,143,18,"Procedural Animations",0.0013
5811.0214,143,18,"Script Components",0.000199999995
5811.0239,143,18,"CPU Frame",18.8292999
5811.0258,143,18,"Input",0.136199996
5811.028,143,18,"GUI Update",0.0461000018
5811.0301,143,18,"Frustum Culling",1.59870005
5811.032,143,18,"Animations",0.000500000024
5811.0337,143,18,"Spring Dependencies",0.000699999975
5811.0358,143,18,"GUI Render",0.0781999975
5811.0376,143,18,"Physics",0.0115999999
5811.0393,143,18,"Update",6.40749979
5811.0411,143,18,"Fixed Update",0.00520000001
5811.0428,143,18,"Spline Update",0.000199999995
5811.0446,143,18,"Compose",0.4542
5811.0465,143,18,"Update Buffers (CPU)",0.103500001
5817.4345,144,18,"RenderPath3D Update",5.244
5817.4632,144,18,"Application Update",6.2748
5827.7218,144,18,"Application Render",10.2554
5828.1981,144,18,"Application Compose",0.4104
5829.2387,144,18,"SubmitCommandLists",1.0276
5829.2898,144,18,"Shadowmap packing",0.00120000006
5829.2931,144,18,"Render",10.2545004
5829.2952,144,18,"Procedural Animations",0.00139999995
5829.2974,144,18,"Script Components",0.000199999995
5829.3004,144,18,"CPU Frame",17.2042999
5829.3023,144,18,"Input",0.130999997
5829.3046,144,18,"GUI Update",0.0394000001
5829.3068,144,18,"Frustum Culling",1.7421
5829.3088,144,18,"Animations",9.99999975e-05
5829.3109,144,18,"Spring Dependencies",0.000300000014
5829.3138,144,18,"GUI Render",0.0798999965
5829.3155,144,18,"Physics",0.0231999997
5829.3173,144,18,"Update",6.27449989
5829.3192,144,18,"Fixed Update",0.00490000006
5829.3209,144,18,"Spline Update",9.99999975e-05
5829.3227,144,18,"Compose",0.409700006
5829.3354,144,18,"Update Buffers (CPU)",0.129299998
5836.2156,145,18,"RenderPath3D Update",5.5884
5836.2601,145,18,"Application Update",6.7048
5847.4457,145,18,"Application Render",11.1819
5847.9353,145,18,"Application Compose",0.396
5849.183,145,18,"SubmitCommandLists",1.2355
5849.2116,145,18,"Shadowmap packing",0.00039999999
5849.2609,145,18,"Render",11.1799002
5849.263,145,18,"Procedural Animations",0.00139999995
5849.2652,145,18,"Script Components",0.000199999995
5849.2677,145,18,"CPU Frame",18.6839008
5849.2696,145,18,"Input",0.203199998
5849.2803,145,18,"GUI Update",0.0355999991
5849.2821,145,18,"Frustum Culling",1.48570001
5849.284,145,18,"Animations",9.99999975e-05
5849.2862,145,18,"Spring Dependencies",0.000300000014
5849.2882,145,18,"GUI Render",0.0781000033
5849.2898,145,18,"Physics",0.00510000018
5849.2916,145,18,"Update",6.7045002
5849.2933,145,18,"Fixed Update",0.00930000003
5849.2949,145,18,"Spline Update",0.000199999995
5849.2967,145,18,"Compose",0.395099998
5849.2985,145,18,"Update Buffers (CPU)",0.118799999
5856.7099,146,18,"RenderPath3D Update",5.6469
5856.7341,146,18,"Application Update",7.2825
5868.1783,146,18,"Application Render",11.4413
5868.6787,146,18,"Application Compose",0.4212
5869.7511,146,18,"SubmitCommandLists",1.0577
5869.7781,146,18,"Shadowmap packing",0.000500000024
5869.7818,146,18,"Render",11.4405003
5869.784,146,18,"Procedural Animations",0.0013
5869.7862,146,18,"Script Components",0.000199999995
5869.7889,146,18,"CPU Frame",19.4892998
5869.7907,146,18,"Input",0.1417
5869.7929,146,18,"GUI Update",0.0344000012
5869.795,146,18,"Frustum Culling",1.98370004
5869.7974,146,18,"Animations",0.000699999975
5869.7993,146,18,"Spring Dependencies",0.00139999995
5869.8013,146,18,"GUI Render",0.152600005
5869.803,146,18,"Physics",0.0203000009
5869.8049,146,18,"Update",7.2823
5869.8068,146,18,"Fixed Update",0.00510000018
5869.8085,146,18,"Spline Update",0.000199999995
5869.8103,146,18,"Compose",0.419999987
5869.8121,146,18,"Update Buffers (CPU)",0.178100005
5877.6081,147,18,"RenderPath3D Update",6.7056
5877.672,147,18,"Application Update",7.6786
5895.4058,147,18,"Application Render",17.7259
5895.8709,147,18,"Application Compose",0.3981
5896.9552,147,18,"SubmitCommandLists",1.072
5896.9834,147,18,"Shadowmap packing",0.00329999998
5896.9863,147,18,"Render",17.7245007
5896.9881,147,18,"Procedural Animations",0.00139999995
5896.9905,147,18,"Script Components",0.000199999995
5896.9929,147,18,"CPU Frame",26.1135006
5896.9946,147,18,"Input",0.169400007
5896.9967,147,18,"GUI Update",0.0671000034
5896.9987,147,18,"Frustum Culling",1.75870001
5897.0006,147,18,"Animations",9.99999975e-05
5897.0029,147,18,"Spring Dependencies",0.00150000001
5897.0052,147,18,"GUI Render",0.134200007
5897.0069,147,18,"Physics",0.00609999988
5897.0086,147,18,"Update",7.67840004
5897.0105,147,18,"Fixed Update",0.00590000022
5897.0122,147,18,"Spline Update",0.000199999995
5897.014,147,18,"Compose",0.397199988
5897.0158,147,18,"Update Buffers (CPU)",0.254799992
5903.9922,148,18,"RenderPath3D Update",5.9567
5904.0243,148,18,"Application Update",6.8523
5915.7651,148,18,"Application Render",11.7367
5916.2328,148,18,"Application Compose",0.3981
5917.3602,148,18,"SubmitCommandLists",1.1142
5917.3859,148,18,"Shadowmap packing",0.000500000024
5917.3891,148,18,"Render",11.7360001
5917.391,148,18,"Procedural Animations",0.00139999995
5917.3932,148,18,"Script Components",0.00039999999
5917.3956,148,18,"CPU Frame",19.2709999
5917.3975,148,18,"Input",0.143900007
5917.3996,148,18,"GUI Update",0.0505000018
5917.4016,148,18,"Frustum Culling",1.08669996
5917.4036,148,18,"Animations",0.000300000014
5917.4053,148,18,"Spring Dependencies",0.000199999995
5917.4074,148,18,"GUI Render",0.100599997
5917.4091,148,18,"Physics",0.00930000003
5917.4108,148,18,"Update",6.85169983
5917.4125,148,18,"Fixed Update",0.00549999997
5917.4142,148,18,"Spline Update",0.000199999995
5917.4159,148,18,"Compose",0.396699995
5917.4177,148,18,"Update Buffers (CPU)",0.131999999
5924.1429,149,18,"RenderPath3D Update",5.675
5924.1906,149,18,"Application Update",6.6192
5936.6487,149,18,"Application Render",12.454
5937.1217,149,18,"Application Compose",0.4057
5938.1493,149,18,"SubmitCommandLists",1.0149
5938.1767,149,18,"Shadowmap packing",0.00039999999
5938.1799,149,18,"Render",12.4528999
5938.1817,149,18,"Procedural Animations",0.00159999996
5938.1839,149,18,"Script Components",0.0109000001
5938.25,149,18,"CPU Frame",19.7556992
5938.2528,149,18,"Input",0.142399997
5938.2553,149,18,"GUI Update",0.0482000001
5938.2573,149,18,"Frustum Culling",2.23219991
5938.2592,149,18,"Animations",9.99999975e-05
5938.2618,149,18,"Spring Dependencies",0.000300000014
5938.2639,149,18,"GUI Render",0.117200002
5938.2657,149,18,"Physics",0.00659999996
5938.2674,149,18,"Update",6.61910009
5938.2693,149,18,"Fixed Update",0.0055999998
5938.2711,149,18,"Spline Update",0.000199999995
5938.2729,149,18,"Compose",0.404399991
5938.2746,149,18,"Update Buffers (CPU)",0.167099997
5945.1917,150,18,"RenderPath3D Update",5.858
5945.2134,150,18,"Application Update",6.7434
5960.1426,150,18,"Application Render",14.9255
5960.6159,150,18,"Application Compose",0.3968
5961.8976,150,18,"SubmitCommandLists",1.2688
5961.9468,150,18,"Shadowmap packing",0.00100000005
5961.9501,150,18,"Render",14.9243002
5961.9525,150,18,"Procedural Animations",0.00209999993
5961.9547,150,18,"Script Components",0.000199999995
5961.9574,150,18,"CPU Frame",22.4594002
5961.9698,150,18,"Input",0.182400003
5961.9721,150,18,"GUI Update",0.0454999991
5961.9739,150,18,"Frustum Culling",1.48220003
5961.9757,150,18,"Animations",0.000199999995
5961.9774,150,18,"Spring Dependencies",0.0013
5961.9799,150,18,"GUI Render",0.0785999969
5961.9828,150,18,"Physics",0.0113000004
5961.9897,150,18,"Update",6.74310017
5962.0034,150,18,"Fixed Update",0.00620000018
5962.0053,150,18,"Spline Update",0.000199999995
5962.007,150,18,"Compose",0.395999998
5962.0089,150,18,"Update Buffers (CPU)",0.127200007
5969.8085,151,18,"RenderPath3D Update",6.6111
5969.8424,151,18,"Application Update",7.6111
5985.3378,151,18,"Application Render",15.4915
5985.8204,151,18,"Application Compose",0.4049
5986.683,151,18,"SubmitCommandLists",0.8496
5986.7115,151,18,"Shadowmap packing",0.000500000024
5986.7146,151,18,"Render",15.4900999
5986.7165,151,18,"Procedural Animations",0.00120000006
5986.7186,151,18,"Script Components",0.000199999995
5986.7212,151,18,"CPU Frame",23.9020004
5986.723,151,18,"Input",0.194999993
5986.7252,151,18,"GUI Update",0.0461999997
5986.7271,151,18,"Frustum Culling",1.83130002
5986.7291,151,18,"Animations",0.000199999995
5986.7308,151,18,"Spring Dependencies",0.00039999999
5986.733,151,18,"GUI Render",0.0798999965
5986.7348,151,18,"Physics",0.00700000022
5986.7366,151,18,"Update",7.61079979
5986.7385,151,18,"Fixed Update",0.0196000002
5986.7402,151,18,"Spline Update",0.000199999995
5986.7419,151,18,"Compose",0.404000014
5986.744,151,18,"Update Buffers (CPU)",0.107199997
5993.7108,152,18,"RenderPath3D Update",5.8068
5993.7394,152,18,"Application Update",6.8502
6005.0669,152,18,"Application Render",11.3239
6005.5426,152,18,"Application Compose",0.4015
6006.4014,152,18,"SubmitCommandLists",0.8468
6006.4289,152,18,"Shadowmap packing",0.000699999975
6006.432,152,18,"Render",11.323
6006.4341,152,18,"Procedural Animations",0.00190000003
6006.4365,152,18,"Script Components",9.99999975e-05
6006.4397,152,18,"CPU Frame",18.8519993
6006.4416,152,18,"Input",0.134200007
6006.444,152,18,"GUI Update",0.0513000004
6006.4461,152,18,"Frustum Culling",1.16869998
6006.4482,152,18,"Animations",0.000300000014
6006.4501,152,18,"Spring Dependencies",0.00100000005
6006.4523,152,18,"GUI Render",0.0762000009
6006.4542,152,18,"Physics",0.00620000018
6006.456,152,18,"Update",6.8499999
6006.4579,152,18,"Fixed Update",0.00510000018
6006.4598,152,18,"Spline Update",0.000199999995
6006.4616,152,18,"Compose",0.400700003
6006.4634,152,18,"Update Buffers (CPU)",0.0957999974
6013.208,153,18,"RenderPath3D Update",5.6625
6013.2396,153,18,"Application Update",6.6245
6027.8771,153,18,"Application Render",14.6339
6028.354,153,18,"Application Compose",0.3949
6029.4957,153,18,"SubmitCommandLists",1.1293
6029.5237,153,18,"Shadowmap packing",0.00100000005
6029.5265,153,18,"Render",14.6327
6029.5284,153,18,"Procedural Animations",0.0013
6029.5305,153,18,"Script Components",0.000199999995
6029.5331,153,18,"CPU Frame",21.9466
6029.5349,153,18,"Input",0.132499993
6029.5368,153,18,"GUI Update",0.0511000007
6029.5386,153,18,"Frustum Culling",1.69729996
6029.61,153,18,"Animations",0.000600000028
6029.6122,153,18,"Spring Dependencies",0.00039999999
6029.6145,153,18,"GUI Render",0.0719000027
6029.6163,153,18,"Physics",0.00989999995
6029.6182,153,18,"Update",6.62400007
6029.6201,153,18,"Fixed Update",0.00480000023
6029.6218,153,18,"Spline Update",0.000199999995
6029.6235,153,18,"Compose",0.394199997
6029.6254,153,18,"Update Buffers (CPU)",0.120899998
6036.7865,154,18,"RenderPath3D Update",5.5572
6036.8209,154,18,"Application Update",7.0499
6048.2887,154,18,"Application Render",11.4648
6048.78,154,18,"Application Compose",0.4067
6049.8549,154,18,"SubmitCommandLists",1.0624
6049.885,154,18,"Shadowmap packing",0.00120000006
6049.9024,154,18,"Render",11.4640999
6049.9043,154,18,"Procedural Animations",0.00159999996
6049.9065,154,18,"Script Components",0.000199999995
6049.9089,154,18,"CPU Frame",19.2773991
6049.9108,154,18,"Input",0.134100005
6049.9133,154,18,"GUI Update",0.0654999986
6049.9152,154,18,"Frustum Culling",1.62390006
6049.9172,154,18,"Animations",0.000199999995
6049.919,154,18,"Spring Dependencies",0.000699999975
6049.9211,154,18,"GUI Render",0.128800005
6049.9228,154,18,"Physics",0.00669999979
6049.9247,154,18,"Update",7.04969978
6049.9264,154,18,"Fixed Update",0.00490000006
6049.9315,154,18,"Spline Update",0.000300000014
6049.9345,154,18,"Compose",0.405699998
6049.9364,154,18,"Update Buffers (CPU)",0.1162
6059.0891,155,18,"RenderPath3D Update",8.117
6059.1326,155,18,"Application Update",9.0358
6068.8708,155,18,"Application Render",9.7349
6069.3532,155,18,"Application Compose",0.4066
6070.2619,155,18,"SubmitCommandLists",0.8958
6070.2911,155,18,"Shadowmap packing",0.000500000024
6070.2943,155,18,"Render",9.73340034
6070.2967,155,18,"Procedural Animations",0.00150000001
6070.2991,155,18,"Script Components",9.99999975e-05
6070.3025,155,18,"CPU Frame",19.4894009
6070.3043,155,18,"Input",0.149100006
6070.3065,155,18,"GUI Update",0.0483000018
6070.3084,155,18,"Frustum Culling",1.45599997
6070.3104,155,18,"Animations",0.000199999995
6070.3122,155,18,"Spring Dependencies",0.000699999975
6070.3143,155,18,"GUI Render",0.0944000036
6070.3162,155,18,"Physics",0.00669999979
6070.318,155,18,"Update",9.03559971
6070.32,155,18,"Fixed Update",0.00469999993
6070.3218,155,18,"Spline Update",0.000199999995
6070.3236,155,18,"Compose",0.405800015
6070.3254,155,18,"Update Buffers (CPU)",0.0904000029
6076.9254,156,18,"RenderPath3D Update",5.4812
6076.9575,156,18,"Application Update",6.4862
6088.4119,156,18,"Application Render",11.451
6088.8798,156,18,"Application Compose",0.3933
6089.7525,156,18,"SubmitCommandLists",0.8605
6089.7803,156,18,"Shadowmap packing",0.00039999999
6089.7832,156,18,"Render",11.4502001
6089.7853,156,18,"Procedural Animations",0.00139999995
6089.7874,156,18,"Script Components",0.000300000014
6089.7899,156,18,"CPU Frame",18.6107006
6089.7916,156,18,"Input",0.134399995
6089.794,156,18,"GUI Update",0.0627000034
6089.796,156,18,"Frustum Culling",1.21459997
6089.7979,156,18,"Animations",0.000199999995
6089.7995,156,18,"Spring Dependencies",0.000699999975
6089.8016,156,18,"GUI Render",0.0703999996
6089.8034,156,18,"Physics",0.00510000018
6089.8051,156,18,"Update",6.48589993
6089.8068,156,18,"Fixed Update",0.0055999998
6089.8085,156,18,"Spline Update",0.000300000014
6089.8102,156,18,"Compose",0.39199999
6089.812,156,18,"Update Buffers (CPU)",0.104000002
6096.3238,157,18,"RenderPath3D Update",5.3893
6096.3704,157,18,"Application Update",6.4269
6107.591,157,18,"Application Render",11.2178
6108.1317,157,18,"Application Compose",0.4583
6109.2513,157,18,"SubmitCommandLists",1.1059
6109.2834,157,18,"Shadowmap packing",0.000500000024
6109.2862,157,18,"Render",11.2167997
6109.2882,157,18,"Procedural Animations",0.00120000006
6109.2903,157,18,"Script Components",0.000199999995
6109.2927,157,18,"CPU Frame",18.3729992
6109.2944,157,18,"Input",0.120999999
6109.2967,157,18,"GUI Update",0.0741999969
6109.2987,157,18,"Frustum Culling",1.70249999
6109.3006,157,18,"Animations",9.99999975e-05
6109.3028,157,18,"Spring Dependencies",0.00039999999
6109.305,157,18,"GUI Render",0.0901999995
6109.345,157,18,"Physics",0.00549999997
6109.347,157,18,"Update",6.42659998
6109.3489,157,18,"Fixed Update",0.00520000001
6109.3506,157,18,"Spline Update",0.000199999995
6109.3523,157,18,"Compose",0.457399994
6109.3541,157,18,"Update Buffers (CPU)",0.122500002
6115.9697,158,18,"RenderPath3D Update",5.4672
6115.9993,158,18,"Application Update",6.5117
6126.2704,158,18,"Application Render",10.2672
6126.7483,158,18,"Application Compose",0.4008
6127.8305,158,18,"SubmitCommandLists",1.0698
6127.8717,158,18,"Shadowmap packing",0.000699999975
6127.8755,158,18,"Render",10.2660999
6127.8793,158,18,"Procedural Animations",0.00109999999
6127.8985,158,18,"Script Components",0.000199999995
6127.9015,158,18,"CPU Frame",17.4895992
6127.9035,158,18,"Input",0.122400001
6127.9062,158,18,"GUI Update",0.0368999988
6127.9085,158,18,"Frustum Culling",1.63320005
6127.9105,158,18,"Animations",0.000600000028
6127.9124,158,18,"Spring Dependencies",0.00079999998
6127.9152,158,18,"GUI Render",0.0812999979
6127.9169,158,18,"Physics",0.0115
6127.9188,158,18,"Update",6.51149988
6127.9207,158,18,"Fixed Update",0.00490000006
6127.9228,158,18,"Spline Update",0.000199999995
6127.9247,158,18,"Compose",0.400000006
6127.9268,158,18,"Update Buffers (CPU)",0.1153
6134.6962,159,18,"RenderPath3D Update",5.5337
6134.7589,159,18,"Application Update",6.6483
6145.5379,159,18,"Application Render",10.7756
6146.0257,159,18,"Application Compose",0.4119
6146.8977,159,18,"SubmitCommandLists",0.8592
6146.941,159,18,"Shadowmap packing",0.000500000024
6146.9446,159,18,"Render",10.7741003
6146.9466,159,18,"Procedural Animations",0.00139999995
6146.9489,159,18,"Script Components",0.000199999995
6146.9529,159,18,"CPU Frame",18.1835995
6146.9548,159,18,"Input",0.164000005
6146.9735,159,18,"GUI Update",0.056499999
6146.9756,159,18,"Frustum Culling",1.49870002
6146.9776,159,18,"Animations",9.99999975e-05
6146.98,159,18,"Spring Dependencies",0.00079999998
6146.9825,159,18,"GUI Render",0.108900003
6146.9842,159,18,"Physics",0.00630000001
6146.9861,159,18,"Update",6.64799976
6146.988,159,18,"Fixed Update",0.0118000004
6146.9898,159,18,"Spline Update",0.000300000014
6146.9918,159,18,"Compose",0.4111
6146.9938,159,18,"Update Buffers (CPU)",0.148900002
6155.3583,160,18,"RenderPath3D Update",6.9894
6155.3876,160,18,"Application Update",8.0171
6166.5633,160,18,"Application Render",11.1713
6167.0511,160,18,"Application Compose",0.41
6167.8975,160,18,"SubmitCommandLists",0.8335
6168.0179,160,18,"Shadowmap packing",0.000699999975
6168.0229,160,18,"Render",11.1707001
6168.025,160,18,"Procedural Animations",0.00159999996
6168.0275,160,18,"Script Components",0.000199999995
6168.03,160,18,"CPU Frame",20.1450005
6168.0319,160,18,"Input",0.352600008
6168.034,160,18,"GUI Update",0.0340999998
6168.0361,160,18,"Frustum Culling",1.77269995
6168.0381,160,18,"Animations",0.00039999999
6168.04,160,18,"Spring Dependencies",0.00039999999
6168.0421,160,18,"GUI Render",0.123400003
6168.0439,160,18,"Physics",0.00970000029
6168.0455,160,18,"Update",8.01679993
6168.0474,160,18,"Fixed Update",0.00719999988
6168.0492,160,18,"Spline Update",0.000300000014
6168.0509,160,18,"Compose",0.409000009
6168.053,160,18,"Update Buffers (CPU)",0.132400006
6175.7823,161,18,"RenderPath3D Update",6.542
6175.8081,161,18,"Application Update",7.6005
6188.4855,161,18,"Application Render",12.6739
6188.9659,161,18,"Application Compose",0.4031
6190.074,161,18,"SubmitCommandLists",1.0943
6190.1875,161,18,"Shadowmap packing",0.000699999975
6190.1956,161,18,"Render",12.6731997
6190.2008,161,18,"Procedural Animations",0.00170000002
6190.206,161,18,"Script Components",0.000699999975
6190.2112,161,18,"CPU Frame",20.9936008
6190.2151,161,18,"Input",0.143800005
6190.2331,161,18,"GUI Update",0.0789000019
6190.2383,161,18,"Frustum Culling",1.69070005
6190.2619,161,18,"Animations",0.000899999985
6190.2661,161,18,"Spring Dependencies",0.000300000014
6190.2706,161,18,"GUI Render",0.155699998
6190.2731,161,18,"Physics",0.00870000012
6190.2761,161,18,"Update",7.60020018
6190.2804,161,18,"Fixed Update",0.00540000014
6190.2837,161,18,"Spline Update",0.000300000014
6190.3811,161,18,"Compose",0.402200013
6190.3832,161,18,"Update Buffers (CPU)",0.344700009
6199.0287,162,18,"RenderPath3D Update",7.0988
6199.0569,162,18,"Application Update",8.3186
6210.4455,162,18,"Application Render",11.3856
6210.9427,162,18,"Application Compose",0.4233
6212.4408,162,18,"SubmitCommandLists",1.4692
6212.4755,162,18,"Shadowmap packing",0.000600000028
6212.4787,162,18,"Render",11.3848
6212.4808,162,18,"Procedural Animations",0.00179999997
6212.4833,162,18,"Script Components",0.00039999999
6212.4859,162,18,"CPU Frame",20.8181992
6212.4879,162,18,"Input",0.333900005
6212.4902,162,18,"GUI Update",0.0656000003
6212.4924,162,18,"Frustum Culling",1.6911
6212.4943,162,18,"Animations",0.000199999995
6212.4961,162,18,"Spring Dependencies",0.00100000005
6212.4984,162,18,"GUI Render",0.158500001
6212.5,162,18,"Physics",0.00689999992
6212.5019,162,18,"Update",8.31820011
6212.5037,162,18,"Fixed Update",0.00970000029
6212.5054,162,18,"Spline Update",0.000699999975
6212.5072,162,18,"Compose",0.422399998
6212.5091,162,18,"Update Buffers (CPU)",0.152999997
6219.3391,163,18,"RenderPath3D Update",5.7805
6219.3638,163,18,"Application Update",6.7169
6229.6197,163,18,"Application Render",10.2526
6230.0971,163,18,"Application Compose",0.4106
6231.0652,163,18,"SubmitCommandLists",0.9565
6231.0918,163,18,"Shadowmap packing",0.000300000014
6231.0948,163,18,"Render",10.2517004
6231.0968,163,18,"Procedural Animations",0.00120000006
6231.0989,163,18,"Script Components",0.000199999995
6231.1013,163,18,"CPU Frame",17.6469002
6231.1031,163,18,"Input",0.125799999
6231.1052,163,18,"GUI Update",0.0331999995
6231.1072,163,18,"Frustum Culling",1.79200006
6231.1091,163,18,"Animations",0.000199999995
6231.1108,163,18,"Spring Dependencies",0.0013
6231.113,163,18,"GUI Render",0.0866999999
6231.1149,163,18,"Physics",0.00760000013
6231.1166,163,18,"Update",6.71659994
6231.1184,163,18,"Fixed Update",0.00549999997
6231.1201,163,18,"Spline Update",0.000199999995
6231.1219,163,18,"Compose",0.40959999
6231.1237,163,18,"Update Buffers (CPU)",0.107100002
6238.4172,164,18,"RenderPath3D Update",5.3856
6238.434,164,18,"Application Update",7.1402
6249.7799,164,18,"Application Render",11.3414
6250.2533,164,18,"Application Compose",0.3954
6251.2832,164,18,"SubmitCommandLists",1.0174
6251.3123,164,18,"Shadowmap packing",0.000600000028
6251.3153,164,18,"Render",11.3401003
6251.3174,164,18,"Procedural Animations",0.00139999995
6251.3195,164,18,"Script Components",0.000300000014
6251.3218,164,18,"CPU Frame",19.1812992
6251.3235,164,18,"Input",0.158500001
6251.3256,164,18,"GUI Update",0.0449000001
6251.3276,164,18,"Frustum Culling",2.10800004
6251.3296,164,18,"Animations",0.000300000014
6251.3314,164,18,"Spring Dependencies",0.000899999985
6251.3335,164,18,"GUI Render",0.111400001
6251.3352,164,18,"Physics",0.0055999998
6251.337,164,18,"Update",7.13990021
6251.339,164,18,"Fixed Update",0.00549999997
6251.3408,164,18,"Spline Update",0.00039999999
6251.3426,164,18,"Compose",0.394499987
6251.3445,164,18,"Update Buffers (CPU)",0.129600003
6258.8449,165,18,"RenderPath3D Update",6.4485
6258.8742,165,18,"Application Update",7.3869
6270.2458,165,18,"Application Render",11.3677
6270.707,165,18,"Application Compose",0.395
6271.7076,165,18,"SubmitCommandLists",0.988
6271.7354,165,18,"Shadowmap packing",0.000500000024
6271.7383,165,18,"Render",11.3668003
6271.7403,165,18,"Procedural Animations",0.00170000002
6271.7425,165,18,"Script Components",9.99999975e-05
6271.7454,165,18,"CPU Frame",19.4169006
6271.7473,165,18,"Input",0.132300004
6271.7496,165,18,"GUI Update",0.0443999991
6271.7516,165,18,"Frustum Culling",1.69340003
6271.7535,165,18,"Animations",0.000199999995
6271.7552,165,18,"Spring Dependencies",0.000899999985
6271.7574,165,18,"GUI Render",0.1017
6271.7591,165,18,"Physics",0.00689999992
6271.7608,165,18,"Update",7.38649988
6271.7626,165,18,"Fixed Update",0.00499999989
6271.7643,165,18,"Spline Update",0.000199999995
6271.766,165,18,"Compose",0.39410001
6271.7679,165,18,"Update Buffers (CPU)",0.130099997
6278.3716,166,18,"RenderPath3D Update",5.5601
6278.4955,166,18,"Application Update",6.5857
6290.5538,166,18,"Application Render",12.0545
6291.0404,166,18,"Application Compose",0.416
6292.0554,166,18,"SubmitCommandLists",1.0016
6292.0878,166,18,"Shadowmap packing",0.000600000028
6292.0913,166,18,"Render",12.0537004
6292.0933,166,18,"Procedural Animations",0.00150000001
6292.0956,166,18,"Script Components",0.000199999995
6292.0988,166,18,"CPU Frame",19.3264008
6292.1007,166,18,"Input",0.130500004
6292.103,166,18,"GUI Update",0.0414999984
6292.1055,166,18,"Frustum Culling",1.31889999
6292.1075,166,18,"Animations",0.000199999995
6292.1093,166,18,"Spring Dependencies",0.000500000024
6292.1114,166,18,"GUI Render",0.0707999989
6292.1132,166,18,"Physics",0.00609999988
6292.1152,166,18,"Update",6.5854001
6292.1172,166,18,"Fixed Update",0.00579999993
6292.119,166,18,"Spline Update",0.000199999995
6292.1208,166,18,"Compose",0.415100008
6292.1227,166,18,"Update Buffers (CPU)",0.109899998
6299.9871,167,18,"RenderPath3D Update",6.5409
6300.0146,167,18,"Application Update",7.6912
6311.3631,167,18,"Application Render",11.3454
6311.8598,167,18,"Application Compose",0.4249
6312.8937,167,18,"SubmitCommandLists",1.0208
6312.9316,167,18,"Shadowmap packing",0.000500000024
6312.9345,167,18,"Render",11.3443003
6312.9365,167,18,"Procedural Animations",0.00159999996
6312.9388,167,18,"Script Components",0.000199999995
6312.9416,167,18,"CPU Frame",19.7954006
6312.9435,167,18,"Input",0.187700003
6312.9458,167,18,"GUI Update",0.055399999
6312.9476,167,18,"Frustum Culling",1.40869999
6312.9496,167,18,"Animations",0.000600000028
6312.9513,167,18,"Spring Dependencies",0.000699999975
6312.9534,167,18,"GUI Render",0.0837000012
6312.9552,167,18,"Physics",0.0126999998
6312.9569,167,18,"Update",7.69089985
6312.9587,167,18,"Fixed Update",0.00650000013
6312.9604,167,18,"Spline Update",0.000300000014
6312.9622,167,18,"Compose",0.423799992
6312.9642,167,18,"Update Buffers (CPU)",0.0969000012
6320.0189,168,18,"RenderPath3D Update",6.0669
6320.0427,168,18,"Application Update",6.9227
6330.727,168,18,"Application Render",10.6811
6331.2294,168,18,"Application Compose",0.4214
6332.2798,168,18,"SubmitCommandLists",1.0369
6332.3199,168,18,"Shadowmap packing",0.000500000024
6332.3229,168,18,"Render",10.6803999
6332.3251,168,18,"Procedural Animations",0.00159999996
6332.3274,168,18,"Script Components",0.000199999995
6332.3399,168,18,"CPU Frame",18.3290005
6332.3419,168,18,"Input",0.143299997
6332.3443,168,18,"GUI Update",0.0474999994
6332.3464,168,18,"Frustum Culling",1.19640005
6332.3484,168,18,"Animations",0.000199999995
6332.3502,168,18,"Spring Dependencies",0.00100000005
6332.3524,168,18,"GUI Render",0.108800001
6332.3542,168,18,"Physics",0.00620000018
6332.3561,168,18,"Update",6.92229986
6332.358,168,18,"Fixed Update",0.00590000022
6332.3598,168,18,"Spline Update",0.000199999995
6332.3615,168,18,"Compose",0.42050001
6332.3636,168,18,"Update Buffers (CPU)",0.0727000013
6341.9657,169,18,"RenderPath3D Update",8.4108
6342.0344,169,18,"Application Update",9.3941
6355.6903,169,18,"Application Render",13.65
6356.2168,169,18,"Application Compose",0.4454
6357.5291,169,18,"SubmitCommandLists",1.297
6357.6053,169,18,"Shadowmap packing",0.000699999975
6357.6087,169,18,"Render",13.6316996
6357.6131,169,18,"Procedural Animations",0.00319999992
6357.6169,169,18,"Script Components",9.99999975e-05
6357.6234,169,18,"CPU Frame",23.9223003
6357.6267,169,18,"Input",0.243699998
6357.6302,169,18,"GUI Update",0.0445999987
6357.6323,169,18,"Frustum Culling",2.52670002
6357.6347,169,18,"Animations",9.99999975e-05
6357.6365,169,18,"Spring Dependencies",0.00100000005
6357.6391,169,18,"GUI Render",0.252299994
6357.6411,169,18,"Physics",0.0132999998
6357.6428,169,18,"Update",9.39330006
6357.6447,169,18,"Fixed Update",0.0255999994
6357.6465,169,18,"Spline Update",0.000199999995
6357.6484,169,18,"Compose",0.444599986
6357.6506,169,18,"Update Buffers (CPU)",0.291099995
6364.9085,170,18,"RenderPath3D Update",6.1058
6364.9295,170,18,"Application Update",7.1079
6376.77,170,18,"Application Render",11.8371
6377.3117,170,18,"Application Compose",0.4148
6378.5741,170,18,"SubmitCommandLists",1.2053
6378.6266,170,18,"Shadowmap packing",0.000600000028
6378.63,170,18,"Render",11.8364
6378.6324,170,18,"Procedural Animations",0.00139999995
6378.6353,170,18,"Script Components",0.000600000028
6378.6379,170,18,"CPU Frame",19.7861004
6378.6397,170,18,"Input",0.157800004
6378.6425,170,18,"GUI Update",0.0604000017
6378.6452,170,18,"Frustum Culling",1.64479995
6378.6472,170,18,"Animations",0.000600000028
6378.649,170,18,"Spring Dependencies",0.000199999995
6378.6515,170,18,"GUI Render",0.0732000023
6378.6532,170,18,"Physics",0.00960000046
6378.655,170,18,"Update",7.10780001
6378.6571,170,18,"Fixed Update",0.00630000001
6378.6591,170,18,"Spline Update",0.000199999995
6378.6608,170,18,"Compose",0.414000005
6378.6626,170,18,"Update Buffers (CPU)",0.1017
6386.6428,171,18,"RenderPath3D Update",6.8143
6386.6669,171,18,"Application Update",7.8005
6401.2235,171,18,"Application Render",14.5492
6401.768,171,18,"Application Compose",0.4498
6402.744,171,18,"SubmitCommandLists",0.9622
6402.7735,171,18,"Shadowmap packing",0.000699999975
6402.7769,171,18,"Render",14.5476999
6402.7788,171,18,"Procedural Animations",0.00150000001
6402.7812,171,18,"Script Components",0.000300000014
6402.7839,171,18,"CPU Frame",23.1805
6402.7857,171,18,"Input",0.188899994
6402.788,171,18,"GUI Update",0.068599999
6402.7901,171,18,"Frustum Culling",2.0868001
6402.7924,171,18,"Animations",0.000199999995
6402.7943,171,18,"Spring Dependencies",0.000199999995
6402.7966,171,18,"GUI Render",0.0952999964
6402.7983,171,18,"Physics",0.0102000004
6402.8002,171,18,"Update",7.80019999
6402.8021,171,18,"Fixed Update",0.00680000009
6402.804,171,18,"Spline Update",0.00039999999
6402.8059,171,18,"Compose",0.449000001
6402.8079,171,18,"Update Buffers (CPU)",0.213499993
6410.7891,172,18,"RenderPath3D Update",6.7753
6410.8158,172,18,"Application Update",7.8254
6422.841,172,18,"Application Render",12.0216
6423.3209,172,18,"Application Compose",0.403
6424.3521,172,18,"SubmitCommandLists",1.0189
6424.3804,172,18,"Shadowmap packing",0.000600000028
6424.3838,172,18,"Render",12.0202999
6424.3859,172,18,"Procedural Animations",0.00159999996
6424.388,172,18,"Script Components",0.000300000014
6424.3906,172,18,"CPU Frame",20.5694008
6424.3925,172,18,"Input",0.170100003
6424.3947,172,18,"GUI Update",0.0516000018
6424.3965,172,18,"Frustum Culling",1.29750001
6424.3983,172,18,"Animations",0.000199999995
6424.4,172,18,"Spring Dependencies",0.000300000014
6424.4022,172,18,"GUI Render",0.118000001
6424.404,172,18,"Physics",0.00810000021
6424.4058,172,18,"Update",7.82509995
6424.4077,172,18,"Fixed Update",0.0055999998
6424.4095,172,18,"Spline Update",0.000199999995
6424.4113,172,18,"Compose",0.402099997
6424.4131,172,18,"Update Buffers (CPU)",0.187299997
6431.5043,173,18,"RenderPath3D Update",6.0492
6431.5302,173,18,"Application Update",6.9704
6442.571,173,18,"Application Render",11.0374
6443.0587,173,18,"Application Compose",0.4199
6443.8551,173,18,"SubmitCommandLists",0.7836
6443.89,173,18,"Shadowmap packing",0.00039999999
6443.8932,173,18,"Render",11.0365
6443.8954,173,18,"Procedural Animations",0.00159999996
6443.8976,173,18,"Script Components",9.99999975e-05
6443.9005,173,18,"CPU Frame",18.6989002
6443.9024,173,18,"Input",0.136199996
6443.9045,173,18,"GUI Update",0.0340000018
6443.9066,173,18,"Frustum Culling",1.15359998
6443.9085,173,18,"Animations",0.000199999995
6443.9103,173,18,"Spring Dependencies",0.00039999999
6443.9124,173,18,"GUI Render",0.135900006
6443.9142,173,18,"Physics",0.00820000004
6443.9161,173,18,"Update",6.97009993
6443.9179,173,18,"Fixed Update",0.00490000006
6443.9198,173,18,"Spline Update",0.000199999995
6443.9216,173,18,"Compose",0.418599993
6443.9234,173,18,"Update Buffers (CPU)",0.0710999966
6450.8203,174,18,"RenderPath3D Update",5.8325
6450.8584,174,18,"Application Update",6.7912
6461.7119,174,18,"Application Render",10.8492
6462.3031,174,18,"Application Compose",0.479
6463.1286,174,18,"SubmitCommandLists",0.8065
6463.1575,174,18,"Shadowmap packing",0.000699999975
6463.1605,174,18,"Render",10.8473997
6463.1626,174,18,"Procedural Animations",0.00109999999
6463.2083,174,18,"Script Components",0.000500000024
6463.2109,174,18,"CPU Frame",18.4400005
6463.2127,174,18,"Input",0.133399993
6463.2148,174,18,"GUI Update",0.0326999985
6463.2173,174,18,"Frustum Culling",1.62269998
6463.2192,174,18,"Animations",0.000500000024
6463.221,174,18,"Spring Dependencies",0.00120000006
6463.2233,174,18,"GUI Render",0.0900999978
6463.2252,174,18,"Physics",0.00970000029
6463.2269,174,18,"Update",6.79090023
6463.2287,174,18,"Fixed Update",0.00469999993
6463.2305,174,18,"Spline Update",0.000300000014
6463.2323,174,18,"Compose",0.477800012
6463.2341,174,18,"Update Buffers (CPU)",0.0824000016
6469.7715,175,18,"RenderPath3D Update",5.434
6469.7924,175,18,"Application Update",6.4118
6479.7586,175,18,"Application Render",9.9629
6480.2215,175,18,"Application Compose",0.3974
6481.0692,175,18,"SubmitCommandLists",0.8354
6481.0957,175,18,"Shadowmap packing",0.00039999999
6481.0985,175,18,"Render",9.96199989
6481.1006,175,18,"Procedural Animations",0.0013
6481.1027,175,18,"Script Components",9.99999975e-05
6481.1056,175,18,"CPU Frame",17.0846004
6481.1075,175,18,"Input",0.135800004
6481.1097,175,18,"GUI Update",0.0513999984
6481.1117,175,18,"Frustum Culling",1.46070004
6481.1136,175,18,"Animations",0.000600000028
6481.1154,175,18,"Spring Dependencies",0.00100000005
6481.1175,175,18,"GUI Render",0.0769999996
6481.1191,175,18,"Physics",0.00800000038
6481.1208,175,18,"Update",6.41149998
6481.1226,175,18,"Fixed Update",0.00480000023
6481.1242,175,18,"Spline Update",0.000199999995
6481.126,175,18,"Compose",0.396600008
6481.1279,175,18,"Update Buffers (CPU)",0.165000007
6488.7027,176,18,"RenderPath3D Update",5.7759
6488.7656,176,18,"Application Update",7.5019
6499.4036,176,18,"Application Render",10.6345
6499.8713,176,18,"Application Compose",0.4032
6500.7013,176,18,"SubmitCommandLists",0.8174
6500.7288,176,18,"Shadowmap packing",0.00039999999
6500.7316,176,18,"Render",10.6332998
6500.7337,176,18,"Procedural Animations",0.0013
6500.7362,176,18,"Script Components",0.000199999995
6500.7388,176,18,"CPU Frame",18.7954998
6500.7406,176,18,"Input",0.124799997
6500.7428,176,18,"GUI Update",0.0515000001
6500.7448,176,18,"Frustum Culling",1.47010005
6500.7468,176,18,"Animations",0.000199999995
6500.7487,176,18,"Spring Dependencies",0.000600000028
6500.7508,176,18,"GUI Render",0.0697999969
6500.7525,176,18,"Physics",0.00529999984
6500.7542,176,18,"Update",7.50150013
6500.7561,176,18,"Fixed Update",0.00510000018
6500.758,176,18,"Spline Update",0.000199999995
6500.7598,176,18,"Compose",0.40200001
6500.7617,176,18,"Update Buffers (CPU)",0.157600001
6507.8746,177,18,"RenderPath3D Update",6.0474
6507.8985,177,18,"Application Update",6.9931
6519.4133,177,18,"Application Render",11.5114
6519.8883,177,18,"Application Compose",0.3943
6520.7341,177,18,"SubmitCommandLists",0.8335
6520.7639,177,18,"Shadowmap packing",0.00039999999
6520.7669,177,18,"Render",11.5105
6520.7689,177,18,"Procedural Animations",0.00150000001
6520.7711,177,18,"Script Components",9.99999975e-05
6520.7741,177,18,"CPU Frame",19.1795998
6520.776,177,18,"Input",0.133200005
6520.7784,177,18,"GUI Update",0.0489999987
6520.7804,177,18,"Frustum Culling",1.13989997
6520.7823,177,18,"Animations",0.000199999995
6520.7841,177,18,"Spring Dependencies",0.000899999985
6520.7862,177,18,"GUI Render",0.0720999986
6520.7879,177,18,"Physics",0.00609999988
6520.7897,177,18,"Update",6.99289989
6520.7915,177,18,"Fixed Update",0.0046000001
6520.7933,177,18,"Spline Update",0.000199999995
6520.795,177,18,"Compose",0.393400013
6520.7968,177,18,"Update Buffers (CPU)",0.0882000029
6527.5362,178,18,"RenderPath3D Update",5.6054
6527.5561,178,18,"Application Update",6.6131
6539.5097,178,18,"Application Render",11.9507
6540.0277,178,18,"Application Compose",0.4349
6540.7933,178,18,"SubmitCommandLists",0.753
6540.8214,178,18,"Shadowmap packing",0.00039999999
6540.8244,178,18,"Render",11.9496002
6540.8266,178,18,"Procedural Animations",0.00120000006
6540.8288,178,18,"Script Components",9.99999975e-05
6540.8315,178,18,"CPU Frame",19.2856007
6540.8333,178,18,"Input",0.135700002
6540.8681,178,18,"GUI Update",0.0421000011
6540.8703,178,18,"Frustum Culling",1.53009999
6540.8721,178,18,"Animations",0.000500000024
6540.8741,178,18,"Spring Dependencies",0.00159999996
6540.8763,178,18,"GUI Render",0.114500001
6540.8781,178,18,"Physics",0.0116999997
6540.8798,178,18,"Update",6.61289978
6540.8816,178,18,"Fixed Update",0.00490000006
6540.8833,178,18,"Spline Update",0.000199999995
6540.885,178,18,"Compose",0.434100002
6540.8869,178,18,"Update Buffers (CPU)",0.0958999991
6548.2728,179,18,"RenderPath3D Update",6.2459
6548.3054,179,18,"Application Update",7.2796
6563.5561,179,18,"Application Render",15.2472
6564.0283,179,18,"Application Compose",0.4041
6564.8946,179,18,"SubmitCommandLists",0.8523
6564.9226,179,18,"Shadowmap packing",0.000500000024
6564.9255,179,18,"Render",15.2460003
6564.9275,179,18,"Procedural Animations",0.00150000001
6564.9298,179,18,"Script Components",0.000199999995
6564.9321,179,18,"CPU Frame",23.2289009
6564.934,179,18,"Input",0.128600001
6564.9363,179,18,"GUI Update",0.0450000018
6564.9383,179,18,"Frustum Culling",1.64470005
6564.9402,179,18,"Animations",0.000899999985
6564.9421,179,18,"Spring Dependencies",0.00079999998
6564.9444,179,18,"GUI Render",0.0891999975
6564.9461,179,18,"Physics",0.00449999981
6564.9479,179,18,"Update",7.27909994
6564.9501,179,18,"Fixed Update",0.00490000006
6564.9521,179,18,"Spline Update",0.000199999995
6564.9539,179,18,"Compose",0.403400004
6564.9558,179,18,"Update Buffers (CPU)",0.123099998
6571.8881,180,18,"RenderPath3D Update",5.5382
6571.9149,180,18,"Application Update",6.7594
6582.7726,180,18,"Application Render",10.8535
6583.2439,180,18,"Application Compose",0.3959
6584.2979,180,18,"SubmitCommandLists",1.0426
6584.3269,180,18,"Shadowmap packing",9.99999975e-05
6584.33,180,18,"Render",10.8527002
6584.3319,180,18,"Procedural Animations",0.00170000002
6584.3344,180,18,"Script Components",0.000300000014
6584.3369,180,18,"CPU Frame",18.3411007
6584.3387,180,18,"Input",0.164800003
6584.3412,180,18,"GUI Update",0.0489000008
6584.3431,180,18,"Frustum Culling",1.96529996
6584.345,180,18,"Animations",0.000199999995
6584.3468,180,18,"Spring Dependencies",0.000699999975
6584.349,180,18,"GUI Render",0.160099998
6584.3506,180,18,"Physics",0.0231999997
6584.3523,180,18,"Update",6.7592001
6584.3543,180,18,"Fixed Update",0.0109000001
6584.3559,180,18,"Spline Update",0.000199999995
6584.3576,180,18,"Compose",0.395099998
6584.3593,180,18,"Update Buffers (CPU)",0.156499997
6592.1072,181,18,"RenderPath3D Update",6.7274
6592.131,181,18,"Application Update",7.6202
6603.0918,181,18,"Application Render",10.9577
6603.5904,181,18,"Application Compose",0.4033
6604.4876,181,18,"SubmitCommandLists",0.8849
6604.5156,181,18,"Shadowmap packing",0.000500000024
6604.5187,181,18,"Render",10.9568005
6604.5207,181,18,"Procedural Animations",0.00179999997
6604.523,181,18,"Script Components",9.99999975e-05
6604.526,181,18,"CPU Frame",19.2842007
6604.5279,181,18,"Input",0.133699998
6604.5303,181,18,"GUI Update",0.0476000011
6604.5323,181,18,"Frustum Culling",1.67869997
6604.5343,181,18,"Animations",9.99999975e-05
6604.536,181,18,"Spring Dependencies",0.00039999999
6604.5381,181,18,"GUI Render",0.111500002
6604.5397,181,18,"Physics",0.00689999992
6604.5415,181,18,"Update",7.61999989
6604.5435,181,18,"Fixed Update",0.0120999999
6604.5451,181,18,"Spline Update",0.000199999995
6604.547,181,18,"Compose",0.402500004
6604.5488,181,18,"Update Buffers (CPU)",0.143900007
6611.5085,182,18,"RenderPath3D Update",5.8205
6611.5295,182,18,"Application Update",6.8329
6623.1011,182,18,"Application Render",11.5681
6623.5688,182,18,"Application Compose",0.3904
6624.5774,182,18,"SubmitCommandLists",0.9965
6624.6035,182,18,"Shadowmap packing",0.00039999999
6624.6062,182,18,"Render",11.5670996
6624.6082,182,18,"Procedural Animations",0.00139999995
6624.6104,182,18,"Script Components",0.000199999995
6624.6127,182,18,"CPU Frame",19.0739002
6624.6145,182,18,"Input",0.137400001
6624.6167,182,18,"GUI Update",0.0533999987
6624.6184,182,18,"Frustum Culling",1.34969997
6624.6203,182,18,"Animations",0.000899999985
6624.6629,182,18,"Spring Dependencies",0.000500000024
6624.6653,182,18,"GUI Render",0.0822999999
6624.6671,182,18,"Physics",0.00529999984
6624.6688,182,18,"Update",6.83249998
6624.6705,182,18,"Fixed Update",0.00510000018
6624.6723,182,18,"Spline Update",0.000199999995
6624.674,182,18,"Compose",0.389699996
6624.6761,182,18,"Update Buffers (CPU)",0.0965000018
6631.3291,183,18,"RenderPath3D Update",5.6086
6631.3535,183,18,"Application Update",6.5386
6642.7119,183,18,"Application Render",11.3545
6643.2718,183,18,"Application Compose",0.4631
6644.2443,183,18,"SubmitCommandLists",0.9594
6644.2702,183,18,"Shadowmap packing",0.00039999999
6644.2734,183,18,"Render",11.3535995
6644.2754,183,18,"Procedural Animations",0.00109999999
6644.2776,183,18,"Script Components",0.000199999995
6644.28,183,18,"CPU Frame",18.6882
6644.2817,183,18,"Input",0.127399996
6644.284,183,18,"GUI Update",0.0450000018
6644.286,183,18,"Frustum Culling",1.50559998
6644.288,183,18,"Animations",0.000199999995
6644.2897,183,18,"Spring Dependencies",0.00190000003
6644.2918,183,18,"GUI Render",0.0716999993
6644.2934,183,18,"Physics",0.0104999999
6644.2951,183,18,"Update",6.5381999
6644.2969,183,18,"Fixed Update",0.00579999993
6644.2986,183,18,"Spline Update",0.000199999995
6644.3003,183,18,"Compose",0.462099999
6644.3023,183,18,"Update Buffers (CPU)",0.111400001
6651.2139,184,18,"RenderPath3D Update",5.749
6651.2554,184,18,"Application Update",6.813
6663.8662,184,18,"Application Render",12.6069
6664.3679,184,18,"Application Compose",0.4191
6665.357,184,18,"SubmitCommandLists",0.9713
6665.3867,184,18,"Shadowmap packing",0.000600000028
6665.3901,184,18,"Render",12.6057997
6665.3921,184,18,"Procedural Animations",0.0013
6665.3944,184,18,"Script Components",0.000199999995
6665.3971,184,18,"CPU Frame",20.1229992
6665.399,184,18,"Input",0.1285
6665.4017,184,18,"GUI Update",0.060899999
6665.4036,184,18,"Frustum Culling",1.96469998
6665.4055,184,18,"Animations",0.000199999995
6665.4073,184,18,"Spring Dependencies",0.000600000028
6665.4204,184,18,"GUI Render",0.111400001
6665.4221,184,18,"Physics",0.00659999996
6665.4238,184,18,"Update",6.81269979
6665.4255,184,18,"Fixed Update",0.00579999993
6665.4272,184,18,"Spline Update",0.000199999995
6665.429,184,18,"Compose",0.418099999
6665.4308,184,18,"Update Buffers (CPU)",0.135199994
6671.9968,185,18,"RenderPath3D Update",5.4499
6672.0277,185,18,"Application Update",6.4563
6682.1707,185,18,"Application Render",10.1392
6682.6488,185,18,"Application Compose",0.3933
6684.0325,185,18,"SubmitCommandLists",1.3717
6684.0907,185,18,"Shadowmap packing",0.000899999985
6684.0947,185,18,"Render",10.1379004
6684.0968,185,18,"Procedural Animations",0.00120000006
6684.0995,185,18,"Script Components",0.000199999995
6684.1027,185,18,"CPU Frame",17.2838001
6684.1048,185,18,"Input",0.129299998
6684.1078,185,18,"GUI Update",0.060800001
6684.11,185,18,"Frustum Culling",1.25989997
6684.1121,185,18,"Animations",9.99999975e-05
6684.1145,185,18,"Spring Dependencies",0.00079999998
6684.1172,185,18,"GUI Render",0.191499993
6684.1193,185,18,"Physics",0.00510000018
6684.1215,185,18,"Update",6.45599985
6684.1234,185,18,"Fixed Update",0.00520000001
6684.1252,185,18,"Spline Update",0.000199999995
6684.1271,185,18,"Compose",0.392399997
6684.1291,185,18,"Update Buffers (CPU)",0.200399995
6690.9885,186,18,"RenderPath3D Update",5.7199
6691.0089,186,18,"Application Update",6.6859
6700.9604,186,18,"Application Render",9.9475
6701.4479,186,18,"Application Compose",0.4048
6702.3711,186,18,"SubmitCommandLists",0.9103
6702.4006,186,18,"Shadowmap packing",0.00109999999
6702.4037,186,18,"Render",9.94649982
6702.4058,186,18,"Procedural Animations",0.0013
6702.4081,186,18,"Script Components",0.000300000014
6702.4106,186,18,"CPU Frame",17.4004002
6702.4127,186,18,"Input",0.179700002
6702.4154,186,18,"GUI Update",0.0458000004
6702.4173,186,18,"Frustum Culling",1.64999998
6702.4192,186,18,"Animations",9.99999975e-05
6702.4214,186,18,"Spring Dependencies",0.00039999999
6702.424,186,18,"GUI Render",0.0706999972
6702.4258,186,18,"Physics",0.0055999998
6702.4275,186,18,"Update",6.6855998
6702.4731,186,18,"Fixed Update",0.00650000013
6702.4749,186,18,"Spline Update",0.000300000014
6702.4767,186,18,"Compose",0.403899997
6702.4787,186,18,"Update Buffers (CPU)",0.0877000019
6709.3287,187,18,"RenderPath3D Update",5.8113
6709.3516,187,18,"Application Update",6.7182
6720.849,187,18,"Application Render",11.494
6721.3295,187,18,"Application Compose",0.4113
6722.148,187,18,"SubmitCommandLists",0.8063
6722.1759,187,18,"Shadowmap packing",0.00039999999
6722.1791,187,18,"Render",11.493
6722.1813,187,18,"Procedural Animations",0.00179999997
6722.1836,187,18,"Script Components",0.000199999995
6722.186,187,18,"CPU Frame",18.9507008
6722.188,187,18,"Input",0.142900005
6722.1904,187,18,"GUI Update",0.0403999984
6722.1924,187,18,"Frustum Culling",1.22440004
6722.1944,187,18,"Animations",0.000199999995
6722.1962,187,18,"Spring Dependencies",0.000199999995
6722.1982,187,18,"GUI Render",0.0851000026
6722.2,187,18,"Physics",0.00700000022
6722.2019,187,18,"Update",6.7178998
6722.2037,187,18,"Fixed Update",0.0055999998
6722.2056,187,18,"Spline Update",9.99999975e-05
6722.2079,187,18,"Compose",0.410299987
6722.2099,187,18,"Update Buffers (CPU)",0.0678000003
6728.6167,188,18,"RenderPath3D Update",5.354
6728.6631,188,18,"Application Update",6.3107
6743.6786,188,18,"Application Render",15.009
6744.1513,188,18,"Application Compose",0.3934
6744.95,188,18,"SubmitCommandLists",0.7874
6744.9764,188,18,"Shadowmap packing",0.000500000024
6744.9793,188,18,"Render",15.0074997
6744.9813,188,18,"Procedural Animations",0.0013
6744.9835,188,18,"Script Components",0.000300000014
6744.9858,188,18,"CPU Frame",21.9951
6744.9876,188,18,"Input",0.129999995
6744.9898,188,18,"GUI Update",0.0414999984
6744.9916,188,18,"Frustum Culling",1.54990005
6744.9935,188,18,"Animations",9.99999975e-05
6744.9955,188,18,"Spring Dependencies",0.000600000028
6744.9977,188,18,"GUI Render",0.0930999964
6744.9996,188,18,"Physics",0.00490000006
6745.0014,188,18,"Update",6.3105998
6745.0031,188,18,"Fixed Update",0.00529999984
6745.0048,188,18,"Spline Update",9.99999975e-05
6745.0065,188,18,"Compose",0.392500013
6745.0083,188,18,"Update Buffers (CPU)",0.109700002
6752.9481,189,18,"RenderPath3D Update",5.9045
6752.9862,189,18,"Application Update",7.8393
6764.032,189,18,"Application Render",11.0414
6764.5105,189,18,"Application Compose",0.4085
6765.3996,189,18,"SubmitCommandLists",0.8758
6765.4279,189,18,"Shadowmap packing",0.00109999999
6765.4309,189,18,"Render",11.0403004
6765.4331,189,18,"Procedural Animations",0.00120000006
6765.4354,189,18,"Script Components",0.000199999995
6765.438,189,18,"CPU Frame",19.5548
6765.44,189,18,"Input",0.127299994
6765.4425,189,18,"GUI Update",0.0392000005
6765.4444,189,18,"Frustum Culling",2.10549998
6765.4464,189,18,"Animations",0.000699999975
6765.4483,189,18,"Spring Dependencies",9.99999975e-05
6765.4508,189,18,"GUI Render",0.136600003
6765.4526,189,18,"Physics",0.0278999992
6765.4544,189,18,"Update",7.83850002
6765.4562,189,18,"Fixed Update",0.00520000001
6765.458,189,18,"Spline Update",0.000199999995
6765.4598,189,18,"Compose",0.407799989
6765.4617,189,18,"Update Buffers (CPU)",0.124300003
6772.4289,190,18,"RenderPath3D Update",5.913
6772.4571,190,18,"Application Update",6.8502
6783.9682,190,18,"Application Render",11.5077
6784.4629,190,18,"Application Compose",0.4199
6785.4257,190,18,"SubmitCommandLists",0.9441
6785.4539,190,18,"Shadowmap packing",0.000500000024
6785.4574,190,18,"Render",11.507
6785.4698,190,18,"Procedural Animations",0.0013
6785.472,190,18,"Script Components",0.000600000028
6785.4745,190,18,"CPU Frame",19.0620003
6785.4763,190,18,"Input",0.134599999
6785.4785,190,18,"GUI Update",0.0610000007
6785.4804,190,18,"Frustum Culling",1.60520005
6785.4823,190,18,"Animations",0.000199999995
6785.4841,190,18,"Spring Dependencies",0.000600000028
6785.486,190,18,"GUI Render",0.126699999
6785.4876,190,18,"Physics",0.0165999997
6785.4893,190,18,"Update",6.84989977
6785.4911,190,18,"Fixed Update",0.00499999989
6785.4928,190,18,"Spline Update",0.000300000014
6785.4945,190,18,"Compose",0.419099987
6785.4965,190,18,"Update Buffers (CPU)",0.121799998
6792.3551,191,18,"RenderPath3D Update",5.6847
6792.3765,191,18,"Application Update",6.5832
6803.9141,191,18,"Application Render",11.5344
6804.3874,191,18,"Application Compose",0.395
6805.2868,191,18,"SubmitCommandLists",0.8876
6805.3149,191,18,"Shadowmap packing",0.00039999999
6805.3178,191,18,"Render",11.5334997
6805.3199,191,18,"Procedural Animations",0.00150000001
6805.3222,191,18,"Script Components",9.99999975e-05
6805.325,191,18,"CPU Frame",18.9545994
6805.327,191,18,"Input",0.239299998
6805.3294,191,18,"GUI Update",0.0485999994
6805.3313,191,18,"Frustum Culling",1.44790006
6805.3332,191,18,"Animations",0.000199999995
6805.3349,191,18,"Spring Dependencies",0.00079999998
6805.3372,191,18,"GUI Render",0.0763000026
6805.3389,191,18,"Physics",0.00820000004
6805.3409,191,18,"Update",6.58290005
6805.3427,191,18,"Fixed Update",0.0057000001
6805.3444,191,18,"Spline Update",0.000199999995
6805.3462,191,18,"Compose",0.394199997
6805.3481,191,18,"Update Buffers (CPU)",0.0956000015
6811.7926,192,18,"RenderPath3D Update",5.3385
6811.8231,192,18,"Application Update",6.3098
6823.7061,192,18,"Application Render",11.879
6824.2145,192,18,"Application Compose",0.431
6825.0427,192,18,"SubmitCommandLists",0.8164
6825.0697,192,18,"Shadowmap packing",0.000500000024
6825.0728,192,18,"Render",11.8778
6825.0749,192,18,"Procedural Animations",0.00120000006
6825.077,192,18,"Script Components",0.000199999995
6825.0797,192,18,"CPU Frame",18.9204998
6825.0815,192,18,"Input",0.154599994
6825.0836,192,18,"GUI Update",0.0496999994
6825.0855,192,18,"Frustum Culling",1.56289995
6825.0875,192,18,"Animations",0.000199999995
6825.0892,192,18,"Spring Dependencies",0.000500000024
6825.0914,192,18,"GUI Render",0.124300003
6825.0931,192,18,"Physics",0.00490000006
6825.0948,192,18,"Update",6.30959988
6825.0967,192,18,"Fixed Update",0.00469999993
6825.0984,192,18,"Spline Update",0.000199999995
6825.1001,192,18,"Compose",0.430000007
6825.1023,192,18,"Update Buffers (CPU)",0.290199995
6831.7349,193,18,"RenderPath3D Update",5.4731
6831.7541,193,18,"Application Update",6.5119
6842.0366,193,18,"Application Render",10.2788
6842.6531,193,18,"Application Compose",0.5496
6844.1254,193,18,"SubmitCommandLists",1.4423
6844.1722,193,18,"Shadowmap packing",0.000699999975
6844.1758,193,18,"Render",10.2769003
6844.1788,193,18,"Procedural Animations",0.0013
6844.1813,193,18,"Script Components",0.000199999995
6844.1847,193,18,"CPU Frame",17.6166
6844.1869,193,18,"Input",0.129600003
6844.1893,193,18,"GUI Update",0.0445000008
6844.1915,193,18,"Frustum Culling",1.63639998
6844.1934,193,18,"Animations",0.000199999995
6844.1952,193,18,"Spring Dependencies",0.000300000014
6844.1978,193,18,"GUI Render",0.067400001
6844.1996,193,18,"Physics",0.00730000017
6844.2015,193,18,"Update",6.51160002
6844.2035,193,18,"Fixed Update",0.00430000015
6844.2052,193,18,"Spline Update",0.00860000029
6844.207,193,18,"Compose",0.548699975
6844.209,193,18,"Update Buffers (CPU)",0.125300005
6851.4338,194,18,"RenderPath3D Update",6.0906
6851.4621,194,18,"Application Update",7.0844
6862.9708,194,18,"Application Render",11.5054
6863.458,194,18,"Application Compose",0.4214
6864.6663,194,18,"SubmitCommandLists",1.179
6864.7102,194,18,"Shadowmap packing",0.00039999999
6864.714,194,18,"Render",11.5044003
6864.7163,194,18,"Procedural Animations",0.0013
6864.7188,194,18,"Script Components",9.99999975e-05
6864.7225,194,18,"CPU Frame",19.3164005
6864.7244,194,18,"Input",0.156100005
6864.7269,194,18,"GUI Update",0.0472000018
6864.7292,194,18,"Frustum Culling",1.95879996
6864.7312,194,18,"Animations",9.99999975e-05
6864.7331,194,18,"Spring Dependencies",0.000300000014
6864.7355,194,18,"GUI Render",0.159400001
6864.7372,194,18,"Physics",0.00999999978
6864.7395,194,18,"Update",7.08409977
6864.7416,194,18,"Fixed Update",0.00579999993
6864.7434,194,18,"Spline Update",0.000199999995
6864.7471,194,18,"Compose",0.420700014
6864.7528,194,18,"Update Buffers (CPU)",0.1655
6871.9035,195,18,"RenderPath3D Update",5.8564
6871.9233,195,18,"Application Update",6.9549
6888.0469,195,18,"Application Render",16.1202
6888.5633,195,18,"Application Compose",0.4001
6889.4328,195,18,"SubmitCommandLists",0.8571
6889.5487,195,18,"Shadowmap packing",0.000300000014
6889.5562,195,18,"Render",16.1191006
6889.5595,195,18,"Procedural Animations",0.0013
6889.5635,195,18,"Script Components",0.000300000014
6889.5676,195,18,"CPU Frame",23.8848
6889.5707,195,18,"Input",0.201299995
6889.5741,195,18,"GUI Update",0.0324999988
6889.5774,195,18,"Frustum Culling",1.68929994
6889.5804,195,18,"Animations",9.99999975e-05
6889.5835,195,18,"Spring Dependencies",0.000899999985
6889.5867,195,18,"GUI Render",0.0720999986
6889.5894,195,18,"Physics",0.00499999989
6889.5922,195,18,"Update",6.95469999
6889.5949,195,18,"Fixed Update",0.00710000005
6889.5978,195,18,"Spline Update",0.000199999995
6889.6009,195,18,"Compose",0.399300009
6889.6041,195,18,"Update Buffers (CPU)",0.1162
6897.0057,196,18,"RenderPath3D Update",6.1561
6897.0263,196,18,"Application Update",7.2216
6909.4088,196,18,"Application Render",12.3786
6909.8973,196,18,"Application Compose",0.4057
6911.0988,196,18,"SubmitCommandLists",1.1878
6911.1287,196,18,"Shadowmap packing",0.000699999975
6911.1322,196,18,"Render",12.3774996
6911.1344,196,18,"Procedural Animations",0.00150000001
6911.1365,196,18,"Script Components",9.99999975e-05
6911.1397,196,18,"CPU Frame",20.4591007
6911.1416,196,18,"Input",0.172199994
6911.1441,196,18,"GUI Update",0.0452000014
6911.1461,196,18,"Frustum Culling",1.22230005
6911.148,196,18,"Animations",0.000199999995
6911.15,196,18,"Spring Dependencies",0.00120000006
6911.1523,196,18,"GUI Render",0.117299996
6911.154,196,18,"Physics",0.00689999992
6911.1558,196,18,"Update",7.22130013
6911.1577,196,18,"Fixed Update",0.0092000002
6911.1594,196,18,"Spline Update",0.000199999995
6911.1611,196,18,"Compose",0.405000001
6911.1629,196,18,"Update Buffers (CPU)",0.168899998
6918.8228,197,18,"RenderPath3D Update",6.5246
6918.8576,197,18,"Application Update",7.5382
6929.8913,197,18,"Application Render",11.0309
6930.3575,197,18,"Application Compose",0.3936
6931.4854,197,18,"SubmitCommandLists",1.1168
6931.5141,197,18,"Shadowmap packing",0.000899999985
6931.5175,197,18,"Render",11.0298004
6931.5196,197,18,"Procedural Animations",0.00150000001
6931.5219,197,18,"Script Components",0.000300000014
6931.5243,197,18,"CPU Frame",19.2500992
6931.5262,197,18,"Input",0.142100006
6931.5285,197,18,"GUI Update",0.0649000034
6931.5305,197,18,"Frustum Culling",1.70669997
6931.5324,197,18,"Animations",0.00039999999
6931.5342,197,18,"Spring Dependencies",0.00100000005
6931.5365,197,18,"GUI Render",0.0936999992
6931.5383,197,18,"Physics",0.00810000021
6931.54,197,18,"Update",7.53800011
6931.5419,197,18,"Fixed Update",0.00730000017
6931.5437,197,18,"Spline Update",0.000300000014
6931.5454,197,18,"Compose",0.392500013
6931.5472,197,18,"Update Buffers (CPU)",0.107699998
6938.3711,198,18,"RenderPath3D Update",5.7665
6938.3903,198,18,"Application Update",6.6973
6950.2602,198,18,"Application Render",11.8663
6950.7274,198,18,"Application Compose",0.3912
6951.8632,198,18,"SubmitCommandLists",1.1239
6951.892,198,18,"Shadowmap packing",0.000699999975
6951.8952,198,18,"Render",11.8648996
6951.8972,198,18,"Procedural Animations",0.00170000002
6951.8994,198,18,"Script Components",0.000199999995
6951.902,198,18,"CPU Frame",19.2343998
6951.9039,198,18,"Input",0.134599999
6951.9062,198,18,"GUI Update",0.0460000001
6951.9081,198,18,"Frustum Culling",1.1875
6951.9099,198,18,"Animations",0.000199999995
6951.9117,198,18,"Spring Dependencies",0.000300000014
6951.9138,198,18,"GUI Render",0.0966999978
6951.9154,198,18,"Physics",0.00949999969
6951.9173,198,18,"Update",6.69700003
6951.9191,198,18,"Fixed Update",0.00540000014
6951.921,198,18,"Spline Update",0.000300000014
6951.9227,198,18,"Compose",0.390300006
6951.9245,198,18,"Update Buffers (CPU)",0.0938000008
6959.2805,199,18,"RenderPath3D Update",6.11
6959.3009,199,18,"Application Update",7.2382
6970.7532,199,18,"Application Render",11.4492
6971.2244,199,18,"Application Compose",0.3939
6972.3204,199,18,"SubmitCommandLists",1.0832
6972.3475,199,18,"Shadowmap packing",0.000500000024
6972.4468,199,18,"Render",11.4483004
6972.4499,199,18,"Procedural Animations",0.00179999997
6972.4523,199,18,"Script Components",0.000199999995
6972.455,199,18,"CPU Frame",19.3544006
6972.457,199,18,"Input",0.127299994
6972.4593,199,18,"GUI Update",0.0342999995
6972.4612,199,18,"Frustum Culling",1.39409995
6972.4631,199,18,"Animations",0.000199999995
6972.4648,199,18,"Spring Dependencies",0.0175999999
6972.4669,199,18,"GUI Render",0.104800001
6972.4687,199,18,"Physics",0.00939999986
6972.4705,199,18,"Update",7.23799992
6972.4722,199,18,"Fixed Update",0.00490000006
6972.474,199,18,"Spline Update",0.000199999995
6972.4757,199,18,"Compose",0.393099993
6972.4853,199,18,"Update Buffers (CPU)",0.163200006
6978.5462,200,18,"RenderPath3D Update",5.0471
6978.5951,200,18,"Application Update",5.9643
6993.9784,200,18,"Application Render",15.3555
6994.4582,200,18,"Application Compose",0.4045
6995.4601,200,18,"SubmitCommandLists",0.9898
6995.515,200,18,"Shadowmap packing",0.000899999985
6995.5193,200,18,"Render",15.3518
6995.5371,200,18,"Procedural Animations",0.00139999995
6995.5394,200,18,"Script Components",0.000199999995
6995.543,200,18,"CPU Frame",22.1308002
6995.545,200,18,"Input",0.133900002
6995.5478,200,18,"GUI Update",0.0496999994
6995.5503,200,18,"Frustum Culling",6.87919998
6995.5523,200,18,"Animations",9.99999975e-05
6995.5546,200,18,"Spring Dependencies",0.000300000014
6995.5577,200,18,"GUI Render",0.154100001
6995.5594,200,18,"Physics",0.00510000018
6995.5617,200,18,"Update",5.96409988
6995.5638,200,18,"Fixed Update",0.00549999997
6995.5657,200,18,"Spline Update",0.000199999995
6995.5676,200,18,"Compose",0.403800011
6995.5695,200,18,"Update Buffers (CPU)",0.0983000025
7002.5214,201,18,"RenderPath3D Update",5.6762
7002.5595,201,18,"Application Update",6.7435
7012.9793,201,18,"Application Render",10.4158
7013.4619,201,18,"Application Compose",0.4026
7014.4519,201,18,"SubmitCommandLists",0.9781
7014.4808,201,18,"Shadowmap packing",0.00039999999
7014.4837,201,18,"Render",10.4148998
7014.4859,201,18,"Procedural Animations",0.0185000002
7014.4881,201,18,"Script Components",0.000199999995
7014.4906,201,18,"CPU Frame",17.9918003
7014.4923,201,18,"Input",0.223000005
7014.4946,201,18,"GUI Update",0.0342999995
7014.4968,201,18,"Frustum Culling",1.79859996
7014.4986,201,18,"Animations",0.000199999995
7014.5002,201,18,"Spring Dependencies",0.000600000028
7014.5026,201,18,"GUI Render",0.150700003
7014.5043,201,18,"Physics",0.0074
7014.5061,201,18,"Update",6.74310017
7014.508,201,18,"Fixed Update",0.00689999992
7014.5099,201,18,"Spline Update",9.99999975e-05
7014.512,201,18,"Compose",0.401800007
7014.5139,201,18,"Update Buffers (CPU)",0.111000001
7021.7373,202,18,"RenderPath3D Update",6.1593
7021.7542,202,18,"Application Update",7.0874
7032.7583,202,18,"Application Render",11.001
7033.2266,202,18,"Application Compose",0.3946
7034.1396,202,18,"SubmitCommandLists",0.901
7034.1655,202,18,"Shadowmap packing",0.000300000014
7034.1683,202,18,"Render",11
7034.1703,202,18,"Procedural Animations",0.00170000002
7034.1726,202,18,"Script Components",0.000199999995
7034.175,202,18,"CPU Frame",18.7679005
7034.177,202,18,"Input",0.141599998
7034.1792,202,18,"GUI Update",0.0410999991
7034.1811,202,18,"Frustum Culling",1.11870003
7034.1831,202,18,"Animations",9.99999975e-05
7034.1852,202,18,"Spring Dependencies",0.000199999995
7034.1876,202,18,"GUI Render",0.0970000029
7034.1893,202,18,"Physics",0.00609999988
7034.191,202,18,"Update",7.08710003
7034.1927,202,18,"Fixed Update",0.00490000006
7034.1944,202,18,"Spline Update",9.99999975e-05
7034.1961,202,18,"Compose",0.393400013
7034.1982,202,18,"Update Buffers (CPU)",0.0991000012
7041.1241,203,18,"RenderPath3D Update",5.8276
7041.148,203,18,"Application Update",6.8111
7052.2519,203,18,"Application Render",11.0992
7052.8484,203,18,"Application Compose",0.4988
7053.8269,203,18,"SubmitCommandLists",0.9642
7053.8592,203,18,"Shadowmap packing",0.000600000028
7053.8624,203,18,"Render",11.0979004
7053.8646,203,18,"Procedural Animations",0.00150000001
7053.8669,203,18,"Script Components",9.99999975e-05
7053.9134,203,18,"CPU Frame",18.7029991
7053.9156,203,18,"Input",0.128000006
7053.9183,203,18,"GUI Update",0.0544999987
7053.9203,203,18,"Frustum Culling",1.43920004
7053.9223,203,18,"Animations",0.000699999975
7053.9243,203,18,"Spring Dependencies",0.00109999999
7053.9266,203,18,"GUI Render",0.0978000015
7053.9284,203,18,"Physics",0.00609999988
7053.9301,203,18,"Update",6.8105998
7053.932,203,18,"Fixed Update",0.00480000023
7053.9338,203,18,"Spline Update",0.000199999995
7053.9356,203,18,"Compose",0.497999996
7053.9375,203,18,"Update Buffers (CPU)",0.0841000006
7061.4401,204,18,"RenderPath3D Update",6.1809
7061.4594,204,18,"Application Update",7.3347
7075.0276,204,18,"Application Render",13.5649
7075.5012,204,18,"Application Compose",0.3985
7076.4036,204,18,"SubmitCommandLists",0.8897
7076.4311,204,18,"Shadowmap packing",0.00079999998
7076.4342,204,18,"Render",13.5639
7076.4361,204,18,"Procedural Animations",0.0013
7076.4383,204,18,"Script Components",9.99999975e-05
7076.4419,204,18,"CPU Frame",21.6665993
7076.4437,204,18,"Input",0.167899996
7076.4459,204,18,"GUI Update",0.0604999997
7076.448,204,18,"Frustum Culling",3.68390012
7076.45,204,18,"Animations",0.000500000024
7076.4519,204,18,"Spring Dependencies",0.000300000014
7076.4542,204,18,"GUI Render",0.107000001
7076.4561,204,18,"Physics",0.0074
7076.4579,204,18,"Update",7.33430004
7076.4595,204,18,"Fixed Update",0.0102000004
7076.4613,204,18,"Spline Update",9.99999975e-05
7076.4631,204,18,"Compose",0.397700012
7076.4649,204,18,"Update Buffers (CPU)",0.147799999
7083.8963,205,18,"RenderPath3D Update",6.352
7083.9137,205,18,"Application Update",7.2967
7097.8896,205,18,"Application Render",13.9726
7098.3748,205,18,"Application Compose",0.4129
7099.2018,205,18,"SubmitCommandLists",0.8133
7099.2312,205,18,"Shadowmap packing",0.00039999999
7099.2342,205,18,"Render",13.9719
7099.2362,205,18,"Procedural Animations",0.00300000003
7099.2384,205,18,"Script Components",9.99999975e-05
7099.2411,205,18,"CPU Frame",21.9655991
7099.2432,205,18,"Input",0.140799999
7099.2454,205,18,"GUI Update",0.0430000015
7099.2474,205,18,"Frustum Culling",1.11210001
7099.2494,205,18,"Animations",0.000199999995
7099.2512,205,18,"Spring Dependencies",0.000199999995
7099.2532,205,18,"GUI Render",0.103699997
7099.255,205,18,"Physics",0.00480000023
7099.2569,205,18,"Update",7.29650021
7099.2588,205,18,"Fixed Update",0.00540000014
7099.2605,205,18,"Spline Update",0.000199999995
7099.2623,205,18,"Compose",0.411900014
7099.264,205,18,"Update Buffers (CPU)",0.118199997
7106.25,206,18,"RenderPath3D Update",5.3561
7106.2683,206,18,"Application Update",6.8569
7117.026,206,18,"Application Render",10.7545
7117.5258,206,18,"Application Compose",0.4279
7118.4418,206,18,"SubmitCommandLists",0.9039
7118.4697,206,18,"Shadowmap packing",0.00100000005
7118.4727,206,18,"Render",10.7538004
7118.4749,206,18,"Procedural Animations",0.00150000001
7118.4771,206,18,"Script Components",0.000300000014
7118.4801,206,18,"CPU Frame",18.3155994
7118.482,206,18,"Input",0.135700002
7118.4844,206,18,"GUI Update",0.0419000015
7118.4865,206,18,"Frustum Culling",1.47230005
7118.4884,206,18,"Animations",9.99999975e-05
7118.4909,206,18,"Spring Dependencies",0.000699999975
7118.4932,206,18,"GUI Render",0.115999997
7118.4949,206,18,"Physics",0.00710000005
7118.4967,206,18,"Update",6.85669994
7118.4988,206,18,"Fixed Update",0.00520000001
7118.5006,206,18,"Spline Update",0.000300000014
7118.5024,206,18,"Compose",0.426999986
7118.5042,206,18,"Update Buffers (CPU)",0.104900002
7125.1628,207,18,"RenderPath3D Update",5.6053
7125.1815,207,18,"Application Update",6.5304
7136.0701,207,18,"Application Render",10.8856
7136.5618,207,18,"Application Compose",0.4133
7137.4336,207,18,"SubmitCommandLists",0.8593
7137.459,207,18,"Shadowmap packing",0.000500000024
7137.4621,207,18,"Render",10.8846998
7137.4641,207,18,"Procedural Animations",0.00150000001
7137.4662,207,18,"Script Components",0.000199999995
7137.4689,207,18,"CPU Frame",18.1128998
7137.4707,207,18,"Input",0.135399997
7137.4827,207,18,"GUI Update",0.0335000008
7137.4847,207,18,"Frustum Culling",1.34720004
7137.5309,207,18,"Animations",0.000500000024
7137.5328,207,18,"Spring Dependencies",0.00109999999
7137.5348,207,18,"GUI Render",0.0680000037
7137.5366,207,18,"Physics",0.0103000002
7137.5383,207,18,"Update",6.53009987
7137.54,207,18,"Fixed Update",0.00540000014
7137.5418,207,18,"Spline Update",0.000199999995
7137.5436,207,18,"Compose",0.412400007
7137.5456,207,18,"Update Buffers (CPU)",0.0715000033
7144.0531,208,18,"RenderPath3D Update",5.4549
7144.0762,208,18,"Application Update",6.387
7154.5274,208,18,"Application Render",10.4471
7155.0194,208,18,"Application Compose",0.4065
7156.4259,208,18,"SubmitCommandLists",1.3935
7156.4759,208,18,"Shadowmap packing",0.00079999998
7156.4794,208,18,"Render",10.4462004
7156.4814,208,18,"Procedural Animations",0.00139999995
7156.4838,208,18,"Script Components",0.000199999995
7156.4863,208,18,"CPU Frame",17.5800991
7156.4881,208,18,"Input",0.132200003
7156.4919,208,18,"GUI Update",0.0513999984
7156.5099,208,18,"Frustum Culling",1.60080004
7156.5123,208,18,"Animations",0.000199999995
7156.5141,208,18,"Spring Dependencies",0.0172000006
7156.5166,208,18,"GUI Render",0.0935000032
7156.5184,208,18,"Physics",0.00510000018
7156.5201,208,18,"Update",6.38640022
7156.5222,208,18,"Fixed Update",0.00490000006
7156.5243,208,18,"Spline Update",0.000199999995
7156.5261,208,18,"Compose",0.405499995
7156.5285,208,18,"Update Buffers (CPU)",0.0970999971
7164.6586,209,18,"RenderPath3D Update",6.8784
7164.687,209,18,"Application Update",7.9093
7175.8127,209,18,"Application Render",11.1224
7176.3713,209,18,"Application Compose",0.4761
7177.3823,209,18,"SubmitCommandLists",0.9891
7177.4373,209,18,"Shadowmap packing",0.000600000028
7177.4412,209,18,"Render",11.1113005
7177.4433,209,18,"Procedural Animations",0.0013
7177.4458,209,18,"Script Components",0.000199999995
7177.4485,209,18,"CPU Frame",19.9279995
7177.4502,209,18,"Input",0.235100001
7177.4526,209,18,"GUI Update",0.0386999995
7177.4545,209,18,"Frustum Culling",1.64569998
7177.4564,209,18,"Animations",0.00039999999
7177.4583,209,18,"Spring Dependencies",0.000300000014
7177.4607,209,18,"GUI Render",0.116700001
7177.4625,209,18,"Physics",0.00970000029
7177.4643,209,18,"Update",7.90910006
7177.466,209,18,"Fixed Update",0.00620000018
7177.4678,209,18,"Spline Update",0.000699999975
7177.4697,209,18,"Compose",0.475100011
7177.4718,209,18,"Update Buffers (CPU)",0.0793000013
7184.6819,210,18,"RenderPath3D Update",6.1164
7184.7049,210,18,"Application Update",7.0848
7195.8774,210,18,"Application Render",11.169
7196.3746,210,18,"Application Compose",0.4114
7197.9072,210,18,"SubmitCommandLists",1.5183
7198.1183,210,18,"Shadowmap packing",0.000500000024
7198.1306,210,18,"Render",11.1680002
7198.1329,210,18,"Procedural Animations",0.00139999995
7198.1354,210,18,"Script Components",0.00039999999
7198.1382,210,18,"CPU Frame",18.9617996
7198.1401,210,18,"Input",0.134599999
7198.1425,210,18,"GUI Update",0.0439999998
7198.1447,210,18,"Frustum Culling",1.76400006
7198.1466,210,18,"Animations",0.000300000014
7198.1486,210,18,"Spring Dependencies",0.00079999998
7198.1509,210,18,"GUI Render",0.105599999
7198.1528,210,18,"Physics",0.0144999996
7198.1546,210,18,"Update",7.08459997
7198.1565,210,18,"Fixed Update",0.00609999988
7198.1584,210,18,"Spline Update",0.000600000028
7198.1602,210,18,"Compose",0.410600007
7198.1621,210,18,"Update Buffers (CPU)",0.132300004
7205.8069,211,18,"RenderPath3D Update",6.4839
7205.8531,211,18,"Application Update",7.5246
7221.9439,211,18,"Application Render",16.0874
7222.4249,211,18,"Application Compose",0.4006
7223.3219,211,18,"SubmitCommandLists",0.8829
7223.3505,211,18,"Shadowmap packing",0.00120000006
7223.3534,211,18,"Render",16.0862007
7223.3553,211,18,"Procedural Animations",0.00120000006
7223.3575,211,18,"Script Components",9.99999975e-05
7223.3602,211,18,"CPU Frame",24.3519993
7223.3622,211,18,"Input",0.149900004
7223.3644,211,18,"GUI Update",0.0480000004
7223.3664,211,18,"Frustum Culling",6.08970022
7223.3682,211,18,"Animations",9.99999975e-05
7223.3699,211,18,"Spring Dependencies",0.00109999999
7223.3721,211,18,"GUI Render",0.153999999
7223.4091,211,18,"Physics",0.00540000014
7223.4109,211,18,"Update",7.52390003
7223.4127,211,18,"Fixed Update",0.00749999983
7223.4145,211,18,"Spline Update",0.000199999995
7223.4163,211,18,"Compose",0.399699986
7223.4181,211,18,"Update Buffers (CPU)",0.266900003
7231.1413,212,18,"RenderPath3D Update",6.5603
7231.1595,212,18,"Application Update",7.6021
7242.4481,212,18,"Application Render",11.2842
7242.9168,212,18,"Application Compose",0.3972
7243.9134,212,18,"SubmitCommandLists",0.9796
7243.9454,212,18,"Shadowmap packing",0.000500000024
7243.9488,212,18,"Render",11.2833004
7243.9508,212,18,"Procedural Animations",0.00120000006
7243.9528,212,18,"Script Components",9.99999975e-05
7243.9556,212,18,"CPU Frame",19.5877991
7243.9574,212,18,"Input",0.127599999
7243.9594,212,18,"GUI Update",0.0403999984
7243.9613,212,18,"Frustum Culling",1.55809999
7243.9632,212,18,"Animations",0.000199999995
7243.965,212,18,"Spring Dependencies",0.00079999998
7243.9673,212,18,"GUI Render",0.0913999975
7243.9691,212,18,"Physics",0.00710000005
7243.9709,212,18,"Update",7.60200024
7243.9729,212,18,"Fixed Update",0.00520000001
7243.9745,212,18,"Spline Update",0.000199999995
7243.9762,212,18,"Compose",0.396299988
7243.978,212,18,"Update Buffers (CPU)",0.101300001
7251.1505,213,18,"RenderPath3D Update",6.0809
7251.1865,213,18,"Application Update",7.0465
7263.7176,213,18,"Application Render",12.5279
7264.1936,213,18,"Application Compose",0.3985
7265.2236,213,18,"SubmitCommandLists",1.0172
7265.2511,213,18,"Shadowmap packing",0.000600000028
7265.2542,213,18,"Render",12.5270996
7265.2563,213,18,"Procedural Animations",0.00170000002
7265.2587,213,18,"Script Components",9.99999975e-05
7265.2614,213,18,"CPU Frame",20.2691994
7265.2633,213,18,"Input",0.150999993
7265.2656,213,18,"GUI Update",0.059700001
7265.2676,213,18,"Frustum Culling",1.98160005
7265.2694,213,18,"Animations",0.000199999995
7265.2712,213,18,"Spring Dependencies",0.000500000024
7265.2733,213,18,"GUI Render",0.204400003
7265.275,213,18,"Physics",0.00700000022
7265.2769,213,18,"Update",7.04610014
7265.2786,213,18,"Fixed Update",0.00540000014
7265.2802,213,18,"Spline Update",0.000300000014
7265.2819,213,18,"Compose",0.397700012
7265.284,213,18,"Update Buffers (CPU)",0.181199998
7272.5861,214,18,"RenderPath3D Update",6.2495
7272.6118,214,18,"Application Update",7.1877
7283.9554,214,18,"Application Render",11.3408
7284.4406,214,18,"Application Compose",0.4052
7285.4149,214,18,"SubmitCommandLists",0.9625
7285.4448,214,18,"Shadowmap packing",0.00039999999
7285.4478,214,18,"Render",11.3399
7285.4498,214,18,"Procedural Animations",0.00109999999
7285.4521,214,18,"Script Components",9.99999975e-05
7285.455,214,18,"CPU Frame",19.2112007
7285.4569,214,18,"Input",0.128999993
7285.4594,214,18,"GUI Update",0.0491999984
7285.4614,214,18,"Frustum Culling",1.65030003
7285.4633,214,18,"Animations",9.99999975e-05
7285.465,214,18,"Spring Dependencies",0.000600000028
7285.4672,214,18,"GUI Render",0.0825000033
7285.4689,214,18,"Physics",0.00659999996
7285.4706,214,18,"Update",7.18730021
7285.4724,214,18,"Fixed Update",0.00540000014
7285.4742,214,18,"Spline Update",0.000199999995
7285.4759,214,18,"Compose",0.404399991
7285.4776,214,18,"Update Buffers (CPU)",0.122000001
7292.263,215,18,"RenderPath3D Update",5.7141
7292.304,215,18,"Application Update",6.6835
7304.46,215,18,"Application Render",12.1523
7304.9481,215,18,"Application Compose",0.4114
7305.9423,215,18,"SubmitCommandLists",0.9811
7305.9717,215,18,"Shadowmap packing",0.000600000028
7305.9746,215,18,"Render",12.1512003
7305.9765,215,18,"Procedural Animations",0.00179999997
7305.9787,215,18,"Script Components",0.000199999995
7305.9812,215,18,"CPU Frame",19.5251007
7305.9834,215,18,"Input",0.131200001
7305.9856,215,18,"GUI Update",0.0428999998
7305.9876,215,18,"Frustum Culling",1.84549999
7305.9895,215,18,"Animations",0.000199999995
7305.9912,215,18,"Spring Dependencies",0.000199999995
7305.9935,215,18,"GUI Render",0.0942000002
7305.9951,215,18,"Physics",0.00789999962
7305.9969,215,18,"Update",6.68310022
7305.9987,215,18,"Fixed Update",0.00549999997
7306.0463,215,18,"Spline Update",9.99999975e-05
7306.0491,215,18,"Compose",0.41049999
7306.0512,215,18,"Update Buffers (CPU)",0.1954
7313.0682,216,18,"RenderPath3D Update",6.0161
7313.0841,216,18,"Application Update",6.8862
7324.2721,216,18,"Application Render",11.1848
7324.7621,216,18,"Application Compose",0.4137
7325.6312,216,18,"SubmitCommandLists",0.8563
7325.6592,216,18,"Shadowmap packing",0.00039999999
7325.6622,216,18,"Render",11.184
7325.6643,216,18,"Procedural Animations",0.00190000003
7325.6667,216,18,"Script Components",0.000199999995
7325.6692,216,18,"CPU Frame",18.8118
7325.6711,216,18,"Input",0.135299996
7325.6734,216,18,"GUI Update",0.0381000005
7325.6754,216,18,"Frustum Culling",1.14320004
7325.6774,216,18,"Animations",0.00079999998
7325.6792,216,18,"Spring Dependencies",0.00100000005
7325.6814,216,18,"GUI Render",0.0659999996
7325.6831,216,18,"Physics",0.00510000018
7325.6848,216,18,"Update",6.88590002
7325.6866,216,18,"Fixed Update",0.00499999989
7325.6885,216,18,"Spline Update",0.000199999995
7325.6903,216,18,"Compose",0.412600011
7325.6922,216,18,"Update Buffers (CPU)",0.0741999969
7332.137,217,18,"RenderPath3D Update",5.3839
7332.1657,217,18,"Application Update",6.3303
7342.6491,217,18,"Application Render",10.4798
7343.2989,217,18,"Application Compose",0.5595
7344.419,217,18,"SubmitCommandLists",1.0988
7344.446,217,18,"Shadowmap packing",0.0013
7344.449,217,18,"Render",10.4786997
7344.451,217,18,"Procedural Animations",0.00120000006
7344.4532,217,18,"Script Components",0.000199999995
7344.456,217,18,"CPU Frame",17.6665993
7344.4578,217,18,"Input",0.132200003
7344.46,217,18,"GUI Update",0.0410000011
7344.4622,217,18,"Frustum Culling",1.52030003
7344.4642,217,18,"Animations",9.99999975e-05
7344.4664,217,18,"Spring Dependencies",0.00039999999
7344.4687,217,18,"GUI Render",0.0789000019
7344.4704,217,18,"Physics",0.00579999993
7344.4722,217,18,"Update",6.32989979
7344.4742,217,18,"Fixed Update",0.00480000023
7344.476,217,18,"Spline Update",0.000199999995
7344.4778,217,18,"Compose",0.558300018
7344.4797,217,18,"Update Buffers (CPU)",0.102200001
7354.2724,218,18,"RenderPath3D Update",8.3107
7354.36,218,18,"Application Update",9.4258
7368.5699,218,18,"Application Render",14.204
7369.1535,218,18,"Application Compose",0.5011
7370.7633,218,18,"SubmitCommandLists",1.5932
7370.8367,218,18,"Shadowmap packing",0.0013
7370.8432,218,18,"Render",14.2014999
7370.847,218,18,"Procedural Animations",0.00289999996
7370.8513,218,18,"Script Components",0.000199999995
7370.8563,218,18,"CPU Frame",24.7318001
7370.8589,218,18,"Input",0.441700011
7370.8617,218,18,"GUI Update",0.0454999991
7370.8721,218,18,"Frustum Culling",3.02180004
7370.8742,218,18,"Animations",0.000600000028
7370.8764,218,18,"Spring Dependencies",0.00120000006
7370.8795,218,18,"GUI Render",0.105899997
7370.8816,218,18,"Physics",0.0531000011
7370.8833,218,18,"Update",9.42500019
7370.8858,218,18,"Fixed Update",0.00600000005
7370.8875,218,18,"Spline Update",0.000199999995
7370.8894,218,18,"Compose",0.499799997
7370.8914,218,18,"Update Buffers (CPU)",0.192599997
7382.0511,219,18,"RenderPath3D Update",9.4379
7382.192,219,18,"Application Update",10.9241
7398.6014,219,18,"Application Render",16.401
7399.1279,219,18,"Application Compose",0.4389
7400.0436,219,18,"SubmitCommandLists",0.8911
7400.0857,219,18,"Shadowmap packing",0.00079999998
7400.0906,219,18,"Render",16.3938999
7400.0939,219,18,"Procedural Animations",0.0057000001
7400.0979,219,18,"Script Components",0.00109999999
7400.1018,219,18,"CPU Frame",28.3535995
7400.1045,219,18,"Input",0.34830001
7400.107,219,18,"GUI Update",0.148599997
7400.1092,219,18,"Frustum Culling",1.50839996
7400.1113,219,18,"Animations",9.99999975e-05
7400.1136,219,18,"Spring Dependencies",0.000899999985
7400.1257,219,18,"GUI Render",0.079400003
7400.1276,219,18,"Physics",0.0153000001
7400.1295,219,18,"Update",10.9226999
7400.1315,219,18,"Fixed Update",0.0104999999
7400.1335,219,18,"Spline Update",0.00159999996
7400.1353,219,18,"Compose",0.437700003
7400.1372,219,18,"Update Buffers (CPU)",0.140300006
7406.7707,220,18,"RenderPath3D Update",5.4329
7406.8359,220,18,"Application Update",6.5521
7416.8453,220,18,"Application Render",10.0061
7417.326,220,18,"Application Compose",0.4131
7418.2766,220,18,"SubmitCommandLists",0.9377
7418.3248,220,18,"Shadowmap packing",0.00079999998
7418.3284,220,18,"Render",10.0052996
7418.3304,220,18,"Procedural Animations",0.00120000006
7418.3327,220,18,"Script Components",0.000300000014
7418.3353,220,18,"CPU Frame",17.2693005
7418.3373,220,18,"Input",0.133200005
7418.3396,220,18,"GUI Update",0.0430999994
7418.3418,220,18,"Frustum Culling",1.61670005
7418.3438,220,18,"Animations",0.000199999995
7418.3457,220,18,"Spring Dependencies",0.00079999998
7418.3479,220,18,"GUI Render",0.102899998
7418.3496,220,18,"Physics",0.00659999996
7418.3513,220,18,"Update",6.55170012
7418.3531,220,18,"Fixed Update",0.00600000005
7418.3549,220,18,"Spline Update",0.000300000014
7418.3567,220,18,"Compose",0.41170001
7418.3585,220,18,"Update Buffers (CPU)",0.0741999969
7426.9409,221,18,"RenderPath3D Update",6.8045
7426.9762,221,18,"Application Update",8.4507
7436.8531,221,18,"Application Render",9.8733
7437.3246,221,18,"Application Compose",0.3937
7438.2768,221,18,"SubmitCommandLists",0.9392
7438.3054,221,18,"Shadowmap packing",0.000699999975
7438.3086,221,18,"Render",9.8725996
7438.3107,221,18,"Procedural Animations",0.00139999995
7438.313,221,18,"Script Components",0.000199999995
7438.3156,221,18,"CPU Frame",19.0407009
7438.3175,221,18,"Input",0.147100002
7438.3197,221,18,"GUI Update",0.0328000002
7438.3218,221,18,"Frustum Culling",1.65869999
7438.3237,221,18,"Animations",0.000199999995
7438.3254,221,18,"Spring Dependencies",0.000500000024
7438.3276,221,18,"GUI Render",0.0560999997
7438.3294,221,18,"Physics",0.0220999997
7438.3311,221,18,"Update",8.45049953
7438.3328,221,18,"Fixed Update",0.00529999984
7438.3347,221,18,"Spline Update",0.000199999995
7438.3365,221,18,"Compose",0.393000007
7438.3382,221,18,"Update Buffers (CPU)",0.106899999
7445.6864,222,18,"RenderPath3D Update",6.1875
7445.7039,222,18,"Application Update",7.152
7460.3251,222,18,"Application Render",14.6181
7460.7942,222,18,"Application Compose",0.4021
7462.1403,222,18,"SubmitCommandLists",1.3319
7462.1801,222,18,"Shadowmap packing",0.00039999999
7462.1836,222,18,"Render",14.6169996
7462.1854,222,18,"Procedural Animations",0.00139999995
7462.1876,222,18,"Script Components",0.000199999995
7462.1899,222,18,"CPU Frame",22.5104008
7462.1917,222,18,"Input",0.2007
7462.194,222,18,"GUI Update",0.070600003
7462.1961,222,18,"Frustum Culling",1.12189996
7462.1979,222,18,"Animations",0.000199999995
7462.1996,222,18,"Spring Dependencies",0.000199999995
7462.2018,222,18,"GUI Render",0.0940999985
7462.2036,222,18,"Physics",0.00669999979
7462.2052,222,18,"Update",7.15170002
7462.207,222,18,"Fixed Update",0.00710000005
7462.2087,222,18,"Spline Update",0.000199999995
7462.2104,222,18,"Compose",0.401199996
7462.2122,222,18,"Update Buffers (CPU)",0.130899996
7469.2359,223,18,"RenderPath3D Update",5.7868
7469.2547,223,18,"Application Update",6.9069
7479.382,223,18,"Application Render",10.1239
7479.862,223,18,"Application Compose",0.4013
7480.7664,223,18,"SubmitCommandLists",0.8922
7480.7943,223,18,"Shadowmap packing",0.00109999999
7480.7972,223,18,"Render",10.1225996
7480.7992,223,18,"Procedural Animations",0.00109999999
7480.8016,223,18,"Script Components",0.000199999995
7480.8041,223,18,"CPU Frame",17.7145996
7480.8059,223,18,"Input",0.124200001
7480.8079,223,18,"GUI Update",0.0364000015
7480.8102,223,18,"Frustum Culling",1.30089998
7480.812,223,18,"Animations",9.99999975e-05
7480.8142,223,18,"Spring Dependencies",0.000699999975
7480.8164,223,18,"GUI Render",0.122599997
7480.8182,223,18,"Physics",0.00659999996
7480.8199,223,18,"Update",6.90630007
7480.8217,223,18,"Fixed Update",0.0055999998
7480.8234,223,18,"Spline Update",0.000199999995
7480.8251,223,18,"Compose",0.400299996
7480.827,223,18,"Update Buffers (CPU)",0.164000005
7488.4109,224,18,"RenderPath3D Update",5.7934
7488.4458,224,18,"Application Update",7.4772
7499.4797,224,18,"Application Render",11.0305
7499.9423,224,18,"Application Compose",0.3964
7500.9199,224,18,"SubmitCommandLists",0.9224
7500.9487,224,18,"Shadowmap packing",0.00079999998
7500.9516,224,18,"Render",11.0295
7500.9536,224,18,"Procedural Animations",0.0013
7500.9559,224,18,"Script Components",0.000199999995
7500.9585,224,18,"CPU Frame",19.2103004
7500.9604,224,18,"Input",0.130700007
7500.9626,224,18,"GUI Update",0.0353999995
7500.9647,224,18,"Frustum Culling",1.54589999
7500.9666,224,18,"Animations",0.000199999995
7500.9684,224,18,"Spring Dependencies",0.00079999998
7500.9706,224,18,"GUI Render",0.168899998
7500.9723,224,18,"Physics",0.00600000005
7500.974,224,18,"Update",7.47700024
7500.976,224,18,"Fixed Update",0.00510000018
7500.9779,224,18,"Spline Update",0.000199999995
7500.9797,224,18,"Compose",0.395599991
7500.9815,224,18,"Update Buffers (CPU)",0.119800001
7508.3932,225,18,"RenderPath3D Update",6.3446
7508.4311,225,18,"Application Update",7.3037
7520.0621,225,18,"Application Render",11.628
7520.5332,225,18,"Application Compose",0.3957
7521.4731,225,18,"SubmitCommandLists",0.9233
7521.5006,225,18,"Shadowmap packing",0.000500000024
7521.5035,225,18,"Render",11.6273003
7521.5057,225,18,"Procedural Animations",0.00159999996
7521.5079,225,18,"Script Components",0.000199999995
7521.5105,225,18,"CPU Frame",19.6051006
7521.5124,225,18,"Input",0.135499999
7521.5144,225,18,"GUI Update",0.0577999987
7521.5163,225,18,"Frustum Culling",1.70410001
7521.5184,225,18,"Animations",9.99999975e-05
7521.5204,225,18,"Spring Dependencies",0.000300000014
7521.5227,225,18,"GUI Render",0.111100003
7521.5244,225,18,"Physics",0.00639999984
7521.5261,225,18,"Update",7.30340004
7521.5278,225,18,"Fixed Update",0.0046000001
7521.5296,225,18,"Spline Update",0.000300000014
7521.5313,225,18,"Compose",0.394800007
7521.5331,225,18,"Update Buffers (CPU)",0.140400007
7528.6536,226,18,"RenderPath3D Update",6.0611
7528.6725,226,18,"Application Update",6.9783
7539.9951,226,18,"Application Render",11.3196
7540.4684,226,18,"Application Compose",0.4047
7541.4088,226,18,"SubmitCommandLists",0.9272
7541.4354,226,18,"Shadowmap packing",0.00039999999
7541.4384,226,18,"Render",11.3188
7541.4409,226,18,"Procedural Animations",0.00150000001
7541.4431,226,18,"Script Components",0.000199999995
7541.4456,226,18,"CPU Frame",18.9885998
7541.4474,226,18,"Input",0.149399996
7541.4494,226,18,"GUI Update",0.0516000018
7541.4514,226,18,"Frustum Culling",1.08539999
7541.4534,226,18,"Animations",9.99999975e-05
7541.4556,226,18,"Spring Dependencies",0.000199999995
7541.4578,226,18,"GUI Render",0.146400005
7541.4595,226,18,"Physics",0.0138999997
7541.4612,226,18,"Update",6.97809982
7541.463,226,18,"Fixed Update",0.00579999993
7541.4649,226,18,"Spline Update",0.000199999995
7541.4667,226,18,"Compose",0.403800011
7541.4688,226,18,"Update Buffers (CPU)",0.067400001
7547.8924,227,18,"RenderPath3D Update",5.2923
7547.9194,227,18,"Application Update",6.2892
7559.956,227,18,"Application Render",12.0334
7560.4819,227,18,"Application Compose",0.4263
7561.6793,227,18,"SubmitCommandLists",1.1845
7561.7068,227,18,"Shadowmap packing",0.000600000028
7561.71,227,18,"Render",12.0247002
7561.7124,227,18,"Procedural Animations",0.00150000001
7561.715,227,18,"Script Components",0.000199999995
7561.7175,227,18,"CPU Frame",19.0667
7561.7193,227,18,"Input",0.150800005
7561.7213,227,18,"GUI Update",0.058600001
7561.7232,227,18,"Frustum Culling",1.59710002
7561.7251,227,18,"Animations",0.000600000028
7561.7268,227,18,"Spring Dependencies",0.000899999985
7561.729,227,18,"GUI Render",0.120700002
7561.7308,227,18,"Physics",0.0115
7561.7326,227,18,"Update",6.28879976
7561.7425,227,18,"Fixed Update",0.00449999981
7561.7443,227,18,"Spline Update",0.000199999995
7561.7461,227,18,"Compose",0.425500005
7561.7479,227,18,"Update Buffers (CPU)",0.105400003
7568.1627,228,18,"RenderPath3D Update",5.2347
7568.1809,228,18,"Application Update",6.2411
7578.7768,228,18,"Application Render",10.5916
7579.3997,228,18,"Application Compose",0.5075
7580.392,228,18,"SubmitCommandLists",0.9768
7580.42,228,18,"Shadowmap packing",0.000600000028
7580.4234,228,18,"Render",10.5904999
7580.4257,228,18,"Procedural Animations",0.00109999999
7580.4702,228,18,"Script Components",0.000199999995
7580.4732,228,18,"CPU Frame",17.7157001
7580.4833,228,18,"Input",0.179299995
7580.4853,228,18,"GUI Update",0.0375000015
7580.4876,228,18,"Frustum Culling",1.70249999
7580.4896,228,18,"Animations",0.00079999998
7580.4914,228,18,"Spring Dependencies",0.000600000028
7580.4935,228,18,"GUI Render",0.0864999965
7580.4953,228,18,"Physics",0.00779999979
7580.497,228,18,"Update",6.2407999
7580.506,228,18,"Fixed Update",0.00609999988
7580.5078,228,18,"Spline Update",0.000199999995
7580.5095,228,18,"Compose",0.505699992
7580.5118,228,18,"Update Buffers (CPU)",0.0885000005
7587.6199,229,18,"RenderPath3D Update",5.9455
7587.6405,229,18,"Application Update",6.9794
7597.5056,229,18,"Application Render",9.8612
7597.9964,229,18,"Application Compose",0.4136
7598.98,229,18,"SubmitCommandLists",0.9708
7599.0236,229,18,"Shadowmap packing",0.000699999975
7599.0268,229,18,"Render",9.85990047
7599.0287,229,18,"Procedural Animations",0.00139999995
7599.0308,229,18,"Script Components",0.000199999995
7599.0334,229,18,"CPU Frame",17.5979996
7599.0433,229,18,"Input",0.136899993
7599.0455,229,18,"GUI Update",0.0436999984
7599.0476,229,18,"Frustum Culling",1.65069997
7599.0494,229,18,"Animations",9.99999975e-05
7599.0516,229,18,"Spring Dependencies",0.0013
7599.054,229,18,"GUI Render",0.0821999982
7599.0562,229,18,"Physics",0.00520000001
7599.058,229,18,"Update",6.97910023
7599.0599,229,18,"Fixed Update",0.00549999997
7599.0616,229,18,"Spline Update",0.000199999995
7599.0634,229,18,"Compose",0.412699997
7599.0652,229,18,"Update Buffers (CPU)",0.0769999996
7606.0875,230,18,"RenderPath3D Update",5.2717
7606.1206,230,18,"Application Update",6.8815
7620.581,230,18,"Application Render",14.4571
7621.1191,230,18,"Application Compose",0.4447
7622.0927,230,18,"SubmitCommandLists",0.958
7622.1234,230,18,"Shadowmap packing",0.000300000014
7622.1266,230,18,"Render",14.4561005
7622.1286,230,18,"Procedural Animations",0.0013
7622.1308,230,18,"Script Components",0.000199999995
7622.1334,230,18,"CPU Frame",22.1336002
7622.1355,230,18,"Input",0.158399999
7622.1378,230,18,"GUI Update",0.0337000005
7622.1399,230,18,"Frustum Culling",1.57640004
7622.1418,230,18,"Animations",9.99999975e-05
7622.1439,230,18,"Spring Dependencies",0.00039999999
7622.1461,230,18,"GUI Render",0.0930000022
7622.1479,230,18,"Physics",0.00490000006
7622.1496,230,18,"Update",6.88129997
7622.1513,230,18,"Fixed Update",0.00829999987
7622.1531,230,18,"Spline Update",0.000199999995
7622.1548,230,18,"Compose",0.443599999
7622.1567,230,18,"Update Buffers (CPU)",0.114600003
7629.0072,231,18,"RenderPath3D Update",5.7042
7629.03,231,18,"Application Update",6.7303
7638.8995,231,18,"Application Render",9.8659
7639.3722,231,18,"Application Compose",0.4067
7640.4258,231,18,"SubmitCommandLists",1.0413
7640.4603,231,18,"Shadowmap packing",0.00039999999
7640.4634,231,18,"Render",9.86480045
7640.4653,231,18,"Procedural Animations",0.00139999995
7640.4675,231,18,"Script Components",0.000300000014
7640.47,231,18,"CPU Frame",17.2716999
7640.4719,231,18,"Input",0.132100001
7640.4741,231,18,"GUI Update",0.0588999987
7640.476,231,18,"Frustum Culling",1.59599996
7640.4781,231,18,"Animations",9.99999975e-05
7640.4802,231,18,"Spring Dependencies",0.000899999985
7640.4825,231,18,"GUI Render",0.112000003
7640.4844,231,18,"Physics",0.00520000001
7640.4861,231,18,"Update",6.73000002
7640.4878,231,18,"Fixed Update",0.00510000018
7640.4896,231,18,"Spline Update",0.000300000014
7640.4913,231,18,"Compose",0.405900002
7640.4931,231,18,"Update Buffers (CPU)",0.0882000029
7647.7337,232,18,"RenderPath3D Update",5.5415
7647.7558,232,18,"Application Update",7.1192
7658.7887,232,18,"Application Render",11.0299
7659.2549,232,18,"Application Compose",0.4005
7660.1566,232,18,"SubmitCommandLists",0.8892
7660.191,232,18,"Shadowmap packing",0.000600000028
7660.1943,232,18,"Render",11.0291996
7660.1963,232,18,"Procedural Animations",0.00150000001
7660.1986,232,18,"Script Components",0.000300000014
7660.2011,232,18,"CPU Frame",18.8204002
7660.2029,232,18,"Input",0.132300004
7660.246,232,18,"GUI Update",0.0317000002
7660.2483,232,18,"Frustum Culling",1.77810001
7660.2502,232,18,"Animations",0.000300000014
7660.2519,232,18,"Spring Dependencies",0.0173000004
7660.2541,232,18,"GUI Render",0.105800003
7660.2558,232,18,"Physics",0.00529999984
7660.2577,232,18,"Update",7.11889982
7660.2596,232,18,"Fixed Update",0.00540000014
7660.2613,232,18,"Spline Update",0.000199999995
7660.2631,232,18,"Compose",0.399599999
7660.2649,232,18,"Update Buffers (CPU)",0.173800007
7667.8314,233,18,"RenderPath3D Update",6.369
7667.8732,233,18,"Application Update",7.4672
7679.7725,233,18,"Application Render",11.8954
7680.2379,233,18,"Application Compose",0.3972
7681.2563,233,18,"SubmitCommandLists",1.0058
7681.2875,233,18,"Shadowmap packing",0.00039999999
7681.2905,233,18,"Render",11.8928003
7681.2925,233,18,"Procedural Animations",0.00159999996
7681.2947,233,18,"Script Components",9.99999975e-05
7681.2975,233,18,"CPU Frame",20.0711002
7681.2993,233,18,"Input",0.129899994
7681.3015,233,18,"GUI Update",0.0566999987
7681.3034,233,18,"Frustum Culling",1.79560006
7681.3053,233,18,"Animations",0.000199999995
7681.3071,233,18,"Spring Dependencies",0.000699999975
7681.3094,233,18,"GUI Render",0.126200005
7681.3111,233,18,"Physics",0.00659999996
7681.3128,233,18,"Update",7.46680021
7681.3146,233,18,"Fixed Update",0.00540000014
7681.3164,233,18,"Spline Update",0.000199999995
7681.3181,233,18,"Compose",0.396400005
7681.3199,233,18,"Update Buffers (CPU)",0.114100002
7689.0818,234,18,"RenderPath3D Update",6.7115
7689.0986,234,18,"Application Update",7.635
7700.2482,234,18,"Application Render",11.1465
7700.7214,234,18,"Application Compose",0.3968
7701.5258,234,18,"SubmitCommandLists",0.7912
7701.5534,234,18,"Shadowmap packing",0.00100000005
7701.5565,234,18,"Render",11.1459999
7701.5585,234,18,"Procedural Animations",0.00139999995
7701.5607,234,18,"Script Components",9.99999975e-05
7701.5636,234,18,"CPU Frame",19.4568005
7701.5655,234,18,"Input",0.131600007
7701.5676,234,18,"GUI Update",0.0472999997
7701.5696,234,18,"Frustum Culling",1.57659996
7701.5714,234,18,"Animations",0.000199999995
7701.5733,234,18,"Spring Dependencies",0.000300000014
7701.5753,234,18,"GUI Render",0.153600007
7701.5769,234,18,"Physics",0.0109999999
7701.5786,234,18,"Update",7.63460016
7701.5807,234,18,"Fixed Update",0.0055999998
7701.5824,234,18,"Spline Update",0.000300000014
7701.5841,234,18,"Compose",0.395999998
7701.5858,234,18,"Update Buffers (CPU)",0.158700004
7708.3161,235,18,"RenderPath3D Update",5.6413
7708.3527,235,18,"Application Update",6.6217
7720.2262,235,18,"Application Render",11.87
7720.7567,235,18,"Application Compose",0.4373
7721.5827,235,18,"SubmitCommandLists",0.8127
7721.6112,235,18,"Shadowmap packing",0.00039999999
7721.6144,235,18,"Render",11.8579998
7721.6165,235,18,"Procedural Animations",0.00139999995
7721.619,235,18,"Script Components",0.000199999995
7721.6215,235,18,"CPU Frame",19.2255001
7721.6233,235,18,"Input",0.1338
7721.6254,235,18,"GUI Update",0.0738999993
7721.6272,235,18,"Frustum Culling",1.29200006
7721.6291,235,18,"Animations",0.000199999995
7721.6308,235,18,"Spring Dependencies",0.000300000014
7721.6329,235,18,"GUI Render",0.109399997
7721.6347,235,18,"Physics",0.00719999988
7721.6364,235,18,"Update",6.62130022
7721.6382,235,18,"Fixed Update",0.00499999989
7721.6398,235,18,"Spline Update",0.000199999995
7721.6416,235,18,"Compose",0.436100006
7721.6437,235,18,"Update Buffers (CPU)",0.111699998
7728.1176,236,18,"RenderPath3D Update",5.3301
7728.1371,236,18,"Application Update",6.3605
7739.2747,236,18,"Application Render",11.1339
7739.851,236,18,"Application Compose",0.4849
7740.6559,236,18,"SubmitCommandLists",0.7835
7740.6837,236,18,"Shadowmap packing",0.00079999998
7740.6864,236,18,"Render",11.1329002
7740.6884,236,18,"Procedural Animations",0.00109999999
7740.6907,236,18,"Script Components",0.000199999995
7740.6931,236,18,"CPU Frame",18.2709999
7740.6949,236,18,"Input",0.122299999
7740.7075,236,18,"GUI Update",0.0507999994
7740.7095,236,18,"Frustum Culling",1.65439999
7740.7115,236,18,"Animations",0.00079999998
7740.7901,236,18,"Spring Dependencies",0.000199999995
7740.7925,236,18,"GUI Render",0.0776999965
7740.7943,236,18,"Physics",0.0103000002
7740.796,236,18,"Update",6.36009979
7740.798,236,18,"Fixed Update",0.00490000006
7740.8,236,18,"Spline Update",0.000199999995
7740.8018,236,18,"Compose",0.484200001
7740.8037,236,18,"Update Buffers (CPU)",0.174600005
7747.6833,237,18,"RenderPath3D Update",5.648
7747.711,237,18,"Application Update",6.7727
7758.9474,237,18,"Application Render",11.2327
7759.4612,237,18,"Application Compose",0.439
7760.7312,237,18,"SubmitCommandLists",1.2543
7760.7732,237,18,"Shadowmap packing",0.000500000024
7760.7765,237,18,"Render",11.2316999
7760.7785,237,18,"Procedural Animations",0.00139999995
7760.7807,237,18,"Script Components",9.99999975e-05
7760.7836,237,18,"CPU Frame",18.8001003
7760.8016,237,18,"Input",0.123499997
7760.8049,237,18,"GUI Update",0.0425000004
7760.8081,237,18,"Frustum Culling",1.84070003
7760.8113,237,18,"Animations",9.99999975e-05
7760.8143,237,18,"Spring Dependencies",0.00079999998
7760.8175,237,18,"GUI Render",0.132200003
7760.8192,237,18,"Physics",0.00439999998
7760.821,237,18,"Update",6.7723999
7760.8231,237,18,"Fixed Update",0.00540000014
7760.8248,237,18,"Spline Update",0.000300000014
7760.8266,237,18,"Compose",0.438199997
7760.8285,237,18,"Update Buffers (CPU)",0.157299995
7768.3605,238,18,"RenderPath3D Update",6.2863
7768.4155,238,18,"Application Update",7.4394
7778.3017,238,18,"Application Render",9.8816
7778.7752,238,18,"Application Compose",0.3938
7779.621,238,18,"SubmitCommandLists",0.8336
7779.6485,238,18,"Shadowmap packing",0.00109999999
7779.6513,238,18,"Render",9.8803997
7779.6531,238,18,"Procedural Animations",0.00120000006
7779.655,238,18,"Script Components",0.000199999995
7779.6576,238,18,"CPU Frame",18.0347004
7779.6593,238,18,"Input",0.135900006
7779.6614,238,18,"GUI Update",0.0449000001
7779.6633,238,18,"Frustum Culling",1.61559999
7779.6652,238,18,"Animations",0.000500000024
7779.667,238,18,"Spring Dependencies",0.000600000028
7779.6692,238,18,"GUI Render",0.118699998
7779.671,238,18,"Physics",0.00870000012
7779.6726,238,18,"Update",7.43889999
7779.6745,238,18,"Fixed Update",0.00540000014
7779.6762,238,18,"Spline Update",0.000199999995
7779.678,238,18,"Compose",0.393099993
7779.6798,238,18,"Update Buffers (CPU)",0.0617999993
7788.021,239,18,"RenderPath3D Update",6.3459
7788.0627,239,18,"Application Update",8.2501
7798.2223,239,18,"Application Render",10.1563
7798.6876,239,18,"Application Compose",0.4011
7799.5548,239,18,"SubmitCommandLists",0.8545
7799.5842,239,18,"Shadowmap packing",0.00079999998
7799.5875,239,18,"Render",10.1555996
7799.5895,239,18,"Procedural Animations",0.00139999995
7799.5918,239,18,"Script Components",0.000199999995
7799.5944,239,18,"CPU Frame",19.0601006
7799.5964,239,18,"Input",0.122699998
7799.5985,239,18,"GUI Update",0.0405000001
7799.6005,239,18,"Frustum Culling",1.62489998
7799.6024,239,18,"Animations",9.99999975e-05
7799.6045,239,18,"Spring Dependencies",0.000600000028
7799.6067,239,18,"GUI Render",0.103799999
7799.6084,239,18,"Physics",0.00590000022
7799.6101,239,18,"Update",8.24979973
7799.6119,239,18,"Fixed Update",0.00430000015
7799.6136,239,18,"Spline Update",0.000199999995
7799.6154,239,18,"Compose",0.400200009
7799.6172,239,18,"Update Buffers (CPU)",0.0948999971
7807.0857,240,18,"RenderPath3D Update",6.0114
7807.1054,240,18,"Application Update",7.3532
7818.102,240,18,"Application Render",10.9936
7818.5879,240,18,"Application Compose",0.4091
7819.5353,240,18,"SubmitCommandLists",0.9348
7819.5655,240,18,"Shadowmap packing",0.000699999975
7819.569,240,18,"Render",10.993
7819.5713,240,18,"Procedural Animations",0.0013
7819.5737,240,18,"Script Components",0.00039999999
7819.5764,240,18,"CPU Frame",19.0261002
7819.5784,240,18,"Input",0.124399997
7819.5807,240,18,"GUI Update",0.0746000037
7819.5827,240,18,"Frustum Culling",1.59179997
7819.5846,240,18,"Animations",0.000199999995
7819.5865,240,18,"Spring Dependencies",0.000899999985
7819.5888,240,18,"GUI Render",0.119400002
7819.5904,240,18,"Physics",0.00549999997
7819.5922,240,18,"Update",7.35290003
7819.6453,240,18,"Fixed Update",0.00529999984
7819.6471,240,18,"Spline Update",0.000300000014
7819.6488,240,18,"Compose",0.408399999
7819.6506,240,18,"Update Buffers (CPU)",0.0987000018
7826.709,241,18,"RenderPath3D Update",6.012
7826.7406,241,18,"Application Update",6.9442
7837.9047,241,18,"Application Render",11.1603
7838.3854,241,18,"Application Compose",0.4041
7839.2774,241,18,"SubmitCommandLists",0.8802
7839.3151,241,18,"Shadowmap packing",0.000300000014
7839.3526,241,18,"Render",11.1595001
7839.3553,241,18,"Procedural Animations",0.00159999996
7839.3578,241,18,"Script Components",9.99999975e-05
7839.3608,241,18,"CPU Frame",18.8407001
7839.3628,241,18,"Input",0.134599999
7839.3651,241,18,"GUI Update",0.0417999998
7839.3671,241,18,"Frustum Culling",1.12450004
7839.369,241,18,"Animations",0.000500000024
7839.371,241,18,"Spring Dependencies",0.000300000014
7839.3729,241,18,"GUI Render",0.0667999983
7839.3747,241,18,"Physics",0.00760000013
7839.3764,241,18,"Update",6.94399977
7839.3783,241,18,"Fixed Update",0.00520000001
7839.38,241,18,"Spline Update",0.000199999995
7839.3818,241,18,"Compose",0.402999997
7839.3838,241,18,"Update Buffers (CPU)",0.136500001
7846.2654,242,18,"RenderPath3D Update",5.74
7846.2918,242,18,"Application Update",6.7604
7858.4389,242,18,"Application Render",12.1439
7858.9173,242,18,"Application Compose",0.4015
7859.9203,242,18,"SubmitCommandLists",0.9901
7859.9475,242,18,"Shadowmap packing",0.00079999998
7859.9504,242,18,"Render",12.1429005
7859.9524,242,18,"Procedural Animations",0.00109999999
7859.9547,242,18,"Script Components",9.99999975e-05
7859.9576,242,18,"CPU Frame",19.6250992
7859.9595,242,18,"Input",0.134800002
7859.9617,242,18,"GUI Update",0.0502000004
7859.9636,242,18,"Frustum Culling",1.67429996
7859.9655,242,18,"Animations",0.000300000014
7859.9674,242,18,"Spring Dependencies",9.99999975e-05
7859.9695,242,18,"GUI Render",0.109499998
7859.9712,242,18,"Physics",0.0055999998
7859.973,242,18,"Update",6.76000023
7859.975,242,18,"Fixed Update",0.00540000014
7859.9769,242,18,"Spline Update",0.000300000014
7859.9787,242,18,"Compose",0.4005
7859.9805,242,18,"Update Buffers (CPU)",0.0979000032
7866.6982,243,18,"RenderPath3D Update",5.5564
7866.7448,243,18,"Application Update",6.6004
7880.2837,243,18,"Application Render",13.5346
7881.2124,243,18,"Application Compose",0.6232
7883.6377,243,18,"SubmitCommandLists",2.3919
7883.6786,243,18,"Shadowmap packing",0.00200000009
7883.6919,243,18,"Render",13.5333004
7883.694,243,18,"Procedural Animations",0.0013
7883.6964,243,18,"Script Components",9.99999975e-05
7883.6996,243,18,"CPU Frame",21.2894993
7883.7014,243,18,"Input",0.151600003
7883.7035,243,18,"GUI Update",0.0546000004
7883.7054,243,18,"Frustum Culling",1.59599996
7883.7075,243,18,"Animations",9.99999975e-05
7883.7092,243,18,"Spring Dependencies",0.000600000028
7883.7114,243,18,"GUI Render",0.0914999992
7883.7132,243,18,"Physics",0.00529999984
7883.7148,243,18,"Update",6.60010004
7883.7167,243,18,"Fixed Update",0.00529999984
7883.7183,243,18,"Spline Update",0.000300000014
7883.7201,243,18,"Compose",0.620199978
7883.723,243,18,"Update Buffers (CPU)",0.159899995
7892.0505,244,18,"RenderPath3D Update",6.3729
7892.0902,244,18,"Application Update",8.1431
7907.5387,244,18,"Application Render",15.4451
7908.0113,244,18,"Application Compose",0.3938
7908.8294,244,18,"SubmitCommandLists",0.8056
7908.8563,244,18,"Shadowmap packing",0.00100000005
7908.8594,244,18,"Render",15.4436998
7908.8613,244,18,"Procedural Animations",0.00150000001
7908.8633,244,18,"Script Components",0.000199999995
7908.8659,244,18,"CPU Frame",24.3584995
7908.8677,244,18,"Input",0.208000004
7908.87,244,18,"GUI Update",0.0691
7908.8721,244,18,"Frustum Culling",1.57410002
7908.874,244,18,"Animations",0.000199999995
7908.8759,244,18,"Spring Dependencies",0.000500000024
7908.8779,244,18,"GUI Render",0.0749000013
7908.8797,244,18,"Physics",0.00710000005
7908.8815,244,18,"Update",8.14280033
7908.8833,244,18,"Fixed Update",0.00760000013
7908.885,244,18,"Spline Update",0.000199999995
7908.8868,244,18,"Compose",0.39289999
7908.9255,244,18,"Update Buffers (CPU)",0.128199995
7916.4491,245,18,"RenderPath3D Update",6.3357
7916.4717,245,18,"Application Update",7.4065
7927.579,245,18,"Application Render",11.1037
7928.0671,245,18,"Application Compose",0.4023
7928.9065,245,18,"SubmitCommandLists",0.8272
7928.937,245,18,"Shadowmap packing",0.000500000024
7928.9401,245,18,"Render",11.1027002
7928.9421,245,18,"Procedural Animations",0.00240000011
7928.9443,245,18,"Script Components",0.000199999995
7928.9469,245,18,"CPU Frame",19.2313004
7928.9489,245,18,"Input",0.127800003
7928.9509,245,18,"GUI Update",0.0364000015
7928.953,245,18,"Frustum Culling",1.40320003
7928.9548,245,18,"Animations",9.99999975e-05
7928.957,245,18,"Spring Dependencies",0.000600000028
7928.9593,245,18,"GUI Render",0.061900001
7928.9611,245,18,"Physics",0.0057000001
7928.9629,245,18,"Update",7.40630007
7928.9648,245,18,"Fixed Update",0.0055999998
7928.9665,245,18,"Spline Update",0.000199999995
7928.9683,245,18,"Compose",0.401499987
7928.97,245,18,"Update Buffers (CPU)",0.0856999978
7935.3361,246,18,"RenderPath3D Update",5.2596
7935.3597,246,18,"Application Update",6.2533
7945.3869,246,18,"Application Render",10.0239
7945.8693,246,18,"Application Compose",0.4037
7946.9321,246,18,"SubmitCommandLists",1.0499
7946.9883,246,18,"Shadowmap packing",0.000500000024
7946.9933,246,18,"Render",10.0229998
7946.9979,246,18,"Procedural Animations",0.00150000001
7947.0016,246,18,"Script Components",9.99999975e-05
7947.0059,246,18,"CPU Frame",16.9552002
7947.0079,246,18,"Input",0.125
7947.0111,246,18,"GUI Update",0.0452000014
7947.0146,246,18,"Frustum Culling",1.58389997
7947.0338,246,18,"Animations",0.000199999995
7947.0357,246,18,"Spring Dependencies",0.000300000014
7947.0384,246,18,"GUI Render",0.0689999983
7947.0402,246,18,"Physics",0.00639999984
7947.042,246,18,"Update",6.25299978
7947.0439,246,18,"Fixed Update",0.00529999984
7947.0457,246,18,"Spline Update",9.99999975e-05
7947.0476,246,18,"Compose",0.40290001
7947.0567,246,18,"Update Buffers (CPU)",0.0913999975
7954.8826,247,18,"RenderPath3D Update",6.4478
7954.9053,247,18,"Application Update",7.6127
7965.3691,247,18,"Application Render",10.4603
7965.9048,247,18,"Application Compose",0.4517
7967.0725,247,18,"SubmitCommandLists",1.1537
7967.1293,247,18,"Shadowmap packing",0.000300000014
7967.1329,247,18,"Render",10.4593
7967.1349,247,18,"Procedural Animations",0.00150000001
7967.1372,247,18,"Script Components",0.000199999995
7967.1401,247,18,"CPU Frame",18.9599991
7967.1421,247,18,"Input",0.218700007
7967.1445,247,18,"GUI Update",0.0604000017
7967.1466,247,18,"Frustum Culling",1.62109995
7967.1486,247,18,"Animations",0.000199999995
7967.1504,247,18,"Spring Dependencies",0.00139999995
7967.1529,247,18,"GUI Render",0.0715999976
7967.1546,247,18,"Physics",0.00620000018
7967.1565,247,18,"Update",7.61240005
7967.1585,247,18,"Fixed Update",0.00980000012
7967.1603,247,18,"Spline Update",0.000199999995
7967.1621,247,18,"Compose",0.450800002
7967.1641,247,18,"Update Buffers (CPU)",0.1074
7974.7276,248,18,"RenderPath3D Update",5.8346
7974.7671,248,18,"Application Update",7.4089
7985.7185,248,18,"Application Render",10.9476
7986.1911,248,18,"Application Compose",0.4069
7987.1241,248,18,"SubmitCommandLists",0.9214
7987.1517,248,18,"Shadowmap packing",0.00079999998
7987.1549,248,18,"Render",10.9461002
7987.1568,248,18,"Procedural Animations",0.00120000006
7987.1591,248,18,"Script Components",0.000300000014
7987.1615,248,18,"CPU Frame",19.0862007
7987.1633,248,18,"Input",0.176799998
7987.1655,248,18,"GUI Update",0.0392000005
7987.1673,248,18,"Frustum Culling",1.38039994
7987.1692,248,18,"Animations",9.99999975e-05
7987.1714,248,18,"Spring Dependencies",0.00039999999
7987.1736,248,18,"GUI Render",0.116300002
7987.1752,248,18,"Physics",0.00510000018
7987.177,248,18,"Update",7.40869999
7987.1788,248,18,"Fixed Update",0.00829999987
7987.1805,248,18,"Spline Update",0.000500000024
7987.1824,248,18,"Compose",0.406199992
7987.1842,248,18,"Update Buffers (CPU)",0.126200005
7998.3069,249,18,"RenderPath3D Update",10.0472
7998.3311,249,18,"Application Update",11.0067
8008.3765,249,18,"Application Render",9.9856
8008.8553,249,18,"Application Compose",0.3976
8010.2956,249,18,"SubmitCommandLists",1.428
