elapsed_ms,frame,scene,event,ms
3172.7913,1,18,"Scene switch",2400.8877
3185.6091,1,18,"RenderPath3D Update",11.9907
3185.624,1,18,"Application Update",2413.8146
3207.5305,1,18,"Application Render",21.9031
3208.4265,1,18,"Application Compose",0.1587
3222.843,1,18,"SubmitCommandLists",14.4065
3223.3412,1,18,"CPU Frame",0
3231.8364,2,18,"RenderPath3D Update",4.9625
3231.8532,2,18,"Application Update",5.9396
3244.6805,2,18,"Application Render",12.8239
3245.8735,2,18,"Application Compose",0.3169
3260.1402,2,18,"SubmitCommandLists",14.2425
3268.2742,2,18,"Shadowmap packing",0.000600000028
3268.2815,2,18,"Render",12.823
3268.2836,2,18,"Procedural Animations",0.00120000006
3268.2863,2,18,"Script Components",0.000199999995
3268.2886,2,18,"CPU Frame",22.5627995
3268.2904,2,18,"Input",0.119900003
3268.2925,2,18,"GUI Update",0.0395999998
3268.2946,2,18,"Frustum Culling",1.27719998
3268.2964,2,18,"Animations",9.99999975e-05
3268.2985,2,18,"Spring Dependencies",0.00079999998
3268.3004,2,18,"GUI Render",0.209299996
3268.3021,2,18,"Physics",0.00710000005
3268.3039,2,18,"Update",5.93930006
3268.3055,2,18,"Fixed Update",0.00630000001
3268.3072,2,18,"Spline Update",0.000199999995
3268.3089,2,18,"Compose",0.315899998
3268.3105,2,18,"Update Buffers (CPU)",0.132499993
3274.0724,3,18,"RenderPath3D Update",4.6441
3274.1082,3,18,"Application Update",5.6759
3290.7397,3,18,"Application Render",16.6285
3291.3469,3,18,"Application Compose",0.5166
3297.5113,3,18,"SubmitCommandLists",6.1499
3297.5412,3,18,"Shadowmap packing",0.000699999975
3297.5443,3,18,"Render",16.6278
3297.5465,3,18,"Procedural Animations",0.00120000006
3297.5488,3,18,"Script Components",9.99999975e-05
3297.5515,3,18,"CPU Frame",23.0962009
3297.5534,3,18,"Input",0.111699998
3297.5555,3,18,"GUI Update",0.0296
3297.5575,3,18,"Frustum Culling",1.18350005
3297.5595,3,18,"Animations",0.000199999995
3297.5612,3,18,"Spring Dependencies",0.000199999995
3297.5632,3,18,"GUI Render",0.139300004
3297.5649,3,18,"Physics",0.00730000017
3297.5668,3,18,"Update",5.67570019
3297.5686,3,18,"Fixed Update",0.00419999985
3297.5705,3,18,"Spline Update",0.000199999995
3297.5724,3,18,"Compose",0.515699983
3297.5742,3,18,"Update Buffers (CPU)",0.26030001
3303.6804,4,18,"RenderPath3D Update",4.8168
3303.7079,4,18,"Application Update",5.9656
3313.4338,4,18,"Application Render",9.7228
3313.9341,4,18,"Application Compose",0.4354
3326.9772,4,18,"SubmitCommandLists",13.0312
3328.7377,4,18,"Shadowmap packing",0.000300000014
3328.7459,4,18,"Render",9.72210026
3328.748,4,18,"Procedural Animations",0.0013
3328.7504,4,18,"Script Components",0.000300000014
3328.7528,4,18,"CPU Frame",16.4169006
3328.7549,4,18,"Input",0.157399997
3328.7572,4,18,"GUI Update",0.0302000009
3328.7592,4,18,"Frustum Culling",1.14429998
3328.761,4,18,"Animations",0.000199999995
3328.7629,4,18,"Spring Dependencies",0.000199999995
3328.7649,4,18,"GUI Render",0.228100002
3328.7668,4,18,"Physics",0.00639999984
3328.7687,4,18,"Update",5.96540022
3328.7704,4,18,"Fixed Update",0.00439999998
3328.7723,4,18,"Spline Update",0.000199999995
3328.7742,4,18,"Compose",0.434599996
3328.776,4,18,"Update Buffers (CPU)",0.134399995
3335.2353,5,18,"RenderPath3D Update",5.4786
3335.2533,5,18,"Application Update",6.3498
3345.5538,5,18,"Application Render",10.2969
3346.028,5,18,"Application Compose",0.398
3365.2561,5,18,"SubmitCommandLists",19.2162
3365.2905,5,18,"Shadowmap packing",0.000300000014
3365.2933,5,18,"Render",10.2958002
3365.2954,5,18,"Procedural Animations",0.0109999999
3365.2976,5,18,"Script Components",0.000199999995
3365.2998,5,18,"CPU Frame",17.3122997
3365.3017,5,18,"Input",0.116899997
3365.3037,5,18,"GUI Update",0.0412999988
3365.3055,5,18,"Frustum Culling",1.52810001
3365.3179,5,18,"Animations",9.99999975e-05
3365.3201,5,18,"Spring Dependencies",0.00100000005
3365.3222,5,18,"GUI Render",0.0979999974
3365.324,5,18,"Physics",0.00630000001
3365.3261,5,18,"Update",6.34929991
3365.3278,5,18,"Fixed Update",0.00510000018
3365.3297,5,18,"Spline Update",0.000199999995
3365.3314,5,18,"Compose",0.397199988
3365.3333,5,18,"Update Buffers (CPU)",0.102899998
3371.709,6,18,"RenderPath3D Update",5.3149
3371.8806,6,18,"Application Update",6.4174
3382.5195,6,18,"Application Render",10.6358
3382.9865,6,18,"Application Compose",0.3953
3403.3087,6,18,"SubmitCommandLists",20.3098
3403.3381,6,18,"Shadowmap packing",0.000500000024
3403.3415,6,18,"Render",10.6352997
3403.3439,6,18,"Procedural Animations",0.00170000002
3403.3463,6,18,"Script Components",0.000300000014
3403.3486,6,18,"CPU Frame",17.7227001
3403.3504,6,18,"Input",0.120200001
3403.3525,6,18,"GUI Update",0.0454999991
3403.3544,6,18,"Frustum Culling",1.21749997
3403.3563,6,18,"Animations",9.99999975e-05
3403.3588,6,18,"Spring Dependencies",0.000899999985
3403.3608,6,18,"GUI Render",0.100000001
3403.3625,6,18,"Physics",0.00650000013
3403.3644,6,18,"Update",6.41720009
3403.3674,6,18,"Fixed Update",0.00419999985
3403.386,6,18,"Spline Update",0.000199999995
3403.3882,6,18,"Compose",0.394400001
3403.3899,6,18,"Update Buffers (CPU)",0.140000001
3409.2602,7,18,"RenderPath3D Update",4.7159
3409.3004,7,18,"Application Update",5.7325
3419.0225,7,18,"Application Render",9.7189
3419.5284,7,18,"Application Compose",0.4293
3440.9136,7,18,"SubmitCommandLists",21.3721
3440.975,7,18,"Shadowmap packing",0.00039999999
3440.9784,7,18,"Render",9.71819973
3440.9804,7,18,"Procedural Animations",0.0013
3440.9827,7,18,"Script Components",0.000199999995
3440.9852,7,18,"CPU Frame",16.2138004
3440.9872,7,18,"Input",0.156299993
3440.9894,7,18,"GUI Update",0.0423000008
3440.9912,7,18,"Frustum Culling",1.12629998
3440.9932,7,18,"Animations",0.000199999995
3440.995,7,18,"Spring Dependencies",0.000699999975
3440.997,7,18,"GUI Render",0.171599999
3440.9986,7,18,"Physics",0.00650000013
3441.0007,7,18,"Update",5.73210001
3441.0023,7,18,"Fixed Update",0.0162000004
3441.0041,7,18,"Spline Update",0.000199999995
3441.0058,7,18,"Compose",0.428499997
3441.0077,7,18,"Update Buffers (CPU)",0.159600005
3448.3905,8,18,"RenderPath3D Update",6.1402
3448.4169,8,18,"Application Update",7.2617
3463.166,8,18,"Application Render",14.746
3464.0107,8,18,"Application Compose",0.6516
3467.3849,8,18,"SubmitCommandLists",3.3298
3467.4573,8,18,"Shadowmap packing",0.000600000028
3467.4619,8,18,"Render",14.7448997
3467.4652,8,18,"Procedural Animations",0.00170000002
3467.468,8,18,"Script Components",0.000300000014
3467.4721,8,18,"CPU Frame",23.0884991
3467.4742,8,18,"Input",0.133900002
3467.478,8,18,"GUI Update",0.0494999997
3467.4806,8,18,"Frustum Culling",1.54270005
3467.4829,8,18,"Animations",0.000199999995
3467.4846,8,18,"Spring Dependencies",0.00039999999
3467.4871,8,18,"GUI Render",0.111199997
3467.4887,8,18,"Physics",0.00820000004
3467.4909,8,18,"Update",7.26109982
3467.4925,8,18,"Fixed Update",0.00630000001
3467.4945,8,18,"Spline Update",0.000500000024
3467.4966,8,18,"Compose",0.648299992
3467.4994,8,18,"Update Buffers (CPU)",0.154300004
3474.5129,9,18,"RenderPath3D Update",5.6348
3474.5431,9,18,"Application Update",6.6923
3486.1478,9,18,"Application Render",11.6016
3486.644,9,18,"Application Compose",0.4098
3487.7641,9,18,"SubmitCommandLists",1.1076
3487.7905,9,18,"Shadowmap packing",0.000500000024
3487.7934,9,18,"Render",11.6009998
3487.7953,9,18,"Procedural Animations",0.0013
3487.7974,9,18,"Script Components",0.000199999995
3487.7998,9,18,"CPU Frame",19.2366009
3487.8016,9,18,"Input",0.319499999
3487.8038,9,18,"GUI Update",0.0331000015
3487.8055,9,18,"Frustum Culling",1.23310006
3487.8074,9,18,"Animations",0.000199999995
3487.8091,9,18,"Spring Dependencies",0.000199999995
3487.8109,9,18,"GUI Render",0.0993999988
3487.8126,9,18,"Physics",0.00590000022
3487.8149,9,18,"Update",6.69199991
3487.8164,9,18,"Fixed Update",0.0174000002
3487.8182,9,18,"Spline Update",0.00039999999
3487.82,9,18,"Compose",0.409099996
3487.8219,9,18,"Update Buffers (CPU)",0.114
3494.1165,10,18,"RenderPath3D Update",5.291
3494.1443,10,18,"Application Update",6.1844
3503.778,10,18,"Application Render",9.6308
3504.2522,10,18,"Application Compose",0.403
3505.2665,10,18,"SubmitCommandLists",1.0008
3505.2912,10,18,"Shadowmap packing",9.99999975e-05
3505.2942,10,18,"Render",9.62989998
3505.2961,10,18,"Procedural Animations",0.0013
3505.3886,10,18,"Script Components",0.000199999995
3505.391,10,18,"CPU Frame",16.4843006
3505.3931,10,18,"Input",0.127599999
3505.3952,10,18,"GUI Update",0.0425999984
3505.3973,10,18,"Frustum Culling",1.21689999
3505.3992,10,18,"Animations",9.99999975e-05
3505.401,10,18,"Spring Dependencies",0.000600000028
3505.4031,10,18,"GUI Render",0.116400003
3505.4052,10,18,"Physics",0.00510000018
3505.4071,10,18,"Update",6.18400002
3505.4088,10,18,"Fixed Update",0.00490000006
3505.4106,10,18,"Spline Update",0.000199999995
3505.4123,10,18,"Compose",0.402200013
3505.4141,10,18,"Update Buffers (CPU)",0.120399997
3511.6648,11,18,"RenderPath3D Update",5.2378
3511.6827,11,18,"Application Update",6.1305
3524.7997,11,18,"Application Render",13.1138
3525.2727,11,18,"Application Compose",0.3989
3526.2483,11,18,"SubmitCommandLists",0.9615
3526.2747,11,18,"Shadowmap packing",0.00039999999
3526.2776,11,18,"Render",13.1131001
3526.2793,11,18,"Procedural Animations",0.0013
3526.2814,11,18,"Script Components",0.000199999995
3526.2835,11,18,"CPU Frame",20.0032005
3526.2853,11,18,"Input",0.126800001
3526.2876,11,18,"GUI Update",0.0568000004
3526.2895,11,18,"Frustum Culling",1.02769995
3526.2913,11,18,"Animations",0.00079999998
3526.293,11,18,"Spring Dependencies",0.000300000014
3526.2954,11,18,"GUI Render",0.109499998
3526.297,11,18,"Physics",0.00730000017
3526.299,11,18,"Update",6.12979984
3526.3007,11,18,"Fixed Update",0.00529999984
3526.3026,11,18,"Spline Update",0.000300000014
3526.3044,11,18,"Compose",0.398000002
3526.3062,11,18,"Update Buffers (CPU)",0.1008
3532.6483,12,18,"RenderPath3D Update",5.0609
3532.6671,12,18,"Application Update",6.2101
3542.3738,12,18,"Application Render",9.7038
3542.8438,12,18,"Application Compose",0.4001
3543.9349,12,18,"SubmitCommandLists",1.0784
3543.96,12,18,"Shadowmap packing",0.000600000028
3543.9631,12,18,"Render",9.70300007
3543.9651,12,18,"Procedural Animations",0.00179999997
3543.9671,12,18,"Script Components",9.99999975e-05
3543.9698,12,18,"CPU Frame",16.5916004
3543.9717,12,18,"Input",0.140200004
3543.9737,12,18,"GUI Update",0.0333000012
3543.9755,12,18,"Frustum Culling",1.03530002
3543.9774,12,18,"Animations",0.000199999995
3543.9791,12,18,"Spring Dependencies",0.000300000014
3543.981,12,18,"GUI Render",0.110699996
3543.9826,12,18,"Physics",0.00680000009
3543.9844,12,18,"Update",6.2098999
3543.9861,12,18,"Fixed Update",0.00480000023
3543.9879,12,18,"Spline Update",0.000199999995
3543.9896,12,18,"Compose",0.399100006
3543.9914,12,18,"Update Buffers (CPU)",0.140900001
3550.2263,13,18,"RenderPath3D Update",5.1322
3550.2434,13,18,"Application Update",6.1105
3560.4103,13,18,"Application Render",10.1641
3560.9598,13,18,"Application Compose",0.4785
3562.3794,13,18,"SubmitCommandLists",1.4052
3562.4062,13,18,"Shadowmap packing",0.000500000024
3562.4092,13,18,"Render",10.1633997
3562.4111,13,18,"Procedural Animations",0.00139999995
3562.4132,13,18,"Script Components",0.000199999995
3562.4155,13,18,"CPU Frame",17.0217991
3562.4173,13,18,"Input",0.131300002
3562.4195,13,18,"GUI Update",0.0388000011
3562.4215,13,18,"Frustum Culling",1.06830001
3562.4233,13,18,"Animations",9.99999975e-05
3562.4255,13,18,"Spring Dependencies",0.00079999998
3562.4275,13,18,"GUI Render",0.104599997
3562.4291,13,18,"Physics",0.00529999984
3562.431,13,18,"Update",6.11009979
3562.433,13,18,"Fixed Update",0.00490000006
3562.4348,13,18,"Spline Update",0.000300000014
3562.4367,13,18,"Compose",0.476999998
3562.4387,13,18,"Update Buffers (CPU)",0.131899998
3568.572,14,18,"RenderPath3D Update",5.1549
3568.5878,14,18,"Application Update",6.0074
3578.3562,14,18,"Application Render",9.7655
3578.8393,14,18,"Application Compose",0.4046
3580.0714,14,18,"SubmitCommandLists",1.2189
3580.0983,14,18,"Shadowmap packing",0.000600000028
3580.1016,14,18,"Render",9.76480007
3580.1034,14,18,"Procedural Animations",0.0013
3580.1057,14,18,"Script Components",0.000199999995
3580.1082,14,18,"CPU Frame",16.4561996
3580.1101,14,18,"Input",0.131099999
3580.1121,14,18,"GUI Update",0.0527000017
3580.1142,14,18,"Frustum Culling",1.26370001
3580.116,14,18,"Animations",0.000199999995
3580.1603,14,18,"Spring Dependencies",0.0013
3580.1622,14,18,"GUI Render",0.0882999972
3580.1643,14,18,"Physics",0.00540000014
3580.1664,14,18,"Update",6.00719976
3580.1682,14,18,"Fixed Update",0.00490000006
3580.17,14,18,"Spline Update",0.000199999995
3580.1718,14,18,"Compose",0.403699994
3580.1736,14,18,"Update Buffers (CPU)",0.121600002
3586.3805,15,18,"RenderPath3D Update",5.2152
3586.3986,15,18,"Application Update",6.078
3595.998,15,18,"Application Render",9.5962
3596.4693,15,18,"Application Compose",0.4002
3597.5574,15,18,"SubmitCommandLists",1.0738
3597.5835,15,18,"Shadowmap packing",0.000199999995
3597.5863,15,18,"Render",9.59519958
3597.5881,15,18,"Procedural Animations",0.00120000006
3597.5902,15,18,"Script Components",9.99999975e-05
3597.5928,15,18,"CPU Frame",16.3922997
3597.5949,15,18,"Input",0.135800004
3597.5971,15,18,"GUI Update",0.0487000011
3597.5989,15,18,"Frustum Culling",1.09280002
3597.6007,15,18,"Animations",0.000199999995
3597.6024,15,18,"Spring Dependencies",0.000600000028
3597.6043,15,18,"GUI Render",0.103500001
3597.6059,15,18,"Physics",0.00540000014
3597.6078,15,18,"Update",6.07770014
3597.6094,15,18,"Fixed Update",0.00520000001
3597.6111,15,18,"Spline Update",0.000199999995
3597.6127,15,18,"Compose",0.398900002
3597.6145,15,18,"Update Buffers (CPU)",0.0927999988
3604.271,16,18,"RenderPath3D Update",5.6116
3604.3082,16,18,"Application Update",6.5554
3613.3942,16,18,"Application Render",9.076
3613.8638,16,18,"Application Compose",0.4002
3615.0285,16,18,"SubmitCommandLists",1.1523
3615.0546,16,18,"Shadowmap packing",0.000500000024
3615.0577,16,18,"Render",9.07520008
3615.0596,16,18,"Procedural Animations",0.00109999999
3615.0617,16,18,"Script Components",0.000199999995
3615.0642,16,18,"CPU Frame",16.3031998
3615.0662,16,18,"Input",0.127900004
3615.0683,16,18,"GUI Update",0.0593999997
3615.0702,16,18,"Frustum Culling",1.12730002
3615.072,16,18,"Animations",0.000199999995
3615.0738,16,18,"Spring Dependencies",0.000199999995
3615.0756,16,18,"GUI Render",0.0997999981
3615.0773,16,18,"Physics",0.00499999989
3615.0791,16,18,"Update",6.55509996
3615.0807,16,18,"Fixed Update",0.00490000006
3615.0827,16,18,"Spline Update",0.000199999995
3615.0843,16,18,"Compose",0.398900002
3615.086,16,18,"Update Buffers (CPU)",0.0982000008
3621.1667,17,18,"RenderPath3D Update",5.0972
3621.1853,17,18,"Application Update",5.9578
3630.777,17,18,"Application Render",9.5887
3631.2738,17,18,"Application Compose",0.4197
3632.3532,17,18,"SubmitCommandLists",1.0655
3632.3786,17,18,"Shadowmap packing",0.000899999985
3632.3814,17,18,"Render",9.58790016
3632.3833,17,18,"Procedural Animations",0.00139999995
3632.3854,17,18,"Script Components",0.000199999995
3632.3876,17,18,"CPU Frame",16.2411995
3632.3894,17,18,"Input",0.130700007
3632.3915,17,18,"GUI Update",0.0754999965
3632.3932,17,18,"Frustum Culling",1.08560002
3632.395,17,18,"Animations",0.000199999995
3632.3968,17,18,"Spring Dependencies",0.000500000024
3632.3987,17,18,"GUI Render",0.0958999991
3632.4004,17,18,"Physics",0.00529999984
3632.4022,17,18,"Update",5.95749998
3632.4038,17,18,"Fixed Update",0.00549999997
3632.4056,17,18,"Spline Update",0.000300000014
3632.4073,17,18,"Compose",0.41870001
3632.4091,17,18,"Update Buffers (CPU)",0.0883999988
3638.9396,18,18,"RenderPath3D Update",5.3573
3638.9614,18,18,"Application Update",6.3943
3648.2964,18,18,"Application Render",9.3319
3648.7639,18,18,"Application Compose",0.3979
3649.9931,18,18,"SubmitCommandLists",1.2166
3650.0184,18,18,"Shadowmap packing",0.000300000014
3650.0214,18,18,"Render",9.32260036
3650.0234,18,18,"Procedural Animations",0.00120000006
3650.0255,18,18,"Script Components",0.000199999995
3650.0277,18,18,"CPU Frame",16.4067993
3650.0296,18,18,"Input",0.147400007
3650.0318,18,18,"GUI Update",0.0439999998
3650.0337,18,18,"Frustum Culling",1.09860003
3650.0356,18,18,"Animations",0.00079999998
3650.0373,18,18,"Spring Dependencies",0.000699999975
3650.0393,18,18,"GUI Render",0.0945999995
3650.041,18,18,"Physics",0.00860000029
3650.0428,18,18,"Update",6.39400005
3650.0445,18,18,"Fixed Update",0.00520000001
3650.1343,18,18,"Spline Update",0.000199999995
3650.1363,18,18,"Compose",0.397000015
3650.1381,18,18,"Update Buffers (CPU)",0.139500007
3656.2607,19,18,"RenderPath3D Update",5.0877
3656.2796,19,18,"Application Update",5.9995
3666.7166,19,18,"Application Render",10.4341
3667.1825,19,18,"Application Compose",0.3959
3668.0868,19,18,"SubmitCommandLists",0.8911
3668.1114,19,18,"Shadowmap packing",0.00039999999
3668.1141,19,18,"Render",10.4334002
3668.1159,19,18,"Procedural Animations",0.00139999995
3668.118,19,18,"Script Components",0.000199999995
3668.1203,19,18,"CPU Frame",17.1860008
3668.122,19,18,"Input",0.130700007
3668.1241,19,18,"GUI Update",0.0579000004
3668.126,19,18,"Frustum Culling",1.12349999
3668.1282,19,18,"Animations",0.000199999995
3668.13,19,18,"Spring Dependencies",0.000899999985
3668.1319,19,18,"GUI Render",0.118799999
3668.1336,19,18,"Physics",0.0055999998
3668.1354,19,18,"Update",5.99919987
3668.137,19,18,"Fixed Update",0.0055999998
3668.1388,19,18,"Spline Update",0.000199999995
3668.1405,19,18,"Compose",0.395000011
3668.1423,19,18,"Update Buffers (CPU)",0.161300004
3674.7537,20,18,"RenderPath3D Update",5.4897
3674.7717,20,18,"Application Update",6.4881
3684.9253,20,18,"Application Render",10.1505
3685.3912,20,18,"Application Compose",0.3969
3686.5706,20,18,"SubmitCommandLists",1.1668
3686.5974,20,18,"Shadowmap packing",0.000500000024
3686.6003,20,18,"Render",10.1499004
3686.6021,20,18,"Procedural Animations",0.0013
3686.6043,20,18,"Script Components",0.000600000028
3686.6066,20,18,"CPU Frame",17.3010006
3686.6083,20,18,"Input",0.130199999
3686.6103,20,18,"GUI Update",0.0303000007
3686.6122,20,18,"Frustum Culling",1.51429999
3686.6141,20,18,"Animations",0.000199999995
3686.6158,20,18,"Spring Dependencies",0.000199999995
3686.6177,20,18,"GUI Render",0.120899998
3686.6193,20,18,"Physics",0.00549999997
3686.6212,20,18,"Update",6.48789978
3686.623,20,18,"Fixed Update",0.00529999984
3686.6249,20,18,"Spline Update",0.000199999995
3686.6266,20,18,"Compose",0.395999998
3686.6284,20,18,"Update Buffers (CPU)",0.264200002
3692.8286,21,18,"RenderPath3D Update",5.0042
3692.8563,21,18,"Application Update",6.0849
3702.3538,21,18,"Application Render",9.4947
3702.8164,21,18,"Application Compose",0.3903
3703.9852,21,18,"SubmitCommandLists",1.1557
3704.012,21,18,"Shadowmap packing",0.00079999998
3704.0148,21,18,"Render",9.4939003
3704.0166,21,18,"Procedural Animations",0.0013
3704.0187,21,18,"Script Components",0.000199999995
3704.0209,21,18,"CPU Frame",16.2423992
3704.0228,21,18,"Input",0.131699994
3704.0251,21,18,"GUI Update",0.0654999986
3704.0268,21,18,"Frustum Culling",1.43449998
3704.0287,21,18,"Animations",9.99999975e-05
3704.0309,21,18,"Spring Dependencies",0.000199999995
3704.0328,21,18,"GUI Render",0.0987000018
3704.0357,21,18,"Physics",0.00630000001
3704.0376,21,18,"Update",6.08470011
3704.0393,21,18,"Fixed Update",0.0055999998
3704.041,21,18,"Spline Update",0.000199999995
3704.0427,21,18,"Compose",0.389400005
3704.0445,21,18,"Update Buffers (CPU)",0.0974999964
3710.1767,22,18,"RenderPath3D Update",5.0721
3710.2057,22,18,"Application Update",6.021
3720.4409,22,18,"Application Render",10.2322
3720.9123,22,18,"Application Compose",0.4019
3722.2483,22,18,"SubmitCommandLists",1.3233
3722.3471,22,18,"Shadowmap packing",0.000300000014
3722.3615,22,18,"Render",10.2313004
3722.3638,22,18,"Procedural Animations",0.00120000006
3722.3661,22,18,"Script Components",0.000199999995
3722.3694,22,18,"CPU Frame",16.9235001
3722.3713,22,18,"Input",0.130099997
3722.3743,22,18,"GUI Update",0.0487000011
3722.3762,22,18,"Frustum Culling",1.05770004
3722.3781,22,18,"Animations",9.99999975e-05
3722.381,22,18,"Spring Dependencies",0.00039999999
3722.3831,22,18,"GUI Render",0.101800002
3722.3849,22,18,"Physics",0.0055999998
3722.3876,22,18,"Update",6.02080011
3722.3896,22,18,"Fixed Update",0.00520000001
3722.3915,22,18,"Spline Update",0.000199999995
3722.3936,22,18,"Compose",0.40110001
3722.3955,22,18,"Update Buffers (CPU)",0.145999998
3730.984,23,18,"RenderPath3D Update",7.1278
3731.0118,23,18,"Application Update",8.2862
3743.3068,23,18,"Application Render",12.1999
3743.7941,23,18,"Application Compose",0.3993
3745.0549,23,18,"SubmitCommandLists",1.2482
3745.0838,23,18,"Shadowmap packing",0.00109999999
3745.0869,23,18,"Render",12.1988001
3745.0887,23,18,"Procedural Animations",0.00319999992
3745.0908,23,18,"Script Components",0.000600000028
3745.0932,23,18,"CPU Frame",21.5081997
3745.095,23,18,"Input",0.275999993
3745.0972,23,18,"GUI Update",0.0706999972
3745.099,23,18,"Frustum Culling",1.37779999
3745.101,23,18,"Animations",0.000199999995
3745.1027,23,18,"Spring Dependencies",0.000600000028
3745.1046,23,18,"GUI Render",0.128199995
3745.1064,23,18,"Physics",0.0133999996
3745.1081,23,18,"Update",8.28569984
3745.1097,23,18,"Fixed Update",0.0331999995
3745.1116,23,18,"Spline Update",0.000500000024
3745.1133,23,18,"Compose",0.398499995
3745.1151,23,18,"Update Buffers (CPU)",0.149100006
3753.7472,24,18,"RenderPath3D Update",7.2784
3753.7983,24,18,"Application Update",8.5284
3768.1612,24,18,"Application Render",14.3584
3768.6458,24,18,"Application Compose",0.4093
3769.6622,24,18,"SubmitCommandLists",1.0047
3769.6897,24,18,"Shadowmap packing",0.00039999999
3769.6926,24,18,"Render",14.3548002
3769.6947,24,18,"Procedural Animations",0.0109999999
3769.6969,24,18,"Script Components",0.000199999995
3769.6993,24,18,"CPU Frame",23.5846004
3769.7011,24,18,"Input",0.142800003
3769.7032,24,18,"GUI Update",0.0687000006
3769.7051,24,18,"Frustum Culling",1.64230001
3769.707,24,18,"Animations",0.000199999995
3769.7088,24,18,"Spring Dependencies",0.000500000024
3769.7109,24,18,"GUI Render",0.0764999986
3769.7126,24,18,"Physics",0.00620000018
3769.7147,24,18,"Update",8.52789974
3769.7164,24,18,"Fixed Update",0.00549999997
3769.7181,24,18,"Spline Update",0.000199999995
3769.72,24,18,"Compose",0.408399999
3769.7219,24,18,"Update Buffers (CPU)",0.1523
3779.0523,25,18,"RenderPath3D Update",6.3374
3779.0836,25,18,"Application Update",9.2194
3789.4088,25,18,"Application Render",10.3217
3789.8938,25,18,"Application Compose",0.4045
3790.9801,25,18,"SubmitCommandLists",1.0736
3791.0289,25,18,"Shadowmap packing",0.000500000024
3791.0322,25,18,"Render",10.3206997
3791.0343,25,18,"Procedural Animations",0.00159999996
3791.0366,25,18,"Script Components",9.99999975e-05
3791.0398,25,18,"CPU Frame",20.2257996
3791.0418,25,18,"Input",0.130899996
3791.0443,25,18,"GUI Update",0.0579000004
3791.0463,25,18,"Frustum Culling",1.24769998
3791.0483,25,18,"Animations",0.000199999995
3791.0502,25,18,"Spring Dependencies",0.00109999999
3791.0522,25,18,"GUI Render",0.109099999
3791.0539,25,18,"Physics",0.0331000015
3791.0558,25,18,"Update",9.21899986
3791.0575,25,18,"Fixed Update",0.00529999984
3791.0594,25,18,"Spline Update",0.00039999999
3791.0614,25,18,"Compose",0.403699994
3791.0633,25,18,"Update Buffers (CPU)",0.118100002
3800.7507,26,18,"RenderPath3D Update",8.1532
3800.7999,26,18,"Application Update",9.5766
3811.5577,26,18,"Application Render",10.7546
3812.0518,26,18,"Application Compose",0.4226
3814.2852,26,18,"SubmitCommandLists",2.2196
3814.404,26,18,"Shadowmap packing",0.000199999995
3814.4086,26,18,"Render",10.7531996
3814.4112,26,18,"Procedural Animations",0.00400000019
3814.414,26,18,"Script Components",0.000199999995
3814.4184,26,18,"CPU Frame",21.0491009
3814.4204,26,18,"Input",0.148000002
3814.4234,26,18,"GUI Update",0.0675999969
3814.4259,26,18,"Frustum Culling",1.46309996
3814.4286,26,18,"Animations",0.000199999995
3814.4302,26,18,"Spring Dependencies",0.000500000024
3814.4321,26,18,"GUI Render",0.117799997
3814.4339,26,18,"Physics",0.0195000004
3814.4364,26,18,"Update",9.57590008
3814.438,26,18,"Fixed Update",0.00590000022
3814.4409,26,18,"Spline Update",0.000300000014
3814.4431,26,18,"Compose",0.421700001
3814.4447,26,18,"Update Buffers (CPU)",0.177599996
3823.9557,27,18,"RenderPath3D Update",8.0745
3824.002,27,18,"Application Update",9.305
3837.6781,27,18,"Application Render",13.6727
3838.1875,27,18,"Application Compose",0.3987
3839.2545,27,18,"SubmitCommandLists",1.054
3839.2811,27,18,"Shadowmap packing",0.00039999999
3839.284,27,18,"Render",13.6708002
3839.286,27,18,"Procedural Animations",0.00200000009
3839.3292,27,18,"Script Components",0.000300000014
3839.3316,27,18,"CPU Frame",23.8339996
3839.3339,27,18,"Input",0.216900006
3839.336,27,18,"GUI Update",0.107900001
3839.3378,27,18,"Frustum Culling",1.49310005
3839.3396,27,18,"Animations",0.00079999998
3839.3414,27,18,"Spring Dependencies",0.00139999995
3839.3433,27,18,"GUI Render",0.147300005
3839.345,27,18,"Physics",0.00820000004
3839.3469,27,18,"Update",9.30449963
3839.3485,27,18,"Fixed Update",0.00700000022
3839.3503,27,18,"Spline Update",0.00079999998
3839.352,27,18,"Compose",0.397799999
3839.3538,27,18,"Update Buffers (CPU)",0.165900007
3850.9007,28,18,"RenderPath3D Update",8.04
3850.9358,28,18,"Application Update",11.4448
3865.0544,28,18,"Application Render",14.1145
3865.5394,28,18,"Application Compose",0.4075
3866.7207,28,18,"SubmitCommandLists",1.1691
3866.756,28,18,"Shadowmap packing",0.000699999975
3866.7594,28,18,"Render",14.1128998
3866.7613,28,18,"Procedural Animations",0.00139999995
3866.7636,28,18,"Script Components",0.000600000028
3866.766,28,18,"CPU Frame",26.2803001
3866.768,28,18,"Input",0.125799999
3866.7704,28,18,"GUI Update",0.0881000012
3866.7724,28,18,"Frustum Culling",1.53110003
3866.7744,28,18,"Animations",9.99999975e-05
3866.7766,28,18,"Spring Dependencies",0.00100000005
3866.7787,28,18,"GUI Render",0.0904999971
3866.7804,28,18,"Physics",0.00620000018
3866.7822,28,18,"Update",11.4445
3866.784,28,18,"Fixed Update",0.00520000001
3866.7858,28,18,"Spline Update",0.000699999975
3866.7877,28,18,"Compose",0.406300008
3866.7895,28,18,"Update Buffers (CPU)",0.160300002
3877.9829,29,18,"RenderPath3D Update",7.5706
3878.0154,29,18,"Application Update",11.0788
3894.119,29,18,"Application Render",16.0996
3894.6341,29,18,"Application Compose",0.4156
3896.0175,29,18,"SubmitCommandLists",1.3706
3896.0816,29,18,"Shadowmap packing",0.000199999995
3896.0941,29,18,"Render",16.0984993
3896.0964,29,18,"Procedural Animations",0.00109999999
3896.0994,29,18,"Script Components",0.00039999999
3896.1027,29,18,"CPU Frame",27.9090996
3896.1053,29,18,"Input",0.135199994
3896.109,29,18,"GUI Update",0.0869000033
3896.1109,29,18,"Frustum Culling",1.41840005
3896.113,29,18,"Animations",9.99999975e-05
3896.1163,29,18,"Spring Dependencies",0.00120000006
3896.1191,29,18,"GUI Render",0.0846000016
3896.1208,29,18,"Physics",0.0120000001
3896.1231,29,18,"Update",11.0782003
3896.1248,29,18,"Fixed Update",0.0057000001
3896.1269,29,18,"Spline Update",0.000899999985
3896.1288,29,18,"Compose",0.414600015
3896.1318,29,18,"Update Buffers (CPU)",0.122599997
3905.2423,30,18,"RenderPath3D Update",7.5643
3905.2671,30,18,"Application Update",8.8182
3916.1502,30,18,"Application Render",10.8796
3916.7016,30,18,"Application Compose",0.4621
3918.5473,30,18,"SubmitCommandLists",1.8269
3918.6466,30,18,"Shadowmap packing",0.00039999999
3918.6514,30,18,"Render",10.8785
3918.6539,30,18,"Procedural Animations",0.00179999997
3918.657,30,18,"Script Components",0.000500000024
3918.6614,30,18,"CPU Frame",20.6639996
3918.6645,30,18,"Input",0.291200012
3918.6863,30,18,"GUI Update",0.0900999978
3918.689,30,18,"Frustum Culling",1.26230001
3918.6915,30,18,"Animations",0.000899999985
3918.6933,30,18,"Spring Dependencies",0.00100000005
3918.6956,30,18,"GUI Render",0.141900003
3918.6979,30,18,"Physics",0.0285999998
3918.7001,30,18,"Update",8.8178997
3918.7024,30,18,"Fixed Update",0.0144999996
3918.7046,30,18,"Spline Update",0.000699999975
3918.7069,30,18,"Compose",0.461400002
3918.7108,30,18,"Update Buffers (CPU)",0.122299999
3928.7914,31,18,"RenderPath3D Update",8.1424
3928.8335,31,18,"Application Update",9.7504
3942.0257,31,18,"Application Render",13.1885
3942.4886,31,18,"Application Compose",0.3959
3943.4592,31,18,"SubmitCommandLists",0.9508
3943.4862,31,18,"Shadowmap packing",0.00230000005
3943.4892,31,18,"Render",13.1858997
3943.4912,31,18,"Procedural Animations",0.00139999995
3943.4933,31,18,"Script Components",9.99999975e-05
3943.4962,31,18,"CPU Frame",23.9067001
3943.5084,31,18,"Input",0.342900008
3943.5108,31,18,"GUI Update",0.0320999995
3943.5127,31,18,"Frustum Culling",3.73099995
3943.5577,31,18,"Animations",0.000600000028
3943.5597,31,18,"Spring Dependencies",0.00079999998
3943.5616,31,18,"GUI Render",0.136099994
3943.5634,31,18,"Physics",0.00680000009
3943.5655,31,18,"Update",9.74960041
3943.5672,31,18,"Fixed Update",0.0164999999
3943.5691,31,18,"Spline Update",0.000199999995
3943.5709,31,18,"Compose",0.395000011
3943.5727,31,18,"Update Buffers (CPU)",0.282299995
3953.027,32,18,"RenderPath3D Update",6.9577
3953.0496,32,18,"Application Update",9.2865
3963.4788,32,18,"Application Render",10.4257
3963.9395,32,18,"Application Compose",0.3957
3965.4551,32,18,"SubmitCommandLists",1.5046
3965.5198,32,18,"Shadowmap packing",0.000500000024
3965.524,32,18,"Render",10.4244003
3965.5264,32,18,"Procedural Animations",0.00120000006
3965.5289,32,18,"Script Components",0.00039999999
3965.5324,32,18,"CPU Frame",20.4754009
3965.5342,32,18,"Input",0.176300004
3965.5391,32,18,"GUI Update",0.100599997
3965.5416,32,18,"Frustum Culling",1.50109994
3965.5434,32,18,"Animations",9.99999975e-05
3965.5473,32,18,"Spring Dependencies",0.000899999985
3965.5495,32,18,"GUI Render",0.0900999978
3965.5514,32,18,"Physics",0.0170000009
3965.5548,32,18,"Update",9.28610039
3965.5565,32,18,"Fixed Update",0.00700000022
3965.5589,32,18,"Spline Update",0.00150000001
3965.5607,32,18,"Compose",0.394499987
3965.5625,32,18,"Update Buffers (CPU)",0.178200006
3976.9009,33,18,"RenderPath3D Update",9.7997
3976.9554,33,18,"Application Update",11.0656
3991.4285,33,18,"Application Render",14.469
3991.917,33,18,"Application Compose",0.4015
3993.8447,33,18,"SubmitCommandLists",1.9151
3993.9968,33,18,"Shadowmap packing",0.00159999996
3994.0135,33,18,"Render",14.4649
3994.0157,33,18,"Procedural Animations",0.0057000001
3994.0183,33,18,"Script Components",0.000600000028
3994.0217,33,18,"CPU Frame",26.4398994
3994.0239,33,18,"Input",0.298200011
3994.0279,33,18,"GUI Update",0.0778999999
3994.0299,33,18,"Frustum Culling",4.62010002
3994.032,33,18,"Animations",9.99999975e-05
3994.0368,33,18,"Spring Dependencies",0.000699999975
3994.0621,33,18,"GUI Render",0.122699998
3994.0639,33,18,"Physics",0.00659999996
3994.0669,33,18,"Update",11.0653
3994.069,33,18,"Fixed Update",0.0167999994
3994.071,33,18,"Spline Update",0.000300000014
3994.0729,33,18,"Compose",0.40079999
3994.0752,33,18,"Update Buffers (CPU)",0.212599993
4003.1555,34,18,"RenderPath3D Update",7.5712
4003.1834,34,18,"Application Update",8.8719
4016.0587,34,18,"Application Render",12.8722
4016.666,34,18,"Application Compose",0.5172
4018.1364,34,18,"SubmitCommandLists",1.4338
4018.2263,34,18,"Shadowmap packing",0.000500000024
4018.2299,34,18,"Render",12.8713999
4018.2319,34,18,"Procedural Animations",0.00669999979
4018.2344,34,18,"Script Components",0.00079999998
4018.2371,34,18,"CPU Frame",22.7476006
4018.2389,34,18,"Input",0.208100006
4018.2413,34,18,"GUI Update",0.0811000019
4018.2433,34,18,"Frustum Culling",1.40040004
4018.2584,34,18,"Animations",9.99999975e-05
4018.2609,34,18,"Spring Dependencies",0.000899999985
4018.2631,34,18,"GUI Render",0.107500002
4018.2648,34,18,"Physics",0.00719999988
4018.2666,34,18,"Update",8.87160015
4018.2684,34,18,"Fixed Update",0.0170000009
4018.2701,34,18,"Spline Update",0.000500000024
4018.272,34,18,"Compose",0.516200006
4018.2739,34,18,"Update Buffers (CPU)",0.125300005
4030.551,35,18,"RenderPath3D Update",10.9546
4030.6118,35,18,"Application Update",12.1323
4067.3859,35,18,"Application Render",36.7696
4067.8769,35,18,"Application Compose",0.4081
4069.0294,35,18,"SubmitCommandLists",1.1389
4069.0615,35,18,"Shadowmap packing",0.00109999999
4069.0647,35,18,"Render",36.766201
4069.0666,35,18,"Procedural Animations",0.00289999996
4069.0687,35,18,"Script Components",0.000199999995
4069.0717,35,18,"CPU Frame",49.7075005
4069.0737,35,18,"Input",0.194399998
4069.0761,35,18,"GUI Update",0.0318999998
4069.0781,35,18,"Frustum Culling",24.3983994
4069.08,35,18,"Animations",0.00039999999
4069.0821,35,18,"Spring Dependencies",0.000699999975
4069.0843,35,18,"GUI Render",0.188299999
4069.086,35,18,"Physics",0.00769999996
4069.0969,35,18,"Update",12.1315002
4069.0986,35,18,"Fixed Update",0.00480000023
4069.3484,35,18,"Spline Update",0.00039999999
4069.3502,35,18,"Compose",0.407099992
4069.353,35,18,"Update Buffers (CPU)",0.214499995
4078.2907,36,18,"RenderPath3D Update",7.3544
4078.3297,36,18,"Application Update",8.724
4089.8273,36,18,"Application Render",11.4936
4090.421,36,18,"Application Compose",0.4925
4092.3662,36,18,"SubmitCommandLists",1.9153
4092.4437,36,18,"Shadowmap packing",0.000600000028
4092.448,36,18,"Render",11.4905996
4092.4507,36,18,"Procedural Animations",0.00319999992
4092.453,36,18,"Script Components",0.000300000014
4092.4557,36,18,"CPU Frame",21.3932991
4092.4579,36,18,"Input",0.231000006
4092.4631,36,18,"GUI Update",0.0804999992
4092.4652,36,18,"Frustum Culling",1.3786
4092.4677,36,18,"Animations",0.000199999995
4092.4695,36,18,"Spring Dependencies",9.99999975e-05
4092.4731,36,18,"GUI Render",0.1215
4092.4749,36,18,"Physics",0.0124000004
4092.4785,36,18,"Update",8.72290039
4092.4802,36,18,"Fixed Update",0.0126
4092.4824,36,18,"Spline Update",0.00079999998
4092.4843,36,18,"Compose",0.49180001
4092.4875,36,18,"Update Buffers (CPU)",0.165399998
4100.7158,37,18,"RenderPath3D Update",6.5323
4100.7466,37,18,"Application Update",7.9758
4114.419,37,18,"Application Render",13.669
4114.8992,37,18,"Application Compose",0.4067
4116.0206,37,18,"SubmitCommandLists",1.1089
4116.0487,37,18,"Shadowmap packing",0.000600000028
4116.0517,37,18,"Render",13.6679001
4116.0537,37,18,"Procedural Animations",0.00120000006
4116.0559,37,18,"Script Components",0.000300000014
4116.0581,37,18,"CPU Frame",22.5091991
4116.0599,37,18,"Input",0.252600014
4116.0621,37,18,"GUI Update",0.0438000001
4116.064,37,18,"Frustum Culling",1.50189996
4116.0661,37,18,"Animations",0.00079999998
4116.0681,37,18,"Spring Dependencies",0.00120000006
4116.0699,37,18,"GUI Render",0.105099998
4116.0716,37,18,"Physics",0.0164999999
4116.0737,37,18,"Update",7.97539997
4116.0754,37,18,"Fixed Update",0.0166999996
4116.0772,37,18,"Spline Update",0.000199999995
4116.0791,37,18,"Compose",0.405800015
4116.081,37,18,"Update Buffers (CPU)",0.143000007
4128.2692,38,18,"RenderPath3D Update",11.1528
4128.3103,38,18,"Application Update",12.0819
4142.4074,38,18,"Application Render",14.0935
4142.8904,38,18,"Application Compose",0.4056
4143.9397,38,18,"SubmitCommandLists",1.037
4143.968,38,18,"Shadowmap packing",0.00039999999
4143.971,38,18,"Render",14.092
4143.9728,38,18,"Procedural Animations",0.00219999999
4143.975,38,18,"Script Components",0.000300000014
4143.9773,38,18,"CPU Frame",26.8656006
4143.9792,38,18,"Input",0.137199998
4143.9814,38,18,"GUI Update",0.0443000011
4143.9833,38,18,"Frustum Culling",1.41359997
4143.9852,38,18,"Animations",0.000300000014
4143.9871,38,18,"Spring Dependencies",0.000500000024
4143.989,38,18,"GUI Render",0.156399995
4143.9906,38,18,"Physics",0.0115
4143.9924,38,18,"Update",12.0811005
4143.9941,38,18,"Fixed Update",0.0046000001
4143.9963,38,18,"Spline Update",0.000199999995
4143.998,38,18,"Compose",0.404900014
4143.9999,38,18,"Update Buffers (CPU)",0.111299999
4152.0417,39,18,"RenderPath3D Update",6.9315
4152.1021,39,18,"Application Update",7.9418
4164.3991,39,18,"Application Render",12.2893
4164.9076,39,18,"Application Compose",0.4248
4166.1304,39,18,"SubmitCommandLists",1.2089
4166.1789,39,18,"Shadowmap packing",0.000500000024
4166.1821,39,18,"Render",12.2692003
4166.1841,39,18,"Procedural Animations",0.00249999994
4166.1866,39,18,"Script Components",0.000199999995
4166.1891,39,18,"CPU Frame",20.9634991
4166.1911,39,18,"Input",0.148200005
4166.1933,39,18,"GUI Update",0.057500001
4166.1952,39,18,"Frustum Culling",2.43770003
4166.1972,39,18,"Animations",0.00109999999
4166.1992,39,18,"Spring Dependencies",0.00109999999
4166.2012,39,18,"GUI Render",0.0982000008
4166.2031,39,18,"Physics",0.0329000019
4166.2051,39,18,"Update",7.94110012
4166.2069,39,18,"Fixed Update",0.0055999998
4166.2088,39,18,"Spline Update",0.000600000028
4166.2106,39,18,"Compose",0.423700005
4166.2127,39,18,"Update Buffers (CPU)",0.158800006
4177.1174,40,18,"RenderPath3D Update",8.1995
4177.1625,40,18,"Application Update",10.7446
4191.4729,40,18,"Application Render",14.2153
4191.9573,40,18,"Application Compose",0.4054
4193.0268,40,18,"SubmitCommandLists",1.0575
4193.055,40,18,"Shadowmap packing",0.00039999999
4193.0583,40,18,"Render",14.2137003
4193.0603,40,18,"Procedural Animations",0.0046000001
4193.0626,40,18,"Script Components",0.000199999995
4193.0648,40,18,"CPU Frame",25.8020992
4193.0668,40,18,"Input",0.186000004
4193.0691,40,18,"GUI Update",0.0518999994
4193.0709,40,18,"Frustum Culling",1.398
4193.0729,40,18,"Animations",9.99999975e-05
4193.0752,40,18,"Spring Dependencies",0.00039999999
4193.0773,40,18,"GUI Render",0.0957999974
4193.079,40,18,"Physics",0.0346000008
4193.081,40,18,"Update",10.7437
4193.0829,40,18,"Fixed Update",0.0104999999
4193.0847,40,18,"Spline Update",0.000199999995
4193.0865,40,18,"Compose",0.404500008
4193.0883,40,18,"Update Buffers (CPU)",0.102200001
4204.3523,41,18,"RenderPath3D Update",7.833
4204.4124,41,18,"Application Update",11.1807
4218.7187,41,18,"Application Render",14.303
4219.1952,41,18,"Application Compose",0.3989
4220.2046,41,18,"SubmitCommandLists",0.9969
4220.2319,41,18,"Shadowmap packing",0.000600000028
4220.2349,41,18,"Render",14.3010998
4220.2369,41,18,"Procedural Animations",0.0113000004
4220.2391,41,18,"Script Components",0.000899999985
4220.2413,41,18,"CPU Frame",26.1629009
4220.2434,41,18,"Input",0.131699994
4220.2453,41,18,"GUI Update",0.0979999974
4220.2474,41,18,"Frustum Culling",1.42040002
4220.2493,41,18,"Animations",0.000199999995
4220.2511,41,18,"Spring Dependencies",0.0013
4220.2532,41,18,"GUI Render",0.135000005
4220.2548,41,18,"Physics",0.00700000022
4220.2565,41,18,"Update",11.1801004
4220.2582,41,18,"Fixed Update",0.0057000001
4220.26,41,18,"Spline Update",0.000500000024
4220.2618,41,18,"Compose",0.397899985
4220.2636,41,18,"Update Buffers (CPU)",0.135900006
4229.0838,42,18,"RenderPath3D Update",7.7316
4229.1119,42,18,"Application Update",8.71
4240.7111,42,18,"Application Render",11.5963
4241.1748,42,18,"Application Compose",0.3952
4242.2472,42,18,"SubmitCommandLists",1.0605
4242.3035,42,18,"Shadowmap packing",0.00159999996
4242.3069,42,18,"Render",11.5952997
4242.3088,42,18,"Procedural Animations",0.00249999994
4242.3109,42,18,"Script Components",0.000199999995
4242.3135,42,18,"CPU Frame",20.9652996
4242.3152,42,18,"Input",0.127100006
4242.3181,42,18,"GUI Update",0.0529000014
4242.3202,42,18,"Frustum Culling",2.52620006
4242.3222,42,18,"Animations",0.00039999999
4242.324,42,18,"Spring Dependencies",0.00079999998
4242.3263,42,18,"GUI Render",0.0993999988
4242.3281,42,18,"Physics",0.0138999997
4242.33,42,18,"Update",8.70969963
4242.3317,42,18,"Fixed Update",0.00480000023
4242.3336,42,18,"Spline Update",0.000300000014
4242.3354,42,18,"Compose",0.394400001
4242.3375,42,18,"Update Buffers (CPU)",0.155599996
4250.0263,43,18,"RenderPath3D Update",6.2475
4250.0507,43,18,"Application Update",7.4775
4261.9384,43,18,"Application Render",11.8844
4262.4099,43,18,"Application Compose",0.3942
4263.8016,43,18,"SubmitCommandLists",1.3795
4263.8598,43,18,"Shadowmap packing",0.000699999975
4263.8627,43,18,"Render",11.8831997
4263.8646,43,18,"Procedural Animations",0.00300000003
4263.8673,43,18,"Script Components",0.0195000004
4263.8701,43,18,"CPU Frame",20.1355
4263.8725,43,18,"Input",0.222900003
4263.8754,43,18,"GUI Update",0.0681999996
4263.8775,43,18,"Frustum Culling",2.50079989
4263.8793,43,18,"Animations",0.000199999995
4263.8814,43,18,"Spring Dependencies",0.000899999985
4263.8836,43,18,"GUI Render",0.125200003
4263.8856,43,18,"Physics",0.0171000008
4263.8873,43,18,"Update",7.47720003
4263.8889,43,18,"Fixed Update",0.00659999996
4263.891,43,18,"Spline Update",0.000500000024
4263.8928,43,18,"Compose",0.393400013
4263.8946,43,18,"Update Buffers (CPU)",0.155000001
4274.9721,44,18,"RenderPath3D Update",8.1404
4275.0113,44,18,"Application Update",10.8671
4288.7945,44,18,"Application Render",13.7793
4289.4066,44,18,"Application Compose",0.5329
4290.802,44,18,"SubmitCommandLists",1.3644
4290.8334,44,18,"Shadowmap packing",0.000500000024
4290.8372,44,18,"Render",13.7777004
4290.8492,44,18,"Procedural Animations",0.00120000006
4290.9027,44,18,"Script Components",0.000199999995
4290.9057,44,18,"CPU Frame",25.5832996
4290.9077,44,18,"Input",0.225099996
4290.91,44,18,"GUI Update",0.0544999987
4290.912,44,18,"Frustum Culling",1.39530003
4290.9141,44,18,"Animations",0.000199999995
4290.9159,44,18,"Spring Dependencies",0.000699999975
4290.918,44,18,"GUI Render",0.164399996
4290.92,44,18,"Physics",0.00910000037
4290.9221,44,18,"Update",10.8666
4290.9239,44,18,"Fixed Update",0.0135000004
4290.9259,44,18,"Spline Update",0.000600000028
4290.9278,44,18,"Compose",0.532000005
4290.9295,44,18,"Update Buffers (CPU)",0.119800001
4302.884,45,18,"RenderPath3D Update",8.5262
4302.9432,45,18,"Application Update",11.7824
4316.4783,45,18,"Application Render",13.5301
4316.962,45,18,"Application Compose",0.4063
4318.015,45,18,"SubmitCommandLists",1.0401
4318.0427,45,18,"Shadowmap packing",0.00079999998
4318.0457,45,18,"Render",13.5274
4318.0476,45,18,"Procedural Animations",0.0013
4318.0498,45,18,"Script Components",0.00139999995
4318.0521,45,18,"CPU Frame",26.1546001
4318.0539,45,18,"Input",0.213
4318.056,45,18,"GUI Update",0.184499994
4318.058,45,18,"Frustum Culling",1.53550005
4318.0599,45,18,"Animations",0.00079999998
4318.0619,45,18,"Spring Dependencies",0.00170000002
4318.0637,45,18,"GUI Render",0.143800005
4318.0655,45,18,"Physics",0.00730000017
4318.0675,45,18,"Update",11.7818003
4318.0692,45,18,"Fixed Update",0.0092000002
4318.0711,45,18,"Spline Update",0.000899999985
4318.073,45,18,"Compose",0.405400008
4318.075,45,18,"Update Buffers (CPU)",0.139400005
4329.8137,46,18,"RenderPath3D Update",8.5355
4329.8498,46,18,"Application Update",11.6346
4344.1322,46,18,"Application Render",14.2788
4344.6723,46,18,"Application Compose",0.4627
4345.7879,46,18,"SubmitCommandLists",1.1037
4345.8157,46,18,"Shadowmap packing",0.000500000024
4345.8187,46,18,"Render",14.2774
4345.8208,46,18,"Procedural Animations",0.00120000006
4345.823,46,18,"Script Components",0.000600000028
4345.8254,46,18,"CPU Frame",26.6527004
4345.8273,46,18,"Input",0.128600001
4345.8296,46,18,"GUI Update",0.0967999995
4345.8316,46,18,"Frustum Culling",1.34560001
4345.8337,46,18,"Animations",9.99999975e-05
4345.8361,46,18,"Spring Dependencies",0.00120000006
4345.8381,46,18,"GUI Render",0.155300006
4345.8398,46,18,"Physics",0.00510000018
4345.8418,46,18,"Update",11.6341
4345.8436,46,18,"Fixed Update",0.00549999997
4345.8455,46,18,"Spline Update",0.000500000024
4345.8473,46,18,"Compose",0.461600006
4345.8494,46,18,"Update Buffers (CPU)",0.0904000029
4357.3136,47,18,"RenderPath3D Update",7.7385
4357.3515,47,18,"Application Update",11.3595
4371.0521,47,18,"Application Render",13.6967
4371.5434,47,18,"Application Compose",0.4228
4372.5353,47,18,"SubmitCommandLists",0.9789
4372.563,47,18,"Shadowmap packing",0.00039999999
4372.5663,47,18,"Render",13.6950998
4372.5684,47,18,"Procedural Animations",0.00109999999
4372.5708,47,18,"Script Components",0.00039999999
4372.5732,47,18,"CPU Frame",25.7506008
4372.5752,47,18,"Input",0.131400004
4372.5775,47,18,"GUI Update",0.0971999988
4372.5794,47,18,"Frustum Culling",1.35599995
4372.5815,47,18,"Animations",0.000500000024
4372.5835,47,18,"Spring Dependencies",0.00159999996
4372.5855,47,18,"GUI Render",0.0934000015
4372.5874,47,18,"Physics",0.00829999987
4372.5893,47,18,"Update",11.3590002
4372.591,47,18,"Fixed Update",0.00520000001
4372.593,47,18,"Spline Update",0.000699999975
4372.5949,47,18,"Compose",0.422100008
4372.5969,47,18,"Update Buffers (CPU)",0.112999998
4379.9996,48,18,"RenderPath3D Update",6.3844
4380.0287,48,18,"Application Update",7.2867
4392.7528,48,18,"Application Render",12.7208
4393.2307,48,18,"Application Compose",0.4115
4394.4185,48,18,"SubmitCommandLists",1.1755
4394.4481,48,18,"Shadowmap packing",0.000699999975
4394.4509,48,18,"Render",12.7195997
4394.4528,48,18,"Procedural Animations",0.00240000011
4394.4552,48,18,"Script Components",0.000300000014
4394.4575,48,18,"CPU Frame",20.6909008
4394.4597,48,18,"Input",0.133599997
4394.4618,48,18,"GUI Update",0.0320000015
4394.4638,48,18,"Frustum Culling",2.57179999
4394.4657,48,18,"Animations",9.99999975e-05
4394.5197,48,18,"Spring Dependencies",0.00139999995
4394.5219,48,18,"GUI Render",0.0971999988
4394.5237,48,18,"Physics",0.00600000005
4394.5257,48,18,"Update",7.28630018
4394.5273,48,18,"Fixed Update",0.00520000001
4394.529,48,18,"Spline Update",0.000199999995
4394.5308,48,18,"Compose",0.41080001
4394.5327,48,18,"Update Buffers (CPU)",0.1523
4405.9552,49,18,"RenderPath3D Update",7.5071
4405.9906,49,18,"Application Update",11.3178
4420.3259,49,18,"Application Render",14.3316
4420.8203,49,18,"Application Compose",0.4158
4421.9353,49,18,"SubmitCommandLists",1.1024
4421.9618,49,18,"Shadowmap packing",0.000899999985
4421.9647,49,18,"Render",14.3297997
4421.9667,49,18,"Procedural Animations",0.00179999997
4421.9688,49,18,"Script Components",0.00120000006
4421.9712,49,18,"CPU Frame",26.3955002
4421.973,49,18,"Input",0.127100006
4421.9755,49,18,"GUI Update",0.1109
4421.9774,49,18,"Frustum Culling",1.45280004
4421.9794,49,18,"Animations",0.000500000024
4421.9813,49,18,"Spring Dependencies",0.00159999996
4421.9833,49,18,"GUI Render",0.100100003
4421.985,49,18,"Physics",0.00769999996
4421.9868,49,18,"Update",11.3175001
4421.9886,49,18,"Fixed Update",0.00579999993
4421.9904,49,18,"Spline Update",0.00179999997
4421.9922,49,18,"Compose",0.414799988
4421.9939,49,18,"Update Buffers (CPU)",0.104000002
4433.8476,50,18,"RenderPath3D Update",7.8292
4433.8826,50,18,"Application Update",11.7402
4454.9926,50,18,"Application Render",21.1044
4456.0369,50,18,"Application Compose",0.6903
4458.7563,50,18,"SubmitCommandLists",2.6778
4458.9207,50,18,"Shadowmap packing",0.00079999998
4458.9272,50,18,"Render",21.1014004
4458.9298,50,18,"Procedural Animations",0.00120000006
4458.9336,50,18,"Script Components",0.000199999995
4458.9395,50,18,"CPU Frame",34.1012001
4458.942,50,18,"Input",0.137700006
4458.9474,50,18,"GUI Update",0.121600002
4458.9499,50,18,"Frustum Culling",6.59619999
4458.9518,50,18,"Animations",0.000500000024
4458.9547,50,18,"Spring Dependencies",0.00079999998
4458.9583,50,18,"GUI Render",0.116800003
4458.9611,50,18,"Physics",0.0055999998
4458.9644,50,18,"Update",11.7395
4458.9665,50,18,"Fixed Update",0.00529999984
4458.9694,50,18,"Spline Update",0.00039999999
4458.9713,50,18,"Compose",0.685400009
4458.9747,50,18,"Update Buffers (CPU)",0.156399995
4470.8348,51,18,"RenderPath3D Update",10.2735
4470.9182,51,18,"Application Update",11.6436
4488.9573,51,18,"Application Render",18.0348
4489.4474,51,18,"Application Compose",0.3977
4490.7058,51,18,"SubmitCommandLists",1.2456
4490.7345,51,18,"Shadowmap packing",0.000500000024
4490.7377,51,18,"Render",18.030899
4490.7396,51,18,"Procedural Animations",0.00139999995
4490.7418,51,18,"Script Components",0.00039999999
4490.7543,51,18,"CPU Frame",30.6170006
4490.7562,51,18,"Input",0.275000006
4490.7584,51,18,"GUI Update",0.0693000033
4490.7603,51,18,"Frustum Culling",1.87590003
4490.7622,51,18,"Animations",0.000199999995
4490.7639,51,18,"Spring Dependencies",0.00079999998
4490.7659,51,18,"GUI Render",0.116499998
4490.7677,51,18,"Physics",0.0194000006
4490.7696,51,18,"Update",11.6433001
4490.7712,51,18,"Fixed Update",0.0083999997
4490.7731,51,18,"Spline Update",0.00039999999
4490.7749,51,18,"Compose",0.396699995
4490.7767,51,18,"Update Buffers (CPU)",0.1065
4500.0057,52,18,"RenderPath3D Update",7.9271
4500.0635,52,18,"Application Update",9.1473
4520.7257,52,18,"Application Render",20.6574
4521.3162,52,18,"Application Compose",0.4901
4522.9372,52,18,"SubmitCommandLists",1.6069
4522.9883,52,18,"Shadowmap packing",0.000899999985
4522.9919,52,18,"Render",20.6557007
4522.9943,52,18,"Procedural Animations",0.0083999997
4522.9977,52,18,"Script Components",0.000300000014
4523.0011,52,18,"CPU Frame",30.6054001
4523.0033,52,18,"Input",0.127000004
4523.0062,52,18,"GUI Update",0.0373999998
4523.0085,52,18,"Frustum Culling",3.03800011
4523.0104,52,18,"Animations",0.000199999995
4523.0135,52,18,"Spring Dependencies",0.000500000024
4523.0158,52,18,"GUI Render",0.118199997
4523.0175,52,18,"Physics",0.0165999997
4523.0201,52,18,"Update",9.14700031
4523.0218,52,18,"Fixed Update",0.00600000005
4523.0236,52,18,"Spline Update",0.000199999995
4523.1033,52,18,"Compose",0.488700002
4523.1053,52,18,"Update Buffers (CPU)",0.1998
4533.9239,53,18,"RenderPath3D Update",7.8235
4533.986,53,18,"Application Update",10.7096
4552.8609,53,18,"Application Render",18.8523
4553.3476,53,18,"Application Compose",0.4135
4554.4054,53,18,"SubmitCommandLists",1.045
4554.4454,53,18,"Shadowmap packing",0.000600000028
4554.4485,53,18,"Render",18.8507004
4554.4505,53,18,"Procedural Animations",0.00469999993
4554.4527,53,18,"Script Components",0.000300000014
4554.4552,53,18,"CPU Frame",30.3967991
4554.4572,53,18,"Input",0.153799996
4554.4593,53,18,"GUI Update",0.0693999976
4554.4612,53,18,"Frustum Culling",2.77800012
4554.4631,53,18,"Animations",0.000199999995
4554.4651,53,18,"Spring Dependencies",0.00120000006
4554.4671,53,18,"GUI Render",0.158099994
4554.4688,53,18,"Physics",0.00639999984
4554.4706,53,18,"Update",10.7084999
4554.4723,53,18,"Fixed Update",0.00829999987
4554.4744,53,18,"Spline Update",0.000199999995
4554.4762,53,18,"Compose",0.412400007
4554.4781,53,18,"Update Buffers (CPU)",0.185900003
4564.6107,54,18,"RenderPath3D Update",7.7526
4564.637,54,18,"Application Update",9.985
4581.653,54,18,"Application Render",17.0128
4582.1465,54,18,"Application Compose",0.4147
4584.0265,54,18,"SubmitCommandLists",1.8636
4584.1215,54,18,"Shadowmap packing",0.00039999999
4584.1273,54,18,"Render",17.0109005
4584.1298,54,18,"Procedural Animations",0.00240000011
4584.1331,54,18,"Script Components",0.000699999975
4584.1378,54,18,"CPU Frame",27.7275009
4584.1406,54,18,"Input",0.160999998
4584.1447,54,18,"GUI Update",0.0888999999
4584.1465,54,18,"Frustum Culling",1.31700003
4584.149,54,18,"Animations",0.00079999998
4584.1511,54,18,"Spring Dependencies",0.000699999975
4584.1538,54,18,"GUI Render",0.0835999995
4584.1555,54,18,"Physics",0.0170000009
4584.1587,54,18,"Update",9.98480034
4584.1604,54,18,"Fixed Update",0.00659999996
4584.1631,54,18,"Spline Update",0.000199999995
4584.1649,54,18,"Compose",0.413899988
4584.1684,54,18,"Update Buffers (CPU)",0.0958999991
4593.8894,55,18,"RenderPath3D Update",7.9456
4593.9304,55,18,"Application Update",9.376
4607.6239,55,18,"Application Render",13.6894
4608.1162,55,18,"Application Compose",0.4113
4609.3035,55,18,"SubmitCommandLists",1.174
4609.3326,55,18,"Shadowmap packing",0.000600000028
4609.3356,55,18,"Render",13.6750002
4609.3376,55,18,"Procedural Animations",0.00200000009
4609.3398,55,18,"Script Components",0.000600000028
4609.3423,55,18,"CPU Frame",24.0611992
4609.3441,55,18,"Input",0.354299992
4609.3464,55,18,"GUI Update",0.112099998
4609.3484,55,18,"Frustum Culling",1.41869998
4609.3504,55,18,"Animations",0.000300000014
4609.3522,55,18,"Spring Dependencies",0.00139999995
4609.3544,55,18,"GUI Render",0.113899998
4609.3562,55,18,"Physics",0.0195000004
4609.3581,55,18,"Update",9.37559986
4609.3599,55,18,"Fixed Update",0.0155999996
4609.3621,55,18,"Spline Update",0.000899999985
4609.364,55,18,"Compose",0.410600007
4609.366,55,18,"Update Buffers (CPU)",0.129099995
4616.6838,56,18,"RenderPath3D Update",6.2639
4616.7248,56,18,"Application Update",7.1994
4629.0981,56,18,"Application Render",12.3699
4629.6012,56,18,"Application Compose",0.4177
4630.678,56,18,"SubmitCommandLists",1.0646
4630.7064,56,18,"Shadowmap packing",0.00139999995
4630.7096,56,18,"Render",12.3671999
4630.7116,56,18,"Procedural Animations",0.0027999999
4630.7138,56,18,"Script Components",0.000500000024
4630.7165,56,18,"CPU Frame",20.2919006
4630.7186,56,18,"Input",0.148000002
4630.7211,56,18,"GUI Update",0.0634000003
4630.7231,56,18,"Frustum Culling",2.77080011
4630.7251,56,18,"Animations",0.0013
4630.7271,56,18,"Spring Dependencies",0.00079999998
4630.7292,56,18,"GUI Render",0.179199994
4630.731,56,18,"Physics",0.0092000002
4630.7329,56,18,"Update",7.19910002
4630.7348,56,18,"Fixed Update",0.00490000006
4630.7367,56,18,"Spline Update",0.000500000024
4630.7386,56,18,"Compose",0.416999996
4630.7405,56,18,"Update Buffers (CPU)",0.177699998
4641.87,57,18,"RenderPath3D Update",7.6198
4641.9228,57,18,"Application Update",11.0255
4657.8942,57,18,"Application Render",15.967
4658.4073,57,18,"Application Compose",0.4139
4659.9109,57,18,"SubmitCommandLists",1.4908
4660.0155,57,18,"Shadowmap packing",0.00079999998
4660.021,57,18,"Render",15.9658003
4660.0249,57,18,"Procedural Animations",0.00159999996
4660.0286,57,18,"Script Components",0.000899999985
4660.0338,57,18,"CPU Frame",27.7241993
4660.0385,57,18,"Input",0.144700006
4660.0437,57,18,"GUI Update",0.129800007
4660.0478,57,18,"Frustum Culling",2.83929992
4660.0521,57,18,"Animations",9.99999975e-05
4660.0558,57,18,"Spring Dependencies",0.00079999998
4660.0598,57,18,"GUI Render",0.115199998
4660.0633,57,18,"Physics",0.0057000001
4660.0666,57,18,"Update",11.0251999
4660.0703,57,18,"Fixed Update",0.00520000001
4660.0743,57,18,"Spline Update",0.00200000009
4660.078,57,18,"Compose",0.413100004
4660.082,57,18,"Update Buffers (CPU)",0.151700005
4671.6054,58,18,"RenderPath3D Update",9.6633
4671.6605,58,18,"Application Update",11.1888
4688.7162,58,18,"Application Render",17.0514
4689.5827,58,18,"Application Compose",0.6047
4691.7819,58,18,"SubmitCommandLists",2.1825
4691.8243,58,18,"Shadowmap packing",0.000699999975
4691.8289,58,18,"Render",17.0319996
4691.8483,58,18,"Procedural Animations",0.00449999981
4691.8506,58,18,"Script Components",0.0013
4691.8532,58,18,"CPU Frame",29.6397991
4691.8553,58,18,"Input",0.356599987
4691.8581,58,18,"GUI Update",0.108900003
4691.8603,58,18,"Frustum Culling",4.38170004
4691.8623,58,18,"Animations",0.000199999995
4691.8644,58,18,"Spring Dependencies",0.00120000006
4691.8666,58,18,"GUI Render",0.180000007
4691.8683,58,18,"Physics",0.0118000004
4691.8704,58,18,"Update",11.1883001
4691.8722,58,18,"Fixed Update",0.0163000003
4691.8741,58,18,"Spline Update",0.000500000024
4691.876,58,18,"Compose",0.602900028
4691.8782,58,18,"Update Buffers (CPU)",0.258300006
4703.4776,59,18,"RenderPath3D Update",10.4561
4703.5113,59,18,"Application Update",11.4789
4714.0198,59,18,"Application Render",10.5048
4714.5167,59,18,"Application Compose",0.4182
4716.2523,59,18,"SubmitCommandLists",1.7221
4716.322,59,18,"Shadowmap packing",0.000600000028
4716.3266,59,18,"Render",10.5036001
4716.3291,59,18,"Procedural Animations",0.00270000007
4716.3324,59,18,"Script Components",0.000199999995
4716.3369,59,18,"CPU Frame",22.7236996
4716.3387,59,18,"Input",0.141100004
4716.3433,59,18,"GUI Update",0.0353000015
4716.3452,59,18,"Frustum Culling",1.43690002
4716.3479,59,18,"Animations",0.00039999999
4716.35,59,18,"Spring Dependencies",0.00039999999
4716.352,59,18,"GUI Render",0.0877000019
4716.3539,59,18,"Physics",0.0138999997
4716.3565,59,18,"Update",11.4785995
4716.3582,59,18,"Fixed Update",0.00600000005
4716.3604,59,18,"Spline Update",0.000199999995
4716.3624,59,18,"Compose",0.417199999
4716.365,59,18,"Update Buffers (CPU)",0.117399998
4726.227,60,18,"RenderPath3D Update",8.4199
4726.27,60,18,"Application Update",9.6889
4740.5339,60,18,"Application Render",14.2592
4741.0281,60,18,"Application Compose",0.4198
4742.241,60,18,"SubmitCommandLists",1.2002
4742.2986,60,18,"Shadowmap packing",0.000500000024
4742.3023,60,18,"Render",14.2559004
4742.3044,60,18,"Procedural Animations",0.00179999997
4742.3076,60,18,"Script Components",0.00120000006
4742.3131,60,18,"CPU Frame",24.7588997
4742.3151,60,18,"Input",0.198500007
4742.3335,60,18,"GUI Update",0.127399996
4742.3356,60,18,"Frustum Culling",1.66509998
4742.3377,60,18,"Animations",9.99999975e-05
4742.3404,60,18,"Spring Dependencies",0.00079999998
4742.3425,60,18,"GUI Render",0.149100006
4742.3443,60,18,"Physics",0.00700000022
4742.3461,60,18,"Update",9.6882
4742.3479,60,18,"Fixed Update",0.00700000022
4742.3498,60,18,"Spline Update",0.0013
4742.3517,60,18,"Compose",0.419
4742.3538,60,18,"Update Buffers (CPU)",0.162799999
4748.8081,61,18,"RenderPath3D Update",5.2991
4748.825,61,18,"Application Update",6.2993
4760.2604,61,18,"Application Render",11.4323
4760.7319,61,18,"Application Compose",0.4029
4761.7262,61,18,"SubmitCommandLists",0.9819
4761.7538,61,18,"Shadowmap packing",0.000500000024
4761.7568,61,18,"Render",11.4315004
4761.7588,61,18,"Procedural Animations",0.00120000006
4761.7611,61,18,"Script Components",0.000199999995
4761.8169,61,18,"CPU Frame",18.4818993
4761.8188,61,18,"Input",0.156299993
4761.821,61,18,"GUI Update",0.0355000012
4761.8231,61,18,"Frustum Culling",2.0539999
4761.8249,61,18,"Animations",0.000500000024
4761.8267,61,18,"Spring Dependencies",0.000600000028
4761.8287,61,18,"GUI Render",0.1373
4761.8305,61,18,"Physics",0.0269000009
4761.8324,61,18,"Update",6.29909992
4761.8343,61,18,"Fixed Update",0.00800000038
4761.8361,61,18,"Spline Update",0.000199999995
4761.8379,61,18,"Compose",0.402099997
4761.8397,61,18,"Update Buffers (CPU)",0.112599999
4767.9273,62,18,"RenderPath3D Update",5.1311
4767.9453,62,18,"Application Update",5.9604
4777.368,62,18,"Application Render",9.42
4777.8428,62,18,"Application Compose",0.4008
4778.8657,62,18,"SubmitCommandLists",1.0113
4778.8913,62,18,"Shadowmap packing",0.000199999995
4778.8942,62,18,"Render",9.41930008
4778.8961,62,18,"Procedural Animations",0.00139999995
4778.8988,62,18,"Script Components",0.000199999995
4778.901,62,18,"CPU Frame",16.1116009
4778.903,62,18,"Input",0.134299994
4778.9051,62,18,"GUI Update",0.0513000004
4778.907,62,18,"Frustum Culling",1.07430005
4778.9089,62,18,"Animations",0.000199999995
4778.9107,62,18,"Spring Dependencies",0.000300000014
4778.9127,62,18,"GUI Render",0.0974999964
4778.9145,62,18,"Physics",0.00480000023
4778.9163,62,18,"Update",5.96010017
4778.918,62,18,"Fixed Update",0.00549999997
4778.9199,62,18,"Spline Update",0.000199999995
4778.9217,62,18,"Compose",0.400099993
4778.9236,62,18,"Update Buffers (CPU)",0.0732000023
4785.0443,63,18,"RenderPath3D Update",4.9859
4785.0607,63,18,"Application Update",5.9823
4794.9892,63,18,"Application Render",9.9259
4795.4573,63,18,"Application Compose",0.4018
4796.4532,63,18,"SubmitCommandLists",0.9844
4796.4792,63,18,"Shadowmap packing",0.000500000024
4796.4821,63,18,"Render",9.92490005
4796.4841,63,18,"Procedural Animations",0.00120000006
4796.4862,63,18,"Script Components",0.000199999995
4796.4884,63,18,"CPU Frame",16.5867996
4796.4902,63,18,"Input",0.143800005
4796.4926,63,18,"GUI Update",0.0469000004
4796.4946,63,18,"Frustum Culling",1.09689999
4796.4965,63,18,"Animations",9.99999975e-05
4796.4988,63,18,"Spring Dependencies",0.000699999975
4796.501,63,18,"GUI Render",0.0926999971
4796.5029,63,18,"Physics",0.0046000001
4796.5048,63,18,"Update",5.98199987
4796.5065,63,18,"Fixed Update",0.00520000001
4796.5082,63,18,"Spline Update",0.000199999995
4796.5101,63,18,"Compose",0.400999993
4796.512,63,18,"Update Buffers (CPU)",0.1043
4802.6137,64,18,"RenderPath3D Update",5.1457
4802.6317,64,18,"Application Update",5.9788
4812.674,64,18,"Application Render",10.0393
4813.1736,64,18,"Application Compose",0.4296
4814.2815,64,18,"SubmitCommandLists",1.0951
4814.3138,64,18,"Shadowmap packing",0.00039999999
4814.3169,64,18,"Render",10.0387001
4814.3189,64,18,"Procedural Animations",0.00109999999
4814.3213,64,18,"Script Components",0.000199999995
4814.3238,64,18,"CPU Frame",16.7164001
4814.3262,64,18,"Input",0.129600003
4814.3284,64,18,"GUI Update",0.0434999987
4814.3303,64,18,"Frustum Culling",1.07749999
4814.3322,64,18,"Animations",0.000699999975
4814.3343,64,18,"Spring Dependencies",0.000600000028
4814.3361,64,18,"GUI Render",0.1655
4814.3378,64,18,"Physics",0.00469999993
4814.3397,64,18,"Update",5.97840023
4814.3417,64,18,"Fixed Update",0.00540000014
4814.3435,64,18,"Spline Update",9.99999975e-05
4814.3458,64,18,"Compose",0.428900003
4814.3477,64,18,"Update Buffers (CPU)",0.0996000022
4820.901,65,18,"RenderPath3D Update",5.3485
4820.9365,65,18,"Application Update",6.4345
4832.359,65,18,"Application Render",11.418
4832.8658,65,18,"Application Compose",0.4242
4833.8804,65,18,"SubmitCommandLists",1.002
4833.9061,65,18,"Shadowmap packing",0.000500000024
4833.9095,65,18,"Render",11.4166002
4833.9115,65,18,"Procedural Animations",0.00109999999
4833.9138,65,18,"Script Components",0.000199999995
4833.9161,65,18,"CPU Frame",18.5771999
4833.9178,65,18,"Input",0.140799999
4833.92,65,18,"GUI Update",0.0298999995
4833.9221,65,18,"Frustum Culling",1.33389997
4833.9241,65,18,"Animations",9.99999975e-05
4833.9621,65,18,"Spring Dependencies",0.00100000005
4833.9644,65,18,"GUI Render",0.0974000022
4833.9662,65,18,"Physics",0.00490000006
4833.9683,65,18,"Update",6.43419981
4833.9701,65,18,"Fixed Update",0.00680000009
4833.9722,65,18,"Spline Update",0.000300000014
4833.9741,65,18,"Compose",0.423400015
4833.976,65,18,"Update Buffers (CPU)",0.107900001
4840.2883,66,18,"RenderPath3D Update",5.2663
4840.3143,66,18,"Application Update",6.1728
4853.2414,66,18,"Application Render",12.9238
4853.7632,66,18,"Application Compose",0.4366
4854.9838,66,18,"SubmitCommandLists",1.2075
4855.0134,66,18,"Shadowmap packing",0.000600000028
4855.0163,66,18,"Render",12.9226999
4855.0183,66,18,"Procedural Animations",0.00150000001
4855.0206,66,18,"Script Components",0.000199999995
4855.0229,66,18,"CPU Frame",19.8789005
4855.0247,66,18,"Input",0.153200001
4855.027,66,18,"GUI Update",0.0417000018
4855.029,66,18,"Frustum Culling",1.06190002
4855.0311,66,18,"Animations",0.000199999995
4855.0329,66,18,"Spring Dependencies",0.000699999975
4855.0351,66,18,"GUI Render",0.0958999991
4855.0368,66,18,"Physics",0.00510000018
4855.0386,66,18,"Update",6.17250013
4855.0404,66,18,"Fixed Update",0.00579999993
4855.0422,66,18,"Spline Update",0.000199999995
4855.0441,66,18,"Compose",0.435799986
4855.046,66,18,"Update Buffers (CPU)",0.0860000029
4861.1637,67,18,"RenderPath3D Update",5.0178
4861.1786,67,18,"Application Update",5.9929
4870.9731,67,18,"Application Render",9.7917
4871.4515,67,18,"Application Compose",0.403
4872.4615,67,18,"SubmitCommandLists",0.9978
4872.4864,67,18,"Shadowmap packing",0.000300000014
4872.4894,67,18,"Render",9.79030037
4872.4912,67,18,"Procedural Animations",0.00139999995
4872.4933,67,18,"Script Components",0.000600000028
4872.4958,67,18,"CPU Frame",16.4608994
4872.4978,67,18,"Input",0.127499998
4872.5,67,18,"GUI Update",0.0417000018
4872.5021,67,18,"Frustum Culling",1.25240004
4872.5039,67,18,"Animations",9.99999975e-05
4872.5066,67,18,"Spring Dependencies",0.000300000014
4872.5085,67,18,"GUI Render",0.0910999998
4872.5101,67,18,"Physics",0.00490000006
4872.5121,67,18,"Update",5.9927001
4872.5138,67,18,"Fixed Update",0.00549999997
4872.5207,67,18,"Spline Update",0.000199999995
4872.5226,67,18,"Compose",0.402099997
4872.5245,67,18,"Update Buffers (CPU)",0.0926000029
4879.0685,68,18,"RenderPath3D Update",5.4837
4879.0979,68,18,"Application Update",6.4299
4890.1264,68,18,"Application Render",11.0148
4890.6447,68,18,"Application Compose",0.4315
4891.8793,68,18,"SubmitCommandLists",1.2203
4891.91,68,18,"Shadowmap packing",0.000500000024
4891.9134,68,18,"Render",11.0139999
4891.9156,68,18,"Procedural Animations",0.0013
4891.918,68,18,"Script Components",0.000199999995
4891.9206,68,18,"CPU Frame",18.1809006
4891.9226,68,18,"Input",0.131799996
4891.9255,68,18,"GUI Update",0.0305000003
4891.9276,68,18,"Frustum Culling",1.16199994
4891.9295,68,18,"Animations",0.000199999995
4891.9314,68,18,"Spring Dependencies",0.000300000014
4891.9336,68,18,"GUI Render",0.0860000029
4891.9353,68,18,"Physics",0.00529999984
4891.9375,68,18,"Update",6.4296999
4891.9394,68,18,"Fixed Update",0.00609999988
4891.9415,68,18,"Spline Update",0.000199999995
4891.9433,68,18,"Compose",0.430500001
4891.9453,68,18,"Update Buffers (CPU)",0.139599994
4899.2732,69,18,"RenderPath3D Update",5.7432
4899.3017,69,18,"Application Update",7.1851
4910.858,69,18,"Application Render",11.5528
4911.4113,69,18,"Application Compose",0.4636
4912.5583,69,18,"SubmitCommandLists",1.1329
4912.5986,69,18,"Shadowmap packing",0.00039999999
4912.6016,69,18,"Render",11.5517998
4912.6035,69,18,"Procedural Animations",0.0013
4912.6058,69,18,"Script Components",0.000300000014
4912.6082,69,18,"CPU Frame",19.5266991
4912.6099,69,18,"Input",0.146699995
4912.6122,69,18,"GUI Update",0.0348999985
4912.614,69,18,"Frustum Culling",1.42659998
4912.6161,69,18,"Animations",0.000199999995
4912.618,69,18,"Spring Dependencies",0.000199999995
4912.6198,69,18,"GUI Render",0.123099998
4912.6215,69,18,"Physics",0.0083999997
4912.6235,69,18,"Update",7.18480015
4912.6253,69,18,"Fixed Update",0.0092000002
4912.627,69,18,"Spline Update",0.000300000014
4912.7644,69,18,"Compose",0.462799996
4912.7668,69,18,"Update Buffers (CPU)",0.132400006
4919.9708,70,18,"RenderPath3D Update",5.9577
4919.9888,70,18,"Application Update",7.053
4930.5739,70,18,"Application Render",10.5818
4931.0537,70,18,"Application Compose",0.4024
4932.0824,70,18,"SubmitCommandLists",1.0169
4932.1094,70,18,"Shadowmap packing",0.000500000024
4932.1121,70,18,"Render",10.5810003
4932.114,70,18,"Procedural Animations",0.00150000001
4932.1164,70,18,"Script Components",0.000199999995
4932.1189,70,18,"CPU Frame",18.4897003
4932.1208,70,18,"Input",0.157299995
4932.1231,70,18,"GUI Update",0.0286999997
4932.125,70,18,"Frustum Culling",1.18640006
4932.127,70,18,"Animations",0.000199999995
4932.1287,70,18,"Spring Dependencies",0.000600000028
4932.1307,70,18,"GUI Render",0.140699998
4932.1324,70,18,"Physics",0.00449999981
4932.1345,70,18,"Update",7.05270004
4932.1362,70,18,"Fixed Update",0.00540000014
4932.1381,70,18,"Spline Update",0.000199999995
4932.1399,70,18,"Compose",0.401600003
4932.1416,70,18,"Update Buffers (CPU)",0.0979000032
4938.0854,71,18,"RenderPath3D Update",4.8556
4938.1048,71,18,"Application Update",5.8016
4947.3658,71,18,"Application Render",9.2579
4947.8803,71,18,"Application Compose",0.4426
4948.9592,71,18,"SubmitCommandLists",1.0663
4948.9864,71,18,"Shadowmap packing",0.000199999995
4948.9891,71,18,"Render",9.2560997
4948.9911,71,18,"Procedural Animations",0.00179999997
4948.9933,71,18,"Script Components",0.000199999995
4948.9955,71,18,"CPU Frame",15.7939997
4948.9974,71,18,"Input",0.150700003
4948.9994,71,18,"GUI Update",0.0373000018
4949.0013,71,18,"Frustum Culling",1.10339999
4949.0032,71,18,"Animations",9.99999975e-05
4949.0056,71,18,"Spring Dependencies",0.00039999999
4949.0078,71,18,"GUI Render",0.074500002
4949.0095,71,18,"Physics",0.0176999997
4949.0115,71,18,"Update",5.80140018
4949.0134,71,18,"Fixed Update",0.00499999989
4949.0153,71,18,"Spline Update",0.000199999995
4949.0171,71,18,"Compose",0.441799998
4949.019,71,18,"Update Buffers (CPU)",0.153500006
4955.2292,72,18,"RenderPath3D Update",5.1466
4955.2554,72,18,"Application Update",6.0841
4965.105,72,18,"Application Render",9.8465
4965.5766,72,18,"Application Compose",0.3971
4966.5939,72,18,"SubmitCommandLists",1.0056
4966.62,72,18,"Shadowmap packing",0.000199999995
4966.6228,72,18,"Render",9.8458004
4966.6246,72,18,"Procedural Animations",0.00170000002
4966.6269,72,18,"Script Components",9.99999975e-05
4966.6294,72,18,"CPU Frame",16.6130009
4966.6315,72,18,"Input",0.142000005
4966.6336,72,18,"GUI Update",0.0662999973
4966.6357,72,18,"Frustum Culling",1.10860002
4966.6375,72,18,"Animations",0.000199999995
4966.6392,72,18,"Spring Dependencies",0.000199999995
4966.6411,72,18,"GUI Render",0.127200007
4966.6428,72,18,"Physics",0.0057000001
4966.6447,72,18,"Update",6.08389997
4966.6464,72,18,"Fixed Update",0.0046000001
4966.6481,72,18,"Spline Update",0.000199999995
4966.6499,72,18,"Compose",0.396400005
4966.6517,72,18,"Update Buffers (CPU)",0.110100001
4973.2083,73,18,"RenderPath3D Update",5.378
4973.2293,73,18,"Application Update",6.4227
4986.4412,73,18,"Application Render",13.2087
4986.952,73,18,"Application Compose",0.4255
4988.1008,73,18,"SubmitCommandLists",1.1336
4988.1555,73,18,"Shadowmap packing",0.00039999999
4988.1592,73,18,"Render",13.2080002
4988.1612,73,18,"Procedural Animations",0.00120000006
4988.1635,73,18,"Script Components",0.000199999995
4988.1659,73,18,"CPU Frame",20.3542004
4988.1679,73,18,"Input",0.144999996
4988.17,73,18,"GUI Update",0.0275999997
4988.1721,73,18,"Frustum Culling",1.54190004
4988.1742,73,18,"Animations",0.000699999975
4988.1763,73,18,"Spring Dependencies",0.000300000014
4988.1782,73,18,"GUI Render",0.163100004
4988.1801,73,18,"Physics",0.00879999995
4988.1823,73,18,"Update",6.42229986
4988.1841,73,18,"Fixed Update",0.00449999981
4988.1859,73,18,"Spline Update",0.000199999995
4988.1879,73,18,"Compose",0.424699992
4988.1898,73,18,"Update Buffers (CPU)",0.209299996
4997.3647,74,18,"RenderPath3D Update",8.0868
4997.3826,74,18,"Application Update",9.0196
5007.7938,74,18,"Application Render",10.4072
5008.3896,74,18,"Application Compose",0.482
5009.6205,74,18,"SubmitCommandLists",1.2181
5009.6834,74,18,"Shadowmap packing",0.00079999998
5009.687,74,18,"Render",10.4062004
5009.6892,74,18,"Procedural Animations",0.0013
5009.6914,74,18,"Script Components",0.000199999995
5009.6943,74,18,"CPU Frame",20.2602005
5009.6961,74,18,"Input",0.161599994
5009.6986,74,18,"GUI Update",0.0535000004
5009.701,74,18,"Frustum Culling",1.14090002
5009.7032,74,18,"Animations",0.000600000028
5009.7051,74,18,"Spring Dependencies",0.000199999995
5009.7069,74,18,"GUI Render",0.108900003
5009.7085,74,18,"Physics",0.0108000003
5009.7111,74,18,"Update",9.01920033
5009.7132,74,18,"Fixed Update",0.00510000018
5009.7151,74,18,"Spline Update",0.000199999995
5009.7168,74,18,"Compose",0.48120001
5009.7202,74,18,"Update Buffers (CPU)",0.104500003
5016.766,75,18,"RenderPath3D Update",5.5644
5016.7983,75,18,"Application Update",6.6447
5028.5361,75,18,"Application Render",11.7343
5029.0561,75,18,"Application Compose",0.4411
5030.4401,75,18,"SubmitCommandLists",1.3709
5030.4695,75,18,"Shadowmap packing",0.000500000024
5030.4727,75,18,"Render",11.7335997
5030.4749,75,18,"Procedural Animations",0.00329999998
5030.4773,75,18,"Script Components",0.000300000014
5030.4797,75,18,"CPU Frame",19.4001999
5030.4815,75,18,"Input",0.4199
5030.4837,75,18,"GUI Update",0.0665000007
5030.4856,75,18,"Frustum Culling",1.30429995
5030.4877,75,18,"Animations",9.99999975e-05
5030.49,75,18,"Spring Dependencies",0.00039999999
5030.4923,75,18,"GUI Render",0.115400001
5030.4941,75,18,"Physics",0.00939999986
5030.496,75,18,"Update",6.64440012
5030.4979,75,18,"Fixed Update",0.00609999988
5030.5,75,18,"Spline Update",0.00039999999
5030.5019,75,18,"Compose",0.439799994
5030.5041,75,18,"Update Buffers (CPU)",0.133499995
5039.0122,76,18,"RenderPath3D Update",7.5264
5039.0294,76,18,"Application Update",8.3537
5050.8806,76,18,"Application Render",11.8484
5051.3707,76,18,"Application Compose",0.4124
5052.6927,76,18,"SubmitCommandLists",1.3096
5052.7271,76,18,"Shadowmap packing",0.00159999996
5052.7303,76,18,"Render",11.8476
5052.7324,76,18,"Procedural Animations",0.00150000001
5052.7347,76,18,"Script Components",0.000199999995
5052.7372,76,18,"CPU Frame",20.9258003
5052.7391,76,18,"Input",0.160400003
5052.7412,76,18,"GUI Update",0.0421999991
5052.7433,76,18,"Frustum Culling",1.55999994
5052.7453,76,18,"Animations",9.99999975e-05
5052.7476,76,18,"Spring Dependencies",0.000899999985
5052.75,76,18,"GUI Render",0.124399997
5052.7519,76,18,"Physics",0.00490000006
5052.7542,76,18,"Update",8.35340023
5052.756,76,18,"Fixed Update",0.00529999984
5052.7579,76,18,"Spline Update",9.99999975e-05
5052.7599,76,18,"Compose",0.41139999
5052.7619,76,18,"Update Buffers (CPU)",0.118000001
5059.4044,77,18,"RenderPath3D Update",5.4098
5059.4297,77,18,"Application Update",6.5065
5068.6472,77,18,"Application Render",9.2145
5069.1548,77,18,"Application Compose",0.4173
5070.2045,77,18,"SubmitCommandLists",1.0377
5070.234,77,18,"Shadowmap packing",0.000300000014
5070.2372,77,18,"Render",9.21370029
5070.2391,77,18,"Procedural Animations",0.00139999995
5070.2416,77,18,"Script Components",0.000199999995
5070.2439,77,18,"CPU Frame",16.4545994
5070.2458,77,18,"Input",0.147400007
5070.2481,77,18,"GUI Update",0.0337999985
5070.25,77,18,"Frustum Culling",1.13530004
5070.2521,77,18,"Animations",0.000199999995
5070.2539,77,18,"Spring Dependencies",0.000500000024
5070.2559,77,18,"GUI Render",0.0966000035
5070.2578,77,18,"Physics",0.00800000038
5070.2596,77,18,"Update",6.50610018
5070.2613,77,18,"Fixed Update",0.00620000018
5070.2632,77,18,"Spline Update",0.000600000028
5070.2651,77,18,"Compose",0.416599989
5070.267,77,18,"Update Buffers (CPU)",0.0781000033
5076.6476,78,18,"RenderPath3D Update",5.0598
5076.672,78,18,"Application Update",6.2327
5085.936,78,18,"Application Render",9.2612
5086.3946,78,18,"Application Compose",0.3971
5087.6983,78,18,"SubmitCommandLists",1.2917
5087.7251,78,18,"Shadowmap packing",0.000300000014
5087.7281,78,18,"Render",9.26029968
5087.73,78,18,"Procedural Animations",0.00109999999
5087.7724,78,18,"Script Components",0.000199999995
5087.775,78,18,"CPU Frame",16.1837997
5087.7769,78,18,"Input",0.161200002
5087.7791,78,18,"GUI Update",0.0335000008
5087.781,78,18,"Frustum Culling",1.07079995
5087.7829,78,18,"Animations",0.000500000024
5087.7848,78,18,"Spring Dependencies",0.000199999995
5087.7866,78,18,"GUI Render",0.104099996
5087.7882,78,18,"Physics",0.0109000001
5087.7901,78,18,"Update",6.23239994
5087.7918,78,18,"Fixed Update",0.00449999981
5087.7936,78,18,"Spline Update",0.000300000014
5087.7954,78,18,"Compose",0.396400005
5087.7972,78,18,"Update Buffers (CPU)",0.103500001
5094.4474,79,18,"RenderPath3D Update",5.6534
5094.5069,79,18,"Application Update",6.5496
5104.3477,79,18,"Application Render",9.837
5104.8306,79,18,"Application Compose",0.3967
5105.9065,79,18,"SubmitCommandLists",1.0647
5105.9306,79,18,"Shadowmap packing",0.00150000001
5105.9331,79,18,"Render",9.83580017
5105.9349,79,18,"Procedural Animations",0.00200000009
5105.937,79,18,"Script Components",9.99999975e-05
5105.9399,79,18,"CPU Frame",17.1270008
5105.9417,79,18,"Input",0.131600007
5105.9439,79,18,"GUI Update",0.057500001
5105.9458,79,18,"Frustum Culling",1.27509999
5105.9476,79,18,"Animations",9.99999975e-05
5105.9493,79,18,"Spring Dependencies",0.000600000028
5105.9513,79,18,"GUI Render",0.0825000033
5105.9531,79,18,"Physics",0.00820000004
5105.9549,79,18,"Update",6.54930019
5105.9565,79,18,"Fixed Update",0.00499999989
5105.9581,79,18,"Spline Update",0.000300000014
5105.9598,79,18,"Compose",0.395999998
5105.9616,79,18,"Update Buffers (CPU)",0.155599996
5112.0655,80,18,"RenderPath3D Update",5.1016
5112.0914,80,18,"Application Update",5.9876
5124.4512,80,18,"Application Render",12.3571
5125.0261,80,18,"Application Compose",0.4672
5126.0692,80,18,"SubmitCommandLists",1.031
5126.098,80,18,"Shadowmap packing",0.00039999999
5126.1013,80,18,"Render",12.3562002
5126.1034,80,18,"Procedural Animations",0.00120000006
5126.1056,80,18,"Script Components",0.000199999995
5126.108,80,18,"CPU Frame",19.1156006
5126.1101,80,18,"Input",0.132100001
5126.1122,80,18,"GUI Update",0.0498999991
5126.1142,80,18,"Frustum Culling",1.08360004
5126.1163,80,18,"Animations",0.000699999975
5126.1183,80,18,"Spring Dependencies",0.000300000014
5126.1203,80,18,"GUI Render",0.134100005
5126.122,80,18,"Physics",0.00930000003
5126.1242,80,18,"Update",5.98729992
5126.1261,80,18,"Fixed Update",0.00449999981
5126.128,80,18,"Spline Update",0.000199999995
5126.1299,80,18,"Compose",0.466399997
5126.1319,80,18,"Update Buffers (CPU)",0.103399999
5132.3525,81,18,"RenderPath3D Update",5.1748
5132.368,81,18,"Application Update",6.0924
5141.6046,81,18,"Application Render",9.2336
5142.0759,81,18,"Application Compose",0.4078
5143.0358,81,18,"SubmitCommandLists",0.9483
5143.0633,81,18,"Shadowmap packing",0.00039999999
5143.0664,81,18,"Render",9.23289967
5143.0684,81,18,"Procedural Animations",0.00159999996
5143.0706,81,18,"Script Components",0.000199999995
5143.0729,81,18,"CPU Frame",16.0011005
5143.0748,81,18,"Input",0.131400004
5143.077,81,18,"GUI Update",0.0432999991
5143.079,81,18,"Frustum Culling",1.14400005
5143.081,81,18,"Animations",0.000199999995
5143.0829,81,18,"Spring Dependencies",0.00179999997
5143.0848,81,18,"GUI Render",0.100299999
5143.0866,81,18,"Physics",0.00620000018
5143.0884,81,18,"Update",6.09180021
5143.0902,81,18,"Fixed Update",0.00520000001
5143.092,81,18,"Spline Update",0.000199999995
5143.0939,81,18,"Compose",0.407000005
5143.0957,81,18,"Update Buffers (CPU)",0.103
5149.5932,82,18,"RenderPath3D Update",5.5307
5149.6107,82,18,"Application Update",6.3571
5159.403,82,18,"Application Render",9.789
5159.8953,82,18,"Application Compose",0.4196
5160.933,82,18,"SubmitCommandLists",1.0244
5160.9587,82,18,"Shadowmap packing",0.00039999999
5160.9617,82,18,"Render",9.78810024
5160.9638,82,18,"Procedural Animations",0.00159999996
5160.9659,82,18,"Script Components",0.000199999995
5160.9726,82,18,"CPU Frame",16.8561993
5160.9747,82,18,"Input",0.146899998
5160.9769,82,18,"GUI Update",0.0485999994
5160.9788,82,18,"Frustum Culling",1.06910002
5160.9806,82,18,"Animations",0.000199999995
5161.0234,82,18,"Spring Dependencies",0.000199999995
5161.0256,82,18,"GUI Render",0.0811000019
5161.0274,82,18,"Physics",0.0237000007
5161.0293,82,18,"Update",6.35680008
5161.0311,82,18,"Fixed Update",0.00480000023
5161.033,82,18,"Spline Update",0.000199999995
5161.0349,82,18,"Compose",0.41870001
5161.0369,82,18,"Update Buffers (CPU)",0.0810000002
5167.1549,83,18,"RenderPath3D Update",5.0942
5167.1702,83,18,"Application Update",5.9943
5176.4432,83,18,"Application Render",9.2702
5176.9309,83,18,"Application Compose",0.4003
5178.0198,83,18,"SubmitCommandLists",1.0764
5178.0643,83,18,"Shadowmap packing",0.00039999999
5178.0673,83,18,"Render",9.26959991
5178.0693,83,18,"Procedural Animations",0.00150000001
5178.0719,83,18,"Script Components",0.000199999995
5178.0744,83,18,"CPU Frame",15.9928999
5178.0763,83,18,"Input",0.128299996
5178.0785,83,18,"GUI Update",0.0483000018
5178.0804,83,18,"Frustum Culling",1.08229995
5178.0823,83,18,"Animations",0.000199999995
5178.0841,83,18,"Spring Dependencies",0.000699999975
5178.0862,83,18,"GUI Render",0.0891999975
5178.0879,83,18,"Physics",0.00490000006
5178.0898,83,18,"Update",5.99410009
5178.0999,83,18,"Fixed Update",0.00490000006
5178.1017,83,18,"Spline Update",0.000199999995
5178.1035,83,18,"Compose",0.399300009
5178.1055,83,18,"Update Buffers (CPU)",0.0852999985
5185.1325,84,18,"RenderPath3D Update",5.9785
5185.1742,84,18,"Application Update",6.8686
5197.3738,84,18,"Application Render",12.1883
5197.9684,84,18,"Application Compose",0.4681
5199.1449,84,18,"SubmitCommandLists",1.1633
5199.1734,84,18,"Shadowmap packing",0.00039999999
5199.1765,84,18,"Render",12.1870003
5199.1783,84,18,"Procedural Animations",0.00120000006
5199.1809,84,18,"Script Components",0.000199999995
5199.1939,84,18,"CPU Frame",19.9442005
5199.1956,84,18,"Input",0.189600006
5199.1979,84,18,"GUI Update",0.0450000018
5199.1998,84,18,"Frustum Culling",1.18700004
5199.2016,84,18,"Animations",0.000199999995
5199.2033,84,18,"Spring Dependencies",0.00120000006
5199.2051,84,18,"GUI Render",0.314700007
5199.2067,84,18,"Physics",0.00520000001
5199.2086,84,18,"Update",6.86829996
5199.2103,84,18,"Fixed Update",0.0046000001
5199.2121,84,18,"Spline Update",0.000600000028
5199.2139,84,18,"Compose",0.467099994
5199.2158,84,18,"Update Buffers (CPU)",0.178299993
5205.4974,85,18,"RenderPath3D Update",5.2016
5205.512,85,18,"Application Update",6.1616
5215.0922,85,18,"Application Render",9.5773
5215.5775,85,18,"Application Compose",0.4109
5216.5793,85,18,"SubmitCommandLists",0.9901
5216.6059,85,18,"Shadowmap packing",0.000300000014
5216.6086,85,18,"Render",9.57670021
5216.6104,85,18,"Procedural Animations",0.00109999999
5216.6127,85,18,"Script Components",0.000199999995
5216.6149,85,18,"CPU Frame",16.4270992
5216.6168,85,18,"Input",0.123400003
5216.619,85,18,"GUI Update",0.0650999993
5216.6208,85,18,"Frustum Culling",1.11899996
5216.6228,85,18,"Animations",0.000199999995
5216.6246,85,18,"Spring Dependencies",0.000600000028
5216.6266,85,18,"GUI Render",0.0992000028
5216.6284,85,18,"Physics",0.00540000014
5216.6304,85,18,"Update",6.16120005
5216.6322,85,18,"Fixed Update",0.00520000001
5216.634,85,18,"Spline Update",0.000199999995
5216.6358,85,18,"Compose",0.410100013
5216.6377,85,18,"Update Buffers (CPU)",0.0901999995
5222.8338,86,18,"RenderPath3D Update",5.176
5222.8593,86,18,"Application Update",6.0688
5232.3639,86,18,"Application Render",9.4847
5232.8235,86,18,"Application Compose",0.3926
5233.9027,86,18,"SubmitCommandLists",1.0686
5233.931,86,18,"Shadowmap packing",0.000899999985
5233.934,86,18,"Render",9.48400021
5233.936,86,18,"Procedural Animations",0.00159999996
5233.9381,86,18,"Script Components",9.99999975e-05
5233.9408,86,18,"CPU Frame",16.2388
5233.9428,86,18,"Input",0.142199993
5233.9451,86,18,"GUI Update",0.0412000008
5233.9472,86,18,"Frustum Culling",1.17470002
5233.9489,86,18,"Animations",0.000600000028
5233.9509,86,18,"Spring Dependencies",0.00109999999
5233.9528,86,18,"GUI Render",0.135100007
5233.9545,86,18,"Physics",0.0115
5233.9564,86,18,"Update",6.06799984
5233.958,86,18,"Fixed Update",0.00499999989
5234.0109,86,18,"Spline Update",9.99999975e-05
5234.013,86,18,"Compose",0.39199999
5234.0149,86,18,"Update Buffers (CPU)",0.128199995
5240.2416,87,18,"RenderPath3D Update",5.1635
5240.26,87,18,"Application Update",6.0662
5250.3477,87,18,"Application Render",10.0848
5250.8202,87,18,"Application Compose",0.4037
5251.9767,87,18,"SubmitCommandLists",1.1425
5252.004,87,18,"Shadowmap packing",0.000199999995
5252.0073,87,18,"Render",10.0839996
5252.0093,87,18,"Procedural Animations",0.0013
5252.0117,87,18,"Script Components",0.000300000014
5252.0143,87,18,"CPU Frame",16.9134007
5252.0162,87,18,"Input",0.165800005
5252.0184,87,18,"GUI Update",0.0511999987
5252.0203,87,18,"Frustum Culling",1.12109995
5252.0224,87,18,"Animations",0.000199999995
5252.0243,87,18,"Spring Dependencies",0.000600000028
5252.0263,87,18,"GUI Render",0.0848999992
5252.028,87,18,"Physics",0.00540000014
5252.03,87,18,"Update",6.06589985
5252.032,87,18,"Fixed Update",0.00639999984
5252.0436,87,18,"Spline Update",0.000199999995
5252.0455,87,18,"Compose",0.402700007
5252.0478,87,18,"Update Buffers (CPU)",0.135499999
5259.2706,88,18,"RenderPath3D Update",6.1765
5259.2989,88,18,"Application Update",7.1084
5270.8103,88,18,"Application Render",11.5083
5271.2931,88,18,"Application Compose",0.4055
5272.363,88,18,"SubmitCommandLists",1.0574
5272.3911,88,18,"Shadowmap packing",0.000500000024
5272.3942,88,18,"Render",11.5072002
5272.3962,88,18,"Procedural Animations",0.00109999999
5272.3985,88,18,"Script Components",0.0107000005
5272.401,88,18,"CPU Frame",19.3115997
5272.4032,88,18,"Input",0.130799994
5272.4055,88,18,"GUI Update",0.0493000001
5272.4073,88,18,"Frustum Culling",1.30519998
5272.4093,88,18,"Animations",0.000199999995
5272.4111,88,18,"Spring Dependencies",0.00120000006
5272.4131,88,18,"GUI Render",0.129899994
5272.4148,88,18,"Physics",0.0057000001
5272.4166,88,18,"Update",7.10780001
5272.4184,88,18,"Fixed Update",0.00630000001
5272.4202,88,18,"Spline Update",0.000199999995
5272.4219,88,18,"Compose",0.404799998
5272.4238,88,18,"Update Buffers (CPU)",0.149000004
5278.6731,89,18,"RenderPath3D Update",5.1452
5278.6911,89,18,"Application Update",6.1101
5288.0592,89,18,"Application Render",9.3654
5288.5212,89,18,"Application Compose",0.3901
5289.5331,89,18,"SubmitCommandLists",1.0003
5289.5772,89,18,"Shadowmap packing",0.000199999995
5289.5798,89,18,"Render",9.36460018
5289.5816,89,18,"Procedural Animations",0.00120000006
5289.5838,89,18,"Script Components",9.99999975e-05
5289.5864,89,18,"CPU Frame",16.1522007
5289.5883,89,18,"Input",0.1461
5289.5903,89,18,"GUI Update",0.0507000014
5289.5922,89,18,"Frustum Culling",1.09609997
5289.5941,89,18,"Animations",0.000199999995
5289.5959,89,18,"Spring Dependencies",0.000300000014
5289.5979,89,18,"GUI Render",0.0948000029
5289.5996,89,18,"Physics",0.00549999997
5289.6016,89,18,"Update",6.10979986
5289.6032,89,18,"Fixed Update",0.00449999981
5289.605,89,18,"Spline Update",0.000199999995
5289.6069,89,18,"Compose",0.389400005
5289.6087,89,18,"Update Buffers (CPU)",0.0762000009
5296.6506,90,18,"RenderPath3D Update",5.8775
5296.6706,90,18,"Application Update",6.9187
5310.2535,90,18,"Application Render",13.5798
5310.7167,90,18,"Application Compose",0.3945
5311.9751,90,18,"SubmitCommandLists",1.2451
5312.0171,90,18,"Shadowmap packing",0.000300000014
5312.0203,90,18,"Render",13.5788002
5312.0222,90,18,"Procedural Animations",0.00139999995
5312.0261,90,18,"Script Components",9.99999975e-05
5312.0473,90,18,"CPU Frame",21.1630001
5312.0492,90,18,"Input",0.132200003
5312.0517,90,18,"GUI Update",0.0513999984
5312.0536,90,18,"Frustum Culling",1.67970002
5312.0555,90,18,"Animations",0.000199999995
5312.0594,90,18,"Spring Dependencies",0.00079999998
5312.0703,90,18,"GUI Render",0.0947000012
5312.0734,90,18,"Physics",0.0057000001
5312.0754,90,18,"Update",6.91839981
5312.0773,90,18,"Fixed Update",0.00540000014
5312.0792,90,18,"Spline Update",0.000300000014
5312.081,90,18,"Compose",0.393599987
5312.0833,90,18,"Update Buffers (CPU)",0.115500003
5318.4061,91,18,"RenderPath3D Update",5.1951
5318.4509,91,18,"Application Update",6.1118
5330.5526,91,18,"Application Render",12.0987
5331.071,91,18,"Application Compose",0.4152
5332.2138,91,18,"SubmitCommandLists",1.1286
5332.2479,91,18,"Shadowmap packing",0.00109999999
5332.251,91,18,"Render",12.0896997
5332.2534,91,18,"Procedural Animations",0.0013
5332.256,91,18,"Script Components",0.000300000014
5332.2587,91,18,"CPU Frame",19.0835991
5332.2605,91,18,"Input",0.236399993
5332.2633,91,18,"GUI Update",0.0456999987
5332.2653,91,18,"Frustum Culling",1.26909995
5332.2674,91,18,"Animations",0.000199999995
5332.2693,91,18,"Spring Dependencies",0.00039999999
5332.2713,91,18,"GUI Render",0.148699999
5332.2731,91,18,"Physics",0.00820000004
5332.2753,91,18,"Update",6.11140013
5332.277,91,18,"Fixed Update",0.00939999986
5332.2789,91,18,"Spline Update",0.000300000014
5332.2808,91,18,"Compose",0.414499998
5332.2827,91,18,"Update Buffers (CPU)",0.134599999
5339.8126,92,18,"RenderPath3D Update",6.3469
5339.8345,92,18,"Application Update",7.3596
5349.9772,92,18,"Application Render",10.1224
5350.4499,92,18,"Application Compose",0.4025
5351.6312,92,18,"SubmitCommandLists",1.1696
5351.6581,92,18,"Shadowmap packing",0.000300000014
5351.6608,92,18,"Render",10.1216002
5351.6627,92,18,"Procedural Animations",0.00120000006
5351.6648,92,18,"Script Components",0.000500000024
5351.6671,92,18,"CPU Frame",18.2289009
5351.6688,92,18,"Input",0.172199994
5351.671,92,18,"GUI Update",0.0524999984
5351.6731,92,18,"Frustum Culling",1.58410001
5351.675,92,18,"Animations",9.99999975e-05
5351.6773,92,18,"Spring Dependencies",0.000500000024
5351.6793,92,18,"GUI Render",0.0939000025
5351.6811,92,18,"Physics",0.0057000001
5351.683,92,18,"Update",7.3592
5351.6847,92,18,"Fixed Update",0.00510000018
5351.6865,92,18,"Spline Update",0.000300000014
5351.6882,92,18,"Compose",0.401800007
5351.69,92,18,"Update Buffers (CPU)",0.103500001
5357.8778,93,18,"RenderPath3D Update",5.2009
5357.8982,93,18,"Application Update",6.0584
5367.2516,93,18,"Application Render",9.3495
5367.7832,93,18,"Application Compose",0.4078
5368.9003,93,18,"SubmitCommandLists",1.0386
5368.9271,93,18,"Shadowmap packing",0.000300000014
5368.93,93,18,"Render",9.34809971
5368.9319,93,18,"Procedural Animations",0.00150000001
5368.9342,93,18,"Script Components",0.000199999995
5368.9366,93,18,"CPU Frame",16.2131996
5368.9385,93,18,"Input",0.137700006
5368.941,93,18,"GUI Update",0.0410999991
5368.9429,93,18,"Frustum Culling",1.11520004
5368.9448,93,18,"Animations",0.000199999995
5368.9466,93,18,"Spring Dependencies",0.000899999985
5368.9487,93,18,"GUI Render",0.0856999978
5368.9505,93,18,"Physics",0.00469999993
5368.9523,93,18,"Update",6.05800009
5368.954,93,18,"Fixed Update",0.00549999997
5368.9559,93,18,"Spline Update",0.000199999995
5368.9577,93,18,"Compose",0.407099992
5368.9595,93,18,"Update Buffers (CPU)",0.0962999985
5375.0066,94,18,"RenderPath3D Update",5.0545
5375.034,94,18,"Application Update",5.9306
5384.3737,94,18,"Application Render",9.3361
5384.8806,94,18,"Application Compose",0.4261
5386.0202,94,18,"SubmitCommandLists",1.1274
5386.0484,94,18,"Shadowmap packing",0.000699999975
5386.0512,94,18,"Render",9.33510017
5386.053,94,18,"Procedural Animations",0.00109999999
5386.0553,94,18,"Script Components",0.000199999995
5386.058,94,18,"CPU Frame",15.9757004
5386.0599,94,18,"Input",0.132699996
5386.0623,94,18,"GUI Update",0.0412999988
5386.0641,94,18,"Frustum Culling",1.11029994
5386.066,94,18,"Animations",0.000199999995
5386.0677,94,18,"Spring Dependencies",0.000500000024
5386.0695,94,18,"GUI Render",0.109099999
5386.0712,94,18,"Physics",0.00510000018
5386.0731,94,18,"Update",5.93030024
5386.0749,94,18,"Fixed Update",0.00579999993
5386.0832,94,18,"Spline Update",9.99999975e-05
5386.086,94,18,"Compose",0.425300002
5386.088,94,18,"Update Buffers (CPU)",0.113200001
5392.3661,95,18,"RenderPath3D Update",5.189
5392.3843,95,18,"Application Update",6.126
5403.8912,95,18,"Application Render",11.504
5404.4207,95,18,"Application Compose",0.4411
5405.4879,95,18,"SubmitCommandLists",1.0539
5405.5143,95,18,"Shadowmap packing",0.00039999999
5405.5172,95,18,"Render",11.5031996
5405.5194,95,18,"Procedural Animations",0.00200000009
5405.5458,95,18,"Script Components",0.000199999995
5405.5482,95,18,"CPU Frame",18.3948994
5405.55,95,18,"Input",0.158399999
5405.5523,95,18,"GUI Update",0.0428999998
5405.5542,95,18,"Frustum Culling",1.19749999
5405.5562,95,18,"Animations",0.000199999995
5405.5579,95,18,"Spring Dependencies",0.000600000028
5405.5598,95,18,"GUI Render",0.128700003
5405.5615,95,18,"Physics",0.0046000001
5405.5635,95,18,"Update",6.12559986
5405.5652,95,18,"Fixed Update",0.00639999984
5405.567,95,18,"Spline Update",0.000199999995
5405.5689,95,18,"Compose",0.440299988
5405.5708,95,18,"Update Buffers (CPU)",0.139400005
5412.3281,96,18,"RenderPath3D Update",5.6862
5412.3501,96,18,"Application Update",6.6334
5422.2405,96,18,"Application Render",9.887
5422.7725,96,18,"Application Compose",0.4521
5423.9914,96,18,"SubmitCommandLists",1.2074
5424.0201,96,18,"Shadowmap packing",0.00039999999
5424.0231,96,18,"Render",9.88619995
5424.0251,96,18,"Procedural Animations",0.00150000001
5424.0273,96,18,"Script Components",0.000199999995
5424.0298,96,18,"CPU Frame",17.2793999
5424.0318,96,18,"Input",0.135299996
5424.0343,96,18,"GUI Update",0.0509000011
5424.0363,96,18,"Frustum Culling",1.44029999
5424.0383,96,18,"Animations",9.99999975e-05
5424.0409,96,18,"Spring Dependencies",0.00100000005
5424.0431,96,18,"GUI Render",0.121399999
5424.0448,96,18,"Physics",0.0057000001
5424.0472,96,18,"Update",6.63269997
5424.0491,96,18,"Fixed Update",0.0046000001
5424.051,96,18,"Spline Update",0.000199999995
5424.0529,96,18,"Compose",0.451400012
5424.0549,96,18,"Update Buffers (CPU)",0.112099998
5429.9407,97,18,"RenderPath3D Update",4.8088
5429.9583,97,18,"Application Update",5.745
5440.758,97,18,"Application Render",10.7966
5441.2562,97,18,"Application Compose",0.4225
5442.3737,97,18,"SubmitCommandLists",1.1045
5442.4031,97,18,"Shadowmap packing",0.000300000014
5442.4061,97,18,"Render",10.7958002
5442.408,97,18,"Procedural Animations",0.00139999995
5442.4103,97,18,"Script Components",9.99999975e-05
5442.4135,97,18,"CPU Frame",17.2588997
5442.4154,97,18,"Input",0.145199999
5442.4179,97,18,"GUI Update",0.0344000012
5442.4197,97,18,"Frustum Culling",1.1142
5442.4216,97,18,"Animations",0.000500000024
5442.4234,97,18,"Spring Dependencies",0.000500000024
5442.4253,97,18,"GUI Render",0.0744000003
5442.4269,97,18,"Physics",0.0156999994
5442.4289,97,18,"Update",5.74469995
5442.4306,97,18,"Fixed Update",0.00639999984
5442.4324,97,18,"Spline Update",0.000199999995
5442.4342,97,18,"Compose",0.421799988
5442.4361,97,18,"Update Buffers (CPU)",0.1237
5448.6048,98,18,"RenderPath3D Update",5.0793
5448.6283,98,18,"Application Update",6.0402
5461.898,98,18,"Application Render",13.2667
5462.3649,98,18,"Application Compose",0.3971
5463.5228,98,18,"SubmitCommandLists",1.1459
5463.5486,98,18,"Shadowmap packing",0.00039999999
5463.5515,98,18,"Render",13.2658005
5463.5536,98,18,"Procedural Animations",0.00109999999
5463.5557,98,18,"Script Components",0.00039999999
5463.5581,98,18,"CPU Frame",19.9857006
5463.5603,98,18,"Input",0.140799999
5463.5624,98,18,"GUI Update",0.0450999998
5463.5644,98,18,"Frustum Culling",1.1056
5463.5663,98,18,"Animations",9.99999975e-05
5463.5689,98,18,"Spring Dependencies",0.00120000006
5463.571,98,18,"GUI Render",0.0896999985
5463.5728,98,18,"Physics",0.00579999993
5463.5747,98,18,"Update",6.03980017
5463.5764,98,18,"Fixed Update",0.00549999997
5463.5782,98,18,"Spline Update",0.000199999995
5463.5801,98,18,"Compose",0.396299988
5463.582,98,18,"Update Buffers (CPU)",0.108599998
5470.818,99,18,"RenderPath3D Update",5.8361
5470.847,99,18,"Application Update",7.097
5487.9185,99,18,"Application Render",17.0683
5488.4283,99,18,"Application Compose",0.4279
5489.6597,99,18,"SubmitCommandLists",1.2168
5489.7115,99,18,"Shadowmap packing",0.0013
5489.7147,99,18,"Render",17.0674
5489.7167,99,18,"Procedural Animations",0.00170000002
5489.7192,99,18,"Script Components",0.000199999995
5489.722,99,18,"CPU Frame",24.9016991
5489.7241,99,18,"Input",0.157100007
5489.7263,99,18,"GUI Update",0.0621000007
5489.7286,99,18,"Frustum Culling",3.34840012
5489.7305,99,18,"Animations",0.000600000028
5489.7729,99,18,"Spring Dependencies",0.000899999985
5489.7754,99,18,"GUI Render",0.116800003
5489.7773,99,18,"Physics",0.00480000023
5489.7792,99,18,"Update",7.09649992
5489.781,99,18,"Fixed Update",0.00529999984
5489.783,99,18,"Spline Update",0.000199999995
5489.7849,99,18,"Compose",0.427100003
5489.7869,99,18,"Update Buffers (CPU)",0.1206
5497.0491,100,18,"RenderPath3D Update",6.0311
5497.0756,100,18,"Application Update",7.0851
5511.4159,100,18,"Application Render",14.3367
5511.9025,100,18,"Application Compose",0.4068
5513.082,100,18,"SubmitCommandLists",1.1677
5513.113,100,18,"Shadowmap packing",0.000899999985
5513.1163,100,18,"Render",14.3353996
5513.1185,100,18,"Procedural Animations",0.00120000006
5513.1212,100,18,"Script Components",0.000199999995
5513.1238,100,18,"CPU Frame",22.2182999
5513.1257,100,18,"Input",0.191499993
5513.1282,100,18,"GUI Update",0.0797000006
5513.1303,100,18,"Frustum Culling",1.34870005
5513.1323,100,18,"Animations",9.99999975e-05
5513.1424,100,18,"Spring Dependencies",0.000699999975
5513.1559,100,18,"GUI Render",0.233400002
5513.1576,100,18,"Physics",0.00490000006
5513.1593,100,18,"Update",7.08470011
5513.161,100,18,"Fixed Update",0.0055999998
5513.1629,100,18,"Spline Update",0.000300000014
5513.1647,100,18,"Compose",0.406100005
5513.1679,100,18,"Update Buffers (CPU)",0.119800001
5520.5319,101,18,"RenderPath3D Update",6.1415
5520.5505,101,18,"Application Update",7.1524
5531.6325,101,18,"Application Render",11.0783
5532.1725,101,18,"Application Compose",0.4299
5533.2324,101,18,"SubmitCommandLists",1.0463
5533.2596,101,18,"Shadowmap packing",0.00079999998
5533.2625,101,18,"Render",11.0769997
5533.2643,101,18,"Procedural Animations",0.00200000009
5533.2665,101,18,"Script Components",9.99999975e-05
5533.2692,101,18,"CPU Frame",19.0839005
5533.271,101,18,"Input",0.1972
5533.2733,101,18,"GUI Update",0.0476000011
5533.2752,101,18,"Frustum Culling",1.27569997
5533.2772,101,18,"Animations",0.000199999995
5533.279,101,18,"Spring Dependencies",0.00109999999
5533.281,101,18,"GUI Render",0.140900001
5533.2827,101,18,"Physics",0.00689999992
5533.2846,101,18,"Update",7.15220022
5533.2862,101,18,"Fixed Update",0.00749999983
5533.2882,101,18,"Spline Update",0.000300000014
5533.2899,101,18,"Compose",0.42899999
5533.2918,101,18,"Update Buffers (CPU)",0.113200001
5539.9573,102,18,"RenderPath3D Update",5.0312
5539.9815,102,18,"Application Update",6.5522
5551.1495,102,18,"Application Render",11.165
5551.6488,102,18,"Application Compose",0.4202
5552.8027,102,18,"SubmitCommandLists",1.1409
5552.8298,102,18,"Shadowmap packing",0.000500000024
5552.8331,102,18,"Render",11.1643
5552.8351,102,18,"Procedural Animations",0.00120000006
5552.8373,102,18,"Script Components",0.000199999995
5552.8398,102,18,"CPU Frame",18.4120007
5552.8416,102,18,"Input",0.126399994
5552.8439,102,18,"GUI Update",0.0403000005
5552.8458,102,18,"Frustum Culling",1.45200002
5552.8477,102,18,"Animations",0.000199999995
5552.8496,102,18,"Spring Dependencies",0.000199999995
5552.8515,102,18,"GUI Render",0.0816999972
5552.8533,102,18,"Physics",0.00510000018
5552.855,102,18,"Update",6.55189991
5552.8568,102,18,"Fixed Update",0.0055999998
5552.8587,102,18,"Spline Update",0.000199999995
5552.8604,102,18,"Compose",0.419400007
5552.8622,102,18,"Update Buffers (CPU)",0.116599999
5559.7189,103,18,"RenderPath3D Update",5.8285
5559.7564,103,18,"Application Update",6.7297
5569.7938,103,18,"Application Render",10.0343
5570.2946,103,18,"Application Compose",0.4435
5571.376,103,18,"SubmitCommandLists",1.0648
5571.4025,103,18,"Shadowmap packing",0.000500000024
5571.4057,103,18,"Render",10.0335999
5571.4077,103,18,"Procedural Animations",0.00139999995
5571.4101,103,18,"Script Components",0.000199999995
5571.4124,103,18,"CPU Frame",17.4888992
5571.4143,103,18,"Input",0.152600005
5571.4166,103,18,"GUI Update",0.0419999994
5571.4186,103,18,"Frustum Culling",1.68980002
5571.4205,103,18,"Animations",0.000199999995
5571.4224,103,18,"Spring Dependencies",0.00039999999
5571.4246,103,18,"GUI Render",0.111299999
5571.4263,103,18,"Physics",0.00669999979
5571.4621,103,18,"Update",6.72949982
5571.4642,103,18,"Fixed Update",0.00609999988
5571.4661,103,18,"Spline Update",0.000199999995
5571.4679,103,18,"Compose",0.442799985
5571.4699,103,18,"Update Buffers (CPU)",0.124300003
5577.3694,104,18,"RenderPath3D Update",4.9028
5577.385,104,18,"Application Update",5.7698
5586.7001,104,18,"Application Render",9.3121
5587.1647,104,18,"Application Compose",0.3964
5588.1969,104,18,"SubmitCommandLists",1.0214
5588.2221,104,18,"Shadowmap packing",0.00079999998
5588.2248,104,18,"Render",9.31140041
5588.2266,104,18,"Procedural Animations",0.00100000005
5588.2286,104,18,"Script Components",0.000199999995
5588.231,104,18,"CPU Frame",15.7834997
5588.2329,104,18,"Input",0.134200007
5588.235,104,18,"GUI Update",0.0310999993
5588.2369,104,18,"Frustum Culling",1.11699998
5588.2387,104,18,"Animations",0.000199999995
5588.2404,104,18,"Spring Dependencies",0.000199999995
5588.2422,104,18,"GUI Render",0.0659999996
5588.2437,104,18,"Physics",0.00449999981
5588.2456,104,18,"Update",5.76959991
5588.2474,104,18,"Fixed Update",0.00480000023
5588.2491,104,18,"Spline Update",0.000300000014
5588.2509,104,18,"Compose",0.395799994
5588.2527,104,18,"Update Buffers (CPU)",0.105599999
5594.3538,105,18,"RenderPath3D Update",5.0152
5594.379,105,18,"Application Update",5.97
5604.2498,105,18,"Application Render",9.8671
5604.7559,105,18,"Application Compose",0.4075
5605.8699,105,18,"SubmitCommandLists",1.1024
5605.8967,105,18,"Shadowmap packing",0.00079999998
5605.8997,105,18,"Render",9.86590004
5605.9015,105,18,"Procedural Animations",0.00179999997
5605.9035,105,18,"Script Components",0.000199999995
5605.9057,105,18,"CPU Frame",16.5541
5605.9076,105,18,"Input",0.145400003
5605.9098,105,18,"GUI Update",0.0527999997
5605.9117,105,18,"Frustum Culling",1.25010002
5605.9134,105,18,"Animations",0.000199999995
5605.9151,105,18,"Spring Dependencies",0.00139999995
5605.9172,105,18,"GUI Render",0.0913000032
5605.9189,105,18,"Physics",0.0057000001
5605.9206,105,18,"Update",5.9696002
5605.9224,105,18,"Fixed Update",0.00520000001
5605.9244,105,18,"Spline Update",0.00039999999
5605.9262,105,18,"Compose",0.406800002
5605.928,105,18,"Update Buffers (CPU)",0.135700002
5611.8647,106,18,"RenderPath3D Update",4.9052
5611.8889,106,18,"Application Update",5.8185
5623.084,106,18,"Application Render",11.1924
5623.581,106,18,"Application Compose",0.4244
5624.9397,106,18,"SubmitCommandLists",1.3455
5624.9961,106,18,"Shadowmap packing",0.000500000024
5625.0008,106,18,"Render",11.1918001
5625.0028,106,18,"Procedural Animations",0.00139999995
5625.0051,106,18,"Script Components",9.99999975e-05
5625.0095,106,18,"CPU Frame",17.7073002
5625.0114,106,18,"Input",0.131500006
5625.0139,106,18,"GUI Update",0.0406000018
5625.0164,106,18,"Frustum Culling",1.10699999
5625.0184,106,18,"Animations",9.99999975e-05
5625.0204,106,18,"Spring Dependencies",0.00079999998
5625.0227,106,18,"GUI Render",0.0790000036
5625.0245,106,18,"Physics",0.00480000023
5625.0265,106,18,"Update",5.81809998
5625.0284,106,18,"Fixed Update",0.00529999984
5625.0306,106,18,"Spline Update",0.000199999995
5625.0326,106,18,"Compose",0.423400015
5625.0352,106,18,"Update Buffers (CPU)",0.102899998
5632.1835,107,18,"RenderPath3D Update",5.8967
5632.2028,107,18,"Application Update",6.999
5642.6576,107,18,"Application Render",10.4519
5643.1757,107,18,"Application Compose",0.4375
5644.3047,107,18,"SubmitCommandLists",1.1158
5644.3356,107,18,"Shadowmap packing",0.00039999999
5644.3388,107,18,"Render",10.4511003
5644.3422,107,18,"Procedural Animations",0.0013
5644.3447,107,18,"Script Components",0.000300000014
5644.3635,107,18,"CPU Frame",18.2266006
5644.3654,107,18,"Input",0.155900002
5644.3678,107,18,"GUI Update",0.0408000015
5644.3696,107,18,"Frustum Culling",1.21340001
5644.3717,107,18,"Animations",0.000300000014
5644.3734,107,18,"Spring Dependencies",0.000899999985
5644.3755,107,18,"GUI Render",0.117899999
5644.3773,107,18,"Physics",0.00870000012
5644.3793,107,18,"Update",6.99870014
5644.3812,107,18,"Fixed Update",0.00590000022
5644.3831,107,18,"Spline Update",0.000199999995
5644.3851,107,18,"Compose",0.436300009
5644.4426,107,18,"Update Buffers (CPU)",0.114399999
5651.4673,108,18,"RenderPath3D Update",5.8927
5651.4842,108,18,"Application Update",6.8702
5661.4206,108,18,"Application Render",9.9336
5661.9058,108,18,"Application Compose",0.4022
5662.8875,108,18,"SubmitCommandLists",0.9703
5662.9142,108,18,"Shadowmap packing",0.00039999999
5662.9175,108,18,"Render",9.93290043
5662.9194,108,18,"Procedural Animations",0.00139999995
5662.9217,108,18,"Script Components",0.00039999999
5662.9239,108,18,"CPU Frame",17.5951004
5662.9259,108,18,"Input",0.159400001
5662.9281,108,18,"GUI Update",0.0542000011
5662.93,108,18,"Frustum Culling",1.31570005
5662.9321,108,18,"Animations",0.000699999975
5662.9339,108,18,"Spring Dependencies",0.000300000014
5662.9359,108,18,"GUI Render",0.0905999988
5662.9376,108,18,"Physics",0.0102000004
5662.9394,108,18,"Update",6.86999989
5662.941,108,18,"Fixed Update",0.00579999993
5662.943,108,18,"Spline Update",0.000500000024
5662.9448,108,18,"Compose",0.401499987
5662.9466,108,18,"Update Buffers (CPU)",0.125499994
5668.7942,109,18,"RenderPath3D Update",4.8118
5668.8134,109,18,"Application Update",5.7253
5679.9963,109,18,"Application Render",11.1712
5680.506,109,18,"Application Compose",0.4106
5681.4639,109,18,"SubmitCommandLists",0.9449
5681.4906,109,18,"Shadowmap packing",0.00039999999
5681.494,109,18,"Render",11.1697998
5681.4961,109,18,"Procedural Animations",0.00120000006
5681.4985,109,18,"Script Components",0.000199999995
5681.5007,109,18,"CPU Frame",17.6145
5681.5026,109,18,"Input",0.129299998
5681.5048,109,18,"GUI Update",0.0454999991
5681.5067,109,18,"Frustum Culling",1.45910001
5681.5086,109,18,"Animations",0.000199999995
5681.5105,109,18,"Spring Dependencies",0.000899999985
5681.5126,109,18,"GUI Render",0.0724999979
5681.5145,109,18,"Physics",0.00490000006
5681.5163,109,18,"Update",5.7249999
5681.518,109,18,"Fixed Update",0.00630000001
5681.5199,109,18,"Spline Update",0.000199999995
5681.5216,109,18,"Compose",0.40990001
5681.5235,109,18,"Update Buffers (CPU)",0.100100003
5688.7095,110,18,"RenderPath3D Update",6.0946
5688.7292,110,18,"Application Update",7.0651
5698.9876,110,18,"Application Render",10.2555
5699.465,110,18,"Application Compose",0.4099
5700.4994,110,18,"SubmitCommandLists",1.022
5700.5378,110,18,"Shadowmap packing",0.00120000006
5700.5411,110,18,"Render",10.2545996
5700.5433,110,18,"Procedural Animations",0.00109999999
5700.5456,110,18,"Script Components",0.000199999995
5700.548,110,18,"CPU Frame",17.9962997
5700.55,110,18,"Input",0.128999993
5700.5525,110,18,"GUI Update",0.0445999987
5700.5543,110,18,"Frustum Culling",1.24580002
5700.5563,110,18,"Animations",9.99999975e-05
5700.5586,110,18,"Spring Dependencies",0.000300000014
5700.5607,110,18,"GUI Render",0.107699998
5700.5625,110,18,"Physics",0.00469999993
5700.5645,110,18,"Update",7.06479979
5700.5663,110,18,"Fixed Update",0.00510000018
5700.5681,110,18,"Spline Update",0.000199999995
5700.5699,110,18,"Compose",0.409099996
5700.5717,110,18,"Update Buffers (CPU)",0.102200001
5714.8129,111,18,"RenderPath3D Update",11.451
5714.8343,111,18,"Application Update",14.1253
5729.0968,111,18,"Application Render",14.2585
5729.6111,111,18,"Application Compose",0.4303
5730.7682,111,18,"SubmitCommandLists",1.1417
5730.8167,111,18,"Shadowmap packing",0.000500000024
5730.8202,111,18,"Render",14.2573996
5730.8226,111,18,"Procedural Animations",0.0013
5730.8249,111,18,"Script Components",0.000199999995
5730.8354,111,18,"CPU Frame",29.1077003
5730.8376,111,18,"Input",0.127100006
5730.8401,111,18,"GUI Update",0.0449000001
5730.8421,111,18,"Frustum Culling",1.26320004
5730.8442,111,18,"Animations",9.99999975e-05
5730.8466,111,18,"Spring Dependencies",0.000699999975
5730.8488,111,18,"GUI Render",0.0948999971
5730.8506,111,18,"Physics",0.00659999996
5730.8526,111,18,"Update",14.1247997
5730.8544,111,18,"Fixed Update",0.00499999989
5730.8563,111,18,"Spline Update",0.000199999995
5730.8581,111,18,"Compose",0.42899999
5730.8601,111,18,"Update Buffers (CPU)",0.154499993
5741.1155,112,18,"RenderPath3D Update",6.0095
5741.1412,112,18,"Application Update",10.0914
5752.4145,112,18,"Application Render",11.2365
5752.9538,112,18,"Application Compose",0.4445
5754.1659,112,18,"SubmitCommandLists",1.1923
5754.1984,112,18,"Shadowmap packing",0.000699999975
5754.2013,112,18,"Render",11.2357998
5754.2034,112,18,"Procedural Animations",0.00150000001
5754.2056,112,18,"Script Components",0.000300000014
5754.2079,112,18,"CPU Frame",22.1702995
5754.2099,112,18,"Input",0.176599994
5754.212,112,18,"GUI Update",0.0571999997
5754.214,112,18,"Frustum Culling",1.75769997
5754.216,112,18,"Animations",0.000199999995
5754.2179,112,18,"Spring Dependencies",0.000300000014
5754.22,112,18,"GUI Render",0.177000001
5754.2218,112,18,"Physics",0.00689999992
5754.2236,112,18,"Update",10.0908003
5754.2254,112,18,"Fixed Update",0.00609999988
5754.2271,112,18,"Spline Update",0.000300000014
5754.229,112,18,"Compose",0.443800002
5754.2308,112,18,"Update Buffers (CPU)",0.120899998
5765.4147,113,18,"RenderPath3D Update",5.159
5765.4345,113,18,"Application Update",11.0431
5779.3541,113,18,"Application Render",13.9162
5779.8683,113,18,"Application Compose",0.4321
5781.1631,113,18,"SubmitCommandLists",1.2805
5781.1937,113,18,"Shadowmap packing",0.000300000014
5781.1969,113,18,"Render",13.9151001
5781.199,113,18,"Procedural Animations",0.00120000006
5781.2014,113,18,"Script Components",0.000199999995
5781.2041,113,18,"CPU Frame",25.6965008
5781.2059,113,18,"Input",0.148800001
5781.2082,113,18,"GUI Update",0.0375000015
5781.2104,113,18,"Frustum Culling",3.47399998
5781.2124,113,18,"Animations",9.99999975e-05
5781.2147,113,18,"Spring Dependencies",0.000199999995
5781.2168,113,18,"GUI Render",0.166999996
5781.2188,113,18,"Physics",0.00520000001
5781.2207,113,18,"Update",11.0426998
5781.2226,113,18,"Fixed Update",0.0057000001
5781.2244,113,18,"Spline Update",0.000199999995
5781.2263,113,18,"Compose",0.431300014
5781.2282,113,18,"Update Buffers (CPU)",0.163200006
5787.9209,114,18,"RenderPath3D Update",5.6534
5787.9421,114,18,"Application Update",6.5244
5798.7243,114,18,"Application Render",10.7791
5799.2131,114,18,"Application Compose",0.4151
5800.2424,114,18,"SubmitCommandLists",1.0151
5800.2708,114,18,"Shadowmap packing",0.00039999999
5800.2739,114,18,"Render",10.7778997
5800.2761,114,18,"Procedural Animations",0.00120000006
5800.2784,114,18,"Script Components",0.000199999995
5800.2806,114,18,"CPU Frame",18.0449009
5800.2826,114,18,"Input",0.169400007
5800.2856,114,18,"GUI Update",0.0331999995
5800.2876,114,18,"Frustum Culling",1.18180001
5800.2895,114,18,"Animations",0.000199999995
5800.2913,114,18,"Spring Dependencies",0.000500000024
5800.2933,114,18,"GUI Render",0.116099998
5800.2951,114,18,"Physics",0.00669999979
5800.2971,114,18,"Update",6.52409983
5800.2988,114,18,"Fixed Update",0.0141000003
5800.3007,114,18,"Spline Update",0.000199999995
5800.3026,114,18,"Compose",0.414099991
5800.3044,114,18,"Update Buffers (CPU)",0.0954999998
5807.0519,115,18,"RenderPath3D Update",5.5491
5807.0707,115,18,"Application Update",6.5568
5817.6958,115,18,"Application Render",10.6221
5818.1891,115,18,"Application Compose",0.4154
5819.3222,115,18,"SubmitCommandLists",1.1197
5819.3513,115,18,"Shadowmap packing",0.000300000014
5819.3546,115,18,"Render",10.6215
5819.3565,115,18,"Procedural Animations",0.0013
5819.3584,115,18,"Script Components",0.000300000014
5819.3609,115,18,"CPU Frame",17.9419994
5819.3626,115,18,"Input",0.188500002
5819.3649,115,18,"GUI Update",0.0482000001
5819.3668,115,18,"Frustum Culling",1.22609997
5819.3686,115,18,"Animations",0.000199999995
5819.3706,115,18,"Spring Dependencies",0.00120000006
5819.3728,115,18,"GUI Render",0.1052
5819.3745,115,18,"Physics",0.00579999993
5819.3765,115,18,"Update",6.55649996
5819.3782,115,18,"Fixed Update",0.0133999996
5819.38,115,18,"Spline Update",0.000199999995
5819.3819,115,18,"Compose",0.414499998
5819.3836,115,18,"Update Buffers (CPU)",0.1219
5826.1857,116,18,"RenderPath3D Update",5.7736
5826.2128,116,18,"Application Update",6.6818
5837.3827,116,18,"Application Render",11.1666
5837.8648,116,18,"Application Compose",0.398
5839.4487,116,18,"SubmitCommandLists",1.5533
5839.5816,116,18,"Shadowmap packing",0.00039999999
5839.5927,116,18,"Render",11.1660004
5839.5947,116,18,"Procedural Animations",0.00109999999
5839.5971,116,18,"Script Components",9.99999975e-05
5839.6,116,18,"CPU Frame",18.5384007
5839.6019,116,18,"Input",0.135800004
5839.6041,116,18,"GUI Update",0.0318000019
5839.6066,116,18,"Frustum Culling",1.30789995
5839.6088,116,18,"Animations",0.000899999985
5839.6107,116,18,"Spring Dependencies",0.00079999998
5839.6125,116,18,"GUI Render",0.144400001
5839.6142,116,18,"Physics",0.00480000023
5839.6161,116,18,"Update",6.68139982
5839.6178,116,18,"Fixed Update",0.00529999984
5839.6196,116,18,"Spline Update",0.000199999995
5839.6214,116,18,"Compose",0.397100002
5839.6233,116,18,"Update Buffers (CPU)",0.115800001
5846.0288,117,18,"RenderPath3D Update",5.3409
5846.0463,117,18,"Application Update",6.2716
5856.875,117,18,"Application Render",10.8258
5857.3546,117,18,"Application Compose",0.4093
5858.3512,117,18,"SubmitCommandLists",0.9836
5858.3777,117,18,"Shadowmap packing",0.000199999995
5858.3807,117,18,"Render",10.8250999
5858.3826,117,18,"Procedural Animations",0.0116999997
5858.3848,117,18,"Script Components",0.000199999995
5858.387,117,18,"CPU Frame",17.8006001
5858.3888,117,18,"Input",0.140000001
5858.391,117,18,"GUI Update",0.0439000018
5858.3929,117,18,"Frustum Culling",1.4052
5858.3947,117,18,"Animations",0.000600000028
5858.3966,117,18,"Spring Dependencies",0.000600000028
5858.3986,117,18,"GUI Render",0.115500003
5858.4003,117,18,"Physics",0.00689999992
5858.4024,117,18,"Update",6.27139997
5858.4042,117,18,"Fixed Update",0.00520000001
5858.406,117,18,"Spline Update",0.000199999995
5858.4078,117,18,"Compose",0.408499986
5858.4097,117,18,"Update Buffers (CPU)",0.139500007
5865.2806,118,18,"RenderPath3D Update",5.7027
5865.2969,118,18,"Application Update",6.7457
5879.2598,118,18,"Application Render",13.9601
5879.7474,118,18,"Application Compose",0.4111
5881.0008,118,18,"SubmitCommandLists",1.2384
5881.0294,118,18,"Shadowmap packing",0.000600000028
5881.0326,118,18,"Render",13.9595003
5881.0345,118,18,"Procedural Animations",0.00139999995
5881.0367,118,18,"Script Components",0.000199999995
5881.0393,118,18,"CPU Frame",21.3943996
5881.0413,118,18,"Input",0.1294
5881.0437,118,18,"GUI Update",0.0318999998
5881.0457,118,18,"Frustum Culling",1.23979998
5881.0476,118,18,"Animations",0.000199999995
5881.0495,118,18,"Spring Dependencies",0.000199999995
5881.0515,118,18,"GUI Render",0.0916000009
5881.0533,118,18,"Physics",0.00700000022
5881.0555,118,18,"Update",6.74539995
5881.0573,118,18,"Fixed Update",0.00659999996
5881.0592,118,18,"Spline Update",0.000199999995
5881.0611,118,18,"Compose",0.4102
5881.063,118,18,"Update Buffers (CPU)",0.127800003
5887.6176,119,18,"RenderPath3D Update",5.3436
5887.6369,119,18,"Application Update",6.3114
5898.419,119,18,"Application Render",10.7784
5898.9325,119,18,"Application Compose",0.4124
5900.2364,119,18,"SubmitCommandLists",1.2891
5900.2667,119,18,"Shadowmap packing",0.000600000028
5900.2697,119,18,"Render",10.7775002
5900.2717,119,18,"Procedural Animations",0.00120000006
5900.2738,119,18,"Script Components",0.000199999995
5900.2762,119,18,"CPU Frame",17.9267998
5900.278,119,18,"Input",0.243599996
5900.2802,119,18,"GUI Update",0.0427000001
5900.282,119,18,"Frustum Culling",1.44930005
5900.284,119,18,"Animations",0.000199999995
5900.2857,119,18,"Spring Dependencies",0.0013
5900.2877,119,18,"GUI Render",0.152400002
5900.2895,119,18,"Physics",0.0057000001
5900.2914,119,18,"Update",6.31099987
5900.2931,119,18,"Fixed Update",0.0116999997
5900.295,119,18,"Spline Update",0.000199999995
5900.2967,119,18,"Compose",0.411500007
5900.2984,119,18,"Update Buffers (CPU)",0.1505
5906.8723,120,18,"RenderPath3D Update",5.5882
5906.8912,120,18,"Application Update",6.4526
5918.2073,120,18,"Application Render",11.3132
5918.7294,120,18,"Application Compose",0.4398
5920.0545,120,18,"SubmitCommandLists",1.3115
5920.0834,120,18,"Shadowmap packing",0.00039999999
5920.0864,120,18,"Render",11.3123999
5920.0885,120,18,"Procedural Animations",0.0013
5920.0907,120,18,"Script Components",9.99999975e-05
5920.1351,120,18,"CPU Frame",18.4883003
5920.1371,120,18,"Input",0.128199995
5920.1401,120,18,"GUI Update",0.0375000015
5920.1422,120,18,"Frustum Culling",1.20360005
5920.1441,120,18,"Animations",9.99999975e-05
5920.1458,120,18,"Spring Dependencies",0.000300000014
5920.1481,120,18,"GUI Render",0.115599997
5920.1499,120,18,"Physics",0.00499999989
5920.1518,120,18,"Update",6.45230007
5920.1535,120,18,"Fixed Update",0.00549999997
5920.1554,120,18,"Spline Update",0.000199999995
5920.1572,120,18,"Compose",0.438800007
5920.1591,120,18,"Update Buffers (CPU)",0.141900003
5926.6942,121,18,"RenderPath3D Update",5.462
5926.7195,121,18,"Application Update",6.3647
5937.0099,121,18,"Application Render",10.2873
5937.4749,121,18,"Application Compose",0.394
5938.7259,121,18,"SubmitCommandLists",1.2385
5938.8041,121,18,"Shadowmap packing",0.000500000024
5938.8075,121,18,"Render",10.2866001
5938.8098,121,18,"Procedural Animations",0.0116999997
5938.8129,121,18,"Script Components",0.000199999995
5938.8156,121,18,"CPU Frame",17.4132004
5938.8178,121,18,"Input",0.182500005
5938.8212,121,18,"GUI Update",0.0487000011
5938.8231,121,18,"Frustum Culling",1.17499995
5938.8252,121,18,"Animations",0.000300000014
5938.8271,121,18,"Spring Dependencies",0.000699999975
5938.8296,121,18,"GUI Render",0.138099998
5938.8316,121,18,"Physics",0.00529999984
5938.8338,121,18,"Update",6.36450005
5938.8355,121,18,"Fixed Update",0.00680000009
5938.8376,121,18,"Spline Update",0.000300000014
5938.8394,121,18,"Compose",0.393299997
5938.8418,121,18,"Update Buffers (CPU)",0.144899994
5945.7557,122,18,"RenderPath3D Update",5.6127
5945.7742,122,18,"Application Update",6.7694
5956.8285,122,18,"Application Render",11.0516
5957.329,122,18,"Application Compose",0.413
5958.4736,122,18,"SubmitCommandLists",1.1301
5958.5016,122,18,"Shadowmap packing",0.00039999999
5958.5047,122,18,"Render",11.0509996
5958.5068,122,18,"Procedural Animations",0.00120000006
5958.5093,122,18,"Script Components",0.000199999995
5958.5131,122,18,"CPU Frame",18.5944004
5958.515,122,18,"Input",0.150800005
5958.5174,122,18,"GUI Update",0.0410999991
5958.5196,122,18,"Frustum Culling",1.21099997
5958.5219,122,18,"Animations",9.99999975e-05
5958.5242,122,18,"Spring Dependencies",0.00079999998
5958.5262,122,18,"GUI Render",0.120700002
5958.5281,122,18,"Physics",0.00480000023
5958.5301,122,18,"Update",6.76910019
5958.5321,122,18,"Fixed Update",0.00600000005
5958.534,122,18,"Spline Update",0.000199999995
5958.536,122,18,"Compose",0.412
5958.5384,122,18,"Update Buffers (CPU)",0.105999999
5965.2339,123,18,"RenderPath3D Update",5.1604
5965.2506,123,18,"Application Update",6.5542
5975.1664,123,18,"Application Render",9.9126
5975.6588,123,18,"Application Compose",0.4123
5976.6509,123,18,"SubmitCommandLists",0.9797
5976.6798,123,18,"Shadowmap packing",0.00039999999
5976.6826,123,18,"Render",9.91180038
5976.6847,123,18,"Procedural Animations",0.00170000002
5976.6869,123,18,"Script Components",0.000199999995
5976.6893,123,18,"CPU Frame",17.1805
5976.6912,123,18,"Input",0.143999994
5976.6935,123,18,"GUI Update",0.0403999984
5976.6955,123,18,"Frustum Culling",1.12370002
5976.6974,123,18,"Animations",0.000500000024
5976.6995,123,18,"Spring Dependencies",0.000199999995
5976.7015,123,18,"GUI Render",0.0945999995
5976.7033,123,18,"Physics",0.0083999997
5976.7053,123,18,"Update",6.55389977
5976.707,123,18,"Fixed Update",0.0074
5976.709,123,18,"Spline Update",0.000199999995
5976.7109,123,18,"Compose",0.411599994
5976.7129,123,18,"Update Buffers (CPU)",0.0873000026
5983.0201,124,18,"RenderPath3D Update",5.1956
5983.0479,124,18,"Application Update",6.1848
5995.0727,124,18,"Application Render",12.022
5995.5503,124,18,"Application Compose",0.4069
5996.6824,124,18,"SubmitCommandLists",1.1199
5996.7421,124,18,"Shadowmap packing",0.000500000024
5996.7456,124,18,"Render",12.0212002
5996.7476,124,18,"Procedural Animations",0.0013
5996.7498,124,18,"Script Components",0.000199999995
5996.7526,124,18,"CPU Frame",18.8945007
5996.7545,124,18,"Input",0.137500003
5996.7569,124,18,"GUI Update",0.0535000004
5996.7993,124,18,"Frustum Culling",1.16750002
5996.8015,124,18,"Animations",9.99999975e-05
5996.8039,124,18,"Spring Dependencies",0.000300000014
5996.806,124,18,"GUI Render",0.0890000015
5996.808,124,18,"Physics",0.00480000023
5996.8099,124,18,"Update",6.18450022
5996.8117,124,18,"Fixed Update",0.00590000022
5996.8135,124,18,"Spline Update",0.000199999995
5996.8159,124,18,"Compose",0.406100005
5996.8177,124,18,"Update Buffers (CPU)",0.113700002
6003.0829,125,18,"RenderPath3D Update",5.2354
6003.1112,125,18,"Application Update",6.1443
6014.7682,125,18,"Application Render",11.654
6015.2771,125,18,"Application Compose",0.4296
6016.3193,125,18,"SubmitCommandLists",1.029
6016.3731,125,18,"Shadowmap packing",0.000300000014
6016.3765,125,18,"Render",11.6519003
6016.3787,125,18,"Procedural Animations",0.00170000002
6016.381,125,18,"Script Components",0.000300000014
6016.3836,125,18,"CPU Frame",18.5587997
6016.3856,125,18,"Input",0.135499999
6016.3885,125,18,"GUI Update",0.0326999985
6016.3905,125,18,"Frustum Culling",1.37979996
6016.3927,125,18,"Animations",0.000600000028
6016.3945,125,18,"Spring Dependencies",0.000500000024
6016.3964,125,18,"GUI Render",0.114200003
6016.3984,125,18,"Physics",0.00760000013
6016.4006,125,18,"Update",6.14389992
6016.4028,125,18,"Fixed Update",0.00749999983
6016.4048,125,18,"Spline Update",0.000300000014
6016.4068,125,18,"Compose",0.428499997
6016.4091,125,18,"Update Buffers (CPU)",0.0885000005
6023.7512,126,18,"RenderPath3D Update",6.145
6023.7876,126,18,"Application Update",7.1674
6036.1459,126,18,"Application Render",12.3537
6036.6447,126,18,"Application Compose",0.4234
6037.672,126,18,"SubmitCommandLists",1.0138
6037.7077,126,18,"Shadowmap packing",0.00039999999
6037.7112,126,18,"Render",12.3529997
6037.7133,126,18,"Procedural Animations",0.00109999999
6037.7157,126,18,"Script Components",0.000199999995
6037.7183,126,18,"CPU Frame",20.2987003
6037.7202,126,18,"Input",0.199100003
6037.7224,126,18,"GUI Update",0.0362999998
6037.7244,126,18,"Frustum Culling",1.61389995
6037.7263,126,18,"Animations",0.000199999995
6037.7282,126,18,"Spring Dependencies",0.00079999998
6037.7304,126,18,"GUI Render",0.127299994
6037.7321,126,18,"Physics",0.00710000005
6037.7341,126,18,"Update",7.16690016
6037.7359,126,18,"Fixed Update",0.00600000005
6037.7378,126,18,"Spline Update",0.000199999995
6037.7396,126,18,"Compose",0.422399998
6037.7417,126,18,"Update Buffers (CPU)",0.110200003
6047.0512,127,18,"RenderPath3D Update",5.5407
6047.0742,127,18,"Application Update",9.1808
6059.0578,127,18,"Application Render",11.98
6059.5522,127,18,"Application Compose",0.4165
6060.7324,127,18,"SubmitCommandLists",1.1671
6060.7597,127,18,"Shadowmap packing",0.000899999985
6060.7627,127,18,"Render",11.9792004
6060.7646,127,18,"Procedural Animations",0.00159999996
6060.7667,127,18,"Script Components",0.000199999995
6060.7692,127,18,"CPU Frame",21.8735008
6060.771,127,18,"Input",0.138600007
6060.7735,127,18,"GUI Update",0.0318999998
6060.7755,127,18,"Frustum Culling",1.78709996
6060.7774,127,18,"Animations",0.000600000028
6060.7793,127,18,"Spring Dependencies",0.00579999993
6060.7815,127,18,"GUI Render",0.0803999975
6060.7909,127,18,"Physics",0.00899999961
6060.7928,127,18,"Update",9.18060017
6060.7945,127,18,"Fixed Update",0.00620000018
6060.7965,127,18,"Spline Update",0.000199999995
6060.7983,127,18,"Compose",0.415499985
6060.8001,127,18,"Update Buffers (CPU)",0.109899998
6067.4066,128,18,"RenderPath3D Update",5.1319
6067.4204,128,18,"Application Update",6.4768
6077.4691,128,18,"Application Render",10.0378
6077.9499,128,18,"Application Compose",0.4111
6079.1083,128,18,"SubmitCommandLists",1.1474
6079.134,128,18,"Shadowmap packing",0.000300000014
6079.1366,128,18,"Render",10.0370998
6079.1384,128,18,"Procedural Animations",0.0013
6079.1405,128,18,"Script Components",0.000199999995
6079.1431,128,18,"CPU Frame",17.2110004
6079.1448,128,18,"Input",0.131400004
6079.147,128,18,"GUI Update",0.0287999995
6079.1488,128,18,"Frustum Culling",1.53410006
6079.1507,128,18,"Animations",0.000300000014
6079.1528,128,18,"Spring Dependencies",0.000300000014
6079.1945,128,18,"GUI Render",0.118600003
6079.2035,128,18,"Physics",0.00810000021
6079.2054,128,18,"Update",6.47650003
6079.2071,128,18,"Fixed Update",0.0057000001
6079.209,128,18,"Spline Update",0.000199999995
6079.2108,128,18,"Compose",0.410299987
6079.2126,128,18,"Update Buffers (CPU)",0.121299997
6085.1553,129,18,"RenderPath3D Update",4.9108
6085.2025,129,18,"Application Update",5.8404
6096.3763,129,18,"Application Render",11.1689
6096.8671,129,18,"Application Compose",0.405
6097.9031,129,18,"SubmitCommandLists",1.0229
6097.9304,129,18,"Shadowmap packing",0.00039999999
6097.9336,129,18,"Render",11.1673002
6097.9355,129,18,"Procedural Animations",0.0013
6097.9377,129,18,"Script Components",0.000199999995
6097.94,129,18,"CPU Frame",17.7549992
6097.9419,129,18,"Input",0.1373
6097.9439,129,18,"GUI Update",0.0419999994
6097.9459,129,18,"Frustum Culling",1.85739994
6097.9479,129,18,"Animations",9.99999975e-05
6097.9502,129,18,"Spring Dependencies",0.000699999975
6097.9521,129,18,"GUI Render",0.110299997
6097.9539,129,18,"Physics",0.00499999989
6097.9558,129,18,"Update",5.84000015
6097.9575,129,18,"Fixed Update",0.00590000022
6097.9593,129,18,"Spline Update",0.000199999995
6097.9611,129,18,"Compose",0.404100001
6097.9629,129,18,"Update Buffers (CPU)",0.0974000022
6104.9158,130,18,"RenderPath3D Update",5.8742
6104.9385,130,18,"Application Update",6.8147
6114.4786,130,18,"Application Render",9.5366
6114.9329,130,18,"Application Compose",0.3839
6116.022,130,18,"SubmitCommandLists",1.0778
6116.0488,130,18,"Shadowmap packing",0.000300000014
6116.0518,130,18,"Render",9.53579998
6116.0545,130,18,"Procedural Animations",0.00120000006
6116.0566,130,18,"Script Components",0.000199999995
6116.0589,130,18,"CPU Frame",17.0245991
6116.0608,130,18,"Input",0.149700001
6116.0631,130,18,"GUI Update",0.0318000019
6116.065,130,18,"Frustum Culling",1.28719997
6116.067,130,18,"Animations",0.000199999995
6116.0687,130,18,"Spring Dependencies",0.00039999999
6116.0707,130,18,"GUI Render",0.137400001
6116.0724,130,18,"Physics",0.0242999997
6116.0744,130,18,"Update",6.8144002
6116.0761,130,18,"Fixed Update",0.00540000014
6116.078,130,18,"Spline Update",0.000300000014
6116.0798,130,18,"Compose",0.383100003
6116.0817,130,18,"Update Buffers (CPU)",0.115699999
6122.8036,131,18,"RenderPath3D Update",5.4361
6122.8218,131,18,"Application Update",6.4194
6133.3739,131,18,"Application Render",10.5494
6133.8358,131,18,"Application Compose",0.3957
6134.9999,131,18,"SubmitCommandLists",1.1524
6135.0259,131,18,"Shadowmap packing",0.000300000014
6135.029,131,18,"Render",10.5482998
6135.031,131,18,"Procedural Animations",0.00159999996
6135.0331,131,18,"Script Components",0.000199999995
6135.0353,131,18,"CPU Frame",17.8085995
6135.0369,131,18,"Input",0.305999994
6135.0392,131,18,"GUI Update",0.0346999988
6135.0411,131,18,"Frustum Culling",1.55410004
6135.0434,131,18,"Animations",9.99999975e-05
6135.0456,131,18,"Spring Dependencies",0.00079999998
6135.0476,131,18,"GUI Render",0.125200003
6135.0493,131,18,"Physics",0.00520000001
6135.051,131,18,"Update",6.41909981
6135.0526,131,18,"Fixed Update",0.00760000013
6135.0545,131,18,"Spline Update",0.000199999995
6135.0562,131,18,"Compose",0.394600004
6135.058,131,18,"Update Buffers (CPU)",0.171900004
6141.1251,132,18,"RenderPath3D Update",5.0708
6141.1512,132,18,"Application Update",5.9556
6154.7634,132,18,"Application Render",13.6093
6155.2239,132,18,"Application Compose",0.3924
6156.3483,132,18,"SubmitCommandLists",1.1128
6156.3754,132,18,"Shadowmap packing",0.000600000028
6156.3782,132,18,"Render",13.6085997
6156.3802,132,18,"Procedural Animations",0.00170000002
6156.3823,132,18,"Script Components",9.99999975e-05
6156.3853,132,18,"CPU Frame",20.2201004
6156.387,132,18,"Input",0.127000004
6156.3893,132,18,"GUI Update",0.0454000011
6156.3912,132,18,"Frustum Culling",1.08539999
6156.3931,132,18,"Animations",9.99999975e-05
6156.3949,132,18,"Spring Dependencies",0.000300000014
6156.3968,132,18,"GUI Render",0.0714000016
6156.3984,132,18,"Physics",0.00490000006
6156.4001,132,18,"Update",5.95529985
6156.4017,132,18,"Fixed Update",0.00499999989
6156.4457,132,18,"Spline Update",0.000500000024
6156.4475,132,18,"Compose",0.391600013
6156.4494,132,18,"Update Buffers (CPU)",0.100000001
6163.2795,133,18,"RenderPath3D Update",5.7125
6163.2966,133,18,"Application Update",6.6948
6172.8065,133,18,"Application Render",9.5072
6173.2746,133,18,"Application Compose",0.3926
6174.3237,133,18,"SubmitCommandLists",1.0373
6174.3496,133,18,"Shadowmap packing",0.00039999999
6174.3524,133,18,"Render",9.50629997
6174.3543,133,18,"Procedural Animations",0.00120000006
6174.3564,133,18,"Script Components",0.000199999995
6174.3584,133,18,"CPU Frame",16.9214993
6174.3604,133,18,"Input",0.140200004
6174.3627,133,18,"GUI Update",0.0315999985
6174.3645,133,18,"Frustum Culling",1.16680002
6174.3662,133,18,"Animations",0.000500000024
6174.368,133,18,"Spring Dependencies",0.000500000024
6174.3701,133,18,"GUI Render",0.0821999982
6174.3718,133,18,"Physics",0.0105999997
6174.3734,133,18,"Update",6.69449997
6174.3751,133,18,"Fixed Update",0.0057000001
6174.377,133,18,"Spline Update",0.000199999995
6174.3788,133,18,"Compose",0.391499996
6174.3804,133,18,"Update Buffers (CPU)",0.149900004
6181.0091,134,18,"RenderPath3D Update",5.5849
6181.0236,134,18,"Application Update",6.5027
6190.794,134,18,"Application Render",9.7678
6191.2596,134,18,"Application Compose",0.3962
6192.4375,134,18,"SubmitCommandLists",1.1656
6192.4643,134,18,"Shadowmap packing",0.00039999999
6192.4672,134,18,"Render",9.76710033
6192.4692,134,18,"Procedural Animations",0.00159999996
6192.4714,134,18,"Script Components",9.99999975e-05
6192.4745,134,18,"CPU Frame",16.9316998
6192.4764,134,18,"Input",0.1294
6192.4785,134,18,"GUI Update",0.100599997
6192.4805,134,18,"Frustum Culling",1.06900001
6192.4824,134,18,"Animations",0.000600000028
6192.4843,134,18,"Spring Dependencies",0.00039999999
6192.4862,134,18,"GUI Render",0.115400001
6192.4879,134,18,"Physics",0.00710000005
6192.4899,134,18,"Update",6.50239992
6192.4915,134,18,"Fixed Update",0.0057000001
6192.4934,134,18,"Spline Update",0.00039999999
6192.4951,134,18,"Compose",0.395300001
6192.497,134,18,"Update Buffers (CPU)",0.1105
6198.9766,135,18,"RenderPath3D Update",4.9128
6199.0033,135,18,"Application Update",6.3599
6209.3337,135,18,"Application Render",10.3269
6209.8047,135,18,"Application Compose",0.4004
6210.9282,135,18,"SubmitCommandLists",1.1102
6210.9552,135,18,"Shadowmap packing",0.000199999995
6210.9581,135,18,"Render",10.3261003
6210.9601,135,18,"Procedural Animations",0.0013
6210.9621,135,18,"Script Components",9.99999975e-05
6210.9649,135,18,"CPU Frame",17.3638992
6210.9666,135,18,"Input",0.135299996
6210.9688,135,18,"GUI Update",0.0476999991
6210.9707,135,18,"Frustum Culling",1.03170002
6210.9726,135,18,"Animations",9.99999975e-05
6210.9744,135,18,"Spring Dependencies",0.000199999995
6210.9763,135,18,"GUI Render",0.108599998
6210.978,135,18,"Physics",0.00540000014
6210.98,135,18,"Update",6.3597002
6210.9817,135,18,"Fixed Update",0.00520000001
6210.9835,135,18,"Spline Update",0.000199999995
6210.9852,135,18,"Compose",0.399399996
6210.987,135,18,"Update Buffers (CPU)",0.137500003
6217.6146,136,18,"RenderPath3D Update",5.615
6217.6319,136,18,"Application Update",6.4991
6227.6879,136,18,"Application Render",10.0525
6228.196,136,18,"Application Compose",0.4427
6229.2634,136,18,"SubmitCommandLists",1.0541
6229.2906,136,18,"Shadowmap packing",0.000500000024
6229.2935,136,18,"Render",10.0516996
6229.2954,136,18,"Procedural Animations",0.00120000006
6229.2978,136,18,"Script Components",0.000300000014
6229.2999,136,18,"CPU Frame",17.2639008
6229.3017,136,18,"Input",0.134000003
6229.3039,136,18,"GUI Update",0.0467000008
6229.3058,136,18,"Frustum Culling",1.12080002
6229.3078,136,18,"Animations",0.000600000028
6229.3096,136,18,"Spring Dependencies",0.000699999975
6229.3116,136,18,"GUI Render",0.0876000002
6229.3133,136,18,"Physics",0.00590000022
6229.3152,136,18,"Update",6.49889994
6229.317,136,18,"Fixed Update",0.00650000013
6229.3187,136,18,"Spline Update",0.000199999995
6229.3205,136,18,"Compose",0.441900015
6229.3222,136,18,"Update Buffers (CPU)",0.135399997
6235.7738,137,18,"RenderPath3D Update",5.2818
6235.7965,137,18,"Application Update",6.2071
6245.2724,137,18,"Application Render",9.4729
6245.7304,137,18,"Application Compose",0.3927
6246.8081,137,18,"SubmitCommandLists",1.0654
6246.8353,137,18,"Shadowmap packing",0.000300000014
6246.8382,137,18,"Render",9.47210026
6246.8401,137,18,"Procedural Animations",0.00120000006
6246.8422,137,18,"Script Components",0.000199999995
6246.8443,137,18,"CPU Frame",16.4617004
6246.8462,137,18,"Input",0.136500001
6246.8484,137,18,"GUI Update",0.0483000018
6246.8501,137,18,"Frustum Culling",1.05649996
6246.8518,137,18,"Animations",9.99999975e-05
6246.8541,137,18,"Spring Dependencies",0.000600000028
6246.8561,137,18,"GUI Render",0.0810000002
6246.8577,137,18,"Physics",0.00480000023
6246.8595,137,18,"Update",6.20679998
6246.8612,137,18,"Fixed Update",0.00639999984
6246.8629,137,18,"Spline Update",0.000199999995
6246.8646,137,18,"Compose",0.39199999
6246.8664,137,18,"Update Buffers (CPU)",0.136700004
6253.7235,138,18,"RenderPath3D Update",5.7617
6253.7398,138,18,"Application Update",6.7204
6264.5445,138,18,"Application Render",10.8021
6265.0094,138,18,"Application Compose",0.3885
6266.1582,138,18,"SubmitCommandLists",1.1377
6266.1856,138,18,"Shadowmap packing",0.000600000028
6266.1885,138,18,"Render",10.8014002
6266.1906,138,18,"Procedural Animations",0.00150000001
6266.1929,138,18,"Script Components",9.99999975e-05
6266.1959,138,18,"CPU Frame",18.1949005
6266.1979,138,18,"Input",0.140799999
6266.2001,138,18,"GUI Update",0.0568000004
6266.2022,138,18,"Frustum Culling",1.11810005
6266.2042,138,18,"Animations",0.000199999995
6266.2062,138,18,"Spring Dependencies",0.000500000024
6266.2083,138,18,"GUI Render",0.0945999995
6266.2103,138,18,"Physics",0.00730000017
6266.2124,138,18,"Update",6.72009993
6266.2144,138,18,"Fixed Update",0.00620000018
6266.2163,138,18,"Spline Update",0.000300000014
6266.2183,138,18,"Compose",0.387800008
6266.2203,138,18,"Update Buffers (CPU)",0.154499993
6272.1479,139,18,"RenderPath3D Update",4.7957
6272.1664,139,18,"Application Update",5.7805
6282.1429,139,18,"Application Render",9.9735
6282.6117,139,18,"Application Compose",0.397
6283.8683,139,18,"SubmitCommandLists",1.2426
6283.918,139,18,"Shadowmap packing",0.00079999998
6283.9211,139,18,"Render",9.97270012
6283.9228,139,18,"Procedural Animations",0.00120000006
6283.9251,139,18,"Script Components",9.99999975e-05
6283.9276,139,18,"CPU Frame",16.4482002
6283.9296,139,18,"Input",0.154499993
6283.9522,139,18,"GUI Update",0.0416000001
6283.9541,139,18,"Frustum Culling",1.12820005
6283.9562,139,18,"Animations",9.99999975e-05
6283.9579,139,18,"Spring Dependencies",0.00039999999
6283.9599,139,18,"GUI Render",0.103100002
6283.9615,139,18,"Physics",0.00499999989
6283.9633,139,18,"Update",5.7802
6283.965,139,18,"Fixed Update",0.00499999989
6283.9669,139,18,"Spline Update",0.000199999995
6283.9688,139,18,"Compose",0.396100014
6283.9707,139,18,"Update Buffers (CPU)",0.102700002
6290.2608,140,18,"RenderPath3D Update",5.114
6290.2957,140,18,"Application Update",6.1286
6300.5867,140,18,"Application Render",10.2881
6301.0481,140,18,"Application Compose",0.3941
6302.2192,140,18,"SubmitCommandLists",1.1592
6302.254,140,18,"Shadowmap packing",0.00100000005
6302.2576,140,18,"Render",10.2875004
6302.2595,140,18,"Procedural Animations",0.0013
6302.2617,140,18,"Script Components",0.000199999995
6302.2642,140,18,"CPU Frame",17.1523991
6302.266,140,18,"Input",0.184300005
6302.2684,140,18,"GUI Update",0.0604999997
6302.2703,140,18,"Frustum Culling",1.39649999
6302.2722,140,18,"Animations",0.000199999995
6302.274,140,18,"Spring Dependencies",0.000699999975
6302.2759,140,18,"GUI Render",0.149499997
6302.2776,140,18,"Physics",0.00439999998
6302.2794,140,18,"Update",6.12830019
6302.2811,140,18,"Fixed Update",0.00639999984
6302.2827,140,18,"Spline Update",0.000199999995
6302.2845,140,18,"Compose",0.393400013
6302.2861,140,18,"Update Buffers (CPU)",0.144700006
6309.1574,141,18,"RenderPath3D Update",5.8074
6309.1737,141,18,"Application Update",6.7218
6319.258,141,18,"Application Render",10.0811
6319.7293,141,18,"Application Compose",0.3925
6320.7505,141,18,"SubmitCommandLists",0.9286
6320.7768,141,18,"Shadowmap packing",0.000300000014
6320.78,141,18,"Render",10.0802002
6320.7819,141,18,"Procedural Animations",0.00150000001
6320.7841,141,18,"Script Components",0.000199999995
6320.7864,141,18,"CPU Frame",17.5841007
6320.7881,141,18,"Input",0.146699995
6320.7904,141,18,"GUI Update",0.059799999
6320.7923,141,18,"Frustum Culling",1.09809995
6320.7942,141,18,"Animations",9.99999975e-05
6320.7966,141,18,"Spring Dependencies",0.00100000005
6320.7986,141,18,"GUI Render",0.110100001
6320.8004,141,18,"Physics",0.00719999988
6320.802,141,18,"Update",6.72160006
6320.8037,141,18,"Fixed Update",0.0109999999
6320.8057,141,18,"Spline Update",0.000199999995
6320.8075,141,18,"Compose",0.391799986
6320.8092,141,18,"Update Buffers (CPU)",0.148000002
6327.8245,142,18,"RenderPath3D Update",5.8946
6327.8667,142,18,"Application Update",6.9188
6339.5116,142,18,"Application Render",11.6418
6339.991,142,18,"Application Compose",0.3935
6341.0604,142,18,"SubmitCommandLists",1.0577
6341.0877,142,18,"Shadowmap packing",0.000899999985
6341.0906,142,18,"Render",11.6407003
6341.0925,142,18,"Procedural Animations",0.0013
6341.0946,142,18,"Script Components",0.00039999999
6341.0971,142,18,"CPU Frame",19.2350998
6341.099,142,18,"Input",0.127800003
6341.1016,142,18,"GUI Update",0.0639000013
6341.1034,142,18,"Frustum Culling",1.35640001
6341.1053,142,18,"Animations",9.99999975e-05
6341.1075,142,18,"Spring Dependencies",0.00100000005
6341.1095,142,18,"GUI Render",0.0988000035
6341.1112,142,18,"Physics",0.00510000018
6341.113,142,18,"Update",6.91860008
6341.1147,142,18,"Fixed Update",0.00510000018
6341.1169,142,18,"Spline Update",0.000199999995
6341.1187,142,18,"Compose",0.392800003
6341.1204,142,18,"Update Buffers (CPU)",0.109700002
6347.6252,143,18,"RenderPath3D Update",5.4485
6347.6435,143,18,"Application Update",6.3707
6357.6236,143,18,"Application Render",9.9671
6358.0827,143,18,"Application Compose",0.3929
6359.1079,143,18,"SubmitCommandLists",1.0131
6359.1365,143,18,"Shadowmap packing",0.00109999999
6359.1393,143,18,"Render",9.96609974
6359.1412,143,18,"Procedural Animations",0.00139999995
6359.1434,143,18,"Script Components",9.99999975e-05
6359.1464,143,18,"CPU Frame",17.0163002
6359.1483,143,18,"Input",0.140499994
6359.1503,143,18,"GUI Update",0.0487999991
6359.1522,143,18,"Frustum Culling",1.14830005
6359.1541,143,18,"Animations",0.000600000028
6359.1559,143,18,"Spring Dependencies",0.000600000028
6359.1578,143,18,"GUI Render",0.0874999985
6359.1594,143,18,"Physics",0.00639999984
6359.1612,143,18,"Update",6.37050009
6359.1628,143,18,"Fixed Update",0.0055999998
6359.1646,143,18,"Spline Update",0.000199999995
6359.1664,143,18,"Compose",0.392100006
6359.168,143,18,"Update Buffers (CPU)",0.1734
6365.8754,144,18,"RenderPath3D Update",5.0798
6365.9009,144,18,"Application Update",6.5885
6376.294,144,18,"Application Render",10.3908
6376.7496,144,18,"Application Compose",0.3915
6378.1406,144,18,"SubmitCommandLists",1.3796
6378.1804,144,18,"Shadowmap packing",0.000199999995
6378.1832,144,18,"Render",10.3901997
6378.1852,144,18,"Procedural Animations",0.00139999995
6378.1874,144,18,"Script Components",9.99999975e-05
6378.1898,144,18,"CPU Frame",17.6352997
6378.1916,144,18,"Input",0.132599995
6378.1939,144,18,"GUI Update",0.0307999998
6378.1958,144,18,"Frustum Culling",1.52100003
6378.1978,144,18,"Animations",0.000199999995
6378.1996,144,18,"Spring Dependencies",0.000300000014
6378.2015,144,18,"GUI Render",0.0965000018
6378.2031,144,18,"Physics",0.00499999989
6378.2049,144,18,"Update",6.58820009
6378.2064,144,18,"Fixed Update",0.00549999997
6378.2082,144,18,"Spline Update",9.99999975e-05
6378.21,144,18,"Compose",0.390799999
6378.2119,144,18,"Update Buffers (CPU)",0.102700002
6385.0856,145,18,"RenderPath3D Update",5.8135
6385.1263,145,18,"Application Update",6.7683
6400.5044,145,18,"Application Render",15.3671
6400.9648,145,18,"Application Compose",0.3929
6402.1986,145,18,"SubmitCommandLists",1.2217
6402.2287,145,18,"Shadowmap packing",0.000500000024
6402.2382,145,18,"Render",15.3661003
6402.3361,145,18,"Procedural Animations",0.00150000001
6402.3384,145,18,"Script Components",9.99999975e-05
6402.3412,145,18,"CPU Frame",22.8075008
6402.3431,145,18,"Input",0.134299994
6402.3456,145,18,"GUI Update",0.0579000004
6402.3475,145,18,"Frustum Culling",1.28799999
6402.3495,145,18,"Animations",9.99999975e-05
6402.3512,145,18,"Spring Dependencies",0.000500000024
6402.3532,145,18,"GUI Render",0.104800001
6402.3549,145,18,"Physics",0.00609999988
6402.357,145,18,"Update",6.76789999
6402.3589,145,18,"Fixed Update",0.00499999989
6402.3606,145,18,"Spline Update",0.000199999995
6402.3624,145,18,"Compose",0.391600013
6402.3641,145,18,"Update Buffers (CPU)",0.125300005
6409.7094,146,18,"RenderPath3D Update",6.1741
6409.7311,146,18,"Application Update",7.2053
6421.7362,146,18,"Application Render",12.0023
6422.2074,146,18,"Application Compose",0.3988
6423.7268,146,18,"SubmitCommandLists",1.5063
6423.7579,146,18,"Shadowmap packing",0.000300000014
6423.7617,146,18,"Render",12.0010996
6423.7642,146,18,"Procedural Animations",0.00230000005
6423.7665,146,18,"Script Components",0.000199999995
6423.7694,146,18,"CPU Frame",20.0025005
6423.7711,146,18,"Input",0.148699999
6423.774,146,18,"GUI Update",0.0447999984
6423.7761,146,18,"Frustum Culling",1.08790004
6423.7779,146,18,"Animations",0.000199999995
6423.7796,146,18,"Spring Dependencies",0.00100000005
6423.7817,146,18,"GUI Render",0.104500003
6423.7835,146,18,"Physics",0.0057000001
6423.7852,146,18,"Update",7.20510006
6423.7868,146,18,"Fixed Update",0.00650000013
6423.7886,146,18,"Spline Update",9.99999975e-05
6423.7908,146,18,"Compose",0.398000002
6423.7927,146,18,"Update Buffers (CPU)",0.126599997
6430.7782,147,18,"RenderPath3D Update",5.7235
6430.8023,147,18,"Application Update",6.7946
6447.9502,147,18,"Application Render",17.1447
6448.436,147,18,"Application Compose",0.4004
6449.8028,147,18,"SubmitCommandLists",1.3536
6449.8355,147,18,"Shadowmap packing",0.00039999999
6449.8385,147,18,"Render",17.1438007
6449.8406,147,18,"Procedural Animations",0.00190000003
6449.8428,147,18,"Script Components",0.000199999995
6449.8449,147,18,"CPU Frame",24.7040997
6449.8468,147,18,"Input",0.203600004
6449.8492,147,18,"GUI Update",0.058699999
6449.8511,147,18,"Frustum Culling",1.20560002
6449.853,147,18,"Animations",0.00039999999
6449.8548,147,18,"Spring Dependencies",0.000600000028
6449.8569,147,18,"GUI Render",0.107299998
6449.8585,147,18,"Physics",0.0126999998
6449.8603,147,18,"Update",6.79419994
6449.862,147,18,"Fixed Update",0.00590000022
6449.864,147,18,"Spline Update",0.000699999975
6449.8659,147,18,"Compose",0.399599999
6449.8679,147,18,"Update Buffers (CPU)",0.120999999
6457.105,148,18,"RenderPath3D Update",6.0785
6457.1397,148,18,"Application Update",7.1195
6472.1118,148,18,"Application Render",14.9671
6472.6107,148,18,"Application Compose",0.4222
6473.9201,148,18,"SubmitCommandLists",1.2973
6473.9494,148,18,"Shadowmap packing",0.00079999998
6473.9523,148,18,"Render",14.9659996
6473.9541,148,18,"Procedural Animations",0.00139999995
6473.9563,148,18,"Script Components",0.000199999995
6473.9591,148,18,"CPU Frame",22.8001003
6473.9609,148,18,"Input",0.140699998
6473.9632,148,18,"GUI Update",0.0604000017
6473.9651,148,18,"Frustum Culling",1.28869998
6473.967,148,18,"Animations",0.000199999995
6473.969,148,18,"Spring Dependencies",0.0013
6473.9712,148,18,"GUI Render",0.1127
6473.973,148,18,"Physics",0.00650000013
6473.9748,148,18,"Update",7.11910009
6473.9765,148,18,"Fixed Update",0.00549999997
6473.9783,148,18,"Spline Update",0.00039999999
6473.9801,148,18,"Compose",0.421200007
6473.9821,148,18,"Update Buffers (CPU)",0.175600007
6481.039,149,18,"RenderPath3D Update",5.8457
6481.0616,149,18,"Application Update",6.8794
6495.8287,149,18,"Application Render",14.7642
6496.3024,149,18,"Application Compose",0.3945
6497.565,149,18,"SubmitCommandLists",1.2506
6497.5958,149,18,"Shadowmap packing",0.00039999999
6497.5988,149,18,"Render",14.7635002
6497.6007,149,18,"Procedural Animations",0.0013
6497.603,149,18,"Script Components",0.000199999995
6497.6056,149,18,"CPU Frame",22.3763008
6497.657,149,18,"Input",0.187299997
6497.6593,149,18,"GUI Update",0.0535000004
6497.6614,149,18,"Frustum Culling",1.31939995
6497.6634,149,18,"Animations",0.000699999975
6497.6654,149,18,"Spring Dependencies",9.99999975e-05
6497.6676,149,18,"GUI Render",0.122199997
6497.6694,149,18,"Physics",0.0092000002
6497.6713,149,18,"Update",6.87909985
6497.6729,149,18,"Fixed Update",0.00620000018
6497.6752,149,18,"Spline Update",0.00039999999
6497.677,149,18,"Compose",0.393700004
6497.679,149,18,"Update Buffers (CPU)",0.1175
6504.8377,150,18,"RenderPath3D Update",5.9672
6504.8708,150,18,"Application Update",7.0089
6520.5058,150,18,"Application Render",15.6317
6521.0053,150,18,"Application Compose",0.4199
6522.1756,150,18,"SubmitCommandLists",1.1548
6522.1999,150,18,"Shadowmap packing",0.00109999999
6522.2027,150,18,"Render",15.6310997
6522.2046,150,18,"Procedural Animations",0.00219999999
6522.2068,150,18,"Script Components",0.000199999995
6522.2092,150,18,"CPU Frame",23.4368992
6522.211,150,18,"Input",0.172099993
6522.2132,150,18,"GUI Update",0.0489999987
6522.2151,150,18,"Frustum Culling",1.63279998
6522.2169,150,18,"Animations",0.00079999998
6522.2186,150,18,"Spring Dependencies",0.00079999998
6522.2205,150,18,"GUI Render",0.113799997
6522.2222,150,18,"Physics",0.00769999996
6522.2239,150,18,"Update",7.00860023
6522.2256,150,18,"Fixed Update",0.00480000023
6522.2273,150,18,"Spline Update",0.000199999995
6522.2295,150,18,"Compose",0.41870001
6522.2316,150,18,"Update Buffers (CPU)",0.117399998
6529.5972,151,18,"RenderPath3D Update",6.0812
6529.6314,151,18,"Application Update",7.2517
6540.5404,151,18,"Application Render",10.9057
6541.0669,151,18,"Application Compose",0.4337
6542.294,151,18,"SubmitCommandLists",1.2155
6542.3213,151,18,"Shadowmap packing",0.00039999999
6542.3242,151,18,"Render",10.9048996
6542.3261,151,18,"Procedural Animations",0.0013
6542.3283,151,18,"Script Components",0.000600000028
6542.3307,151,18,"CPU Frame",18.8868999
6542.3324,151,18,"Input",0.127599999
6542.3345,151,18,"GUI Update",0.104900002
6542.3362,151,18,"Frustum Culling",1.19130003
6542.338,151,18,"Animations",9.99999975e-05
6542.3402,151,18,"Spring Dependencies",0.000300000014
6542.3422,151,18,"GUI Render",0.107500002
6542.3438,151,18,"Physics",0.00730000017
6542.346,151,18,"Update",7.25129986
6542.3477,151,18,"Fixed Update",0.0120999999
6542.3495,151,18,"Spline Update",0.000300000014
6542.3512,151,18,"Compose",0.432900012
6542.353,151,18,"Update Buffers (CPU)",0.113799997
6548.1637,152,18,"RenderPath3D Update",4.887
6548.2099,152,18,"Application Update",5.7187
6557.9795,152,18,"Application Render",9.7668
6558.4573,152,18,"Application Compose",0.4078
6559.6403,152,18,"SubmitCommandLists",1.1701
6559.6651,152,18,"Shadowmap packing",0.00039999999
6559.6683,152,18,"Render",9.7656002
6559.6701,152,18,"Procedural Animations",0.00139999995
6559.6722,152,18,"Script Components",9.99999975e-05
6559.6749,152,18,"CPU Frame",16.1597996
6559.6768,152,18,"Input",0.126800001
6559.6788,152,18,"GUI Update",0.0810000002
6559.6807,152,18,"Frustum Culling",1.15380001
6559.6826,152,18,"Animations",0.000600000028
6559.6845,152,18,"Spring Dependencies",0.000899999985
6559.6864,152,18,"GUI Render",0.0763999969
6559.6881,152,18,"Physics",0.0111999996
6559.6898,152,18,"Update",5.7184
6559.6914,152,18,"Fixed Update",0.0057000001
6559.6932,152,18,"Spline Update",9.99999975e-05
6559.695,152,18,"Compose",0.406899989
6559.6969,152,18,"Update Buffers (CPU)",0.120399997
6565.7006,153,18,"RenderPath3D Update",5.0273
6565.7191,153,18,"Application Update",5.8904
6575.1974,153,18,"Application Render",9.4674
6575.7353,153,18,"Application Compose",0.4461
6576.7493,153,18,"SubmitCommandLists",1.0025
6576.7746,153,18,"Shadowmap packing",0.00039999999
6576.7773,153,18,"Render",9.46630001
6576.7791,153,18,"Procedural Animations",0.00139999995
6576.7812,153,18,"Script Components",0.000199999995
6576.7834,153,18,"CPU Frame",16.0898991
6576.7852,153,18,"Input",0.120499998
6576.7874,153,18,"GUI Update",0.0615000017
6576.7892,153,18,"Frustum Culling",1.04429996
6576.7909,153,18,"Animations",0.000199999995
6576.8313,153,18,"Spring Dependencies",0.000699999975
6576.8334,153,18,"GUI Render",0.0762000009
6576.8351,153,18,"Physics",0.0055999998
6576.8369,153,18,"Update",5.88980007
6576.8386,153,18,"Fixed Update",0.00529999984
6576.8403,153,18,"Spline Update",0.000199999995
6576.8421,153,18,"Compose",0.4454
6576.844,153,18,"Update Buffers (CPU)",0.0940999985
6582.9375,154,18,"RenderPath3D Update",5.0301
6583.0004,154,18,"Application Update",5.9963
6592.7476,154,18,"Application Render",9.7442
6593.207,154,18,"Application Compose",0.3939
6594.361,154,18,"SubmitCommandLists",1.143
6594.3858,154,18,"Shadowmap packing",0.00109999999
6594.3886,154,18,"Render",9.74300003
6594.3904,154,18,"Procedural Animations",0.00159999996
6594.3924,154,18,"Script Components",0.000199999995
6594.3948,154,18,"CPU Frame",16.4533005
6594.3967,154,18,"Input",0.131099999
6594.3987,154,18,"GUI Update",0.0406000018
6594.4006,154,18,"Frustum Culling",1.21140003
6594.4025,154,18,"Animations",0.000699999975
6594.4046,154,18,"Spring Dependencies",0.00109999999
6594.4065,154,18,"GUI Render",0.0861999989
6594.4082,154,18,"Physics",0.0115999999
6594.41,154,18,"Update",5.99580002
6594.4118,154,18,"Fixed Update",0.00549999997
6594.4136,154,18,"Spline Update",0.000199999995
6594.4154,154,18,"Compose",0.393099993
6594.4171,154,18,"Update Buffers (CPU)",0.148599997
6600.4727,155,18,"RenderPath3D Update",5.0644
6600.4994,155,18,"Application Update",5.9249
6609.993,155,18,"Application Render",9.4898
6610.4936,155,18,"Application Compose",0.4145
6611.42,155,18,"SubmitCommandLists",0.9137
6611.4451,155,18,"Shadowmap packing",0.000500000024
6611.4481,155,18,"Render",9.48830032
6611.45,155,18,"Procedural Animations",0.00190000003
6611.4523,155,18,"Script Components",0.000199999995
6611.4544,155,18,"CPU Frame",16.1287994
6611.4563,155,18,"Input",0.146400005
6611.4585,155,18,"GUI Update",0.0405000001
6611.4604,155,18,"Frustum Culling",1.09669995
6611.4625,155,18,"Animations",0.00079999998
6611.4642,155,18,"Spring Dependencies",0.000199999995
6611.4662,155,18,"GUI Render",0.110399999
6611.4679,155,18,"Physics",0.00520000001
6611.4698,155,18,"Update",5.92460012
6611.4715,155,18,"Fixed Update",0.00469999993
6611.4732,155,18,"Spline Update",0.000199999995
6611.475,155,18,"Compose",0.413599998
6611.4768,155,18,"Update Buffers (CPU)",0.0908000022
6617.3826,156,18,"RenderPath3D Update",4.883
6617.4345,156,18,"Application Update",5.8122
6627.3469,156,18,"Application Render",9.9092
6627.8462,156,18,"Application Compose",0.406
6628.9707,156,18,"SubmitCommandLists",1.113
6628.9964,156,18,"Shadowmap packing",0.00039999999
6628.9993,156,18,"Render",9.90839958
6629.0014,156,18,"Procedural Animations",0.00150000001
6629.0035,156,18,"Script Components",0.000199999995
6629.0061,156,18,"CPU Frame",16.4218998
6629.008,156,18,"Input",0.133699998
6629.0103,156,18,"GUI Update",0.059700001
6629.0121,156,18,"Frustum Culling",1.14359999
6629.014,156,18,"Animations",0.000199999995
6629.0159,156,18,"Spring Dependencies",0.000300000014
6629.0178,156,18,"GUI Render",0.115599997
6629.0195,156,18,"Physics",0.00510000018
6629.0214,156,18,"Update",5.8118
6629.0233,156,18,"Fixed Update",0.0055999998
6629.0253,156,18,"Spline Update",0.000199999995
6629.027,156,18,"Compose",0.405099988
6629.029,156,18,"Update Buffers (CPU)",0.107000001
6634.8924,157,18,"RenderPath3D Update",4.796
6634.9355,157,18,"Application Update",5.7605
6645.1798,157,18,"Application Render",10.2389
6645.6347,157,18,"Application Compose",0.3896
6646.6468,157,18,"SubmitCommandLists",1.0005
6646.6717,157,18,"Shadowmap packing",0.000300000014
6646.6746,157,18,"Render",10.2374001
6646.6765,157,18,"Procedural Animations",0.0013
6646.6787,157,18,"Script Components",0.000199999995
6646.681,157,18,"CPU Frame",16.6594009
6646.683,157,18,"Input",0.135000005
6646.6852,157,18,"GUI Update",0.0326999985
6646.687,157,18,"Frustum Culling",1.17579997
6646.6889,157,18,"Animations",0.000199999995
6646.6908,157,18,"Spring Dependencies",0.00100000005
6646.6927,157,18,"GUI Render",0.0866999999
6646.6944,157,18,"Physics",0.00620000018
6646.6961,157,18,"Update",5.75960016
6646.741,157,18,"Fixed Update",0.00449999981
6646.7429,157,18,"Spline Update",0.000199999995
6646.7447,157,18,"Compose",0.388900012
6646.7466,157,18,"Update Buffers (CPU)",0.127399996
6653.5919,158,18,"RenderPath3D Update",5.6927
6653.6125,158,18,"Application Update",6.711
6663.2963,158,18,"Application Render",9.6806
6663.7756,158,18,"Application Compose",0.3968
6665.0097,158,18,"SubmitCommandLists",1.2209
6665.0427,158,18,"Shadowmap packing",0.000300000014
6665.0462,158,18,"Render",9.67920017
6665.048,158,18,"Procedural Animations",0.0013
6665.0504,158,18,"Script Components",9.99999975e-05
6665.0533,158,18,"CPU Frame",17.1249008
6665.0552,158,18,"Input",0.143000007
6665.0573,158,18,"GUI Update",0.0318000019
6665.0592,158,18,"Frustum Culling",1.15750003
6665.061,158,18,"Animations",9.99999975e-05
6665.0628,158,18,"Spring Dependencies",0.000600000028
6665.0647,158,18,"GUI Render",0.112300001
6665.0663,158,18,"Physics",0.00490000006
6665.0682,158,18,"Update",6.7105999
6665.0699,158,18,"Fixed Update",0.00620000018
6665.0717,158,18,"Spline Update",0.000199999995
6665.0735,158,18,"Compose",0.395900011
6665.0752,158,18,"Update Buffers (CPU)",0.0929000005
6671.4015,159,18,"RenderPath3D Update",4.809
6671.4172,159,18,"Application Update",6.1975
6682.1478,159,18,"Application Render",10.7277
6682.6167,159,18,"Application Compose",0.3975
6683.6702,159,18,"SubmitCommandLists",1.0398
6683.695,159,18,"Shadowmap packing",0.00039999999
6683.698,159,18,"Render",10.7271004
6683.7001,159,18,"Procedural Animations",0.00109999999
6683.7025,159,18,"Script Components",9.99999975e-05
6683.7053,159,18,"CPU Frame",17.6037006
6683.7071,159,18,"Input",0.131200001
6683.7093,159,18,"GUI Update",0.0306000002
6683.7113,159,18,"Frustum Culling",1.62559998
6683.7131,159,18,"Animations",0.00079999998
6683.7149,159,18,"Spring Dependencies",0.000500000024
6683.7169,159,18,"GUI Render",0.0974999964
6683.7187,159,18,"Physics",0.00480000023
6683.7205,159,18,"Update",6.19729996
6683.7221,159,18,"Fixed Update",0.00630000001
6683.7238,159,18,"Spline Update",0.000199999995
6683.7255,159,18,"Compose",0.396600008
6683.7273,159,18,"Update Buffers (CPU)",0.129099995
6690.9102,160,18,"RenderPath3D Update",6.0246
6690.9305,160,18,"Application Update",7.0562
6701.5822,160,18,"Application Render",10.6486
6702.076,160,18,"Application Compose",0.4018
6703.1755,160,18,"SubmitCommandLists",1.0868
6703.2016,160,18,"Shadowmap packing",0.00039999999
6703.2046,160,18,"Render",10.6478996
6703.2066,160,18,"Procedural Animations",0.00120000006
6703.2088,160,18,"Script Components",0.000500000024
6703.2111,160,18,"CPU Frame",18.4025002
6703.2128,160,18,"Input",0.135800004
6703.2152,160,18,"GUI Update",0.0886999965
6703.2171,160,18,"Frustum Culling",1.13870001
6703.2189,160,18,"Animations",0.00079999998
6703.221,160,18,"Spring Dependencies",0.000199999995
6703.2231,160,18,"GUI Render",0.0948999971
6703.2249,160,18,"Physics",0.00600000005
6703.2267,160,18,"Update",7.0559001
6703.2284,160,18,"Fixed Update",0.0057000001
6703.2302,160,18,"Spline Update",0.00079999998
6703.2319,160,18,"Compose",0.400900006
6703.2337,160,18,"Update Buffers (CPU)",0.174099997
6710.0051,161,18,"RenderPath3D Update",5.6434
6710.0234,161,18,"Application Update",6.6449
6720.2177,161,18,"Application Render",10.1889
6720.6635,161,18,"Application Compose",0.3861
6722.1337,161,18,"SubmitCommandLists",1.4586
6722.1631,161,18,"Shadowmap packing",0.000899999985
6722.1657,161,18,"Render",10.1882
6722.1678,161,18,"Procedural Animations",0.0013
6722.1699,161,18,"Script Components",0.000199999995
6722.1722,161,18,"CPU Frame",17.4832001
6722.174,161,18,"Input",0.134000003
6722.1762,161,18,"GUI Update",0.0533999987
6722.1781,161,18,"Frustum Culling",1.3822
6722.1801,161,18,"Animations",0.000199999995
6722.1818,161,18,"Spring Dependencies",0.00109999999
6722.1841,161,18,"GUI Render",0.0974999964
6722.1858,161,18,"Physics",0.00510000018
6722.1877,161,18,"Update",6.64459991
6722.1894,161,18,"Fixed Update",0.00520000001
6722.191,161,18,"Spline Update",9.99999975e-05
6722.1933,161,18,"Compose",0.385399997
6722.2547,161,18,"Update Buffers (CPU)",0.149399996
6729.2988,162,18,"RenderPath3D Update",5.9512
6729.3177,162,18,"Application Update",6.9084
6738.8377,162,18,"Application Render",9.517
6739.292,162,18,"Application Compose",0.3908
6740.3525,162,18,"SubmitCommandLists",1.0488
6740.3815,162,18,"Shadowmap packing",0.000300000014
6740.3846,162,18,"Render",9.51609993
6740.3863,162,18,"Procedural Animations",0.00179999997
6740.3885,162,18,"Script Components",0.000199999995
6740.3908,162,18,"CPU Frame",17.1532001
6740.3926,162,18,"Input",0.142900005
6740.3947,162,18,"GUI Update",0.0649999976
6740.3968,162,18,"Frustum Culling",1.13680005
6740.3985,162,18,"Animations",9.99999975e-05
6740.4008,162,18,"Spring Dependencies",0.00079999998
6740.4028,162,18,"GUI Render",0.0872000009
6740.4046,162,18,"Physics",0.00549999997
6740.4065,162,18,"Update",6.9078002
6740.4082,162,18,"Fixed Update",0.00499999989
6740.41,162,18,"Spline Update",0.000300000014
6740.4119,162,18,"Compose",0.389899999
6740.4137,162,18,"Update Buffers (CPU)",0.129199997
6746.6086,163,18,"RenderPath3D Update",5.1225
6746.638,163,18,"Application Update",6.0813
6757.7504,163,18,"Application Render",11.1098
6758.2221,163,18,"Application Compose",0.3905
6759.3005,163,18,"SubmitCommandLists",1.0672
6759.3276,163,18,"Shadowmap packing",0.00190000003
6759.3305,163,18,"Render",11.1091003
6759.3325,163,18,"Procedural Animations",0.00170000002
6759.3345,163,18,"Script Components",0.000600000028
6759.337,163,18,"CPU Frame",17.8647995
6759.3388,163,18,"Input",0.1303
6759.3409,163,18,"GUI Update",0.0472999997
6759.3428,163,18,"Frustum Culling",1.14409995
6759.3445,163,18,"Animations",9.99999975e-05
6759.347,163,18,"Spring Dependencies",0.000300000014
6759.3491,163,18,"GUI Render",0.125200003
6759.3508,163,18,"Physics",0.00639999984
6759.3527,163,18,"Update",6.08090019
6759.3542,163,18,"Fixed Update",0.00639999984
6759.356,163,18,"Spline Update",0.000199999995
6759.3578,163,18,"Compose",0.389800012
6759.3596,163,18,"Update Buffers (CPU)",0.146200001
6765.9176,164,18,"RenderPath3D Update",5.4731
6765.9378,164,18,"Application Update",6.4323
6775.7302,164,18,"Application Render",9.7901
6776.1793,164,18,"Application Compose",0.3894
6777.4676,164,18,"SubmitCommandLists",1.2771
6777.4944,164,18,"Shadowmap packing",0.000500000024
6777.4971,164,18,"Render",9.78929996
6777.4988,164,18,"Procedural Animations",0.00120000006
6777.5009,164,18,"Script Components",9.99999975e-05
6777.5038,164,18,"CPU Frame",16.8733006
6777.5057,164,18,"Input",0.1347
6777.5076,164,18,"GUI Update",0.0478999987
6777.5095,164,18,"Frustum Culling",1.07480001
6777.5113,164,18,"Animations",0.000199999995
6777.513,164,18,"Spring Dependencies",0.00100000005
6777.5151,164,18,"GUI Render",0.108099997
6777.5169,164,18,"Physics",0.00540000014
6777.5188,164,18,"Update",6.43209982
6777.5204,164,18,"Fixed Update",0.00510000018
6777.522,164,18,"Spline Update",0.000199999995
6777.5239,164,18,"Compose",0.388700008
6777.5257,164,18,"Update Buffers (CPU)",0.1391
6783.5985,165,18,"RenderPath3D Update",5.0188
6783.6148,165,18,"Application Update",5.9519
6793.7831,165,18,"Application Render",10.1656
6794.2618,165,18,"Application Compose",0.4137
6795.3458,165,18,"SubmitCommandLists",1.0719
6795.3732,165,18,"Shadowmap packing",0.000699999975
6795.3763,165,18,"Render",10.1646996
6795.3782,165,18,"Procedural Animations",0.00109999999
6795.3805,165,18,"Script Components",0.000199999995
6795.3829,165,18,"CPU Frame",16.7889004
6795.3848,165,18,"Input",0.125799999
6795.3874,165,18,"GUI Update",0.0666999966
6795.3893,165,18,"Frustum Culling",1.26339996
6795.3911,165,18,"Animations",9.99999975e-05
6795.3934,165,18,"Spring Dependencies",0.000699999975
6795.3955,165,18,"GUI Render",0.0996000022
6795.3973,165,18,"Physics",0.00540000014
6795.3992,165,18,"Update",5.95170021
6795.4009,165,18,"Fixed Update",0.00520000001
6795.4029,165,18,"Spline Update",0.000500000024
6795.4047,165,18,"Compose",0.412999988
6795.4065,165,18,"Update Buffers (CPU)",0.114399999
6801.6121,166,18,"RenderPath3D Update",5.1516
6801.6405,166,18,"Application Update",6.0745
6811.5789,166,18,"Application Render",9.8684
6812.0918,166,18,"Application Compose",0.4099
6813.1678,166,18,"SubmitCommandLists",1.0632
6813.1922,166,18,"Shadowmap packing",0.000500000024
6813.1951,166,18,"Render",9.86769962
6813.197,166,18,"Procedural Animations",0.00120000006
6813.1993,166,18,"Script Components",0.000199999995
6813.2015,166,18,"CPU Frame",16.7408009
6813.2033,166,18,"Input",0.148300007
6813.2054,166,18,"GUI Update",0.0467000008
6813.2073,166,18,"Frustum Culling",1.16139996
6813.2093,166,18,"Animations",9.99999975e-05
6813.2115,166,18,"Spring Dependencies",0.000300000014
6813.2135,166,18,"GUI Render",0.128299996
6813.2152,166,18,"Physics",0.00529999984
6813.2172,166,18,"Update",6.07420015
6813.2189,166,18,"Fixed Update",0.00499999989
6813.2207,166,18,"Spline Update",0.000199999995
6813.2224,166,18,"Compose",0.409099996
6813.2241,166,18,"Update Buffers (CPU)",0.147799999
6819.3884,167,18,"RenderPath3D Update",5.0996
6819.4175,167,18,"Application Update",6.0301
6829.2383,167,18,"Application Render",9.8177
6829.7089,167,18,"Application Compose",0.3977
6830.8179,167,18,"SubmitCommandLists",1.0956
6830.8444,167,18,"Shadowmap packing",0.00039999999
6830.8474,167,18,"Render",9.81709957
6830.8493,167,18,"Procedural Animations",0.00179999997
6830.8513,167,18,"Script Components",0.000199999995
6830.8536,167,18,"CPU Frame",16.5380001
6830.8555,167,18,"Input",0.152099997
6830.8576,167,18,"GUI Update",0.0524000004
6830.8594,167,18,"Frustum Culling",1.24940002
6830.8611,167,18,"Animations",9.99999975e-05
6830.8634,167,18,"Spring Dependencies",0.000199999995
6830.8653,167,18,"GUI Render",0.135399997
6830.8669,167,18,"Physics",0.00590000022
6830.8688,167,18,"Update",6.02979994
6830.8704,167,18,"Fixed Update",0.00590000022
6830.8721,167,18,"Spline Update",9.99999975e-05
6830.8739,167,18,"Compose",0.396800011
6830.8755,167,18,"Update Buffers (CPU)",0.0843999982
6837.3769,168,18,"RenderPath3D Update",5.3404
6837.3901,168,18,"Application Update",6.1761
6847.3659,168,18,"Application Render",9.9732
6847.8251,168,18,"Application Compose",0.3942
6848.8387,168,18,"SubmitCommandLists",1.0023
6848.865,168,18,"Shadowmap packing",0.000199999995
6848.8682,168,18,"Render",9.97239971
6848.8701,168,18,"Procedural Animations",0.0013
6848.8723,168,18,"Script Components",0.000199999995
6848.8746,168,18,"CPU Frame",17.0023994
6848.8764,168,18,"Input",0.327300012
6848.8786,168,18,"GUI Update",0.0469999984
6848.8805,168,18,"Frustum Culling",1.06040001
6848.8824,168,18,"Animations",0.000600000028
6848.8842,168,18,"Spring Dependencies",0.00150000001
6848.886,168,18,"GUI Render",0.115400001
6848.8877,168,18,"Physics",0.00719999988
6848.8893,168,18,"Update",6.17579985
6848.8909,168,18,"Fixed Update",0.00549999997
6848.8927,168,18,"Spline Update",0.000199999995
6848.8944,168,18,"Compose",0.3935
6848.8963,168,18,"Update Buffers (CPU)",0.136899993
6854.9432,169,18,"RenderPath3D Update",4.9078
6854.9744,169,18,"Application Update",5.9407
6864.9053,169,18,"Application Render",9.928
6865.3513,169,18,"Application Compose",0.3893
6866.3393,169,18,"SubmitCommandLists",0.9763
6866.3635,169,18,"Shadowmap packing",0.000500000024
6866.366,169,18,"Render",9.92720032
6866.368,169,18,"Procedural Animations",0.0013
6866.37,169,18,"Script Components",0.000199999995
6866.3725,169,18,"CPU Frame",16.5077
6866.3744,169,18,"Input",0.127700001
6866.3764,169,18,"GUI Update",0.0335000008
6866.3783,169,18,"Frustum Culling",1.31850004
6866.3801,169,18,"Animations",9.99999975e-05
6866.3823,169,18,"Spring Dependencies",0.000500000024
6866.3843,169,18,"GUI Render",0.101099998
6866.386,169,18,"Physics",0.00520000001
6866.3878,169,18,"Update",5.94029999
6866.3895,169,18,"Fixed Update",0.00449999981
6866.3913,169,18,"Spline Update",0.000199999995
6866.393,169,18,"Compose",0.388500005
6866.3951,169,18,"Update Buffers (CPU)",0.157299995
6873.26,170,18,"RenderPath3D Update",5.586
6873.2792,170,18,"Application Update",6.7448
6883.68,170,18,"Application Render",10.398
6884.1595,170,18,"Application Compose",0.3963
6885.3114,170,18,"SubmitCommandLists",1.1386
6885.3368,170,18,"Shadowmap packing",0.00039999999
6885.376,170,18,"Render",10.3969002
6885.3782,170,18,"Procedural Animations",0.00150000001
6885.3804,170,18,"Script Components",0.000199999995
6885.3827,170,18,"CPU Frame",17.8178997
6885.3845,170,18,"Input",0.128199995
6885.3867,170,18,"GUI Update",0.0406000018
6885.3885,170,18,"Frustum Culling",1.30690002
6885.3904,170,18,"Animations",0.000600000028
6885.3924,170,18,"Spring Dependencies",0.000500000024
6885.3943,170,18,"GUI Render",0.106299996
6885.3959,170,18,"Physics",0.0100999996
6885.3978,170,18,"Update",6.74459982
6885.3994,170,18,"Fixed Update",0.00540000014
6885.4012,170,18,"Spline Update",0.000199999995
6885.403,170,18,"Compose",0.395200014
6885.405,170,18,"Update Buffers (CPU)",0.118699998
6891.6509,171,18,"RenderPath3D Update",5.1097
6891.6806,171,18,"Application Update",6.1286
6901.3313,171,18,"Application Render",9.648
6901.8727,171,18,"Application Compose",0.4646
6902.987,171,18,"SubmitCommandLists",1.0904
6903.0123,171,18,"Shadowmap packing",0.000500000024
6903.0152,171,18,"Render",9.64710045
6903.0172,171,18,"Procedural Animations",0.00139999995
6903.0195,171,18,"Script Components",0.000199999995
6903.0216,171,18,"CPU Frame",16.5578995
6903.0234,171,18,"Input",0.135399997
6903.0257,171,18,"GUI Update",0.0571999997
6903.0275,171,18,"Frustum Culling",1.25010002
6903.0293,171,18,"Animations",9.99999975e-05
6903.0315,171,18,"Spring Dependencies",0.000199999995
6903.0334,171,18,"GUI Render",0.103
6903.035,171,18,"Physics",0.00520000001
6903.037,171,18,"Update",6.12839985
6903.0387,171,18,"Fixed Update",0.00579999993
6903.0405,171,18,"Spline Update",0.000199999995
6903.0423,171,18,"Compose",0.46360001
6903.044,171,18,"Update Buffers (CPU)",0.108599998
6909.3181,172,18,"RenderPath3D Update",5.1271
6909.3533,172,18,"Application Update",6.1581
6919.682,172,18,"Application Render",10.3252
6920.1531,172,18,"Application Compose",0.3944
6921.1645,172,18,"SubmitCommandLists",0.9995
6921.1909,172,18,"Shadowmap packing",0.00079999998
6921.1936,172,18,"Render",10.3240995
6921.1954,172,18,"Procedural Animations",0.00139999995
6921.1975,172,18,"Script Components",0.000199999995
6921.1997,172,18,"CPU Frame",17.1616993
6921.2015,172,18,"Input",0.140400007
6921.2038,172,18,"GUI Update",0.059700001
6921.2055,172,18,"Frustum Culling",1.23010004
6921.2074,172,18,"Animations",9.99999975e-05
6921.2096,172,18,"Spring Dependencies",0.000300000014
6921.2116,172,18,"GUI Render",0.1039
6921.2133,172,18,"Physics",0.00469999993
6921.2151,172,18,"Update",6.1578002
6921.2167,172,18,"Fixed Update",0.00480000023
6921.2185,172,18,"Spline Update",0.000199999995
6921.2201,172,18,"Compose",0.393700004
6921.222,172,18,"Update Buffers (CPU)",0.177699998
6928.1182,173,18,"RenderPath3D Update",5.8245
6928.1397,173,18,"Application Update",6.7737
6937.7899,173,18,"Application Render",9.6474
6938.2327,173,18,"Application Compose",0.3878
6939.2759,173,18,"SubmitCommandLists",1.0307
6939.3042,173,18,"Shadowmap packing",0.000300000014
6939.3071,173,18,"Render",9.64659977
6939.3092,173,18,"Procedural Animations",0.0013
6939.3114,173,18,"Script Components",0.000199999995
6939.3138,173,18,"CPU Frame",17.0639
6939.3159,173,18,"Input",0.132799998
6939.3181,173,18,"GUI Update",0.0751999989
6939.3201,173,18,"Frustum Culling",1.46039999
6939.3219,173,18,"Animations",0.000199999995
6939.3237,173,18,"Spring Dependencies",0.000300000014
6939.3256,173,18,"GUI Render",0.0983999968
6939.3273,173,18,"Physics",0.00540000014
6939.3293,173,18,"Update",6.77339983
6939.331,173,18,"Fixed Update",0.00540000014
6939.3328,173,18,"Spline Update",0.000199999995
6939.3345,173,18,"Compose",0.386799991
6939.3363,173,18,"Update Buffers (CPU)",0.174899995
6945.5594,174,18,"RenderPath3D Update",5.1125
6945.5907,174,18,"Application Update",6.1147
6960.9879,174,18,"Application Render",15.3939
6961.4701,174,18,"Application Compose",0.4028
6962.5621,174,18,"SubmitCommandLists",1.0796
6962.5902,174,18,"Shadowmap packing",0.00039999999
6962.5933,174,18,"Render",15.3929996
6962.5953,174,18,"Procedural Animations",0.00139999995
6962.598,174,18,"Script Components",0.000199999995
6962.64,174,18,"CPU Frame",22.1905003
6962.6421,174,18,"Input",0.128399998
6962.6445,174,18,"GUI Update",0.0458999984
6962.6464,174,18,"Frustum Culling",1.33809996
6962.6485,174,18,"Animations",9.99999975e-05
6962.6506,174,18,"Spring Dependencies",0.000500000024
6962.6527,174,18,"GUI Render",0.0850000009
6962.6543,174,18,"Physics",0.00480000023
6962.6561,174,18,"Update",6.11439991
6962.6578,174,18,"Fixed Update",0.0057000001
6962.6596,174,18,"Spline Update",0.000199999995
6962.6614,174,18,"Compose",0.401800007
6962.6632,174,18,"Update Buffers (CPU)",0.167600006
6969.6126,175,18,"RenderPath3D Update",5.7948
6969.6307,175,18,"Application Update",6.8259
6980.2602,175,18,"Application Render",10.6268
6980.7384,175,18,"Application Compose",0.4051
6981.8552,175,18,"SubmitCommandLists",1.1027
6981.8831,175,18,"Shadowmap packing",0.00039999999
6981.8861,175,18,"Render",10.6255999
6981.888,175,18,"Procedural Animations",0.0013
6981.8902,175,18,"Script Components",0.000199999995
6981.8925,175,18,"CPU Frame",18.1714993
6981.8941,175,18,"Input",0.129700005
6981.8964,175,18,"GUI Update",0.0579999983
6981.8983,175,18,"Frustum Culling",1.16559994
6981.9002,175,18,"Animations",0.00079999998
6981.902,175,18,"Spring Dependencies",0.000699999975
6981.9042,175,18,"GUI Render",0.0882000029
6981.9059,175,18,"Physics",0.0137
6981.9077,175,18,"Update",6.82560015
6981.9095,175,18,"Fixed Update",0.00579999993
6981.9113,175,18,"Spline Update",0.000199999995
6981.913,175,18,"Compose",0.404100001
6981.915,175,18,"Update Buffers (CPU)",0.145999998
6989.2637,176,18,"RenderPath3D Update",6.173
6989.2853,176,18,"Application Update",7.2312
7001.4158,176,18,"Application Render",12.1272
7001.8982,176,18,"Application Compose",0.4083
7003.2464,176,18,"SubmitCommandLists",1.3349
7003.3208,176,18,"Shadowmap packing",0.000500000024
7003.3243,176,18,"Render",12.1260004
7003.3264,176,18,"Procedural Animations",0.0013
7003.3287,176,18,"Script Components",0.000300000014
7003.3395,176,18,"CPU Frame",20.0391006
7003.3412,176,18,"Input",0.128199995
7003.3434,176,18,"GUI Update",0.0410999991
7003.3453,176,18,"Frustum Culling",1.30320001
7003.3472,176,18,"Animations",9.99999975e-05
7003.3497,176,18,"Spring Dependencies",0.00079999998
7003.3517,176,18,"GUI Render",0.149800003
7003.3534,176,18,"Physics",0.00650000013
7003.3557,176,18,"Update",7.23099995
7003.3574,176,18,"Fixed Update",0.00499999989
7003.3606,176,18,"Spline Update",9.99999975e-05
7003.3625,176,18,"Compose",0.407400012
7003.3801,176,18,"Update Buffers (CPU)",0.1131
7009.6462,177,18,"RenderPath3D Update",5.1479
7009.6684,177,18,"Application Update",6.1212
7026.0803,177,18,"Application Render",16.4078
7026.5988,177,18,"Application Compose",0.4422
7028.2527,177,18,"SubmitCommandLists",1.6336
7028.3201,177,18,"Shadowmap packing",0.00120000006
7028.3249,177,18,"Render",16.4062996
7028.3269,177,18,"Procedural Animations",0.00139999995
7028.3291,177,18,"Script Components",0.000300000014
7028.3491,177,18,"CPU Frame",23.3236008
7028.3514,177,18,"Input",0.155100003
7028.3537,177,18,"GUI Update",0.0595999993
7028.3559,177,18,"Frustum Culling",1.48109996
7028.3577,177,18,"Animations",9.99999975e-05
7028.3599,177,18,"Spring Dependencies",0.000699999975
7028.3621,177,18,"GUI Render",0.127299994
7028.3637,177,18,"Physics",0.00590000022
7028.3654,177,18,"Update",6.12090015
7028.3672,177,18,"Fixed Update",0.00529999984
7028.369,177,18,"Spline Update",0.00039999999
7028.371,177,18,"Compose",0.441100001
7028.3732,177,18,"Update Buffers (CPU)",0.132499993
7040.522,178,18,"RenderPath3D Update",10.9465
7040.5999,178,18,"Application Update",12.0561
7052.0384,178,18,"Application Render",11.4346
7052.521,178,18,"Application Compose",0.4141
7053.5654,178,18,"SubmitCommandLists",1.032
7053.5926,178,18,"Shadowmap packing",0.00039999999
7053.5958,178,18,"Render",11.4326
7053.5977,178,18,"Procedural Animations",0.00139999995
7053.5999,178,18,"Script Components",0.000500000024
7053.6024,178,18,"CPU Frame",24.2264996
7053.6043,178,18,"Input",0.157199994
7053.6067,178,18,"GUI Update",0.0502000004
7053.6085,178,18,"Frustum Culling",1.92750001
7053.6537,178,18,"Animations",0.000199999995
7053.6556,178,18,"Spring Dependencies",0.00079999998
7053.6578,178,18,"GUI Render",0.0932999998
7053.6596,178,18,"Physics",0.00650000013
7053.6616,178,18,"Update",12.0558004
7053.6633,178,18,"Fixed Update",0.00620000018
7053.6652,178,18,"Spline Update",0.000300000014
7053.667,178,18,"Compose",0.413300008
7053.669,178,18,"Update Buffers (CPU)",0.175300002
7060.8084,179,18,"RenderPath3D Update",5.1995
7060.831,179,18,"Application Update",7.0129
7070.9526,179,18,"Application Render",10.1183
7071.4298,179,18,"Application Compose",0.4014
7072.5077,179,18,"SubmitCommandLists",1.0656
7072.5386,179,18,"Shadowmap packing",0.000199999995
7072.5416,179,18,"Render",10.1087999
7072.5435,179,18,"Procedural Animations",0.00150000001
7072.5458,179,18,"Script Components",0.000199999995
7072.5481,179,18,"CPU Frame",17.8591995
7072.5499,179,18,"Input",0.136899993
7072.5524,179,18,"GUI Update",0.0549999997
7072.5542,179,18,"Frustum Culling",1.42700005
7072.5562,179,18,"Animations",0.000199999995
7072.558,179,18,"Spring Dependencies",0.000600000028
7072.5602,179,18,"GUI Render",0.1153
7072.562,179,18,"Physics",0.0055999998
7072.5639,179,18,"Update",7.01249981
7072.5657,179,18,"Fixed Update",0.00609999988
7072.5675,179,18,"Spline Update",0.000199999995
7072.5692,179,18,"Compose",0.40079999
7072.5711,179,18,"Update Buffers (CPU)",0.0965000018
7079.133,180,18,"RenderPath3D Update",5.4364
7079.1575,180,18,"Application Update",6.431
7090.1532,180,18,"Application Render",10.9925
7090.6768,180,18,"Application Compose",0.4477
7092.1744,180,18,"SubmitCommandLists",1.4832
7092.2235,180,18,"Shadowmap packing",0.00039999999
7092.2277,180,18,"Render",10.9916
7092.2299,180,18,"Procedural Animations",0.0013
7092.2325,180,18,"Script Components",0.000300000014
7092.2363,180,18,"CPU Frame",18.1629009
7092.2388,180,18,"Input",0.143600002
7092.2412,180,18,"GUI Update",0.0529999994
7092.2434,180,18,"Frustum Culling",1.18110001
7092.2453,180,18,"Animations",0.000199999995
7092.247,180,18,"Spring Dependencies",0.00039999999
7092.2492,180,18,"GUI Render",0.105400003
7092.251,180,18,"Physics",0.00590000022
7092.2528,180,18,"Update",6.43069983
7092.2548,180,18,"Fixed Update",0.00590000022
7092.2567,180,18,"Spline Update",0.000300000014
7092.2584,180,18,"Compose",0.44690001
7092.2605,180,18,"Update Buffers (CPU)",0.1215
7099.0194,181,18,"RenderPath3D Update",5.501
7099.034,181,18,"Application Update",6.5664
7110.8961,181,18,"Application Render",11.8587
7111.4629,181,18,"Application Compose",0.4643
7113.912,181,18,"SubmitCommandLists",2.4218
7113.9799,181,18,"Shadowmap packing",0.00039999999
7113.9846,181,18,"Render",11.8576002
7113.987,181,18,"Procedural Animations",0.0013
7113.9904,181,18,"Script Components",0.000199999995
7113.9937,181,18,"CPU Frame",19.2752991
7113.9957,181,18,"Input",0.184300005
7114.0009,181,18,"GUI Update",0.0571000017
7114.0029,181,18,"Frustum Culling",1.12759995
7114.0061,181,18,"Animations",9.99999975e-05
7114.0091,181,18,"Spring Dependencies",0.000699999975
7114.0116,181,18,"GUI Render",0.0890000015
7114.0133,181,18,"Physics",0.00749999983
7114.0154,181,18,"Update",6.56619978
7114.017,181,18,"Fixed Update",0.0132999998
7114.0193,181,18,"Spline Update",0.000199999995
7114.0211,181,18,"Compose",0.46329999
7114.024,181,18,"Update Buffers (CPU)",0.119000003
7121.5752,182,18,"RenderPath3D Update",6.2754
7121.6079,182,18,"Application Update",7.3085
7134.9076,182,18,"Application Render",13.2967
7135.3696,182,18,"Application Compose",0.3949
7136.4008,182,18,"SubmitCommandLists",1.0196
7136.4283,182,18,"Shadowmap packing",0.000600000028
7136.4313,182,18,"Render",13.2959995
7136.4333,182,18,"Procedural Animations",0.0105999997
7136.4358,182,18,"Script Components",0.000300000014
7136.438,182,18,"CPU Frame",21.4382992
7136.44,182,18,"Input",0.252099991
7136.4423,182,18,"GUI Update",0.0873000026
7136.4441,182,18,"Frustum Culling",1.20860004
7136.4461,182,18,"Animations",0.000600000028
7136.4477,182,18,"Spring Dependencies",0.000300000014
7136.4497,182,18,"GUI Render",0.123099998
7136.4514,182,18,"Physics",0.0119000003
7136.4961,182,18,"Update",7.30819988
7136.498,182,18,"Fixed Update",0.0113000004
7136.5,182,18,"Spline Update",0.000600000028
7136.5018,182,18,"Compose",0.39379999
7136.5038,182,18,"Update Buffers (CPU)",0.146799996
7142.4092,183,18,"RenderPath3D Update",4.7799
7142.4602,183,18,"Application Update",5.8084
7155.8667,183,18,"Application Render",13.4025
7156.3154,183,18,"Application Compose",0.3879
7157.3015,183,18,"SubmitCommandLists",0.9738
7157.328,183,18,"Shadowmap packing",0.00039999999
7157.3312,183,18,"Render",13.4014997
7157.3331,183,18,"Procedural Animations",0.0013
7157.3352,183,18,"Script Components",0.000300000014
7157.3379,183,18,"CPU Frame",19.9102001
7157.3396,183,18,"Input",0.136899993
7157.3419,183,18,"GUI Update",0.058600001
7157.3438,183,18,"Frustum Culling",1.47520006
7157.3457,183,18,"Animations",0.00079999998
7157.3475,183,18,"Spring Dependencies",0.00039999999
7157.3493,183,18,"GUI Render",0.117799997
7157.3509,183,18,"Physics",0.00499999989
7157.3529,183,18,"Update",5.80819988
7157.3546,183,18,"Fixed Update",0.00529999984
7157.3562,183,18,"Spline Update",0.000199999995
7157.358,183,18,"Compose",0.387199998
7157.3599,183,18,"Update Buffers (CPU)",0.158999994
7164.9639,184,18,"RenderPath3D Update",6.4988
7164.9826,184,18,"Application Update",7.4861
7174.3056,184,18,"Application Render",9.32
7174.7774,184,18,"Application Compose",0.4003
7176.0556,184,18,"SubmitCommandLists",1.2657
7176.081,184,18,"Shadowmap packing",0.00039999999
7176.0842,184,18,"Render",9.31939983
7176.0861,184,18,"Procedural Animations",0.0208000001
7176.0881,184,18,"Script Components",0.000199999995
7176.0905,184,18,"CPU Frame",17.4727001
7176.0924,184,18,"Input",0.1259
7176.0945,184,18,"GUI Update",0.0579999983
7176.0962,184,18,"Frustum Culling",1.26600003
7176.098,184,18,"Animations",0.000199999995
7176.0997,184,18,"Spring Dependencies",0.000600000028
7176.1016,184,18,"GUI Render",0.142000005
7176.1033,184,18,"Physics",0.0175999999
7176.1057,184,18,"Update",7.48579979
7176.1074,184,18,"Fixed Update",0.00469999993
7176.1091,184,18,"Spline Update",0.000199999995
7176.1109,184,18,"Compose",0.399100006
7176.1126,184,18,"Update Buffers (CPU)",0.1175
7181.8629,185,18,"RenderPath3D Update",4.6603
7181.9505,185,18,"Application Update",5.6964
7195.3405,185,18,"Application Render",13.3864
7195.8045,185,18,"Application Compose",0.3954
7196.8309,185,18,"SubmitCommandLists",1.0119
7196.8589,185,18,"Shadowmap packing",0.000300000014
7196.8619,185,18,"Render",13.3848
7196.8638,185,18,"Procedural Animations",0.00120000006
7196.866,185,18,"Script Components",0.000199999995
7196.8687,185,18,"CPU Frame",19.7460003
7196.8704,185,18,"Input",0.126399994
7196.8727,185,18,"GUI Update",0.0454000011
7196.8747,185,18,"Frustum Culling",1.34019995
7196.8766,185,18,"Animations",9.99999975e-05
7196.8789,185,18,"Spring Dependencies",0.00079999998
7196.8809,185,18,"GUI Render",0.110699996
7196.8826,185,18,"Physics",0.00480000023
7196.8842,185,18,"Update",5.69589996
7196.886,185,18,"Fixed Update",0.0055999998
7196.8879,185,18,"Spline Update",0.000199999995
7196.8897,185,18,"Compose",0.394600004
7196.8916,185,18,"Update Buffers (CPU)",0.0790999979
7203.458,186,18,"RenderPath3D Update",5.4148
7203.4751,186,18,"Application Update",6.4171
7212.8268,186,18,"Application Render",9.3482
7213.3192,186,18,"Application Compose",0.4049
7215.0084,186,18,"SubmitCommandLists",1.6573
7215.0804,186,18,"Shadowmap packing",0.00039999999
7215.0843,186,18,"Render",9.34739971
7215.0866,186,18,"Procedural Animations",0.00150000001
7215.0893,186,18,"Script Components",0.000199999995
7215.0919,186,18,"CPU Frame",16.4827003
7215.0942,186,18,"Input",0.155499995
7215.1049,186,18,"GUI Update",0.0449000001
7215.1071,186,18,"Frustum Culling",1.16890001
7215.109,186,18,"Animations",0.000600000028
7215.1111,186,18,"Spring Dependencies",0.000899999985
7215.1138,186,18,"GUI Render",0.124700002
7215.1156,186,18,"Physics",0.0116999997
7215.1178,186,18,"Update",6.41680002
7215.1196,186,18,"Fixed Update",0.00540000014
7215.1215,186,18,"Spline Update",0.000199999995
7215.1234,186,18,"Compose",0.404199988
7215.1995,186,18,"Update Buffers (CPU)",0.0952000022
7220.9997,187,18,"RenderPath3D Update",4.7765
7221.0406,187,18,"Application Update",5.6659
7230.9378,187,18,"Application Render",9.8935
7231.4171,187,18,"Application Compose",0.4077
7232.5107,187,18,"SubmitCommandLists",1.0797
7232.5369,187,18,"Shadowmap packing",0.000500000024
7232.5401,187,18,"Render",9.89099979
7232.5421,187,18,"Procedural Animations",0.00120000006
7232.5443,187,18,"Script Components",9.99999975e-05
7232.5472,187,18,"CPU Frame",16.3722
7232.5492,187,18,"Input",0.141499996
7232.5515,187,18,"GUI Update",0.0406999998
7232.5534,187,18,"Frustum Culling",1.19889998
7232.5553,187,18,"Animations",0.000300000014
7232.5572,187,18,"Spring Dependencies",0.000500000024
7232.5591,187,18,"GUI Render",0.154100001
7232.5607,187,18,"Physics",0.00520000001
7232.5627,187,18,"Update",5.66559982
7232.5645,187,18,"Fixed Update",0.0269000009
7232.5664,187,18,"Spline Update",0.000199999995
7232.5683,187,18,"Compose",0.406699985
7232.5701,187,18,"Update Buffers (CPU)",0.105499998
7238.7117,188,18,"RenderPath3D Update",5.0839
7238.7437,188,18,"Application Update",6.016
7248.0719,188,18,"Application Render",9.3252
7248.5334,188,18,"Application Compose",0.3974
7249.8077,188,18,"SubmitCommandLists",1.2446
7249.836,188,18,"Shadowmap packing",0.000500000024
7249.8388,188,18,"Render",9.32400036
7249.8406,188,18,"Procedural Animations",0.0013
7249.8428,188,18,"Script Components",9.99999975e-05
7249.8458,188,18,"CPU Frame",16.0186996
7249.8479,188,18,"Input",0.147
7249.85,188,18,"GUI Update",0.0496999994
7249.852,188,18,"Frustum Culling",1.11409998
7249.854,188,18,"Animations",9.99999975e-05
7249.8557,188,18,"Spring Dependencies",0.00039999999
7249.8578,188,18,"GUI Render",0.0848999992
7249.8596,188,18,"Physics",0.00549999997
7249.8615,188,18,"Update",6.00530005
7249.8632,188,18,"Fixed Update",0.00499999989
7249.865,188,18,"Spline Update",0.000199999995
7249.8668,188,18,"Compose",0.396699995
7249.8686,188,18,"Update Buffers (CPU)",0.0912000015
7255.5078,189,18,"RenderPath3D Update",4.533
7255.5245,189,18,"Application Update",5.509
7265.5525,189,18,"Application Render",10.0253
7266.0057,189,18,"Application Compose",0.3907
7267.0787,189,18,"SubmitCommandLists",1.0613
7267.1057,189,18,"Shadowmap packing",0.00039999999
7267.1088,189,18,"Render",10.0246
7267.1109,189,18,"Procedural Animations",0.00120000006
7267.1133,189,18,"Script Components",0.000199999995
7267.1154,189,18,"CPU Frame",16.1921005
7267.1172,189,18,"Input",0.136199996
7267.1195,189,18,"GUI Update",0.0425999984
7267.1215,189,18,"Frustum Culling",1.50670004
7267.1235,189,18,"Animations",0.000199999995
7267.1252,189,18,"Spring Dependencies",0.000199999995
7267.127,189,18,"GUI Render",0.0926999971
7267.1289,189,18,"Physics",0.00490000006
7267.1308,189,18,"Update",5.50869989
7267.1324,189,18,"Fixed Update",0.00480000023
7267.1342,189,18,"Spline Update",0.000199999995
7267.1359,189,18,"Compose",0.389800012
7267.1378,189,18,"Update Buffers (CPU)",0.136399999
7273.1903,190,18,"RenderPath3D Update",4.9863
7273.2085,190,18,"Application Update",5.9097
7286.1649,190,18,"Application Render",12.9535
7286.659,190,18,"Application Compose",0.4175
7287.7122,190,18,"SubmitCommandLists",1.0386
7287.7757,190,18,"Shadowmap packing",0.000300000014
7287.7811,190,18,"Render",12.9526997
7287.7832,190,18,"Procedural Animations",0.00159999996
7287.7856,190,18,"Script Components",0.000199999995
7287.7883,190,18,"CPU Frame",19.5786991
7287.7902,190,18,"Input",0.142800003
7287.7929,190,18,"GUI Update",0.0364000015
7287.7949,190,18,"Frustum Culling",1.29009998
7287.7968,190,18,"Animations",0.000199999995
7287.7989,190,18,"Spring Dependencies",0.000600000028
7287.8009,190,18,"GUI Render",0.103699997
7287.8026,190,18,"Physics",0.00469999993
7287.8045,190,18,"Update",5.90939999
7287.8068,190,18,"Fixed Update",0.00529999984
7287.809,190,18,"Spline Update",0.000199999995
7287.811,190,18,"Compose",0.416500002
7287.8128,190,18,"Update Buffers (CPU)",0.0878999978
7293.6157,191,18,"RenderPath3D Update",4.7103
7293.6521,191,18,"Application Update",5.6707
7303.2702,191,18,"Application Render",9.5438
7303.7919,191,18,"Application Compose",0.459
7304.965,191,18,"SubmitCommandLists",1.1606
7304.9981,191,18,"Shadowmap packing",0.000300000014
7305.0011,191,18,"Render",9.54170036
7305.003,191,18,"Procedural Animations",0.0013
7305.0053,191,18,"Script Components",0.000199999995
7305.0079,191,18,"CPU Frame",16.0494995
7305.0099,191,18,"Input",0.156900004
7305.0122,191,18,"GUI Update",0.0555999987
7305.0142,191,18,"Frustum Culling",1.3398
7305.016,191,18,"Animations",0.000500000024
7305.0178,191,18,"Spring Dependencies",0.000500000024
7305.0195,191,18,"GUI Render",0.0905999988
7305.0212,191,18,"Physics",0.00779999979
7305.0232,191,18,"Update",5.6704998
7305.0249,191,18,"Fixed Update",0.00540000014
7305.0265,191,18,"Spline Update",0.000300000014
7305.0283,191,18,"Compose",0.458400011
7305.03,191,18,"Update Buffers (CPU)",0.131899998
7310.8503,192,18,"RenderPath3D Update",4.6764
7310.8652,192,18,"Application Update",5.6871
7321.2019,192,18,"Application Render",10.3238
7321.6532,192,18,"Application Compose",0.3939
7322.7449,192,18,"SubmitCommandLists",1.0799
7322.7719,192,18,"Shadowmap packing",0.000199999995
7322.7746,192,18,"Render",10.323
7322.7764,192,18,"Procedural Animations",0.00139999995
7322.7787,192,18,"Script Components",9.99999975e-05
7322.7813,192,18,"CPU Frame",16.6835003
7322.7832,192,18,"Input",0.135900006
7322.7853,192,18,"GUI Update",0.0399000011
7322.7872,192,18,"Frustum Culling",1.3369
7322.7889,192,18,"Animations",0.000199999995
7322.7907,192,18,"Spring Dependencies",0.000199999995
7322.7925,192,18,"GUI Render",0.187700003
7322.7942,192,18,"Physics",0.00529999984
7322.7961,192,18,"Update",5.6868
7322.7977,192,18,"Fixed Update",0.00579999993
7322.7996,192,18,"Spline Update",0.000199999995
7322.8013,192,18,"Compose",0.39320001
7322.8032,192,18,"Update Buffers (CPU)",0.198899999
7328.6616,193,18,"RenderPath3D Update",4.6995
7328.68,193,18,"Application Update",5.7356
7338.395,193,18,"Application Render",9.712
7338.8565,193,18,"Application Compose",0.3936
7340.203,193,18,"SubmitCommandLists",1.3349
7340.2433,193,18,"Shadowmap packing",0.000199999995
7340.2469,193,18,"Render",9.71090031
7340.2488,193,18,"Procedural Animations",0.00139999995
7340.2511,193,18,"Script Components",0.000199999995
7340.2535,193,18,"CPU Frame",16.1060009
7340.2555,193,18,"Input",0.123999998
7340.2577,193,18,"GUI Update",0.0318999998
7340.2598,193,18,"Frustum Culling",1.52209997
7340.2616,193,18,"Animations",9.99999975e-05
7340.264,193,18,"Spring Dependencies",0.000600000028
7340.2661,193,18,"GUI Render",0.121100001
7340.2678,193,18,"Physics",0.0055999998
7340.2697,193,18,"Update",5.73530006
7340.2713,193,18,"Fixed Update",0.0115999999
7340.273,193,18,"Spline Update",0.000199999995
7340.2748,193,18,"Compose",0.39289999
7340.2767,193,18,"Update Buffers (CPU)",0.124600001
7347.3428,194,18,"RenderPath3D Update",5.9604
7347.3649,194,18,"Application Update",6.9246
7359.1153,194,18,"Application Render",11.7476
7359.5818,194,18,"Application Compose",0.3985
7360.9087,194,18,"SubmitCommandLists",1.3136
7360.9368,194,18,"Shadowmap packing",0.000600000028
7360.9397,194,18,"Render",11.7468004
7360.9417,194,18,"Procedural Animations",0.00209999993
7360.944,194,18,"Script Components",0.000300000014
7360.9466,194,18,"CPU Frame",19.3717003
7360.9486,194,18,"Input",0.150399998
7360.9506,194,18,"GUI Update",0.0684999973
7360.9525,194,18,"Frustum Culling",1.3348
7360.9543,194,18,"Animations",9.99999975e-05
7360.9566,194,18,"Spring Dependencies",0.000300000014
7360.9586,194,18,"GUI Render",0.157399997
7360.9603,194,18,"Physics",0.00630000001
7360.9621,194,18,"Update",6.92439985
7360.9638,194,18,"Fixed Update",0.0074
7360.9657,194,18,"Spline Update",0.000199999995
7360.9675,194,18,"Compose",0.397700012
7360.9694,194,18,"Update Buffers (CPU)",0.162599996
7366.8152,195,18,"RenderPath3D Update",4.7083
7366.8652,195,18,"Application Update",5.748
7376.3355,195,18,"Application Render",9.467
7376.7946,195,18,"Application Compose",0.3925
7377.6877,195,18,"SubmitCommandLists",0.8811
7377.7177,195,18,"Shadowmap packing",0.000199999995
7377.7627,195,18,"Render",9.46619987
7377.7647,195,18,"Procedural Animations",0.0013
7377.7669,195,18,"Script Components",0.000199999995
7377.7694,195,18,"CPU Frame",15.8802996
7377.7714,195,18,"Input",0.136999995
7377.7739,195,18,"GUI Update",0.0450999998
7377.7758,195,18,"Frustum Culling",1.3908
7377.7782,195,18,"Animations",0.000600000028
7377.78,195,18,"Spring Dependencies",0.000699999975
7377.782,195,18,"GUI Render",0.103799999
7377.7838,195,18,"Physics",0.00689999992
7377.7857,195,18,"Update",5.74779987
7377.7874,195,18,"Fixed Update",0.00520000001
7377.7893,195,18,"Spline Update",0.000199999995
7377.7911,195,18,"Compose",0.391799986
7377.7929,195,18,"Update Buffers (CPU)",0.121100001
7383.9782,196,18,"RenderPath3D Update",5.0365
7384.0125,196,18,"Application Update",6.0776
7393.9518,196,18,"Application Render",9.9366
7394.4418,196,18,"Application Compose",0.397
7395.4211,196,18,"SubmitCommandLists",0.9671
7395.4478,196,18,"Shadowmap packing",0.000199999995
7395.4504,196,18,"Render",9.93589973
7395.4521,196,18,"Procedural Animations",0.00139999995
7395.4545,196,18,"Script Components",0.000199999995
7395.4567,196,18,"CPU Frame",16.7485008
7395.4586,196,18,"Input",0.130799994
7395.4607,196,18,"GUI Update",0.0533999987
7395.4625,196,18,"Frustum Culling",1.27269995
7395.4643,196,18,"Animations",0.000199999995
7395.4661,196,18,"Spring Dependencies",0.000199999995
7395.4679,196,18,"GUI Render",0.132499993
7395.4695,196,18,"Physics",0.00480000023
7395.4713,196,18,"Update",6.07730007
7395.4731,196,18,"Fixed Update",0.00499999989
7395.4748,196,18,"Spline Update",0.000199999995
7395.4765,196,18,"Compose",0.396400005
7395.4782,196,18,"Update Buffers (CPU)",0.144299999
7401.1369,197,18,"RenderPath3D Update",4.5114
7401.1716,197,18,"Application Update",5.5601
7411.0675,197,18,"Application Render",9.8932
7411.512,197,18,"Application Compose",0.3882
7412.386,197,18,"SubmitCommandLists",0.8622
7412.4116,197,18,"Shadowmap packing",0.000300000014
7412.4144,197,18,"Render",9.89249992
7412.4161,197,18,"Procedural Animations",0.00120000006
7412.4181,197,18,"Script Components",0.000199999995
7412.4204,197,18,"CPU Frame",16.0846004
7412.4222,197,18,"Input",0.123000003
7412.4243,197,18,"GUI Update",0.0577999987
7412.4261,197,18,"Frustum Culling",1.51530004
7412.428,197,18,"Animations",0.000600000028
7412.4299,197,18,"Spring Dependencies",0.000500000024
7412.4319,197,18,"GUI Render",0.104000002
7412.4336,197,18,"Physics",0.00689999992
7412.4355,197,18,"Update",5.55989981
7412.4372,197,18,"Fixed Update",0.00480000023
7412.4389,197,18,"Spline Update",0.000199999995
7412.4406,197,18,"Compose",0.387499988
7412.4424,197,18,"Update Buffers (CPU)",0.132499993
7419.7666,198,18,"RenderPath3D Update",6.1512
7419.8047,198,18,"Application Update",7.2209
7430.1669,198,18,"Application Render",10.3592
7430.6194,198,18,"Application Compose",0.3857
7431.4794,198,18,"SubmitCommandLists",0.8483
7431.5078,198,18,"Shadowmap packing",0.00039999999
7431.5108,198,18,"Render",10.3584003
7431.5127,198,18,"Procedural Animations",0.00139999995
7431.515,198,18,"Script Components",9.99999975e-05
7431.5181,198,18,"CPU Frame",18.2290001
7431.5199,198,18,"Input",0.130099997
7431.5222,198,18,"GUI Update",0.0452000014
7431.524,198,18,"Frustum Culling",1.41550004
7431.5259,198,18,"Animations",9.99999975e-05
7431.5276,198,18,"Spring Dependencies",0.00260000001
7431.5295,198,18,"GUI Render",0.0764999986
7431.5313,198,18,"Physics",0.0055999998
7431.5331,198,18,"Update",7.22069979
7431.5348,198,18,"Fixed Update",0.00490000006
7431.5363,198,18,"Spline Update",0.000199999995
7431.5381,198,18,"Compose",0.38499999
7431.54,198,18,"Update Buffers (CPU)",0.1699
7439.3989,199,18,"RenderPath3D Update",6.7047
7439.4342,199,18,"Application Update",7.7555
7452.9214,199,18,"Application Render",13.4829
7453.3783,199,18,"Application Compose",0.3892
7454.5563,199,18,"SubmitCommandLists",1.1655
7454.5866,199,18,"Shadowmap packing",0.00039999999
7454.5895,199,18,"Render",13.4812002
7454.5913,199,18,"Procedural Animations",0.00139999995
7454.5949,199,18,"Script Components",9.99999975e-05
7454.6471,199,18,"CPU Frame",21.8936005
7454.6557,199,18,"Input",0.126499996
7454.6578,199,18,"GUI Update",0.0505000018
7454.6598,199,18,"Frustum Culling",1.13699996
7454.6618,199,18,"Animations",0.000199999995
7454.6634,199,18,"Spring Dependencies",0.000899999985
7454.6655,199,18,"GUI Render",0.126699999
7454.667,199,18,"Physics",0.0074
7454.6689,199,18,"Update",7.75530005
7454.6706,199,18,"Fixed Update",0.0057000001
7454.6724,199,18,"Spline Update",0.000199999995
7454.674,199,18,"Compose",0.388500005
7454.6761,199,18,"Update Buffers (CPU)",0.118900001
7460.9993,200,18,"RenderPath3D Update",5.2041
7461.0211,200,18,"Application Update",6.2045
7470.691,200,18,"Application Render",9.667
7471.148,200,18,"Application Compose",0.3972
7472.1126,200,18,"SubmitCommandLists",0.9534
7472.1674,200,18,"Shadowmap packing",0.00039999999
7472.1728,200,18,"Render",9.66629982
7472.1756,200,18,"Procedural Animations",0.0013
7472.1783,200,18,"Script Components",0.000199999995
7472.1823,200,18,"CPU Frame",16.5841999
7472.1856,200,18,"Input",0.127800003
7472.1897,200,18,"GUI Update",0.0443000011
7472.1933,200,18,"Frustum Culling",1.22860003
7472.1965,200,18,"Animations",9.99999975e-05
7472.1999,200,18,"Spring Dependencies",0.000500000024
7472.2021,200,18,"GUI Render",0.158999994
7472.2043,200,18,"Physics",0.00499999989
7472.2063,200,18,"Update",6.20419979
7472.2082,200,18,"Fixed Update",0.00639999984
7472.2101,200,18,"Spline Update",0.000199999995
7472.212,200,18,"Compose",0.396499991
7472.2141,200,18,"Update Buffers (CPU)",0.139200002
7479.682,201,18,"RenderPath3D Update",6.2338
7479.7952,201,18,"Application Update",7.3596
7493.4695,201,18,"Application Render",13.6528
7494.0258,201,18,"Application Compose",0.4535
7495.2299,201,18,"SubmitCommandLists",1.1897
7495.26,201,18,"Shadowmap packing",0.00170000002
7495.2629,201,18,"Render",13.6494999
7495.2648,201,18,"Procedural Animations",0.00120000006
7495.2672,201,18,"Script Components",0.000199999995
7495.2695,201,18,"CPU Frame",21.9085007
7495.2713,201,18,"Input",0.208800003
7495.2738,201,18,"GUI Update",0.0482000001
7495.2756,201,18,"Frustum Culling",1.79439998
7495.2776,201,18,"Animations",9.99999975e-05
7495.2798,201,18,"Spring Dependencies",0.000600000028
7495.2822,201,18,"GUI Render",0.162599996
7495.2838,201,18,"Physics",0.00549999997
7495.2857,201,18,"Update",7.35890007
7495.2873,201,18,"Fixed Update",0.00490000006
7495.289,201,18,"Spline Update",0.000199999995
7495.291,201,18,"Compose",0.452800006
7495.2931,201,18,"Update Buffers (CPU)",0.221000001
7502.9968,202,18,"RenderPath3D Update",6.3627
7503.179,202,18,"Application Update",7.6982
7517.5481,202,18,"Application Render",14.3657
7518.0322,202,18,"Application Compose",0.4128
7519.1678,202,18,"SubmitCommandLists",1.1218
7519.1925,202,18,"Shadowmap packing",0.00150000001
7519.1955,202,18,"Render",14.3591003
7519.1973,202,18,"Procedural Animations",0.00139999995
7519.1994,202,18,"Script Components",0.0107000005
7519.2021,202,18,"CPU Frame",22.7973995
7519.2038,202,18,"Input",0.177599996
7519.2059,202,18,"GUI Update",0.0524999984
7519.2077,202,18,"Frustum Culling",1.49769998
7519.2096,202,18,"Animations",0.00079999998
7519.2119,202,18,"Spring Dependencies",0.00079999998
7519.2138,202,18,"GUI Render",0.164700001
7519.2155,202,18,"Physics",0.00680000009
7519.2174,202,18,"Update",7.69780016
7519.219,202,18,"Fixed Update",0.00449999981
7519.2222,202,18,"Spline Update",0.000199999995
7519.224,202,18,"Compose",0.411900014
7519.2426,202,18,"Update Buffers (CPU)",0.2579
7527.5904,203,18,"RenderPath3D Update",6.7406
7527.6575,203,18,"Application Update",8.212
7542.0496,203,18,"Application Render",14.3892
7542.5342,203,18,"Application Compose",0.3976
7543.6465,203,18,"SubmitCommandLists",1.0991
7543.6767,203,18,"Shadowmap packing",0.000500000024
7543.6795,203,18,"Render",14.3880997
7543.6814,203,18,"Procedural Animations",0.00270000007
7543.6835,203,18,"Script Components",0.000300000014
7543.6859,203,18,"CPU Frame",23.3631992
7543.6877,203,18,"Input",0.171599999
7543.6903,203,18,"GUI Update",0.0355999991
7543.6921,203,18,"Frustum Culling",1.30130005
7543.7429,203,18,"Animations",0.00100000005
7543.7449,203,18,"Spring Dependencies",0.000199999995
7543.7473,203,18,"GUI Render",0.172099993
7543.749,203,18,"Physics",0.00730000017
7543.7511,203,18,"Update",8.21170044
7543.7528,203,18,"Fixed Update",0.00800000038
7543.7545,203,18,"Spline Update",0.000300000014
7543.7563,203,18,"Compose",0.396600008
7543.7582,203,18,"Update Buffers (CPU)",0.333400011
7551.4868,204,18,"RenderPath3D Update",6.3586
7551.5184,204,18,"Application Update",7.6125
7562.5522,204,18,"Application Render",11.0309
7563.0276,204,18,"Application Compose",0.3986
7564.187,204,18,"SubmitCommandLists",1.1475
7564.2139,204,18,"Shadowmap packing",0.00209999993
7564.217,204,18,"Render",11.0298996
7564.2188,204,18,"Procedural Animations",0.00179999997
7564.2209,204,18,"Script Components",0.00159999996
7564.2231,204,18,"CPU Frame",19.3745995
7564.2248,204,18,"Input",0.136399999
7564.227,204,18,"GUI Update",0.114399999
7564.2289,204,18,"Frustum Culling",1.27170002
7564.2308,204,18,"Animations",9.99999975e-05
7564.2331,204,18,"Spring Dependencies",0.00039999999
7564.2355,204,18,"GUI Render",0.123000003
7564.2372,204,18,"Physics",0.00730000017
7564.2391,204,18,"Update",7.61219978
7564.2409,204,18,"Fixed Update",0.00540000014
7564.2427,204,18,"Spline Update",0.00039999999
7564.2445,204,18,"Compose",0.397799999
7564.2464,204,18,"Update Buffers (CPU)",0.112400003
7570.3023,205,18,"RenderPath3D Update",4.8723
7570.353,205,18,"Application Update",5.9027
7580.017,205,18,"Application Render",9.661
7580.4977,205,18,"Application Compose",0.4053
7581.4784,205,18,"SubmitCommandLists",0.9684
7581.5047,205,18,"Shadowmap packing",0.000300000014
7581.5075,205,18,"Render",9.66009998
7581.5094,205,18,"Procedural Animations",0.0013
7581.5115,205,18,"Script Components",0.000199999995
7581.5141,205,18,"CPU Frame",16.3057003
7581.516,205,18,"Input",0.181600004
7581.5185,205,18,"GUI Update",0.0450000018
7581.5203,205,18,"Frustum Culling",1.34679997
7581.5221,205,18,"Animations",0.000199999995
7581.5239,205,18,"Spring Dependencies",0.00219999999
7581.5259,205,18,"GUI Render",0.117600001
7581.5275,205,18,"Physics",0.00510000018
7581.5294,205,18,"Update",5.90240002
7581.5309,205,18,"Fixed Update",0.00609999988
7581.5327,205,18,"Spline Update",9.99999975e-05
7581.5349,205,18,"Compose",0.404599994
7581.5368,205,18,"Update Buffers (CPU)",0.115999997
7588.297,206,18,"RenderPath3D Update",5.2902
7588.3256,206,18,"Application Update",6.6529
7602.079,206,18,"Application Render",13.7506
7602.5322,206,18,"Application Compose",0.3884
7603.7529,206,18,"SubmitCommandLists",1.209
7603.7777,206,18,"Shadowmap packing",0.00079999998
7603.7806,206,18,"Render",13.7496996
7603.7826,206,18,"Procedural Animations",0.00109999999
7603.7846,206,18,"Script Components",0.00039999999
7603.7867,206,18,"CPU Frame",21.0485992
7603.7885,206,18,"Input",0.125499994
7603.7906,206,18,"GUI Update",0.0588999987
7603.7925,206,18,"Frustum Culling",1.33599997
7603.7944,206,18,"Animations",9.99999975e-05
7603.7965,206,18,"Spring Dependencies",0.000500000024
7603.7985,206,18,"GUI Render",0.0891999975
7603.8002,206,18,"Physics",0.00469999993
7603.8084,206,18,"Update",6.65250015
7603.8101,206,18,"Fixed Update",0.00529999984
7603.8119,206,18,"Spline Update",0.000300000014
7603.8136,206,18,"Compose",0.387699991
7603.8154,206,18,"Update Buffers (CPU)",0.163699999
7610.2059,207,18,"RenderPath3D Update",5.1938
7610.2365,207,18,"Application Update",6.2912
7619.8968,207,18,"Application Render",9.6574
7620.3609,207,18,"Application Compose",0.3968
7621.4723,207,18,"SubmitCommandLists",1.099
7621.5002,207,18,"Shadowmap packing",0.00120000006
7621.5031,207,18,"Render",9.65680027
7621.505,207,18,"Procedural Animations",0.00139999995
7621.5072,207,18,"Script Components",0.000199999995
7621.5095,207,18,"CPU Frame",16.6042004
7621.5115,207,18,"Input",0.119599998
7621.514,207,18,"GUI Update",0.0489000008
7621.5159,207,18,"Frustum Culling",1.19690001
7621.5178,207,18,"Animations",0.000199999995
7621.5194,207,18,"Spring Dependencies",0.000699999975
7621.5213,207,18,"GUI Render",0.163000003
7621.5671,207,18,"Physics",0.00499999989
7621.5695,207,18,"Update",6.29090023
7621.5711,207,18,"Fixed Update",0.00480000023
7621.5728,207,18,"Spline Update",0.000300000014
7621.5745,207,18,"Compose",0.396100014
7621.5763,207,18,"Update Buffers (CPU)",0.0720999986
7627.7835,208,18,"RenderPath3D Update",5.113
7627.8243,208,18,"Application Update",6.1069
7637.5722,208,18,"Application Render",9.745
7638.0735,208,18,"Application Compose",0.4139
7639.1573,208,18,"SubmitCommandLists",1.0725
7639.1831,208,18,"Shadowmap packing",0.00039999999
7639.1859,208,18,"Render",9.74419975
7639.1878,208,18,"Procedural Animations",0.00150000001
7639.1903,208,18,"Script Components",0.000199999995
7639.1927,208,18,"CPU Frame",16.5962009
7639.1948,208,18,"Input",0.129800007
7639.1971,208,18,"GUI Update",0.0436999984
7639.1989,208,18,"Frustum Culling",1.20519996
7639.2008,208,18,"Animations",0.000500000024
7639.2027,208,18,"Spring Dependencies",0.000699999975
7639.2045,208,18,"GUI Render",0.143000007
7639.2062,208,18,"Physics",0.0046000001
7639.208,208,18,"Update",6.10659981
7639.21,208,18,"Fixed Update",0.00529999984
7639.212,208,18,"Spline Update",0.000199999995
7639.2138,208,18,"Compose",0.413199991
7639.2156,208,18,"Update Buffers (CPU)",0.104900002
7645.2189,209,18,"RenderPath3D Update",4.8806
7645.2703,209,18,"Application Update",5.9116
7654.7652,209,18,"Application Render",9.4921
7655.2368,209,18,"Application Compose",0.3922
7656.2524,209,18,"SubmitCommandLists",1.0043
7656.2781,209,18,"Shadowmap packing",0.000500000024
7656.2808,209,18,"Render",9.48069954
7656.2825,209,18,"Procedural Animations",0.00109999999
7656.2845,209,18,"Script Components",0.000300000014
7656.2868,209,18,"CPU Frame",16.0748005
7656.2886,209,18,"Input",0.131300002
7656.2907,209,18,"GUI Update",0.0606999993
7656.2925,209,18,"Frustum Culling",1.19299996
7656.2944,209,18,"Animations",0.000500000024
7656.296,209,18,"Spring Dependencies",0.00039999999
7656.2982,209,18,"GUI Render",0.0784000009
7656.2999,209,18,"Physics",0.0119000003
7656.3017,209,18,"Update",5.91109991
7656.3033,209,18,"Fixed Update",0.00609999988
7656.3051,209,18,"Spline Update",0.000199999995
7656.3068,209,18,"Compose",0.391400009
7656.3086,209,18,"Update Buffers (CPU)",0.140900001
7663.3261,210,18,"RenderPath3D Update",5.8989
7663.3466,210,18,"Application Update",6.9028
7672.7435,210,18,"Application Render",9.3939
7673.212,210,18,"Application Compose",0.3941
7674.3729,210,18,"SubmitCommandLists",1.15
7674.4041,210,18,"Shadowmap packing",0.000600000028
7674.4069,210,18,"Render",9.39299965
7674.4086,210,18,"Procedural Animations",0.00150000001
7674.4106,210,18,"Script Components",0.000199999995
7674.4131,210,18,"CPU Frame",16.9542999
7674.4149,210,18,"Input",0.124899998
7674.4171,210,18,"GUI Update",0.0383000001
7674.4188,210,18,"Frustum Culling",1.09630001
7674.4206,210,18,"Animations",0.000600000028
7674.4223,210,18,"Spring Dependencies",0.000699999975
7674.4242,210,18,"GUI Render",0.0932999998
7674.4258,210,18,"Physics",0.0109999999
7674.4275,210,18,"Update",6.90250015
7674.4295,210,18,"Fixed Update",0.00520000001
7674.4312,210,18,"Spline Update",0.000199999995
7674.433,210,18,"Compose",0.393400013
7674.4349,210,18,"Update Buffers (CPU)",0.116999999
7681.1081,211,18,"RenderPath3D Update",5.5143
7681.1268,211,18,"Application Update",6.5577
7690.6473,211,18,"Application Render",9.5176
7691.1055,211,18,"Application Compose",0.3919
7692.0479,211,18,"SubmitCommandLists",0.9308
7692.0738,211,18,"Shadowmap packing",0.000300000014
7692.0764,211,18,"Render",9.51650047
7692.0782,211,18,"Procedural Animations",0.0136000002
7692.0802,211,18,"Script Components",0.000500000024
7692.0828,211,18,"CPU Frame",16.7257004
7692.0846,211,18,"Input",0.1241
7692.0873,211,18,"GUI Update",0.0953999981
7692.0892,211,18,"Frustum Culling",1.18949997
7692.091,211,18,"Animations",9.99999975e-05
7692.0934,211,18,"Spring Dependencies",0.00159999996
7692.0953,211,18,"GUI Render",0.0952999964
7692.0969,211,18,"Physics",0.00689999992
7692.0991,211,18,"Update",6.55740023
7692.1008,211,18,"Fixed Update",0.00449999981
7692.1026,211,18,"Spline Update",0.000199999995
7692.1481,211,18,"Compose",0.390799999
7692.15,211,18,"Update Buffers (CPU)",0.129199997
7698.8585,212,18,"RenderPath3D Update",5.154
7698.8872,212,18,"Application Update",6.5888
7708.8422,212,18,"Application Render",9.952
7709.3118,212,18,"Application Compose",0.3985
7710.346,212,18,"SubmitCommandLists",1.0216
7710.3713,212,18,"Shadowmap packing",0.000300000014
7710.3741,212,18,"Render",9.95119953
7710.3758,212,18,"Procedural Animations",0.00150000001
7710.3779,212,18,"Script Components",9.99999975e-05
7710.3806,212,18,"CPU Frame",17.2605
7710.3825,212,18,"Input",0.138600007
7710.3847,212,18,"GUI Update",0.0303000007
7710.3866,212,18,"Frustum Culling",1.53110003
7710.3883,212,18,"Animations",9.99999975e-05
7710.39,212,18,"Spring Dependencies",0.000300000014
7710.3921,212,18,"GUI Render",0.117799997
7710.3939,212,18,"Physics",0.00540000014
7710.3958,212,18,"Update",6.58860016
7710.3975,212,18,"Fixed Update",0.00400000019
7710.3994,212,18,"Spline Update",9.99999975e-05
7710.4011,212,18,"Compose",0.397300005
7710.4028,212,18,"Update Buffers (CPU)",0.0951000005
7716.2277,213,18,"RenderPath3D Update",4.6169
7716.2917,213,18,"Application Update",5.7339
7728.2561,213,18,"Application Render",11.9589
7728.8241,213,18,"Application Compose",0.4525
7729.8732,213,18,"SubmitCommandLists",1.0359
7729.9031,213,18,"Shadowmap packing",0.000199999995
7729.906,213,18,"Render",11.9574003
7729.908,213,18,"Procedural Animations",0.00150000001
7729.9101,213,18,"Script Components",9.99999975e-05
7729.913,213,18,"CPU Frame",18.4738007
7729.9148,213,18,"Input",0.143900007
7729.917,213,18,"GUI Update",0.0427000001
7729.9189,213,18,"Frustum Culling",1.6875
7729.9208,213,18,"Animations",0.000500000024
7729.9226,213,18,"Spring Dependencies",0.000500000024
7729.9245,213,18,"GUI Render",0.158899993
7729.9263,213,18,"Physics",0.0110999998
7729.9281,213,18,"Update",5.73360014
7729.9299,213,18,"Fixed Update",0.00490000006
7729.9317,213,18,"Spline Update",0.000199999995
7729.9336,213,18,"Compose",0.451499999
7729.9354,213,18,"Update Buffers (CPU)",0.138699993
7736.422,214,18,"RenderPath3D Update",5.3118
7736.4392,214,18,"Application Update",6.3585
7746.667,214,18,"Application Render",10.2251
7747.164,214,18,"Application Compose",0.4124
7748.4064,214,18,"SubmitCommandLists",1.2281
7748.4325,214,18,"Shadowmap packing",0.00079999998
7748.4355,214,18,"Render",10.2242002
7748.4372,214,18,"Procedural Animations",0.00109999999
7748.4394,214,18,"Script Components",0.000199999995
7748.4416,214,18,"CPU Frame",17.2858009
7748.4435,214,18,"Input",0.134100005
7748.4461,214,18,"GUI Update",0.0522000007
7748.4479,214,18,"Frustum Culling",1.15369999
7748.4498,214,18,"Animations",0.000600000028
7748.4515,214,18,"Spring Dependencies",0.000300000014
7748.4533,214,18,"GUI Render",0.0803999975
7748.4549,214,18,"Physics",0.00480000023
7748.4566,214,18,"Update",6.35820007
7748.4584,214,18,"Fixed Update",0.00520000001
7748.4601,214,18,"Spline Update",0.000199999995
7748.4619,214,18,"Compose",0.411300004
7748.4636,214,18,"Update Buffers (CPU)",0.133000001
7754.6514,215,18,"RenderPath3D Update",4.9375
7754.7022,215,18,"Application Update",6.0934
7765.4924,215,18,"Application Render",10.7869
7765.9616,215,18,"Application Compose",0.3928
7767.0555,215,18,"SubmitCommandLists",1.0816
7767.0839,215,18,"Shadowmap packing",0.00079999998
7767.0873,215,18,"Render",10.7861004
7767.0893,215,18,"Procedural Animations",0.00120000006
7767.0915,215,18,"Script Components",0.00039999999
7767.0939,215,18,"CPU Frame",17.5506992
7767.0959,215,18,"Input",0.1329
7767.0979,215,18,"GUI Update",0.0603
7767.0998,215,18,"Frustum Culling",1.8348
7767.1016,215,18,"Animations",9.99999975e-05
7767.1042,215,18,"Spring Dependencies",0.000899999985
7767.1062,215,18,"GUI Render",0.0998999998
7767.1082,215,18,"Physics",0.00469999993
7767.1103,215,18,"Update",6.09280014
7767.1121,215,18,"Fixed Update",0.00630000001
7767.1138,215,18,"Spline Update",0.000199999995
7767.1157,215,18,"Compose",0.39199999
7767.1177,215,18,"Update Buffers (CPU)",0.152400002
7773.6565,216,18,"RenderPath3D Update",5.349
7773.7871,216,18,"Application Update",6.5164
7784.0275,216,18,"Application Render",10.2279
7784.5096,216,18,"Application Compose",0.3888
7785.5351,216,18,"SubmitCommandLists",1.0145
7785.5616,216,18,"Shadowmap packing",0.000699999975
7785.5643,216,18,"Render",10.2262001
7785.5661,216,18,"Procedural Animations",0.00120000006
7785.5682,216,18,"Script Components",0.000199999995
7785.5704,216,18,"CPU Frame",17.4482002
7785.5722,216,18,"Input",0.142299995
7785.5744,216,18,"GUI Update",0.0302000009
7785.5762,216,18,"Frustum Culling",1.21539998
7785.578,216,18,"Animations",0
7785.5799,216,18,"Spring Dependencies",0.000199999995
7785.5818,216,18,"GUI Render",0.147699997
7785.5835,216,18,"Physics",0.00529999984
7785.5857,216,18,"Update",6.51609993
7785.5876,216,18,"Fixed Update",0.00520000001
7785.5892,216,18,"Spline Update",0.000199999995
7785.591,216,18,"Compose",0.387899995
7785.593,216,18,"Update Buffers (CPU)",0.111599997
7791.8986,217,18,"RenderPath3D Update",5.0146
7791.9422,217,18,"Application Update",6.2154
7801.9521,217,18,"Application Render",10.0071
7802.409,217,18,"Application Compose",0.3916
7803.4671,217,18,"SubmitCommandLists",1.0462
7803.5082,217,18,"Shadowmap packing",0.000300000014
7803.5211,217,18,"Render",10.0061998
7803.5231,217,18,"Procedural Animations",0.0013
7803.5255,217,18,"Script Components",9.99999975e-05
7803.5292,217,18,"CPU Frame",16.8687
7803.5313,217,18,"Input",0.1219
7803.5337,217,18,"GUI Update",0.0441999994
7803.5362,217,18,"Frustum Culling",1.34370005
7803.5381,217,18,"Animations",0.000199999995
7803.5501,217,18,"Spring Dependencies",0.000500000024
7803.5525,217,18,"GUI Render",0.116599999
7803.5545,217,18,"Physics",0.00590000022
7803.5564,217,18,"Update",6.21500015
7803.5581,217,18,"Fixed Update",0.00620000018
7803.56,217,18,"Spline Update",0.000199999995
7803.5619,217,18,"Compose",0.390899986
7803.5639,217,18,"Update Buffers (CPU)",0.190200001
7810.1709,218,18,"RenderPath3D Update",5.2415
7810.2051,218,18,"Application Update",6.448
7820.863,218,18,"Application Render",10.6551
7821.3323,218,18,"Application Compose",0.4002
7822.4497,218,18,"SubmitCommandLists",1.1057
7822.4763,218,18,"Shadowmap packing",0.0013
7822.4792,218,18,"Render",10.6545
7822.4811,218,18,"Procedural Animations",0.0013
7822.483,218,18,"Script Components",0.000199999995
7822.4856,218,18,"CPU Frame",17.8530006
7822.4873,218,18,"Input",0.182699993
7822.4895,218,18,"GUI Update",0.0335999988
7822.4914,218,18,"Frustum Culling",1.29999995
7822.4932,218,18,"Animations",0.00079999998
7822.495,218,18,"Spring Dependencies",0.000600000028
7822.4971,218,18,"GUI Render",0.112800002
7822.4989,218,18,"Physics",0.0259000007
7822.5007,218,18,"Update",6.44780016
7822.5024,218,18,"Fixed Update",0.00480000023
7822.5043,218,18,"Spline Update",0.000199999995
7822.506,218,18,"Compose",0.399500012
7822.5078,218,18,"Update Buffers (CPU)",0.171299994
7828.8558,219,18,"RenderPath3D Update",5.2168
7828.8967,219,18,"Application Update",6.2404
7838.965,219,18,"Application Render",10.0653
7839.5053,219,18,"Application Compose",0.4531
7840.6782,219,18,"SubmitCommandLists",1.1614
7840.7142,219,18,"Shadowmap packing",0.000300000014
7840.7174,219,18,"Render",10.0644999
7840.7192,219,18,"Procedural Animations",0.00159999996
7840.7215,219,18,"Script Components",0.000300000014
7840.7239,219,18,"CPU Frame",17.0503006
7840.7257,219,18,"Input",0.137500003
7840.7282,219,18,"GUI Update",0.0759000033
7840.7301,219,18,"Frustum Culling",1.34360003
7840.732,219,18,"Animations",9.99999975e-05
7840.7343,219,18,"Spring Dependencies",0.000699999975
7840.7364,219,18,"GUI Render",0.0860000029
7840.738,219,18,"Physics",0.00480000023
7840.7399,219,18,"Update",6.24009991
7840.7416,219,18,"Fixed Update",0.00549999997
7840.7433,219,18,"Spline Update",0.000300000014
7840.7451,219,18,"Compose",0.452300012
7840.7471,219,18,"Update Buffers (CPU)",0.151099995
7847.2258,220,18,"RenderPath3D Update",5.1752
7847.2563,220,18,"Application Update",6.1645
7857.1279,220,18,"Application Render",9.8682
7857.6248,220,18,"Application Compose",0.4196
7858.6998,220,18,"SubmitCommandLists",1.0638
7858.7709,220,18,"Shadowmap packing",0.000300000014
7858.774,220,18,"Render",9.86690044
7858.7757,220,18,"Procedural Animations",0.0013
7858.778,220,18,"Script Components",0.000199999995
7858.7804,220,18,"CPU Frame",16.9412994
7858.7824,220,18,"Input",0.333099991
7858.7847,220,18,"GUI Update",0.0513999984
7858.7865,220,18,"Frustum Culling",1.27509999
7858.7884,220,18,"Animations",9.99999975e-05
7858.7906,220,18,"Spring Dependencies",0.000600000028
7858.7927,220,18,"GUI Render",0.0885000005
7858.7945,220,18,"Physics",0.00650000013
7858.7963,220,18,"Update",6.16429996
7858.7981,220,18,"Fixed Update",0.0055999998
7858.8002,220,18,"Spline Update",0.000300000014
7858.802,220,18,"Compose",0.418500006
7858.8037,220,18,"Update Buffers (CPU)",0.111599997
7865.5269,221,18,"RenderPath3D Update",4.9212
7865.5534,221,18,"Application Update",6.6046
7875.6735,221,18,"Application Render",10.1174
7876.4157,221,18,"Application Compose",0.6787
7877.5772,221,18,"SubmitCommandLists",1.1427
7877.6031,221,18,"Shadowmap packing",0.000600000028
7877.6063,221,18,"Render",10.1167002
7877.6082,221,18,"Procedural Animations",0.00159999996
7877.6107,221,18,"Script Components",0.000199999995
7877.6135,221,18,"CPU Frame",17.6721992
7877.6153,221,18,"Input",0.134800002
7877.6182,221,18,"GUI Update",0.0304000005
7877.6203,221,18,"Frustum Culling",1.68099999
7877.6221,221,18,"Animations",0.000500000024
7877.6241,221,18,"Spring Dependencies",0.000500000024
7877.6259,221,18,"GUI Render",0.104800001
7877.6276,221,18,"Physics",0.00480000023
7877.6296,221,18,"Update",6.60440016
7877.6313,221,18,"Fixed Update",0.00419999985
7877.633,221,18,"Spline Update",0.000300000014
7877.6349,221,18,"Compose",0.6778
7877.6371,221,18,"Update Buffers (CPU)",0.133599997
7884.0145,222,18,"RenderPath3D Update",5.3138
7884.0618,222,18,"Application Update",6.2657
7894.1721,222,18,"Application Render",10.1072
7894.8522,222,18,"Application Compose",0.5723
7895.9495,222,18,"SubmitCommandLists",1.0806
7895.9749,222,18,"Shadowmap packing",0.000600000028
7895.9778,222,18,"Render",10.1059999
7895.9798,222,18,"Procedural Animations",0.00109999999
7895.9821,222,18,"Script Components",0.000199999995
7895.9846,222,18,"CPU Frame",17.2747002
7895.9865,222,18,"Input",0.146599993
7895.989,222,18,"GUI Update",0.0430999994
7895.991,222,18,"Frustum Culling",1.24179995
7895.9929,222,18,"Animations",9.99999975e-05
7895.9951,222,18,"Spring Dependencies",0.000500000024
7895.9973,222,18,"GUI Render",0.0929000005
7895.999,222,18,"Physics",0.0046000001
7896.0006,222,18,"Update",6.26539993
7896.0025,222,18,"Fixed Update",0.00600000005
7896.0043,222,18,"Spline Update",0.000199999995
7896.006,222,18,"Compose",0.571399987
7896.008,222,18,"Update Buffers (CPU)",0.138699993
7902.7486,223,18,"RenderPath3D Update",5.384
7902.7699,223,18,"Application Update",6.6176
7912.4267,223,18,"Application Render",9.6539
7912.8916,223,18,"Application Compose",0.3891
7913.9126,223,18,"SubmitCommandLists",1.0097
7913.9379,223,18,"Shadowmap packing",0.00039999999
7913.9409,223,18,"Render",9.65340042
7913.9427,223,18,"Procedural Animations",0.0013
7913.9448,223,18,"Script Components",0.000300000014
7913.9473,223,18,"CPU Frame",16.9374008
7913.9491,223,18,"Input",0.132799998
7913.9514,223,18,"GUI Update",0.0263
7913.9531,223,18,"Frustum Culling",1.20669997
7913.9549,223,18,"Animations",9.99999975e-05
7913.957,223,18,"Spring Dependencies",0.00100000005
7913.959,223,18,"GUI Render",0.118600003
7913.9608,223,18,"Physics",0.00520000001
7913.9625,223,18,"Update",6.61730003
7913.964,223,18,"Fixed Update",0.00600000005
7913.9658,223,18,"Spline Update",0.000300000014
7913.9675,223,18,"Compose",0.388300002
7913.9696,223,18,"Update Buffers (CPU)",0.0868000016
7920.5564,224,18,"RenderPath3D Update",5.4912
7920.5774,224,18,"Application Update",6.4782
7931.464,224,18,"Application Render",10.8828
7931.9359,224,18,"Application Compose",0.3996
7933.138,224,18,"SubmitCommandLists",1.1888
7933.1631,224,18,"Shadowmap packing",0.00079999998
7933.1662,224,18,"Render",10.882
7933.1681,224,18,"Procedural Animations",0.00150000001
7933.1703,224,18,"Script Components",9.99999975e-05
7933.2324,224,18,"CPU Frame",18.0200996
7933.2343,224,18,"Input",0.119499996
7933.2364,224,18,"GUI Update",0.0377000012
7933.2383,224,18,"Frustum Culling",1.34019995
7933.2403,224,18,"Animations",0.000699999975
7933.2422,224,18,"Spring Dependencies",0.000300000014
7933.2441,224,18,"GUI Render",0.113600001
7933.2459,224,18,"Physics",0.00590000022
7933.2478,224,18,"Update",6.47790003
7933.2495,224,18,"Fixed Update",0.00449999981
7933.2512,224,18,"Spline Update",0.000199999995
7933.253,224,18,"Compose",0.398799986
7933.2548,224,18,"Update Buffers (CPU)",0.195800006
7939.2847,225,18,"RenderPath3D Update",4.9058
7939.3113,225,18,"Application Update",5.9143
7949.4091,225,18,"Application Render",10.094
7949.8901,225,18,"Application Compose",0.4031
7951.3527,225,18,"SubmitCommandLists",1.4326
7951.3829,225,18,"Shadowmap packing",0.000899999985
7951.3862,225,18,"Render",10.0929003
7951.3883,225,18,"Procedural Animations",0.00139999995
7951.3904,225,18,"Script Components",0.000199999995
7951.3928,225,18,"CPU Frame",16.7635994
7951.3946,225,18,"Input",0.130799994
7951.4076,225,18,"GUI Update",0.0494000018
7951.4096,225,18,"Frustum Culling",1.34189999
7951.4114,225,18,"Animations",0.000199999995
7951.4131,225,18,"Spring Dependencies",0.000600000028
7951.4151,225,18,"GUI Render",0.109499998
7951.4169,225,18,"Physics",0.00449999981
7951.4187,225,18,"Update",5.9138999
7951.4205,225,18,"Fixed Update",0.00510000018
7951.4222,225,18,"Spline Update",0.000199999995
7951.424,225,18,"Compose",0.402099997
7951.4258,225,18,"Update Buffers (CPU)",0.148399994
7957.7861,226,18,"RenderPath3D Update",5.2813
7957.8396,226,18,"Application Update",6.2807
7967.8834,226,18,"Application Render",10.0409
7968.3513,226,18,"Application Compose",0.3967
7969.4948,226,18,"SubmitCommandLists",1.1303
7969.5204,226,18,"Shadowmap packing",0.000500000024
7969.5234,226,18,"Render",10.04
7969.5255,226,18,"Procedural Animations",0.00120000006
7969.5277,226,18,"Script Components",0.000199999995
7969.5299,226,18,"CPU Frame",16.9923992
7969.5318,226,18,"Input",0.122100003
7969.5444,226,18,"GUI Update",0.0423999988
7969.5464,226,18,"Frustum Culling",1.27310002
7969.5485,226,18,"Animations",0.000199999995
7969.5502,226,18,"Spring Dependencies",0.000600000028
7969.5521,226,18,"GUI Render",0.118000001
7969.5538,226,18,"Physics",0.00439999998
7969.5557,226,18,"Update",6.28049994
7969.5574,226,18,"Fixed Update",0.00520000001
7969.5591,226,18,"Spline Update",0.000199999995
7969.5608,226,18,"Compose",0.395799994
7969.5626,226,18,"Update Buffers (CPU)",0.165700004
7975.5278,227,18,"RenderPath3D Update",4.797
7975.576,227,18,"Application Update",5.8666
7986.5474,227,18,"Application Render",10.9681
7987.1159,227,18,"Application Compose",0.4729
7988.3245,227,18,"SubmitCommandLists",1.1863
7988.3567,227,18,"Shadowmap packing",0.000600000028
7988.3602,227,18,"Render",10.967
7988.3622,227,18,"Procedural Animations",0.00120000006
7988.3647,227,18,"Script Components",0.000199999995
7988.3672,227,18,"CPU Frame",17.6259003
7988.3692,227,18,"Input",0.1347
7988.372,227,18,"GUI Update",0.0383000001
7988.374,227,18,"Frustum Culling",1.44210005
7988.3761,227,18,"Animations",9.99999975e-05
7988.3784,227,18,"Spring Dependencies",0.00039999999
7988.3807,227,18,"GUI Render",0.202600002
7988.3824,227,18,"Physics",0.00469999993
7988.3843,227,18,"Update",5.86619997
7988.386,227,18,"Fixed Update",0.00520000001
7988.3879,227,18,"Spline Update",0.000300000014
7988.3899,227,18,"Compose",0.472000003
7988.3919,227,18,"Update Buffers (CPU)",0.1215
7995.9811,228,18,"RenderPath3D Update",6.4844
7996,228,18,"Application Update",7.4616
8006.8813,228,18,"Application Render",10.8778
8007.355,228,18,"Application Compose",0.3943
8008.4656,228,18,"SubmitCommandLists",1.0987
