elapsed_ms,frame,scene,event,ms
1780.0593,1,1,"Scene switch",1346.7727
1791.0896,1,1,"SetVSync",11.0083
1793.0481,1,1,"RenderPath3D Update",1.909
1793.0662,1,1,"Application Update",1359.8844
1798.816,1,1,"Application Render",5.747
1799.6683,1,1,"Application Compose",0.3094
1804.1015,1,1,"SubmitCommandLists",4.3974
1804.7788,1,1,"CPU Frame",0
1821.4716,2,1,"SetVSync",13.054
1821.7956,2,1,"RenderPath3D Update",0.2801
1821.8026,2,1,"Application Update",13.4093
1824.294,2,1,"Application Render",2.4879
1825.1651,2,1,"Application Compose",0.3619
1826.9481,2,1,"SubmitCommandLists",1.7442
1835.3851,2,1,"Shadowmap packing",0.000199999995
1835.4016,2,1,"Render",2.48699999
1835.4042,2,1,"Procedural Animations",0.00179999997
1835.4067,2,1,"Script Components",0.000699999975
1835.4094,2,1,"CPU Frame",20.5095005
1835.4114,2,1,"Input",0.134900004
1835.4139,2,1,"GUI Update",0.0571999997
1835.4161,2,1,"Frustum Culling",0.063000001
1835.4181,2,1,"Animations",9.99999975e-05
1835.4204,2,1,"Spring Dependencies",0.00039999999
1835.4228,2,1,"GUI Render",0.107100002
1835.4246,2,1,"Physics",0.0152000003
1835.4264,2,1,"Update",13.4083004
1835.4283,2,1,"Fixed Update",0.00659999996
1835.4302,2,1,"Spline Update",0.00039999999
1835.432,2,1,"Compose",0.361099988
1835.4339,2,1,"Update Buffers (CPU)",0.144099995
1848.0835,3,1,"SetVSync",12.4517
1848.2983,3,1,"RenderPath3D Update",0.1902
1848.3059,3,1,"Application Update",12.7023
1849.5546,3,1,"Application Render",1.2434
1850.1189,3,1,"Application Compose",0.5099
1852.3613,3,1,"SubmitCommandLists",2.2215
1853.6514,3,1,"Shadowmap packing",0.000500000024
1853.6651,3,1,"Render",1.2428
1853.6679,3,1,"Procedural Animations",0.00179999997
1853.6704,3,1,"Script Components",0.000199999995
1853.6734,3,1,"CPU Frame",14.7677002
1853.6754,3,1,"Input",0.143000007
1853.6795,3,1,"GUI Update",0.0298999995
1853.6815,3,1,"Frustum Culling",0.0560000017
1853.6835,3,1,"Animations",9.99999975e-05
1853.6861,3,1,"Spring Dependencies",0.000300000014
1853.6886,3,1,"GUI Render",0.0746000037
1853.6904,3,1,"Physics",0.00549999997
1853.6923,3,1,"Update",12.7017002
1853.6957,3,1,"Fixed Update",0.0055999998
1853.6974,3,1,"Spline Update",0.000300000014
1853.6993,3,1,"Compose",0.509199977
1853.7014,3,1,"Update Buffers (CPU)",0.207499996
1864.8594,4,1,"SetVSync",10.9096
1865.1849,4,1,"RenderPath3D Update",0.2832
1865.1907,4,1,"Application Update",11.2696
1865.8334,4,1,"Application Render",0.6386
1866.3465,4,1,"Application Compose",0.4801
1869.047,4,1,"SubmitCommandLists",2.6745
1869.8235,4,1,"Shadowmap packing",0.00039999999
1869.8329,4,1,"Render",0.637600005
1869.8354,4,1,"Procedural Animations",0.00200000009
1869.8386,4,1,"Script Components",9.99999975e-05
1869.8415,4,1,"CPU Frame",12.7355003
1869.8435,4,1,"Input",0.1866
1869.8464,4,1,"GUI Update",0.0606000014
1869.8487,4,1,"Frustum Culling",0.0601000004
1869.8506,4,1,"Animations",0.000300000014
1869.8528,4,1,"Spring Dependencies",0.00079999998
1869.8556,4,1,"GUI Render",0.104599997
1869.8573,4,1,"Physics",0.0115
1869.8596,4,1,"Update",11.2693005
1869.8619,4,1,"Fixed Update",0.00620000018
1869.8637,4,1,"Spline Update",0.000300000014
1869.8655,4,1,"Compose",0.478599995
1869.8673,4,1,"Update Buffers (CPU)",0.164000005
1880.2696,5,1,"SetVSync",10.1575
1880.5093,5,1,"RenderPath3D Update",0.2146
1880.5156,5,1,"Application Update",10.4222
1880.9433,5,1,"Application Render",0.4247
1881.5585,5,1,"Application Compose",0.5821
1883.2132,5,1,"SubmitCommandLists",1.6414
1883.2507,5,1,"Shadowmap packing",0.00039999999
1883.2542,5,1,"Render",0.424199998
1883.2563,5,1,"Procedural Animations",0.0013
1883.2586,5,1,"Script Components",0.00039999999
1883.261,5,1,"CPU Frame",11.7665997
1883.263,5,1,"Input",0.201700002
1883.2654,5,1,"GUI Update",0.0366999991
1883.2676,5,1,"Frustum Culling",0.0579000004
1883.2694,5,1,"Animations",9.99999975e-05
1883.2716,5,1,"Spring Dependencies",0.000699999975
1883.2741,5,1,"GUI Render",0.0463000014
1883.2758,5,1,"Physics",0.00930000003
1883.2776,5,1,"Update",10.4218998
1883.2795,5,1,"Fixed Update",0.00480000023
1883.2814,5,1,"Spline Update",0.00039999999
1883.2832,5,1,"Compose",0.58160001
1883.4436,5,1,"Update Buffers (CPU)",0.114399999
1896.7793,6,1,"SetVSync",13.0852
1897.1341,6,1,"RenderPath3D Update",0.303
1897.1432,6,1,"Application Update",13.4839
1897.8722,6,1,"Application Render",0.7245
1898.3844,6,1,"Application Compose",0.459
1901.7099,6,1,"SubmitCommandLists",3.3071
1901.8154,6,1,"Shadowmap packing",0.000600000028
1901.8242,6,1,"Render",0.723399997
1901.8278,6,1,"Procedural Animations",0.0037
1901.8327,6,1,"Script Components",0.00039999999
1901.8377,6,1,"CPU Frame",15.1590004
1901.8409,6,1,"Input",0.180999994
1901.8464,6,1,"GUI Update",0.0527999997
1901.8506,6,1,"Frustum Culling",0.0562000014
1901.8546,6,1,"Animations",0.00039999999
1901.858,6,1,"Spring Dependencies",0.00109999999
1901.8639,6,1,"GUI Render",0.0750999972
1901.8672,6,1,"Physics",0.0132999998
1901.8702,6,1,"Update",13.4835997
1901.8736,6,1,"Fixed Update",0.00620000018
1901.8777,6,1,"Spline Update",0.00079999998
1901.881,6,1,"Compose",0.458299994
1901.8845,6,1,"Update Buffers (CPU)",0.1778
1914.223,7,1,"SetVSync",11.7948
1914.4547,7,1,"RenderPath3D Update",0.2029
1914.4604,7,1,"Application Update",12.174
1915.7838,7,1,"Application Render",1.3207
1916.4664,7,1,"Application Compose",0.6269
1918.309,7,1,"SubmitCommandLists",1.822
1918.366,7,1,"Shadowmap packing",0.000199999995
1918.3697,7,1,"Render",1.32029998
1918.3723,7,1,"Procedural Animations",0.00150000001
1918.3747,7,1,"Script Components",0.00039999999
1918.3775,7,1,"CPU Frame",14.7256002
1918.3795,7,1,"Input",0.322400004
1918.3831,7,1,"GUI Update",0.0362999998
1918.3856,7,1,"Frustum Culling",0.0375999995
1918.3876,7,1,"Animations",9.99999975e-05
1918.3901,7,1,"Spring Dependencies",0.000199999995
1918.3924,7,1,"GUI Render",0.0865999982
1918.3945,7,1,"Physics",0.00549999997
1918.3963,7,1,"Update",12.1733999
1918.3985,7,1,"Fixed Update",0.0165999997
1918.4005,7,1,"Spline Update",0.000300000014
1918.4024,7,1,"Compose",0.62620002
1918.4046,7,1,"Update Buffers (CPU)",0.183400005
1931.4822,8,1,"SetVSync",12.7667
1931.8176,8,1,"RenderPath3D Update",0.2793
1931.8254,8,1,"Application Update",13.1558
1932.4069,8,1,"Application Render",0.5782
1932.9483,8,1,"Application Compose",0.5133
1934.7384,8,1,"SubmitCommandLists",1.7743
1934.7868,8,1,"Shadowmap packing",0.000300000014
1934.7906,8,1,"Render",0.577300012
1934.7926,8,1,"Procedural Animations",0.00300000003
1934.7952,8,1,"Script Components",0.00039999999
1934.7982,8,1,"CPU Frame",14.6218996
1934.8002,8,1,"Input",0.234500006
1934.803,8,1,"GUI Update",0.0595999993
1934.8051,8,1,"Frustum Culling",0.0527000017
1934.807,8,1,"Animations",9.99999975e-05
1934.8094,8,1,"Spring Dependencies",0.00039999999
1934.8118,8,1,"GUI Render",0.0667999983
1934.8139,8,1,"Physics",0.0151000004
1934.8158,8,1,"Update",13.1554003
1934.8179,8,1,"Fixed Update",0.00889999978
1934.82,8,1,"Spline Update",0.0013
1934.8222,8,1,"Compose",0.512899995
1934.825,8,1,"Update Buffers (CPU)",0.166899994
1945.8478,9,1,"SetVSync",10.7512
1946.1861,9,1,"RenderPath3D Update",0.2603
1946.1965,9,1,"Application Update",11.1358
1946.7058,9,1,"Application Render",0.5056
1947.2489,9,1,"Application Compose",0.4981
1948.7571,9,1,"SubmitCommandLists",1.4843
1948.7963,9,1,"Shadowmap packing",0.000500000024
1948.7998,9,1,"Render",0.504899979
1948.8019,9,1,"Procedural Animations",0.00230000005
1948.8043,9,1,"Script Components",9.99999975e-05
1948.807,9,1,"CPU Frame",12.5025997
1948.8093,9,1,"Input",0.192200005
1948.8116,9,1,"GUI Update",0.0526000001
1948.8135,9,1,"Frustum Culling",0.0588000007
1948.8153,9,1,"Animations",9.99999975e-05
1948.8171,9,1,"Spring Dependencies",0.000699999975
1948.8194,9,1,"GUI Render",0.0966999978
1948.8212,9,1,"Physics",0.0102000004
1948.8232,9,1,"Update",11.1352997
1948.8252,9,1,"Fixed Update",0.0115999999
1948.827,9,1,"Spline Update",0.00079999998
1948.8289,9,1,"Compose",0.496899992
1948.8308,9,1,"Update Buffers (CPU)",0.107199997
1959.8491,10,1,"SetVSync",10.8353
1960.1624,10,1,"RenderPath3D Update",0.2709
1960.1696,10,1,"Application Update",11.1765
1960.6787,10,1,"Application Render",0.5062
1961.1477,10,1,"Application Compose",0.4271
1962.7644,10,1,"SubmitCommandLists",1.6021
1962.9235,10,1,"Shadowmap packing",0.00039999999
1962.9273,10,1,"Render",0.505500019
1962.9296,10,1,"Procedural Animations",0.00490000006
1962.9319,10,1,"Script Components",0.000199999995
1962.9345,10,1,"CPU Frame",12.3781996
1962.9365,10,1,"Input",0.141200006
1962.9388,10,1,"GUI Update",0.0456000008
1962.9408,10,1,"Frustum Culling",0.0555000007
1962.9427,10,1,"Animations",9.99999975e-05
1962.9449,10,1,"Spring Dependencies",0.00109999999
1962.9473,10,1,"GUI Render",0.0516000018
1962.9491,10,1,"Physics",0.0137999998
1962.9509,10,1,"Update",11.1759996
1962.9529,10,1,"Fixed Update",0.00549999997
1962.9546,10,1,"Spline Update",0.000600000028
1962.9566,10,1,"Compose",0.426699996
1962.9588,10,1,"Update Buffers (CPU)",0.136399999
1975.1639,11,1,"SetVSync",12.0071
1975.7179,11,1,"RenderPath3D Update",0.4645
1975.7306,11,1,"Application Update",12.5996
1976.8882,11,1,"Application Render",1.1521
1977.5427,11,1,"Application Compose",0.5748
1979.4957,11,1,"SubmitCommandLists",1.9153
1979.5462,11,1,"Shadowmap packing",0.0181000009
1979.5495,11,1,"Render",1.15100002
1979.5516,11,1,"Procedural Animations",0.0055999998
1979.5545,11,1,"Script Components",0.000699999975
1979.5572,11,1,"CPU Frame",14.6512003
1979.5593,11,1,"Input",0.144999996
1979.5619,11,1,"GUI Update",0.101300001
1979.5644,11,1,"Frustum Culling",0.0989999995
1979.5663,11,1,"Animations",0.000199999995
1979.5683,11,1,"Spring Dependencies",0.000500000024
1979.5711,11,1,"GUI Render",0.146200001
1979.5729,11,1,"Physics",0.0212999992
1979.5748,11,1,"Update",12.5992002
1979.5769,11,1,"Fixed Update",0.00590000022
1979.5802,11,1,"Spline Update",0.000600000028
1979.5823,11,1,"Compose",0.574100018
1979.5844,11,1,"Update Buffers (CPU)",0.257099986
1994.4827,12,1,"SetVSync",14.4907
1995.1162,12,1,"RenderPath3D Update",0.51
1995.1425,12,1,"Application Update",15.2191
1996.3378,12,1,"Application Render",1.1867
1997.1758,12,1,"Application Compose",0.7508
1998.6098,12,1,"SubmitCommandLists",1.4016
1998.7142,12,1,"Shadowmap packing",0.00120000006
1998.7201,12,1,"Render",1.18509996
1998.7229,12,1,"Procedural Animations",0.00389999989
1998.725,12,1,"Script Components",0.00139999995
1998.7289,12,1,"CPU Frame",17.6756992
1998.7315,12,1,"Input",0.300300002
1998.7346,12,1,"GUI Update",0.138300002
1998.7373,12,1,"Frustum Culling",0.0793000013
1998.7393,12,1,"Animations",9.99999975e-05
1998.7422,12,1,"Spring Dependencies",0.000500000024
1998.7461,12,1,"GUI Render",0.142000005
1998.748,12,1,"Physics",0.0250000004
1998.7499,12,1,"Update",15.2187996
1998.7527,12,1,"Fixed Update",0.0125000002
1998.7545,12,1,"Spline Update",0.00079999998
1998.7564,12,1,"Compose",0.749800026
1998.7597,12,1,"Update Buffers (CPU)",0.2183
2009.2218,13,1,"SetVSync",10.0703
2009.4429,13,1,"RenderPath3D Update",0.1956
2009.4538,13,1,"Application Update",10.3488
2009.7847,13,1,"Application Render",0.3283
2010.308,13,1,"Application Compose",0.4986
2011.2504,13,1,"SubmitCommandLists",0.9293
2011.2711,13,1,"Shadowmap packing",0.000300000014
2011.2741,13,1,"Render",0.327899992
2011.2761,13,1,"Procedural Animations",0.0013
2011.2782,13,1,"Script Components",0.000199999995
2011.281,13,1,"CPU Frame",11.6549997
2011.283,13,1,"Input",0.301400006
2011.2854,13,1,"GUI Update",0.0302000009
2011.2873,13,1,"Frustum Culling",0.0560000017
2011.2892,13,1,"Animations",9.99999975e-05
2011.2914,13,1,"Spring Dependencies",0.000600000028
2011.2938,13,1,"GUI Render",0.0476000011
2011.2955,13,1,"Physics",0.00579999993
2011.2973,13,1,"Update",10.3484001
2011.2991,13,1,"Fixed Update",0.0115
2011.3009,13,1,"Spline Update",0.000300000014
2011.3027,13,1,"Compose",0.498199999
2011.3045,13,1,"Update Buffers (CPU)",0.0759000033
2021.9511,14,1,"SetVSync",10.4228
2022.3713,14,1,"RenderPath3D Update",0.3672
2022.3856,14,1,"Application Update",10.8753
2022.8378,14,1,"Application Render",0.4485
2023.3028,14,1,"Application Compose",0.4381
2024.3286,14,1,"SubmitCommandLists",1.0066
2024.3693,14,1,"Shadowmap packing",0.000899999985
2024.3728,14,1,"Render",0.4472
2024.3748,14,1,"Procedural Animations",0.00319999992
2024.377,14,1,"Script Components",0.000600000028
2024.4252,14,1,"CPU Frame",12.0481997
2024.4272,14,1,"Input",0.192900002
2024.4296,14,1,"GUI Update",0.0522999987
2024.4314,14,1,"Frustum Culling",0.0465999991
2024.4333,14,1,"Animations",9.99999975e-05
2024.4356,14,1,"Spring Dependencies",0.000199999995
2024.438,14,1,"GUI Render",0.0509000011
2024.4398,14,1,"Physics",0.0120000001
2024.4415,14,1,"Update",10.8751001
2024.4434,14,1,"Fixed Update",0.00319999992
2024.4452,14,1,"Spline Update",0.00039999999
2024.447,14,1,"Compose",0.43779999
2024.4489,14,1,"Update Buffers (CPU)",0.100100003
2034.938,15,1,"SetVSync",10.309
2035.1573,15,1,"RenderPath3D Update",0.1931
2035.1708,15,1,"Application Update",10.5622
2035.9903,15,1,"Application Render",0.8153
2036.44,15,1,"Application Compose",0.4123
2037.1855,15,1,"SubmitCommandLists",0.7341
2037.2057,15,1,"Shadowmap packing",0.000500000024
2037.2087,15,1,"Render",0.814199984
2037.2106,15,1,"Procedural Animations",0.00289999996
2037.2128,15,1,"Script Components",0.000199999995
2037.2151,15,1,"CPU Frame",12.0983
2037.217,15,1,"Input",0.141200006
2037.2194,15,1,"GUI Update",0.0296
2037.2216,15,1,"Frustum Culling",0.0678000003
2037.2236,15,1,"Animations",9.99999975e-05
2037.2258,15,1,"Spring Dependencies",0.000199999995
2037.2279,15,1,"GUI Render",0.0485999994
2037.2296,15,1,"Physics",0.00949999969
2037.2314,15,1,"Update",10.5616999
2037.2333,15,1,"Fixed Update",0.00439999998
2037.2351,15,1,"Spline Update",9.99999975e-05
2037.237,15,1,"Compose",0.411599994
2037.2389,15,1,"Update Buffers (CPU)",0.1743
2047.6232,16,1,"SetVSync",10.2219
2047.903,16,1,"RenderPath3D Update",0.2371
2047.9101,16,1,"Application Update",10.5297
2048.4545,16,1,"Application Render",0.541
2048.9106,16,1,"Application Compose",0.4237
2049.8568,16,1,"SubmitCommandLists",0.9324
2049.883,16,1,"Shadowmap packing",0.00039999999
2049.8863,16,1,"Render",0.540300012
2049.8884,16,1,"Procedural Animations",0.00190000003
2049.8908,16,1,"Script Components",0.00079999998
2049.8931,16,1,"CPU Frame",11.7208996
2049.895,16,1,"Input",0.130700007
2049.8974,16,1,"GUI Update",0.0427000001
2049.8993,16,1,"Frustum Culling",0.0560999997
2049.9013,16,1,"Animations",9.99999975e-05
2049.9034,16,1,"Spring Dependencies",0.000699999975
2049.9057,16,1,"GUI Render",0.0551000014
2049.9076,16,1,"Physics",0.00270000007
2049.9093,16,1,"Update",10.5291004
2049.9113,16,1,"Fixed Update",9.99999975e-05
2049.9132,16,1,"Spline Update",0.000300000014
2049.9151,16,1,"Compose",0.423299998
2049.9172,16,1,"Update Buffers (CPU)",0.127100006
2060.2211,17,1,"SetVSync",10.1464
2060.412,17,1,"RenderPath3D Update",0.1649
2060.4185,17,1,"Application Update",10.3622
2060.7889,17,1,"Application Render",0.3678
2061.2421,17,1,"Application Compose",0.417
2062.2812,17,1,"SubmitCommandLists",1.0294
2062.3041,17,1,"Shadowmap packing",0.00039999999
2062.3073,17,1,"Render",0.367000014
2062.3094,17,1,"Procedural Animations",0.00139999995
2062.3121,17,1,"Script Components",0.000199999995
2062.3146,17,1,"CPU Frame",11.3774004
2062.3166,17,1,"Input",0.126499996
2062.3195,17,1,"GUI Update",0.0291000009
2062.3214,17,1,"Frustum Culling",0.053199999
2062.3234,17,1,"Animations",9.99999975e-05
2062.3256,17,1,"Spring Dependencies",0.000300000014
2062.3279,17,1,"GUI Render",0.0456000008
2062.3297,17,1,"Physics",0.00630000001
2062.3315,17,1,"Update",10.3620005
2062.3335,17,1,"Fixed Update",0.00389999989
2062.3354,17,1,"Spline Update",0.000300000014
2062.3373,17,1,"Compose",0.416500002
2062.3391,17,1,"Update Buffers (CPU)",0.0895999968
2074.7984,18,1,"SetVSync",12.304
2075.2586,18,1,"RenderPath3D Update",0.4047
2075.2724,18,1,"Application Update",12.7951
2075.7793,18,1,"Application Render",0.5032
2076.4956,18,1,"Application Compose",0.6198
2079.2708,18,1,"SubmitCommandLists",2.7431
2079.4426,18,1,"Shadowmap packing",0.000600000028
2079.4485,18,1,"Render",0.502600014
2079.4511,18,1,"Procedural Animations",0.00410000002
2079.4565,18,1,"Script Components",0.000300000014
2079.4603,18,1,"CPU Frame",14.2166996
2079.4631,18,1,"Input",0.127599999
2079.4702,18,1,"GUI Update",0.0535999984
2079.4733,18,1,"Frustum Culling",0.0886999965
2080.0771,18,1,"Animations",9.99999975e-05
2080.084,18,1,"Spring Dependencies",0.000699999975
2080.0876,18,1,"GUI Render",0.0615000017
2080.0896,18,1,"Physics",0.00999999978
2080.0915,18,1,"Update",12.7945004
2080.0945,18,1,"Fixed Update",0.00289999996
2080.0965,18,1,"Spline Update",0.000300000014
2080.0984,18,1,"Compose",0.619499981
2080.1007,18,1,"Update Buffers (CPU)",0.0961999968
2093.0453,19,1,"SetVSync",12.6944
2093.4503,19,1,"RenderPath3D Update",0.3745
2093.461,19,1,"Application Update",13.1367
2093.8775,19,1,"Application Render",0.4135
2094.3787,19,1,"Application Compose",0.4555
2095.2115,19,1,"SubmitCommandLists",0.82
2095.233,19,1,"Shadowmap packing",0.000199999995
2095.2361,19,1,"Render",0.412900001
2095.2381,19,1,"Procedural Animations",0.00159999996
2095.2405,19,1,"Script Components",9.99999975e-05
2095.2432,19,1,"CPU Frame",15.0299997
2095.2452,19,1,"Input",0.1884
2095.2476,19,1,"GUI Update",0.0476000011
2095.2496,19,1,"Frustum Culling",0.0478000008
2095.2517,19,1,"Animations",9.99999975e-05
2095.2535,19,1,"Spring Dependencies",0.00039999999
2095.2557,19,1,"GUI Render",0.0494000018
2095.2574,19,1,"Physics",0.0109999999
2095.2593,19,1,"Update",13.1363001
2095.2616,19,1,"Fixed Update",0.0083999997
2095.2636,19,1,"Spline Update",0.000300000014
2095.2656,19,1,"Compose",0.45449999
2095.2675,19,1,"Update Buffers (CPU)",0.0907000005
2106.3163,20,1,"SetVSync",10.8931
2106.5584,20,1,"RenderPath3D Update",0.2152
2106.5653,20,1,"Application Update",11.1593
2106.9322,20,1,"Application Render",0.3639
2107.3816,20,1,"Application Compose",0.4193
2108.3163,20,1,"SubmitCommandLists",0.9247
2108.3476,20,1,"Shadowmap packing",0.00039999999
2108.3513,20,1,"Render",0.363499999
2108.3535,20,1,"Procedural Animations",0.00150000001
2108.3561,20,1,"Script Components",0.000199999995
2108.3587,20,1,"CPU Frame",12.1646996
2108.3608,20,1,"Input",0.124799997
2108.3635,20,1,"GUI Update",0.0305000003
2108.3655,20,1,"Frustum Culling",0.0438000001
2108.3674,20,1,"Animations",9.99999975e-05
2108.3699,20,1,"Spring Dependencies",0.000199999995
2108.3721,20,1,"GUI Render",0.0535000004
2108.374,20,1,"Physics",0.00680000009
2108.376,20,1,"Update",11.1590996
2108.378,20,1,"Fixed Update",0.00449999981
2108.3797,20,1,"Spline Update",0.000699999975
2108.3816,20,1,"Compose",0.419
2108.3836,20,1,"Update Buffers (CPU)",0.0944999978
2121.1043,21,1,"SetVSync",12.5392
2121.5723,21,1,"RenderPath3D Update",0.258
2121.5797,21,1,"Application Update",13.0373
2122.4005,21,1,"Application Render",0.8171
2122.8807,21,1,"Application Compose",0.4164
2123.8286,21,1,"SubmitCommandLists",0.9376
2123.856,21,1,"Shadowmap packing",0.000899999985
2123.8597,21,1,"Render",0.815699995
2123.8618,21,1,"Procedural Animations",0.00179999997
2123.8641,21,1,"Script Components",0.000500000024
2123.8665,21,1,"CPU Frame",14.5544004
2123.8686,21,1,"Input",0.141499996
2123.8711,21,1,"GUI Update",0.0878999978
2123.8731,21,1,"Frustum Culling",0.0604000017
2123.875,21,1,"Animations",9.99999975e-05
2123.8775,21,1,"Spring Dependencies",0.000300000014
2123.8798,21,1,"GUI Render",0.120399997
2123.8816,21,1,"Physics",0.0055999998
2123.8834,21,1,"Update",13.0366001
2123.8851,21,1,"Fixed Update",0.00590000022
2123.887,21,1,"Spline Update",0.00039999999
2123.8889,21,1,"Compose",0.416000009
2123.8909,21,1,"Update Buffers (CPU)",0.222499996
2134.6494,22,1,"SetVSync",10.5874
2134.9551,22,1,"RenderPath3D Update",0.2769
2134.9616,22,1,"Application Update",10.9183
2135.4952,22,1,"Application Render",0.5308
2135.9516,22,1,"Application Compose",0.4191
2136.9058,22,1,"SubmitCommandLists",0.9438
2136.9467,22,1,"Shadowmap packing",0.00039999999
2136.952,22,1,"Render",0.530300021
2136.9555,22,1,"Procedural Animations",0.00109999999
2136.9581,22,1,"Script Components",0.000300000014
2136.961,22,1,"CPU Frame",12.1145
2136.9632,22,1,"Input",0.139400005
2136.9657,22,1,"GUI Update",0.0313999988
2136.9677,22,1,"Frustum Culling",0.0917999968
2136.9708,22,1,"Animations",0.000199999995
2136.9727,22,1,"Spring Dependencies",0.000300000014
2136.9753,22,1,"GUI Render",0.0535000004
2136.9777,22,1,"Physics",0.00829999987
2137.037,22,1,"Update",10.9179001
2137.0431,22,1,"Fixed Update",0.00350000011
2137.0464,22,1,"Spline Update",0.000300000014
2137.0484,22,1,"Compose",0.418199986
2137.0515,22,1,"Update Buffers (CPU)",0.110299997
2149.0038,23,1,"SetVSync",11.7493
2149.1651,23,1,"RenderPath3D Update",0.133
2149.1719,23,1,"Application Update",11.9403
2149.5752,23,1,"Application Render",0.4001
2150.0144,23,1,"Application Compose",0.4151
2150.852,23,1,"SubmitCommandLists",0.8264
2150.8872,23,1,"Shadowmap packing",0.00039999999
2150.8905,23,1,"Render",0.399699986
2150.8927,23,1,"Procedural Animations",0.00139999995
2150.8953,23,1,"Script Components",9.99999975e-05
2150.8983,23,1,"CPU Frame",13.0987997
2150.9003,23,1,"Input",0.165800005
2150.9027,23,1,"GUI Update",0.0344999991
2150.905,23,1,"Frustum Culling",0.0505999997
2150.9069,23,1,"Animations",9.99999975e-05
2150.9088,23,1,"Spring Dependencies",0.000199999995
2150.9112,23,1,"GUI Render",0.0526000001
2150.9132,23,1,"Physics",0.00150000001
2150.915,23,1,"Update",11.9398003
2150.917,23,1,"Fixed Update",9.99999975e-05
2150.9188,23,1,"Spline Update",0.000300000014
2150.9211,23,1,"Compose",0.414600015
2150.9233,23,1,"Update Buffers (CPU)",0.119400002
2160.8384,24,1,"SetVSync",9.7395
2161.2801,24,1,"RenderPath3D Update",0.2375
2161.288,24,1,"Application Update",10.2113
2161.7008,24,1,"Application Render",0.4098
2162.1735,24,1,"Application Compose",0.4487
2163.1936,24,1,"SubmitCommandLists",1.0039
2163.2184,24,1,"Shadowmap packing",0.000300000014
2163.2218,24,1,"Render",0.409399986
2163.2245,24,1,"Procedural Animations",0.00190000003
2163.227,24,1,"Script Components",0.000899999985
2163.2297,24,1,"CPU Frame",11.3132
2163.2317,24,1,"Input",0.138400003
2163.2342,24,1,"GUI Update",0.0581
2163.2363,24,1,"Frustum Culling",0.0502999984
2163.2384,24,1,"Animations",9.99999975e-05
2163.2408,24,1,"Spring Dependencies",0.000300000014
2163.2431,24,1,"GUI Render",0.057
2163.2449,24,1,"Physics",0.0103000002
2163.2468,24,1,"Update",10.2110004
2163.2489,24,1,"Fixed Update",0.00430000015
2163.2509,24,1,"Spline Update",0.000500000024
2163.2527,24,1,"Compose",0.448199987
2163.255,24,1,"Update Buffers (CPU)",0.110299997
2174.0872,25,1,"SetVSync",10.6749
2174.3813,25,1,"RenderPath3D Update",0.254
2174.3878,25,1,"Application Update",10.9938
2174.9993,25,1,"Application Render",0.6085
2175.5025,25,1,"Application Compose",0.4402
2177.1183,25,1,"SubmitCommandLists",1.5999
2177.1581,25,1,"Shadowmap packing",0.000300000014
2177.1627,25,1,"Render",0.60799998
2177.1651,25,1,"Procedural Animations",0.0027999999
2177.168,25,1,"Script Components",0.000199999995
2177.1712,25,1,"CPU Frame",12.3035002
2177.1737,25,1,"Input",0.126399994
2177.1766,25,1,"GUI Update",0.0417000018
2177.1789,25,1,"Frustum Culling",0.0709000006
2177.181,25,1,"Animations",0
2177.183,25,1,"Spring Dependencies",0.000699999975
2177.1857,25,1,"GUI Render",0.0621000007
2177.1875,25,1,"Physics",0.00989999995
2177.1904,25,1,"Update",10.9934998
2177.1944,25,1,"Fixed Update",0.00350000011
2177.1975,25,1,"Spline Update",0.00109999999
2177.2009,25,1,"Compose",0.439700007
2177.2043,25,1,"Update Buffers (CPU)",0.193599999
2190.0807,26,1,"SetVSync",12.6007
2190.3206,26,1,"RenderPath3D Update",0.2056
2190.3268,26,1,"Application Update",12.8905
2191.1293,26,1,"Application Render",0.7993
2191.76,26,1,"Application Compose",0.5541
2193.1495,26,1,"SubmitCommandLists",1.3717
2193.2714,26,1,"Shadowmap packing",0.000300000014
2193.278,26,1,"Render",0.798399985
2193.2834,26,1,"Procedural Animations",0.00139999995
2193.2885,26,1,"Script Components",0.000300000014
2193.293,26,1,"CPU Frame",14.6309996
2193.2967,26,1,"Input",0.2086
2193.3009,26,1,"GUI Update",0.0392000005
2193.3052,26,1,"Frustum Culling",0.0918999985
2193.3086,26,1,"Animations",9.99999975e-05
2193.3136,26,1,"Spring Dependencies",0.000300000014
2193.317,26,1,"GUI Render",0.112599999
2193.3205,26,1,"Physics",0.00710000005
2193.3246,26,1,"Update",12.8900003
2193.328,26,1,"Fixed Update",0.00960000046
2193.331,26,1,"Spline Update",0.000300000014
2193.3342,26,1,"Compose",0.55339998
2193.3379,26,1,"Update Buffers (CPU)",0.262499988
2206.5766,27,1,"SetVSync",12.8754
2207.0725,27,1,"RenderPath3D Update",0.4572
2207.0866,27,1,"Application Update",13.445
2207.6581,27,1,"Application Render",0.5678
2208.1782,27,1,"Application Compose",0.4586
2209.1852,27,1,"SubmitCommandLists",0.9895
2209.2341,27,1,"Shadowmap packing",0.00100000005
2209.2379,27,1,"Render",0.567099988
2209.2402,27,1,"Procedural Animations",0.00219999999
2209.2427,27,1,"Script Components",0.000199999995
2209.2454,27,1,"CPU Frame",14.9548998
2209.2478,27,1,"Input",0.204699993
2209.2502,27,1,"GUI Update",0.0493000001
2209.2523,27,1,"Frustum Culling",0.110200003
2209.2545,27,1,"Animations",0.000199999995
2209.2563,27,1,"Spring Dependencies",0.000699999975
2209.2586,27,1,"GUI Render",0.0524999984
2209.2608,27,1,"Physics",0.00689999992
2209.2626,27,1,"Update",13.4446001
2209.2646,27,1,"Fixed Update",0.0171000008
2209.2664,27,1,"Spline Update",0.000300000014
2209.2683,27,1,"Compose",0.456200004
2209.2711,27,1,"Update Buffers (CPU)",0.111699998
2221.1635,28,1,"SetVSync",11.6909
2221.3578,28,1,"RenderPath3D Update",0.1688
2221.364,28,1,"Application Update",11.9126
2221.9015,28,1,"Application Render",0.5336
2222.4402,28,1,"Application Compose",0.4824
2223.2723,28,1,"SubmitCommandLists",0.8204
2223.3008,28,1,"Shadowmap packing",0.000300000014
2223.3044,28,1,"Render",0.533100009
2223.3064,28,1,"Procedural Animations",0.00159999996
2223.309,28,1,"Script Components",0.000300000014
2223.3122,28,1,"CPU Frame",13.2293997
2223.3141,28,1,"Input",0.159400001
2223.3163,28,1,"GUI Update",0.0331000015
2223.3185,28,1,"Frustum Culling",0.0351000018
2223.3203,28,1,"Animations",9.99999975e-05
2223.3225,28,1,"Spring Dependencies",0.000300000014
2223.3248,28,1,"GUI Render",0.0886000022
2223.3266,28,1,"Physics",0.00760000013
2223.3285,28,1,"Update",11.9123001
2223.3305,28,1,"Fixed Update",0.00659999996
2223.3324,28,1,"Spline Update",0.00039999999
2223.3345,28,1,"Compose",0.481099993
2223.3367,28,1,"Update Buffers (CPU)",0.119900003
2234.1857,29,1,"SetVSync",10.4632
2234.3514,29,1,"RenderPath3D Update",0.1415
2234.3579,29,1,"Application Update",10.7991
2234.7691,29,1,"Application Render",0.4077
2235.2632,29,1,"Application Compose",0.468
2236.426,29,1,"SubmitCommandLists",1.1444
2236.4653,29,1,"Shadowmap packing",0.00039999999
2236.4695,29,1,"Render",0.407299995
2236.4719,29,1,"Procedural Animations",0.0013
2236.475,29,1,"Script Components",9.99999975e-05
2236.4792,29,1,"CPU Frame",11.9858999
2236.4816,29,1,"Input",0.187299997
2236.4855,29,1,"GUI Update",0.0359999985
2236.4878,29,1,"Frustum Culling",0.0390999988
2236.4901,29,1,"Animations",9.99999975e-05
2236.4919,29,1,"Spring Dependencies",0.000199999995
2236.4944,29,1,"GUI Render",0.0522999987
2236.4961,29,1,"Physics",0.0057000001
2236.4982,29,1,"Update",10.7987003
2236.4999,29,1,"Fixed Update",0.0107000005
2236.5018,29,1,"Spline Update",0.000300000014
2236.504,29,1,"Compose",0.467000008
2236.5142,29,1,"Update Buffers (CPU)",0.103100002
2246.965,30,1,"SetVSync",10.2413
2247.1734,30,1,"RenderPath3D Update",0.1779
2247.1794,30,1,"Application Update",10.4804
2247.5969,30,1,"Application Render",0.4149
2248.0367,30,1,"Application Compose",0.4127
2248.8317,30,1,"SubmitCommandLists",0.7838
2248.8556,30,1,"Shadowmap packing",0.000300000014
2248.8588,30,1,"Render",0.414499998
2248.861,30,1,"Procedural Animations",0.00150000001
2248.8634,30,1,"Script Components",0.000199999995
2248.866,30,1,"CPU Frame",11.5992002
2248.8679,30,1,"Input",0.171800002
2248.8704,30,1,"GUI Update",0.0335999988
2248.8725,30,1,"Frustum Culling",0.0406999998
2248.8744,30,1,"Animations",9.99999975e-05
2248.877,30,1,"Spring Dependencies",0.000300000014
2248.8793,30,1,"GUI Render",0.0518000014
2248.8811,30,1,"Physics",0.00150000001
2248.8831,30,1,"Update",10.4799995
2248.885,30,1,"Fixed Update",9.99999975e-05
2248.8868,30,1,"Spline Update",0.00039999999
2248.8887,30,1,"Compose",0.412099987
2248.8905,30,1,"Update Buffers (CPU)",0.1039
2265.1341,31,1,"SetVSync",16.0744
2265.4015,31,1,"RenderPath3D Update",0.23
2265.4083,31,1,"Application Update",16.3702
2266.0232,31,1,"Application Render",0.6119
2266.5108,31,1,"Application Compose",0.4495
2267.7758,31,1,"SubmitCommandLists",1.1593
2267.8493,31,1,"Shadowmap packing",0.000300000014
2267.855,31,1,"Render",0.611100018
2267.8582,31,1,"Procedural Animations",0.00289999996
2267.861,31,1,"Script Components",0.000500000024
2267.8646,31,1,"CPU Frame",17.7574005
2267.8673,31,1,"Input",0.133499995
2267.8714,31,1,"GUI Update",0.0414000005
2267.8735,31,1,"Frustum Culling",0.0467000008
2267.8756,31,1,"Animations",9.99999975e-05
2267.8784,31,1,"Spring Dependencies",0.000300000014
2267.8807,31,1,"GUI Render",0.0675000027
2267.8827,31,1,"Physics",0.0118000004
2267.8844,31,1,"Update",16.3700008
2267.8863,31,1,"Fixed Update",0.0037
2267.8882,31,1,"Spline Update",0.000300000014
2267.8901,31,1,"Compose",0.449000001
2267.8923,31,1,"Update Buffers (CPU)",0.168200001
2278.01,32,1,"SetVSync",9.9311
2278.411,32,1,"RenderPath3D Update",0.3591
2278.423,32,1,"Application Update",10.3692
2278.8741,32,1,"Application Render",0.4483
2279.3713,32,1,"Application Compose",0.4467
2280.1445,32,1,"SubmitCommandLists",0.7606
2280.1688,32,1,"Shadowmap packing",0.000199999995
2280.1721,32,1,"Render",0.44780001
2280.1741,32,1,"Procedural Animations",0.00200000009
2280.1767,32,1,"Script Components",0.00039999999
2280.1791,32,1,"CPU Frame",11.5665998
2280.1811,32,1,"Input",0.144400001
2280.1832,32,1,"GUI Update",0.0509000011
2280.1853,32,1,"Frustum Culling",0.0799999982
2280.1876,32,1,"Animations",9.99999975e-05
2280.19,32,1,"Spring Dependencies",0.000500000024
2280.1923,32,1,"GUI Render",0.0725999996
2280.194,32,1,"Physics",0.0116999997
2280.1959,32,1,"Update",10.3685999
2280.1977,32,1,"Fixed Update",0.00499999989
2280.1995,32,1,"Spline Update",0.000300000014
2280.2013,32,1,"Compose",0.446099997
2280.2032,32,1,"Update Buffers (CPU)",0.0886999965
2290.1805,33,1,"SetVSync",9.8091
2290.4634,33,1,"RenderPath3D Update",0.2291
2290.471,33,1,"Application Update",10.1188
2291.0394,33,1,"Application Render",0.5654
2291.508,33,1,"Application Compose",0.4332
2292.5544,33,1,"SubmitCommandLists",1.0285
2292.5997,33,1,"Shadowmap packing",0.00109999999
2292.6037,33,1,"Render",0.564599991
2292.606,33,1,"Procedural Animations",0.00270000007
2292.6086,33,1,"Script Components",0.00039999999
2292.6124,33,1,"CPU Frame",11.3575001
2292.6143,33,1,"Input",0.135900006
2292.6188,33,1,"GUI Update",0.0485000014
2292.6208,33,1,"Frustum Culling",0.0527000017
2292.6227,33,1,"Animations",0.000300000014
2292.6263,33,1,"Spring Dependencies",9.99999975e-05
2292.6299,33,1,"GUI Render",0.074500002
2292.632,33,1,"Physics",0.0108000003
2292.6344,33,1,"Update",10.1184998
2292.6363,33,1,"Fixed Update",0.00329999998
2292.6381,33,1,"Spline Update",0.000300000014
2292.6399,33,1,"Compose",0.432900012
2292.642,33,1,"Update Buffers (CPU)",0.150600001
2303.2701,34,1,"SetVSync",10.4016
2303.5998,34,1,"RenderPath3D Update",0.1692
2303.6084,34,1,"Application Update",10.7617
2304.0333,34,1,"Application Render",0.421
2304.5026,34,1,"Application Compose",0.4286
2305.6144,34,1,"SubmitCommandLists",1.0974
2305.6585,34,1,"Shadowmap packing",0.000300000014
2305.6626,34,1,"Render",0.420599997
2305.6648,34,1,"Procedural Animations",0.00170000002
2305.6676,34,1,"Script Components",0.000199999995
2305.6702,34,1,"CPU Frame",11.9343996
2305.6724,34,1,"Input",0.192399994
2305.675,34,1,"GUI Update",0.0372000001
2305.6771,34,1,"Frustum Culling",0.0434999987
2305.679,34,1,"Animations",9.99999975e-05
2305.6813,34,1,"Spring Dependencies",0.000199999995
2305.6835,34,1,"GUI Render",0.066399999
2305.6852,34,1,"Physics",0.00639999984
2305.687,34,1,"Update",10.7614002
2305.6891,34,1,"Fixed Update",0.00410000002
2305.691,34,1,"Spline Update",0.000199999995
2305.693,34,1,"Compose",0.427599996
2305.6951,34,1,"Update Buffers (CPU)",0.0828000009
2315.8424,35,1,"SetVSync",9.9599
2316.0382,35,1,"RenderPath3D Update",0.1723
2316.0445,35,1,"Application Update",10.1927
2316.3827,35,1,"Application Render",0.3352
2316.801,35,1,"Application Compose",0.3931
2317.5074,35,1,"SubmitCommandLists",0.6968
2317.5263,35,1,"Shadowmap packing",0.000300000014
2317.5295,35,1,"Render",0.334899992
2317.5317,35,1,"Procedural Animations",0.00109999999
2317.6067,35,1,"Script Components",0.000300000014
2317.6094,35,1,"CPU Frame",11.1619997
2317.6114,35,1,"Input",0.146699995
2317.6137,35,1,"GUI Update",0.0296
2317.6157,35,1,"Frustum Culling",0.0425000004
2317.6179,35,1,"Animations",9.99999975e-05
2317.6204,35,1,"Spring Dependencies",9.99999975e-05
2317.6227,35,1,"GUI Render",0.0584000014
2317.6245,35,1,"Physics",0.0057000001
2317.6264,35,1,"Update",10.1924
2317.6284,35,1,"Fixed Update",0.00329999998
2317.6303,35,1,"Spline Update",0.000600000028
2317.6322,35,1,"Compose",0.392399997
2317.6342,35,1,"Update Buffers (CPU)",0.0693000033
2327.4189,36,1,"SetVSync",9.6431
2327.5766,36,1,"RenderPath3D Update",0.1366
2327.5856,36,1,"Application Update",9.825
2327.9398,36,1,"Application Render",0.3513
2328.3695,36,1,"Application Compose",0.396
2329.0233,36,1,"SubmitCommandLists",0.6428
2329.0422,36,1,"Shadowmap packing",0.000199999995
2329.0453,36,1,"Render",0.349999994
2329.0475,36,1,"Procedural Animations",0.00139999995
2329.0502,36,1,"Script Components",9.99999975e-05
2329.0531,36,1,"CPU Frame",10.8590002
2329.0554,36,1,"Input",0.119999997
2329.0578,36,1,"GUI Update",0.0322000012
2329.0599,36,1,"Frustum Culling",0.0467999987
2329.0622,36,1,"Animations",0.000199999995
2329.0643,36,1,"Spring Dependencies",0.000199999995
2329.0663,36,1,"GUI Render",0.0439000018
2329.0683,36,1,"Physics",0.00139999995
2329.0704,36,1,"Update",9.82470036
2329.0728,36,1,"Fixed Update",0
2329.0748,36,1,"Spline Update",0.000199999995
2329.0768,36,1,"Compose",0.395599991
2329.0787,36,1,"Update Buffers (CPU)",0.055399999
2338.2376,37,1,"SetVSync",9.0194
2338.4805,37,1,"RenderPath3D Update",0.2255
2338.4903,37,1,"Application Update",9.286
2338.7913,37,1,"Application Render",0.2983
2339.2078,37,1,"Application Compose",0.3927
2340.1544,37,1,"SubmitCommandLists",0.937
2340.1803,37,1,"Shadowmap packing",0.000199999995
2340.1838,37,1,"Render",0.297699988
2340.1859,37,1,"Procedural Animations",0.000899999985
2340.1884,37,1,"Script Components",0.000500000024
2340.1911,37,1,"CPU Frame",10.1808996
2340.1932,37,1,"Input",0.118000001
2340.1953,37,1,"GUI Update",0.0249000005
2340.198,37,1,"Frustum Culling",0.0553000011
2340.2004,37,1,"Animations",0.000199999995
2340.2025,37,1,"Spring Dependencies",0.000199999995
2340.2044,37,1,"GUI Render",0.0542000011
2340.2064,37,1,"Physics",0.00520000001
2340.2082,37,1,"Update",9.28579998
2340.2105,37,1,"Fixed Update",0.00179999997
2340.2124,37,1,"Spline Update",9.99999975e-05
2340.2152,37,1,"Compose",0.392399997
2340.2171,37,1,"Update Buffers (CPU)",0.0529000014
2349.6546,38,1,"SetVSync",9.2298
2349.9049,38,1,"RenderPath3D Update",0.2327
2349.915,38,1,"Application Update",9.5059
2350.2807,38,1,"Application Render",0.363
2350.6943,38,1,"Application Compose",0.3906
2351.3589,38,1,"SubmitCommandLists",0.6555
2351.377,38,1,"Shadowmap packing",0.000300000014
2351.3806,38,1,"Render",0.362500012
2351.3827,38,1,"Procedural Animations",0.00079999998
2351.3852,38,1,"Script Components",0.000199999995
2351.3875,38,1,"CPU Frame",10.5349998
2351.3894,38,1,"Input",0.184200004
2351.3916,38,1,"GUI Update",0.0236000009
2351.3936,38,1,"Frustum Culling",0.0612999983
2351.3956,38,1,"Animations",9.99999975e-05
2351.3977,38,1,"Spring Dependencies",9.99999975e-05
2351.3998,38,1,"GUI Render",0.0524999984
2351.4018,38,1,"Physics",0.00469999993
2351.4036,38,1,"Update",9.50570011
2351.4055,38,1,"Fixed Update",0.00179999997
2351.4074,38,1,"Spline Update",0.000199999995
2351.4092,38,1,"Compose",0.390300006
2351.411,38,1,"Update Buffers (CPU)",0.0474999994
2360.5852,39,1,"SetVSync",9.0438
2360.6991,39,1,"RenderPath3D Update",0.0985
2360.7052,39,1,"Application Update",9.1777
2360.9925,39,1,"Application Render",0.2846
2361.4095,39,1,"Application Compose",0.3884
2362.0373,39,1,"SubmitCommandLists",0.6185
2362.0558,39,1,"Shadowmap packing",0.000199999995
2362.0589,39,1,"Render",0.284299999
2362.061,39,1,"Procedural Animations",0.000600000028
2362.0634,39,1,"Script Components",9.99999975e-05
2362.0664,39,1,"CPU Frame",10.0474997
2362.0686,39,1,"Input",0.110600002
2362.0709,39,1,"GUI Update",0.0234999992
2362.1022,39,1,"Frustum Culling",0.0474999994
2362.1042,39,1,"Animations",9.99999975e-05
2362.1059,39,1,"Spring Dependencies",0.000199999995
2362.108,39,1,"GUI Render",0.0509000011
2362.1098,39,1,"Physics",0.00079999998
2362.1116,39,1,"Update",9.17749977
2362.1136,39,1,"Fixed Update",9.99999975e-05
2362.1154,39,1,"Spline Update",9.99999975e-05
2362.1172,39,1,"Compose",0.388000011
2362.1191,39,1,"Update Buffers (CPU)",0.0568999983
2372.0116,40,1,"SetVSync",9.754
2372.186,40,1,"RenderPath3D Update",0.156
2372.1911,40,1,"Application Update",9.948
2372.4998,40,1,"Application Render",0.3062
2372.9089,40,1,"Application Compose",0.3882
2373.5702,40,1,"SubmitCommandLists",0.6521
2373.5885,40,1,"Shadowmap packing",0.000300000014
2373.5916,40,1,"Render",0.305900007
2373.5937,40,1,"Procedural Animations",0.000899999985
2373.596,40,1,"Script Components",0.000199999995
2373.5987,40,1,"CPU Frame",10.8678999
2373.6006,40,1,"Input",0.116800003
2373.6028,40,1,"GUI Update",0.0249000005
2373.6048,40,1,"Frustum Culling",0.0482000001
2373.6068,40,1,"Animations",9.99999975e-05
2373.609,40,1,"Spring Dependencies",0.000199999995
2373.6111,40,1,"GUI Render",0.0401999988
2373.6129,40,1,"Physics",0.00499999989
2373.6147,40,1,"Update",9.94769955
2373.6166,40,1,"Fixed Update",0.00179999997
2373.6184,40,1,"Spline Update",0.000300000014
2373.6203,40,1,"Compose",0.387800008
2373.6222,40,1,"Update Buffers (CPU)",0.063000001
2383.4829,41,1,"SetVSync",9.7269
2383.6411,41,1,"RenderPath3D Update",0.1368
2383.646,41,1,"Application Update",9.9037
2384.02,41,1,"Application Render",0.3713
2384.4636,41,1,"Application Compose",0.4176
2385.2741,41,1,"SubmitCommandLists",0.8006
2385.2964,41,1,"Shadowmap packing",0.000199999995
2385.3003,41,1,"Render",0.370900005
2385.3023,41,1,"Procedural Animations",0.00120000006
2385.3045,41,1,"Script Components",9.99999975e-05
2385.3073,41,1,"CPU Frame",10.8895998
2385.3094,41,1,"Input",0.112899996
2385.3114,41,1,"GUI Update",0.0293000005
2385.3134,41,1,"Frustum Culling",0.0311999992
2385.3154,41,1,"Animations",9.99999975e-05
2385.3173,41,1,"Spring Dependencies",0.000199999995
2385.3193,41,1,"GUI Render",0.0553000011
2385.3211,41,1,"Physics",0.0055999998
2385.3229,41,1,"Update",9.9034996
2385.3247,41,1,"Fixed Update",0.00170000002
2385.3265,41,1,"Spline Update",0.000199999995
2385.3288,41,1,"Compose",0.417400002
2385.34,41,1,"Update Buffers (CPU)",0.0794999972
2395.1939,42,1,"SetVSync",9.7074
2395.3878,42,1,"RenderPath3D Update",0.1699
2395.3922,42,1,"Application Update",9.9214
2395.8238,42,1,"Application Render",0.4291
2396.2493,42,1,"Application Compose",0.3991
2397.1835,42,1,"SubmitCommandLists",0.9243
2397.2064,42,1,"Shadowmap packing",0.000199999995
2397.21,42,1,"Render",0.4287
2397.2123,42,1,"Procedural Animations",0.00200000009
2397.2151,42,1,"Script Components",0.000199999995
2397.218,42,1,"CPU Frame",10.9701004
2397.2201,42,1,"Input",0.124600001
2397.2227,42,1,"GUI Update",0.0292000007
2397.2247,42,1,"Frustum Culling",0.0524000004
2397.2265,42,1,"Animations",9.99999975e-05
2397.2288,42,1,"Spring Dependencies",0.000300000014
2397.2312,42,1,"GUI Render",0.0584999993
2397.2329,42,1,"Physics",0.00150000001
2397.2348,42,1,"Update",9.92129993
2397.2366,42,1,"Fixed Update",9.99999975e-05
2397.2385,42,1,"Spline Update",0.000500000024
2397.2403,42,1,"Compose",0.398900002
2397.2423,42,1,"Update Buffers (CPU)",0.111299999
2407.0756,43,1,"SetVSync",9.6855
2407.2811,43,1,"RenderPath3D Update",0.1832
2407.2856,43,1,"Application Update",9.9137
2407.6117,43,1,"Application Render",0.3238
2408.0494,43,1,"Application Compose",0.3997
2408.7727,43,1,"SubmitCommandLists",0.7115
2408.7929,43,1,"Shadowmap packing",9.99999975e-05
2408.7962,43,1,"Render",0.323399991
2408.7984,43,1,"Procedural Animations",0.00109999999
2408.8012,43,1,"Script Components",0.000199999995
2408.8038,43,1,"CPU Frame",10.8626003
2408.8058,43,1,"Input",0.120899998
2408.8084,43,1,"GUI Update",0.0275999997
2408.8106,43,1,"Frustum Culling",0.0383000001
2408.8124,43,1,"Animations",9.99999975e-05
2408.8143,43,1,"Spring Dependencies",0.000300000014
2408.8165,43,1,"GUI Render",0.0419999994
2408.8492,43,1,"Physics",0.00549999997
2408.8512,43,1,"Update",9.9133997
2408.8531,43,1,"Fixed Update",0.00240000011
2408.8549,43,1,"Spline Update",0.000199999995
2408.8568,43,1,"Compose",0.399199992
2408.8587,43,1,"Update Buffers (CPU)",0.0711999983
2418.7847,44,1,"SetVSync",9.7821
2419.0922,44,1,"RenderPath3D Update",0.2853
2419.1026,44,1,"Application Update",10.115
2419.5272,44,1,"Application Render",0.4213
2419.9507,44,1,"Application Compose",0.3969
2420.6525,44,1,"SubmitCommandLists",0.6917
2420.6726,44,1,"Shadowmap packing",0.00039999999
2420.676,44,1,"Render",0.420399994
2420.6783,44,1,"Procedural Animations",0.00109999999
2420.681,44,1,"Script Components",9.99999975e-05
2420.6844,44,1,"CPU Frame",11.1739998
2420.6866,44,1,"Input",0.120099999
2420.6888,44,1,"GUI Update",0.0291000009
2420.6909,44,1,"Frustum Culling",0.104800001
2420.6928,44,1,"Animations",0.000199999995
2420.6947,44,1,"Spring Dependencies",0.000199999995
2420.6969,44,1,"GUI Render",0.0417999998
2420.6987,44,1,"Physics",0.00480000023
2420.7005,44,1,"Update",10.1147003
2420.7023,44,1,"Fixed Update",0.00240000011
2420.7043,44,1,"Spline Update",0.000300000014
2420.7062,44,1,"Compose",0.396400005
2420.7082,44,1,"Update Buffers (CPU)",0.068599999
2431.3839,45,1,"SetVSync",10.5344
2431.5631,45,1,"RenderPath3D Update",0.1605
2431.5842,45,1,"Application Update",10.7508
2432.1995,45,1,"Application Render",0.6123
2432.6708,45,1,"Application Compose",0.4331
2433.6623,45,1,"SubmitCommandLists",0.9797
2433.6951,45,1,"Shadowmap packing",0.000500000024
2433.699,45,1,"Render",0.611800015
2433.7012,45,1,"Procedural Animations",0.00249999994
2433.7034,45,1,"Script Components",9.99999975e-05
2433.7063,45,1,"CPU Frame",12.0137997
2433.7091,45,1,"Input",0.118600003
2433.7116,45,1,"GUI Update",0.0307999998
2433.7138,45,1,"Frustum Culling",0.0764999986
2433.7157,45,1,"Animations",0.000199999995
2433.7176,45,1,"Spring Dependencies",0.000500000024
2433.7198,45,1,"GUI Render",0.0800999999
2433.7215,45,1,"Physics",0.00170000002
2433.7234,45,1,"Update",10.7505999
2433.7253,45,1,"Fixed Update",9.99999975e-05
2433.7271,45,1,"Spline Update",0.000300000014
2433.7289,45,1,"Compose",0.432599992
2433.7307,45,1,"Update Buffers (CPU)",0.148399994
2443.6859,46,1,"SetVSync",9.8052
2443.9651,46,1,"RenderPath3D Update",0.2575
2443.9763,46,1,"Application Update",10.111
2444.3706,46,1,"Application Render",0.3913
2444.7953,46,1,"Application Compose",0.4005
2445.7279,46,1,"SubmitCommandLists",0.9208
2445.7533,46,1,"Shadowmap packing",0.000199999995
2445.7565,46,1,"Render",0.390700012
2445.7589,46,1,"Procedural Animations",0.00139999995
2445.7615,46,1,"Script Components",0.000199999995
2445.7643,46,1,"CPU Frame",11.1274996
2445.7666,46,1,"Input",0.126000002
2445.769,46,1,"GUI Update",0.0288999993
2445.7711,46,1,"Frustum Culling",0.0669
2445.7733,46,1,"Animations",0.000199999995
2445.775,46,1,"Spring Dependencies",0.000199999995
2445.7774,46,1,"GUI Render",0.0542000011
2445.7798,46,1,"Physics",0.00579999993
2445.7818,46,1,"Update",10.1106997
2445.7837,46,1,"Fixed Update",0.0027999999
2445.7855,46,1,"Spline Update",0.000300000014
2445.7873,46,1,"Compose",0.400200009
2445.7898,46,1,"Update Buffers (CPU)",0.0812000036
2455.3772,47,1,"SetVSync",9.4085
2455.4948,47,1,"RenderPath3D Update",0.0991
2455.5062,47,1,"Application Update",9.5527
2455.7955,47,1,"Application Render",0.2866
2456.2112,47,1,"Application Compose",0.3947
2457.106,47,1,"SubmitCommandLists",0.8847
2457.1275,47,1,"Shadowmap packing",9.99999975e-05
2457.1311,47,1,"Render",0.28639999
2457.1333,47,1,"Procedural Animations",0.00100000005
2457.1357,47,1,"Script Components",9.99999975e-05
2457.138,47,1,"CPU Frame",10.4783001
2457.1401,47,1,"Input",0.154899999
2457.1424,47,1,"GUI Update",0.0252999999
2457.1445,47,1,"Frustum Culling",0.0430000015
2457.1468,47,1,"Animations",9.99999975e-05
2457.1486,47,1,"Spring Dependencies",0.000199999995
2457.151,47,1,"GUI Render",0.0428999998
2457.1529,47,1,"Physics",0.00469999993
2457.1546,47,1,"Update",9.55249977
2457.1564,47,1,"Fixed Update",0.00289999996
2457.1583,47,1,"Spline Update",0.000199999995
2457.1987,47,1,"Compose",0.394400001
2457.2008,47,1,"Update Buffers (CPU)",0.0612999983
2468.3744,48,1,"SetVSync",10.9797
2468.6824,48,1,"RenderPath3D Update",0.2918
2468.6911,48,1,"Application Update",11.3108
2469.0605,48,1,"Application Render",0.3666
2469.4766,48,1,"Application Compose",0.3934
2470.1013,48,1,"SubmitCommandLists",0.6149
2470.1199,48,1,"Shadowmap packing",0.000199999995
2470.123,48,1,"Render",0.3662
2470.1251,48,1,"Procedural Animations",0.00139999995
2470.1276,48,1,"Script Components",9.99999975e-05
2470.1304,48,1,"CPU Frame",12.3669996
2470.1329,48,1,"Input",0.171599999
2470.1352,48,1,"GUI Update",0.0219999999
2470.1372,48,1,"Frustum Culling",0.0901999995
2470.1391,48,1,"Animations",0.000199999995
2470.141,48,1,"Spring Dependencies",9.99999975e-05
2470.1431,48,1,"GUI Render",0.0392000005
2470.1448,48,1,"Physics",0.00389999989
2470.1467,48,1,"Update",11.3106003
2470.1485,48,1,"Fixed Update",0.00219999999
2470.1504,48,1,"Spline Update",9.99999975e-05
2470.1522,48,1,"Compose",0.39320001
2470.1541,48,1,"Update Buffers (CPU)",0.0599000007
2479.5475,49,1,"SetVSync",9.2677
2479.6802,49,1,"RenderPath3D Update",0.1205
2479.6857,49,1,"Application Update",9.419
2479.9615,49,1,"Application Render",0.2725
2480.3693,49,1,"Application Compose",0.3888
2481.0041,49,1,"SubmitCommandLists",0.6258
2481.024,49,1,"Shadowmap packing",0.000300000014
2481.0276,49,1,"Render",0.272199988
2481.0296,49,1,"Procedural Animations",0.000899999985
2481.0322,49,1,"Script Components",0.000199999995
2481.0348,49,1,"CPU Frame",10.2641001
2481.0369,49,1,"Input",0.107500002
2481.0391,49,1,"GUI Update",0.0197999999
2481.0411,49,1,"Frustum Culling",0.0458000004
2481.0429,49,1,"Animations",9.99999975e-05
2481.0457,49,1,"Spring Dependencies",0.000199999995
2481.0482,49,1,"GUI Render",0.0346999988
2481.05,49,1,"Physics",0.00100000005
2481.0519,49,1,"Update",9.41880035
2481.0538,49,1,"Fixed Update",9.99999975e-05
2481.0556,49,1,"Spline Update",9.99999975e-05
2481.0574,49,1,"Compose",0.388500005
2481.0595,49,1,"Update Buffers (CPU)",0.0454000011
2491.0261,50,1,"SetVSync",9.8116
2491.2243,50,1,"RenderPath3D Update",0.1827
2491.2338,50,1,"Application Update",10.0335
2491.505,50,1,"Application Render",0.2687
2491.9093,50,1,"Application Compose",0.3852
2492.7293,50,1,"SubmitCommandLists",0.8115
2492.7522,50,1,"Shadowmap packing",0.000199999995
2492.7554,50,1,"Render",0.268299997
2492.7574,50,1,"Procedural Animations",0.000699999975
2492.7596,50,1,"Script Components",9.99999975e-05
2492.7623,50,1,"CPU Frame",10.9017
2492.7644,50,1,"Input",0.134100005
2492.7666,50,1,"GUI Update",0.0219000001
2492.7686,50,1,"Frustum Culling",0.0454000011
2492.7705,50,1,"Animations",9.99999975e-05
2492.7726,50,1,"Spring Dependencies",0.000199999995
2492.7747,50,1,"GUI Render",0.0491999984
2492.7766,50,1,"Physics",0.00510000018
2492.7785,50,1,"Update",10.0333004
2492.7809,50,1,"Fixed Update",0.00139999995
2492.7828,50,1,"Spline Update",0.000199999995
2492.7847,50,1,"Compose",0.384799987
2492.7866,50,1,"Update Buffers (CPU)",0.0494000018
2502.4935,51,1,"SetVSync",8.9133
2502.7683,51,1,"RenderPath3D Update",0.2581
2502.7785,51,1,"Application Update",9.2186
2503.1087,51,1,"Application Render",0.3274
2503.5215,51,1,"Application Compose",0.3891
2504.1413,51,1,"SubmitCommandLists",0.6101
2504.1579,51,1,"Shadowmap packing",0.00039999999
2504.1609,51,1,"Render",0.326799989
2504.1629,51,1,"Procedural Animations",0.000699999975
2504.1651,51,1,"Script Components",9.99999975e-05
2504.1678,51,1,"CPU Frame",10.7884998
2504.1698,51,1,"Input",0.764400005
2504.1722,51,1,"GUI Update",0.0237000007
2504.1742,51,1,"Frustum Culling",0.0702000037
2504.1762,51,1,"Animations",0.000199999995
2504.1781,51,1,"Spring Dependencies",0
2504.1803,51,1,"GUI Render",0.0533999987
2504.1822,51,1,"Physics",0.00389999989
2504.1841,51,1,"Update",9.2184
2504.186,51,1,"Fixed Update",0.00209999993
2504.1879,51,1,"Spline Update",0.000199999995
2504.1898,51,1,"Compose",0.388799995
2504.1917,51,1,"Update Buffers (CPU)",0.057
2514.6925,52,1,"SetVSync",10.3833
2514.918,52,1,"RenderPath3D Update",0.2133
2514.9543,52,1,"Application Update",10.6583
2515.3001,52,1,"Application Render",0.343
2515.7333,52,1,"Application Compose",0.3997
2516.4174,52,1,"SubmitCommandLists",0.6733
2516.4361,52,1,"Shadowmap packing",0.000199999995
2516.4395,52,1,"Render",0.342700005
2516.4415,52,1,"Procedural Animations",0.000500000024
2516.4439,52,1,"Script Components",0.000199999995
2516.4462,52,1,"CPU Frame",11.5899
2516.4483,52,1,"Input",0.0991000012
2516.4506,52,1,"GUI Update",0.0194000006
2516.4524,52,1,"Frustum Culling",0.0785000026
2516.4543,52,1,"Animations",0.000199999995
2516.4562,52,1,"Spring Dependencies",9.99999975e-05
2516.4588,52,1,"GUI Render",0.0513000004
2516.4606,52,1,"Physics",0.000899999985
2516.4625,52,1,"Update",10.6581001
2516.4644,52,1,"Fixed Update",0
2516.4663,52,1,"Spline Update",9.99999975e-05
2516.4684,52,1,"Compose",0.399300009
2516.4703,52,1,"Update Buffers (CPU)",0.0516999997
2526.5049,53,1,"SetVSync",9.9069
2526.7901,53,1,"RenderPath3D Update",0.2728
2526.799,53,1,"Application Update",10.2129
2527.1104,53,1,"Application Render",0.3087
2527.5276,53,1,"Application Compose",0.3924
2528.1183,53,1,"SubmitCommandLists",0.581
2528.1377,53,1,"Shadowmap packing",0.000199999995
2528.141,53,1,"Render",0.308299989
2528.1435,53,1,"Procedural Animations",0.000500000024
2528.1459,53,1,"Script Components",9.99999975e-05
2528.149,53,1,"CPU Frame",11.1069002
2528.1511,53,1,"Input",0.109499998
2528.1534,53,1,"GUI Update",0.0190999992
2528.1556,53,1,"Frustum Culling",0.0807000026
2528.1578,53,1,"Animations",9.99999975e-05
2528.1599,53,1,"Spring Dependencies",0.000199999995
2528.1622,53,1,"GUI Render",0.0375000015
2528.1642,53,1,"Physics",0.00410000002
2528.1662,53,1,"Update",10.2128
2528.1682,53,1,"Fixed Update",0.00150000001
2528.1701,53,1,"Spline Update",0.000199999995
2528.1722,53,1,"Compose",0.392100006
2528.1745,53,1,"Update Buffers (CPU)",0.0502999984
2538.7962,54,1,"SetVSync",10.4985
2538.9689,54,1,"RenderPath3D Update",0.1592
2538.9733,54,1,"Application Update",10.6868
2539.1965,54,1,"Application Render",0.2207
2539.5953,54,1,"Application Compose",0.3823
2540.1387,54,1,"SubmitCommandLists",0.535
2540.1559,54,1,"Shadowmap packing",0.000199999995
2540.1589,54,1,"Render",0.220500007
2540.161,54,1,"Procedural Animations",0.000600000028
2540.1634,54,1,"Script Components",9.99999975e-05
2540.1663,54,1,"CPU Frame",11.4731998
2540.1683,54,1,"Input",0.105599999
2540.1706,54,1,"GUI Update",0.0190999992
2540.1725,54,1,"Frustum Culling",0.0219000001
2540.1748,54,1,"Animations",9.99999975e-05
2540.1766,54,1,"Spring Dependencies",9.99999975e-05
2540.1786,54,1,"GUI Render",0.0315999985
2540.1803,54,1,"Physics",0.00469999993
2540.1822,54,1,"Update",10.6865997
2540.1839,54,1,"Fixed Update",0.00150000001
2540.1858,54,1,"Spline Update",0.000199999995
2540.1878,54,1,"Compose",0.382099986
2540.1896,54,1,"Update Buffers (CPU)",0.0494000018
2550.7952,55,1,"SetVSync",10.4915
2550.9481,55,1,"RenderPath3D Update",0.1392
2550.9536,55,1,"Application Update",10.6602
2551.2065,55,1,"Application Render",0.2506
2551.6088,55,1,"Application Compose",0.3847
2552.2148,55,1,"SubmitCommandLists",0.5976
2552.2325,55,1,"Shadowmap packing",0.000199999995
2552.2359,55,1,"Render",0.250400007
2552.2379,55,1,"Procedural Animations",0.000699999975
2552.2405,55,1,"Script Components",9.99999975e-05
2552.2433,55,1,"CPU Frame",11.4661999
2552.2453,55,1,"Input",0.0978000015
2552.2474,55,1,"GUI Update",0.0198999997
2552.2494,55,1,"Frustum Culling",0.0516000018
2552.2514,55,1,"Animations",9.99999975e-05
2552.2534,55,1,"Spring Dependencies",0.000199999995
2552.2556,55,1,"GUI Render",0.0458000004
2552.2574,55,1,"Physics",0.00380000006
2552.2591,55,1,"Update",10.6599998
2552.2609,55,1,"Fixed Update",0.00139999995
2552.2627,55,1,"Spline Update",0.000199999995
2552.2646,55,1,"Compose",0.384499997
2552.2665,55,1,"Update Buffers (CPU)",0.0505000018
2562.509,56,1,"SetVSync",10.1035
2562.6558,56,1,"RenderPath3D Update",0.1311
2562.6603,56,1,"Application Update",10.2717
2562.9961,56,1,"Application Render",0.3334
2563.412,56,1,"Application Compose",0.3926
2563.9944,56,1,"SubmitCommandLists",0.5739
2564.0443,56,1,"Shadowmap packing",0.000199999995
2564.0475,56,1,"Render",0.333200008
2564.0496,56,1,"Procedural Animations",0.000500000024
2564.0518,56,1,"Script Components",9.99999975e-05
2564.0546,56,1,"CPU Frame",11.1941004
2564.0567,56,1,"Input",0.115900002
2564.0588,56,1,"GUI Update",0.0236000009
2564.0609,56,1,"Frustum Culling",0.0456000008
2564.0628,56,1,"Animations",0
2564.0647,56,1,"Spring Dependencies",9.99999975e-05
2564.067,56,1,"GUI Render",0.0417000018
2564.0691,56,1,"Physics",0.00120000006
2564.071,56,1,"Update",10.2714996
2564.073,56,1,"Fixed Update",0
2564.0746,56,1,"Spline Update",0.000199999995
2564.0766,56,1,"Compose",0.392199993
2564.0785,56,1,"Update Buffers (CPU)",0.0527999997
2574.5215,57,1,"SetVSync",10.3184
2574.7929,57,1,"RenderPath3D Update",0.2531
2574.7988,57,1,"Application Update",10.6079
2575.2045,57,1,"Application Render",0.4031
2575.6301,57,1,"Application Compose",0.3968
2576.5989,57,1,"SubmitCommandLists",0.958
2576.6383,57,1,"Shadowmap packing",0.000300000014
2576.6432,57,1,"Render",0.402700007
2576.6465,57,1,"Procedural Animations",0.00079999998
2576.6496,57,1,"Script Components",9.99999975e-05
2576.6542,57,1,"CPU Frame",11.6009998
2576.6574,57,1,"Input",0.105700001
2576.661,57,1,"GUI Update",0.0253999997
2576.665,57,1,"Frustum Culling",0.0573999994
2576.6683,57,1,"Animations",9.99999975e-05
2576.6714,57,1,"Spring Dependencies",0.000199999995
2576.6746,57,1,"GUI Render",0.0610999987
2576.6767,57,1,"Physics",0.00449999981
2576.6788,57,1,"Update",10.6077995
2576.6811,57,1,"Fixed Update",0.00170000002
2576.6837,57,1,"Spline Update",9.99999975e-05
2576.6855,57,1,"Compose",0.396499991
2576.6878,57,1,"Update Buffers (CPU)",0.0776999965
2586.809,58,1,"SetVSync",9.9545
2586.9963,58,1,"RenderPath3D Update",0.1745
2587.0051,58,1,"Application Update",10.1674
2587.2623,58,1,"Application Render",0.2548
2587.7738,58,1,"Application Compose",0.4925
2588.367,58,1,"SubmitCommandLists",0.5796
2588.3894,58,1,"Shadowmap packing",0.000199999995
2588.3928,58,1,"Render",0.254500002
2588.395,58,1,"Procedural Animations",0.000699999975
2588.3975,58,1,"Script Components",9.99999975e-05
2588.4002,58,1,"CPU Frame",11.1690998
2588.4022,58,1,"Input",0.139899999
2588.4049,58,1,"GUI Update",0.0204000007
2588.407,58,1,"Frustum Culling",0.060800001
2588.4091,58,1,"Animations",9.99999975e-05
2588.4109,58,1,"Spring Dependencies",9.99999975e-05
2588.4134,58,1,"GUI Render",0.0368999988
2588.4154,58,1,"Physics",0.00480000023
2588.4173,58,1,"Update",10.1671
2588.4192,58,1,"Fixed Update",0.00249999994
2588.4211,58,1,"Spline Update",9.99999975e-05
2588.4229,58,1,"Compose",0.492199987
2588.4248,58,1,"Update Buffers (CPU)",0.0531000011
2598.9862,59,1,"SetVSync",10.4036
2599.3638,59,1,"RenderPath3D Update",0.3438
2599.3745,59,1,"Application Update",10.8117
2599.8748,59,1,"Application Render",0.4969
2600.3182,59,1,"Application Compose",0.4035
2600.9822,59,1,"SubmitCommandLists",0.6524
2601.0018,59,1,"Shadowmap packing",0.000300000014
2601.0052,59,1,"Render",0.496300012
2601.0071,59,1,"Procedural Animations",0.00159999996
2601.0093,59,1,"Script Components",0.000300000014
2601.0117,59,1,"CPU Frame",11.9478998
2601.0137,59,1,"Input",0.129600003
2601.0159,59,1,"GUI Update",0.0476999991
2601.0178,59,1,"Frustum Culling",0.0873999968
2601.0197,59,1,"Animations",9.99999975e-05
2601.022,59,1,"Spring Dependencies",0.000199999995
2601.0242,59,1,"GUI Render",0.0637999997
2601.026,59,1,"Physics",0.0116999997
2601.0278,59,1,"Update",10.8114996
2601.0297,59,1,"Fixed Update",0.00200000009
2601.0315,59,1,"Spline Update",0.000199999995
2601.0334,59,1,"Compose",0.403100014
2601.0352,59,1,"Update Buffers (CPU)",0.0891999975
2611.1599,60,1,"SetVSync",9.9844
2611.2603,60,1,"RenderPath3D Update",0.087
2611.2654,60,1,"Application Update",10.1055
2611.5659,60,1,"Application Render",0.2966
2611.9732,60,1,"Application Compose",0.387
2612.5553,60,1,"SubmitCommandLists",0.573
2612.5719,60,1,"Shadowmap packing",0.000300000014
2612.5753,60,1,"Render",0.296299994
2612.5773,60,1,"Procedural Animations",0.000699999975
2612.5795,60,1,"Script Components",9.99999975e-05
2612.6081,60,1,"CPU Frame",10.9867001
2612.6102,60,1,"Input",0.1193
2612.6124,60,1,"GUI Update",0.0210999995
2612.6144,60,1,"Frustum Culling",0.0595000014
2612.6164,60,1,"Animations",9.99999975e-05
2612.6184,60,1,"Spring Dependencies",0.000199999995
2612.6206,60,1,"GUI Render",0.0348999985
2612.6224,60,1,"Physics",0.0013
2612.6247,60,1,"Update",10.1051998
2612.6264,60,1,"Fixed Update",9.99999975e-05
2612.6283,60,1,"Spline Update",0.000199999995
2612.6301,60,1,"Compose",0.386700004
2612.632,60,1,"Update Buffers (CPU)",0.0524000004
2622.9503,61,1,"SetVSync",10.1973
2623.1255,61,1,"RenderPath3D Update",0.1627
2623.1292,61,1,"Application Update",10.3864
2623.3727,61,1,"Application Render",0.2411
2623.7769,61,1,"Application Compose",0.3859
2624.338,61,1,"SubmitCommandLists",0.5531
2624.3546,61,1,"Shadowmap packing",0.000199999995
2624.3579,61,1,"Render",0.240899995
2624.3602,61,1,"Procedural Animations",0.00039999999
2624.3627,61,1,"Script Components",0
2624.3655,61,1,"CPU Frame",11.2184
2624.3675,61,1,"Input",0.103600003
2624.3697,61,1,"GUI Update",0.0201999992
2624.3718,61,1,"Frustum Culling",0.057500001
2624.3743,61,1,"Animations",9.99999975e-05
2624.3766,61,1,"Spring Dependencies",9.99999975e-05
2624.3791,61,1,"GUI Render",0.0353999995
2624.3819,61,1,"Physics",0.00499999989
2624.3839,61,1,"Update",10.3862
2624.3859,61,1,"Fixed Update",0.00150000001
2624.3881,61,1,"Spline Update",9.99999975e-05
2624.3901,61,1,"Compose",0.385600001
2624.3922,61,1,"Update Buffers (CPU)",0.0417000018
2634.7402,62,1,"SetVSync",10.2292
2634.8988,62,1,"RenderPath3D Update",0.146
2634.9028,62,1,"Application Update",10.4022
2635.1607,62,1,"Application Render",0.2557
2635.5642,62,1,"Application Compose",0.3843
2636.4467,62,1,"SubmitCommandLists",0.8717
2636.4701,62,1,"Shadowmap packing",0.000199999995
2636.4737,62,1,"Render",0.255400002
2636.4756,62,1,"Procedural Animations",0.000500000024
2636.4778,62,1,"Script Components",0
2636.4802,62,1,"CPU Frame",11.2237997
2636.4824,62,1,"Input",0.101599999
2636.4846,62,1,"GUI Update",0.0205000006
2636.4866,62,1,"Frustum Culling",0.0535000004
2636.4885,62,1,"Animations",0
2636.4902,62,1,"Spring Dependencies",0.000199999995
2636.4922,62,1,"GUI Render",0.0342000015
2636.4941,62,1,"Physics",0.00400000019
2636.4959,62,1,"Update",10.4020996
2636.4977,62,1,"Fixed Update",0.0013
2636.4996,62,1,"Spline Update",9.99999975e-05
2636.502,62,1,"Compose",0.38409999
2636.5041,62,1,"Update Buffers (CPU)",0.0425000004
2646.8321,63,1,"SetVSync",10.2069
2646.996,63,1,"RenderPath3D Update",0.1517
2647.0006,63,1,"Application Update",10.3884
2647.2524,63,1,"Application Render",0.2493
2647.6546,63,1,"Application Compose",0.3833
2648.1996,63,1,"SubmitCommandLists",0.5368
2648.2156,63,1,"Shadowmap packing",0.000199999995
2648.2186,63,1,"Render",0.248999998
2648.2207,63,1,"Procedural Animations",0.000500000024
2648.2228,63,1,"Script Components",9.99999975e-05
2648.2259,63,1,"CPU Frame",11.2012997
2648.2279,63,1,"Input",0.102899998
2648.2299,63,1,"GUI Update",0.0194000006
2648.2319,63,1,"Frustum Culling",0.0425999984
2648.2337,63,1,"Animations",9.99999975e-05
2648.2355,63,1,"Spring Dependencies",9.99999975e-05
2648.2376,63,1,"GUI Render",0.0351000018
2648.2394,63,1,"Physics",0.000899999985
2648.2417,63,1,"Update",10.3881998
2648.2435,63,1,"Fixed Update",9.99999975e-05
2648.2454,63,1,"Spline Update",0.000199999995
2648.2472,63,1,"Compose",0.382999986
2648.2495,63,1,"Update Buffers (CPU)",0.0445999987
2658.5125,64,1,"SetVSync",10.1502
2658.8224,64,1,"RenderPath3D Update",0.2963
2658.8317,64,1,"Application Update",10.4798
2659.166,64,1,"Application Render",0.3314
2659.5759,64,1,"Application Compose",0.3883
2660.1343,64,1,"SubmitCommandLists",0.5485
2660.1501,64,1,"Shadowmap packing",0.000500000024
2660.1531,64,1,"Render",0.331099987
2660.1551,64,1,"Procedural Animations",0.000600000028
2660.1572,64,1,"Script Components",0
2660.1596,64,1,"CPU Frame",11.3746004
2660.1615,64,1,"Input",0.0962999985
2660.1637,64,1,"GUI Update",0.0214000009
2660.1658,64,1,"Frustum Culling",0.0637999997
2660.1676,64,1,"Animations",9.99999975e-05
2660.1972,64,1,"Spring Dependencies",9.99999975e-05
2660.1997,64,1,"GUI Render",0.0516000018
2660.2015,64,1,"Physics",0.00659999996
2660.2034,64,1,"Update",10.4796
2660.2053,64,1,"Fixed Update",0.0013
2660.2072,64,1,"Spline Update",9.99999975e-05
2660.209,64,1,"Compose",0.388000011
2660.2114,64,1,"Update Buffers (CPU)",0.0540999994
2670.2454,65,1,"SetVSync",9.9211
2670.4853,65,1,"RenderPath3D Update",0.2264
2670.4947,65,1,"Application Update",10.1811
2670.8053,65,1,"Application Render",0.3079
2671.2192,65,1,"Application Compose",0.3881
2671.7903,65,1,"SubmitCommandLists",0.5622
2671.8086,65,1,"Shadowmap packing",0.000199999995
2671.8122,65,1,"Render",0.307500005
2671.8143,65,1,"Procedural Animations",0.000500000024
2671.8169,65,1,"Script Components",9.99999975e-05
2671.82,65,1,"CPU Frame",11.0825005
2671.8224,65,1,"Input",0.0957000032
2671.8248,65,1,"GUI Update",0.0200999994
2671.8267,65,1,"Frustum Culling",0.064000003
2671.8289,65,1,"Animations",9.99999975e-05
2671.831,65,1,"Spring Dependencies",9.99999975e-05
2671.8333,65,1,"GUI Render",0.0351999998
2671.8353,65,1,"Physics",0.00350000011
2671.8374,65,1,"Update",10.1808004
2671.8394,65,1,"Fixed Update",0.00159999996
2671.8415,65,1,"Spline Update",0.000199999995
2671.8436,65,1,"Compose",0.387800008
2671.8456,65,1,"Update Buffers (CPU)",0.0388999991
2681.7899,66,1,"SetVSync",9.8221
2681.9712,66,1,"RenderPath3D Update",0.1686
2681.9759,66,1,"Application Update",10.0199
2682.2363,66,1,"Application Render",0.2579
2682.6552,66,1,"Application Compose",0.3899
2683.2415,66,1,"SubmitCommandLists",0.5774
2683.2585,66,1,"Shadowmap packing",0.000300000014
2683.2614,66,1,"Render",0.257699996
2683.2632,66,1,"Procedural Animations",0.000699999975
2683.2651,66,1,"Script Components",0.000199999995
2683.2674,66,1,"CPU Frame",10.8611002
2683.2693,66,1,"Input",0.104099996
2683.2713,66,1,"GUI Update",0.0190999992
2683.2732,66,1,"Frustum Culling",0.0238000005
2683.2751,66,1,"Animations",9.99999975e-05
2683.2773,66,1,"Spring Dependencies",9.99999975e-05
2683.2793,66,1,"GUI Render",0.0366999991
2683.281,66,1,"Physics",0.00419999985
2683.2829,66,1,"Update",10.0195999
2683.2847,66,1,"Fixed Update",0.0013
2683.2865,66,1,"Spline Update",9.99999975e-05
2683.2883,66,1,"Compose",0.389600009
2683.2901,66,1,"Update Buffers (CPU)",0.0531000011
2693.7864,67,1,"SetVSync",10.381
2693.9263,67,1,"RenderPath3D Update",0.1201
2693.9307,67,1,"Application Update",10.5369
2694.2906,67,1,"Application Render",0.3574
2694.7038,67,1,"Application Compose",0.3927
2695.4014,67,1,"SubmitCommandLists",0.6884
2695.4218,67,1,"Shadowmap packing",0.00039999999
2695.4252,67,1,"Render",0.357199997
2695.4273,67,1,"Procedural Animations",0.00100000005
2695.43,67,1,"Script Components",0.000199999995
2695.4327,67,1,"CPU Frame",11.4587002
2695.4349,67,1,"Input",0.0983000025
2695.4373,67,1,"GUI Update",0.0286999997
2695.4397,67,1,"Frustum Culling",0.0505000018
2695.4418,67,1,"Animations",9.99999975e-05
2695.4442,67,1,"Spring Dependencies",0.000199999995
2695.4467,67,1,"GUI Render",0.0467000008
2695.4489,67,1,"Physics",0.00170000002
2695.4511,67,1,"Update",10.5367002
2695.4534,67,1,"Fixed Update",9.99999975e-05
2695.4555,67,1,"Spline Update",0.000199999995
2695.4581,67,1,"Compose",0.392399997
2695.4601,67,1,"Update Buffers (CPU)",0.107799999
2705.7589,68,1,"SetVSync",10.1542
2705.9206,68,1,"RenderPath3D Update",0.143
2705.9263,68,1,"Application Update",10.3359
2706.2188,68,1,"Application Render",0.2899
2706.6383,68,1,"Application Compose",0.3991
2707.2568,68,1,"SubmitCommandLists",0.6089
2707.2752,68,1,"Shadowmap packing",0.000300000014
2707.2782,68,1,"Render",0.289600015
2707.2803,68,1,"Procedural Animations",0.000899999985
2707.2833,68,1,"Script Components",0.000199999995
2707.2857,68,1,"CPU Frame",11.2316999
2707.2877,68,1,"Input",0.122100003
2707.2898,68,1,"GUI Update",0.0261000004
2707.2918,68,1,"Frustum Culling",0.0502999984
2707.2937,68,1,"Animations",9.99999975e-05
2707.2959,68,1,"Spring Dependencies",0.000199999995
2707.2982,68,1,"GUI Render",0.0408999994
2707.2999,68,1,"Physics",0.00529999984
2707.3017,68,1,"Update",10.3357
2707.3853,68,1,"Fixed Update",0.00260000001
2707.3872,68,1,"Spline Update",0.000199999995
2707.3891,68,1,"Compose",0.398799986
2707.3913,68,1,"Update Buffers (CPU)",0.0659999996
2717.9787,69,1,"SetVSync",10.4511
2718.1321,69,1,"RenderPath3D Update",0.1408
2718.1367,69,1,"Application Update",10.6227
2718.3944,69,1,"Application Render",0.2552
2718.8031,69,1,"Application Compose",0.3901
2719.3619,69,1,"SubmitCommandLists",0.5501
2719.379,69,1,"Shadowmap packing",0.000300000014
2719.3823,69,1,"Render",0.254999995
2719.3843,69,1,"Procedural Animations",0.000600000028
2719.3864,69,1,"Script Components",9.99999975e-05
2719.3891,69,1,"CPU Frame",11.5418997
2719.3911,69,1,"Input",0.115400001
2719.3936,69,1,"GUI Update",0.0221999995
2719.3956,69,1,"Frustum Culling",0.0480000004
2719.3975,69,1,"Animations",9.99999975e-05
2719.3994,69,1,"Spring Dependencies",9.99999975e-05
2719.4018,69,1,"GUI Render",0.0372000001
2719.4036,69,1,"Physics",0.00430000015
2719.4054,69,1,"Update",10.6223001
2719.4072,69,1,"Fixed Update",0.00159999996
2719.4091,69,1,"Spline Update",0.000199999995
2719.4111,69,1,"Compose",0.389800012
2719.4129,69,1,"Update Buffers (CPU)",0.0529000014
2730.1405,70,1,"SetVSync",10.6066
2730.2854,70,1,"RenderPath3D Update",0.1299
2730.2892,70,1,"Application Update",10.7683
2730.65,70,1,"Application Render",0.3582
2731.0832,70,1,"Application Compose",0.4002
2731.7129,70,1,"SubmitCommandLists",0.6192
2731.7477,70,1,"Shadowmap packing",0.000199999995
2731.7513,70,1,"Render",0.357899994
2731.7533,70,1,"Procedural Animations",0.000699999975
2731.7554,70,1,"Script Components",0.000199999995
2731.7577,70,1,"CPU Frame",11.7180004
2731.7598,70,1,"Input",0.102799997
2731.762,70,1,"GUI Update",0.0219999999
2731.764,70,1,"Frustum Culling",0.0494999997
2731.766,70,1,"Animations",9.99999975e-05
2731.7684,70,1,"Spring Dependencies",0.000199999995
2731.7706,70,1,"GUI Render",0.0425000004
2731.7723,70,1,"Physics",0.00079999998
2731.7742,70,1,"Update",10.7679996
2731.7759,70,1,"Fixed Update",9.99999975e-05
2731.7777,70,1,"Spline Update",0.000300000014
2731.7795,70,1,"Compose",0.399699986
2731.7815,70,1,"Update Buffers (CPU)",0.076700002
2741.6332,71,1,"SetVSync",9.7164
2741.8273,71,1,"RenderPath3D Update",0.1812
2741.8361,71,1,"Application Update",9.9313
2742.1377,71,1,"Application Render",0.2991
2742.5733,71,1,"Application Compose",0.4106
2743.1863,71,1,"SubmitCommandLists",0.6037
2743.209,71,1,"Shadowmap packing",9.99999975e-05
2743.2127,71,1,"Render",0.298799992
2743.2149,71,1,"Procedural Animations",0.000500000024
2743.2177,71,1,"Script Components",9.99999975e-05
2743.2204,71,1,"CPU Frame",10.8416004
2743.2225,71,1,"Input",0.1171
2743.2248,71,1,"GUI Update",0.0196000002
2743.2271,71,1,"Frustum Culling",0.0606000014
2743.2295,71,1,"Animations",0.000199999995
2743.2315,71,1,"Spring Dependencies",0
2743.2336,71,1,"GUI Render",0.0370999984
2743.2356,71,1,"Physics",0.00480000023
2743.2379,71,1,"Update",9.93099976
2743.2401,71,1,"Fixed Update",0.00139999995
2743.2422,71,1,"Spline Update",9.99999975e-05
2743.2445,71,1,"Compose",0.410299987
2743.2467,71,1,"Update Buffers (CPU)",0.0434000008
2753.9258,72,1,"SetVSync",10.5538
2754.0994,72,1,"RenderPath3D Update",0.1581
2754.1037,72,1,"Application Update",10.7443
2754.3656,72,1,"Application Render",0.2596
2754.7881,72,1,"Application Compose",0.3925
2755.3743,72,1,"SubmitCommandLists",0.5768
2755.3909,72,1,"Shadowmap packing",0.000300000014
2755.394,72,1,"Render",0.259299994
2755.396,72,1,"Procedural Animations",0.00079999998
2755.3983,72,1,"Script Components",9.99999975e-05
2755.4009,72,1,"CPU Frame",11.5981998
2755.4034,72,1,"Input",0.106399998
2755.4055,72,1,"GUI Update",0.0208999999
2755.4074,72,1,"Frustum Culling",0.057500001
2755.4093,72,1,"Animations",9.99999975e-05
2755.4113,72,1,"Spring Dependencies",9.99999975e-05
2755.4135,72,1,"GUI Render",0.0362000018
2755.4153,72,1,"Physics",0.00419999985
2755.417,72,1,"Update",10.7440996
2755.4188,72,1,"Fixed Update",0.00120000006
2755.4206,72,1,"Spline Update",0.000199999995
2755.4225,72,1,"Compose",0.392199993
2755.4248,72,1,"Update Buffers (CPU)",0.0425000004
2765.9111,73,1,"SetVSync",10.3292
2766.1299,73,1,"RenderPath3D Update",0.1963
2766.1358,73,1,"Application Update",10.5684
2766.5677,73,1,"Application Render",0.4293
2767.0066,73,1,"Application Compose",0.4032
2767.6456,73,1,"SubmitCommandLists",0.6288
2767.664,73,1,"Shadowmap packing",0.000300000014
2767.6671,73,1,"Render",0.428900003
2767.6697,73,1,"Procedural Animations",0.00159999996
2767.6722,73,1,"Script Components",0
2767.6746,73,1,"CPU Frame",11.6295004
2767.6767,73,1,"Input",0.108199999
2767.6789,73,1,"GUI Update",0.0270000007
2767.6811,73,1,"Frustum Culling",0.0452999994
2767.6829,73,1,"Animations",0.000199999995
2767.685,73,1,"Spring Dependencies",0.000199999995
2767.6871,73,1,"GUI Render",0.0544999987
2767.6889,73,1,"Physics",0.00669999979
2767.6908,73,1,"Update",10.5682001
2767.6931,73,1,"Fixed Update",0.00190000003
2767.6951,73,1,"Spline Update",0.000199999995
2767.6969,73,1,"Compose",0.402799994
2767.699,73,1,"Update Buffers (CPU)",0.0904000029
2778.7113,74,1,"SetVSync",10.8887
2778.8507,74,1,"RenderPath3D Update",0.1218
2778.8554,74,1,"Application Update",11.0471
2779.1474,74,1,"Application Render",0.2892
2779.5568,74,1,"Application Compose",0.3898
2780.1183,74,1,"SubmitCommandLists",0.5531
2780.1353,74,1,"Shadowmap packing",0.000300000014
2780.1385,74,1,"Render",0.288800001
2780.1405,74,1,"Procedural Animations",0.000899999985
2780.1427,74,1,"Script Components",0.000300000014
2780.1452,74,1,"CPU Frame",11.9076004
2780.1474,74,1,"Input",0.103799999
2780.1495,74,1,"GUI Update",0.0263999999
2780.1515,74,1,"Frustum Culling",0.0460000001
2780.1532,74,1,"Animations",0.000199999995
2780.1552,74,1,"Spring Dependencies",0.000600000028
2780.1572,74,1,"GUI Render",0.0359999985
2780.1589,74,1,"Physics",0.00139999995
2780.1609,74,1,"Update",11.0468998
2780.1627,74,1,"Fixed Update",0
2780.1646,74,1,"Spline Update",0.00039999999
2780.1666,74,1,"Compose",0.389600009
2780.1686,74,1,"Update Buffers (CPU)",0.0588000007
2790.6754,75,1,"SetVSync",10.3884
2790.8458,75,1,"RenderPath3D Update",0.1574
2790.8509,75,1,"Application Update",10.5752
2791.1445,75,1,"Application Render",0.291
2791.5608,75,1,"Application Compose",0.3955
2792.1585,75,1,"SubmitCommandLists",0.5889
2792.1752,75,1,"Shadowmap packing",0.000199999995
2792.1781,75,1,"Render",0.290800005
2792.1801,75,1,"Procedural Animations",0.000500000024
2792.1822,75,1,"Script Components",9.99999975e-05
2792.1852,75,1,"CPU Frame",11.4391003
2792.1872,75,1,"Input",0.100699998
2792.1893,75,1,"GUI Update",0.0197000001
2792.1914,75,1,"Frustum Culling",0.0425000004
2792.1933,75,1,"Animations",9.99999975e-05
2792.1952,75,1,"Spring Dependencies",0.000199999995
2792.1972,75,1,"GUI Render",0.0381999984
2792.1992,75,1,"Physics",0.00400000019
2792.2014,75,1,"Update",10.5749998
2792.2033,75,1,"Fixed Update",0.00139999995
2792.2051,75,1,"Spline Update",0.000199999995
2792.2069,75,1,"Compose",0.395300001
2792.2091,75,1,"Update Buffers (CPU)",0.0494000018
2803.3671,76,1,"SetVSync",11.0408
2803.5561,76,1,"RenderPath3D Update",0.1711
2803.561,76,1,"Application Update",11.2459
2803.848,76,1,"Application Render",0.2844
2804.2574,76,1,"Application Compose",0.3893
2804.8805,76,1,"SubmitCommandLists",0.6139
2804.9012,76,1,"Shadowmap packing",0.000300000014
2804.9047,76,1,"Render",0.284000009
2804.9067,76,1,"Procedural Animations",0.00079999998
2804.9091,76,1,"Script Components",9.99999975e-05
2804.9127,76,1,"CPU Frame",12.0957003
2804.9149,76,1,"Input",0.0996999964
2804.9173,76,1,"GUI Update",0.0242999997
2804.9193,76,1,"Frustum Culling",0.0412999988
2804.9212,76,1,"Animations",9.99999975e-05
2804.9232,76,1,"Spring Dependencies",0.000199999995
2804.9252,76,1,"GUI Render",0.0405000001
2804.927,76,1,"Physics",0.00480000023
2804.9288,76,1,"Update",11.2456999
2804.9309,76,1,"Fixed Update",0.0013
2804.9328,76,1,"Spline Update",0.000199999995
2804.9346,76,1,"Compose",0.389099985
2804.9366,76,1,"Update Buffers (CPU)",0.0639000013
2815.6077,77,1,"SetVSync",10.527
2815.7894,77,1,"RenderPath3D Update",0.1638
2815.795,77,1,"Application Update",10.729
2816.0927,77,1,"Application Render",0.2948
2816.5432,77,1,"Application Compose",0.3941
2817.1694,77,1,"SubmitCommandLists",0.6163
2817.1871,77,1,"Shadowmap packing",0.000500000024
2817.1903,77,1,"Render",0.294499993
2817.1924,77,1,"Procedural Animations",0.000899999985
2817.195,77,1,"Script Components",9.99999975e-05
2817.1979,77,1,"CPU Frame",11.6582003
2817.2,77,1,"Input",0.121799998
2817.2024,77,1,"GUI Update",0.0244999994
2817.2043,77,1,"Frustum Culling",0.0414000005
2817.2061,77,1,"Animations",9.99999975e-05
2817.208,77,1,"Spring Dependencies",0.000199999995
2817.2101,77,1,"GUI Render",0.0524999984
2817.2119,77,1,"Physics",0.00380000006
2817.2138,77,1,"Update",10.7287998
2817.2156,77,1,"Fixed Update",0.00170000002
2817.2174,77,1,"Spline Update",0.000199999995
2817.2193,77,1,"Compose",0.393599987
2817.2211,77,1,"Update Buffers (CPU)",0.0595999993
2827.9247,78,1,"SetVSync",10.5713
2828.1279,78,1,"RenderPath3D Update",0.1654
2828.1336,78,1,"Application Update",10.7952
2828.4729,78,1,"Application Render",0.3365
2828.9027,78,1,"Application Compose",0.3974
2829.5003,78,1,"SubmitCommandLists",0.5874
2829.5185,78,1,"Shadowmap packing",0.000199999995
2829.5216,78,1,"Render",0.336199999
2829.524,78,1,"Procedural Animations",0.0013
2829.5265,78,1,"Script Components",9.99999975e-05
2829.5292,78,1,"CPU Frame",11.7306004
2829.5313,78,1,"Input",0.112000003
2829.5334,78,1,"GUI Update",0.0305000003
2829.5355,78,1,"Frustum Culling",0.0522000007
2829.5373,78,1,"Animations",9.99999975e-05
2829.5392,78,1,"Spring Dependencies",0.000199999995
2829.5413,78,1,"GUI Render",0.0394000001
2829.5432,78,1,"Physics",0.00109999999
2829.5451,78,1,"Update",10.7948999
2829.5474,78,1,"Fixed Update",9.99999975e-05
2829.5492,78,1,"Spline Update",0.000199999995
2829.5511,78,1,"Compose",0.397000015
2829.5531,78,1,"Update Buffers (CPU)",0.0697999969
2839.5376,79,1,"SetVSync",9.8566
2839.7152,79,1,"RenderPath3D Update",0.1647
2839.719,79,1,"Application Update",10.0514
2840.0322,79,1,"Application Render",0.3108
2840.4633,79,1,"Application Compose",0.3985
2841.056,79,1,"SubmitCommandLists",0.5824
2841.0737,79,1,"Shadowmap packing",0.000199999995
2841.0767,79,1,"Render",0.310499996
2841.0786,79,1,"Procedural Animations",0.00079999998
2841.0809,79,1,"Script Components",9.99999975e-05
2841.0835,79,1,"CPU Frame",10.9597998
2841.0855,79,1,"Input",0.107000001
2841.0877,79,1,"GUI Update",0.0207000002
2841.0897,79,1,"Frustum Culling",0.0417000018
2841.0916,79,1,"Animations",0
2841.0936,79,1,"Spring Dependencies",0.000199999995
2841.0957,79,1,"GUI Render",0.0509000011
2841.0974,79,1,"Physics",0.00719999988
2841.0992,79,1,"Update",10.0511999
2841.101,79,1,"Fixed Update",0.00200000009
2841.1031,79,1,"Spline Update",9.99999975e-05
2841.105,79,1,"Compose",0.398299992
2841.1072,79,1,"Update Buffers (CPU)",0.0549999997
2851.2077,80,1,"SetVSync",9.9776
2851.3653,80,1,"RenderPath3D Update",0.1459
2851.3709,80,1,"Application Update",10.1522
2851.6234,80,1,"Application Render",0.2501
2852.0278,80,1,"Application Compose",0.3858
2852.564,80,1,"SubmitCommandLists",0.5279
2852.5807,80,1,"Shadowmap packing",0.000199999995
2852.5836,80,1,"Render",0.249799997
2852.5855,80,1,"Procedural Animations",0.00039999999
2852.5877,80,1,"Script Components",9.99999975e-05
2852.5906,80,1,"CPU Frame",10.9687004
2852.5925,80,1,"Input",0.105499998
2852.5946,80,1,"GUI Update",0.0184000004
2852.5965,80,1,"Frustum Culling",0.0397000015
2852.5985,80,1,"Animations",0.000199999995
2852.6004,80,1,"Spring Dependencies",9.99999975e-05
2852.6025,80,1,"GUI Render",0.0337999985
2852.6042,80,1,"Physics",0.0037
2852.606,80,1,"Update",10.1520004
2852.608,80,1,"Fixed Update",0.0013
2852.6098,80,1,"Spline Update",9.99999975e-05
2852.6117,80,1,"Compose",0.385500014
2852.6137,80,1,"Update Buffers (CPU)",0.0373999998
2863.8016,81,1,"SetVSync",11.0715
2863.9553,81,1,"RenderPath3D Update",0.1382
2863.9598,81,1,"Application Update",11.2416
2864.2265,81,1,"Application Render",0.2639
2864.6349,81,1,"Application Compose",0.389
2865.2143,81,1,"SubmitCommandLists",0.5707
2865.2314,81,1,"Shadowmap packing",0.000300000014
2865.2347,81,1,"Render",0.263599992
2865.2662,81,1,"Procedural Animations",0.00079999998
2865.2689,81,1,"Script Components",9.99999975e-05
2865.2716,81,1,"CPU Frame",12.0678997
2865.2737,81,1,"Input",0.0992999971
2865.2768,81,1,"GUI Update",0.0212999992
2865.2786,81,1,"Frustum Culling",0.0465000011
2865.2806,81,1,"Animations",9.99999975e-05
2865.2824,81,1,"Spring Dependencies",0.000199999995
2865.2845,81,1,"GUI Render",0.0364000015
2865.2864,81,1,"Physics",0.000899999985
2865.2883,81,1,"Update",11.2413998
2865.29,81,1,"Fixed Update",9.99999975e-05
2865.2919,81,1,"Spline Update",0.000199999995
2865.2938,81,1,"Compose",0.388799995
2865.2957,81,1,"Update Buffers (CPU)",0.0450999998
2875.7991,82,1,"SetVSync",10.3849
2875.9422,82,1,"RenderPath3D Update",0.1299
2875.9481,82,1,"Application Update",10.545
2876.2697,82,1,"Application Render",0.3191
2876.6994,82,1,"Application Compose",0.3973
2877.3414,82,1,"SubmitCommandLists",0.6325
2877.3594,82,1,"Shadowmap packing",9.99999975e-05
2877.3629,82,1,"Render",0.318800002
2877.3651,82,1,"Procedural Animations",0.000600000028
2877.3676,82,1,"Script Components",9.99999975e-05
2877.3698,82,1,"CPU Frame",11.4821997
2877.3719,82,1,"Input",0.100599997
2877.3741,82,1,"GUI Update",0.0206000004
2877.3763,82,1,"Frustum Culling",0.0491000004
2877.3783,82,1,"Animations",9.99999975e-05
2877.3801,82,1,"Spring Dependencies",9.99999975e-05
2877.3821,82,1,"GUI Render",0.0483999997
2877.3838,82,1,"Physics",0.00449999981
2877.3857,82,1,"Update",10.5447998
2877.3876,82,1,"Fixed Update",0.00150000001
2877.3895,82,1,"Spline Update",0.000199999995
2877.3914,82,1,"Compose",0.397000015
2877.3933,82,1,"Update Buffers (CPU)",0.055399999
2887.9209,83,1,"SetVSync",10.3998
2888.0947,83,1,"RenderPath3D Update",0.158
2888.0991,83,1,"Application Update",10.5894
2888.3484,83,1,"Application Render",0.2467
2888.7562,83,1,"Application Compose",0.3884
2889.3836,83,1,"SubmitCommandLists",0.6187
2889.4014,83,1,"Shadowmap packing",0.000300000014
2889.4045,83,1,"Render",0.246399999
2889.4065,83,1,"Procedural Animations",0.00079999998
2889.4089,83,1,"Script Components",9.99999975e-05
2889.4116,83,1,"CPU Frame",11.4112997
2889.4136,83,1,"Input",0.109800003
2889.4159,83,1,"GUI Update",0.0227000006
2889.4182,83,1,"Frustum Culling",0.0439999998
2889.4201,83,1,"Animations",9.99999975e-05
2889.4219,83,1,"Spring Dependencies",0.000300000014
2889.424,83,1,"GUI Render",0.0375000015
2889.4259,83,1,"Physics",0.00469999993
2889.4278,83,1,"Update",10.5892
2889.4298,83,1,"Fixed Update",0.00139999995
2889.4317,83,1,"Spline Update",9.99999975e-05
2889.4335,83,1,"Compose",0.388200015
2889.4354,83,1,"Update Buffers (CPU)",0.0516000018
2900.2711,84,1,"SetVSync",10.7009
2900.4777,84,1,"RenderPath3D Update",0.1881
2900.482,84,1,"Application Update",10.9234
2900.7582,84,1,"Application Render",0.2737
2901.1662,84,1,"Application Compose",0.3884
2901.795,84,1,"SubmitCommandLists",0.6201
2901.813,84,1,"Shadowmap packing",0.000199999995
2901.8163,84,1,"Render",0.273499995
2901.8184,84,1,"Procedural Animations",0.00120000006
2901.8207,84,1,"Script Components",0.000199999995
2901.823,84,1,"CPU Frame",11.7791004
2901.8251,84,1,"Input",0.116099998
2901.8273,84,1,"GUI Update",0.0288999993
2901.8293,84,1,"Frustum Culling",0.0452999994
2901.8311,84,1,"Animations",9.99999975e-05
2901.8333,84,1,"Spring Dependencies",0.00039999999
2901.8355,84,1,"GUI Render",0.0381999984
2901.8373,84,1,"Physics",0.0055999998
2901.8391,84,1,"Update",10.9232998
2901.8793,84,1,"Fixed Update",0.00190000003
2901.8821,84,1,"Spline Update",0.000199999995
2901.8846,84,1,"Compose",0.388200015
2901.8867,84,1,"Update Buffers (CPU)",0.0546000004
2912.2187,85,1,"SetVSync",10.2045
2912.469,85,1,"RenderPath3D Update",0.2378
2912.4784,85,1,"Application Update",10.4784
2912.7596,85,1,"Application Render",0.2785
2913.2366,85,1,"Application Compose",0.4577
2913.9328,85,1,"SubmitCommandLists",0.6855
2913.95,85,1,"Shadowmap packing",0.000699999975
2913.953,85,1,"Render",0.278299987
2913.955,85,1,"Procedural Animations",0.000600000028
2913.9573,85,1,"Script Components",9.99999975e-05
2913.9598,85,1,"CPU Frame",11.4393997
2913.9619,85,1,"Input",0.107000001
2914.0671,85,1,"GUI Update",0.0221999995
2914.0693,85,1,"Frustum Culling",0.0465000011
2914.0712,85,1,"Animations",9.99999975e-05
2914.0731,85,1,"Spring Dependencies",0.000199999995
2914.0753,85,1,"GUI Render",0.0397000015
2914.0773,85,1,"Physics",0.000699999975
2914.079,85,1,"Update",10.4780998
2914.0809,85,1,"Fixed Update",9.99999975e-05
2914.0827,85,1,"Spline Update",9.99999975e-05
2914.0846,85,1,"Compose",0.457399994
2914.0864,85,1,"Update Buffers (CPU)",0.0485999994
2924.5173,86,1,"SetVSync",10.247
2924.8656,86,1,"RenderPath3D Update",0.2859
2924.8749,86,1,"Application Update",10.6679
2925.2377,86,1,"Application Render",0.3601
2925.6505,86,1,"Application Compose",0.3923
2926.264,86,1,"SubmitCommandLists",0.6046
2926.2827,86,1,"Shadowmap packing",0.000300000014
2926.2864,86,1,"Render",0.359600008
2926.2886,86,1,"Procedural Animations",0.00179999997
2926.2913,86,1,"Script Components",9.99999975e-05
2926.2948,86,1,"CPU Frame",11.7145004
2926.297,86,1,"Input",0.113899998
2926.2996,86,1,"GUI Update",0.0375000015
2926.3021,86,1,"Frustum Culling",0.0710999966
2926.3042,86,1,"Animations",9.99999975e-05
2926.3063,86,1,"Spring Dependencies",9.99999975e-05
2926.3085,86,1,"GUI Render",0.0434000008
2926.3104,86,1,"Physics",0.00689999992
2926.3125,86,1,"Update",10.6675997
2926.3145,86,1,"Fixed Update",0.00150000001
2926.3166,86,1,"Spline Update",0.000199999995
2926.3187,86,1,"Compose",0.392100006
2926.3208,86,1,"Update Buffers (CPU)",0.0650999993
2936.5758,87,1,"SetVSync",10.1143
2936.8862,87,1,"RenderPath3D Update",0.2934
2936.8947,87,1,"Application Update",10.4476
2937.2538,87,1,"Application Render",0.3565
2937.6687,87,1,"Application Compose",0.3938
2938.2376,87,1,"SubmitCommandLists",0.5601
2938.2556,87,1,"Shadowmap packing",0.000300000014
2938.2587,87,1,"Render",0.356099993
2938.2606,87,1,"Procedural Animations",0.00100000005
2938.2631,87,1,"Script Components",9.99999975e-05
2938.2663,87,1,"CPU Frame",11.4013004
2938.2684,87,1,"Input",0.119599998
2938.2704,87,1,"GUI Update",0.0242999997
2938.2724,87,1,"Frustum Culling",0.0948000029
2938.2742,87,1,"Animations",0.000199999995
2938.276,87,1,"Spring Dependencies",9.99999975e-05
2938.2782,87,1,"GUI Render",0.0405000001
2938.28,87,1,"Physics",0.00590000022
2938.282,87,1,"Update",10.4474001
2938.2838,87,1,"Fixed Update",0.00159999996
2938.2856,87,1,"Spline Update",0.000199999995
2938.2875,87,1,"Compose",0.393400013
2938.2896,87,1,"Update Buffers (CPU)",0.0566999987
2948.5039,88,1,"SetVSync",10.0883
2948.834,88,1,"RenderPath3D Update",0.3161
2948.8386,88,1,"Application Update",10.4347
2949.1359,88,1,"Application Render",0.2948
2949.5398,88,1,"Application Compose",0.3827
2950.1088,88,1,"SubmitCommandLists",0.5602
2950.1245,88,1,"Shadowmap packing",0.000199999995
2950.1275,88,1,"Render",0.29460001
2950.1296,88,1,"Procedural Animations",0.000600000028
2950.1322,88,1,"Script Components",0
2950.1346,88,1,"CPU Frame",11.2995005
2950.1367,88,1,"Input",0.108099997
2950.1387,88,1,"GUI Update",0.0214000009
2950.1407,88,1,"Frustum Culling",0.0617999993
2950.1426,88,1,"Animations",0.000199999995
2950.1447,88,1,"Spring Dependencies",9.99999975e-05
2950.1472,88,1,"GUI Render",0.0463000014
2950.1491,88,1,"Physics",0.00430000015
2950.1509,88,1,"Update",10.4345999
2950.1526,88,1,"Fixed Update",0.0013
2950.1549,88,1,"Spline Update",9.99999975e-05
2950.1568,88,1,"Compose",0.382299989
2950.1587,88,1,"Update Buffers (CPU)",0.0428000018
2960.9733,89,1,"SetVSync",10.6917
2961.1724,89,1,"RenderPath3D Update",0.1829
2961.1815,89,1,"Application Update",10.9126
2961.5275,89,1,"Application Render",0.3435
2961.947,89,1,"Application Compose",0.3915
2962.5152,89,1,"SubmitCommandLists",0.5585
2962.5331,89,1,"Shadowmap packing",0.000199999995
2962.5363,89,1,"Render",0.343100011
2962.5386,89,1,"Procedural Animations",0.00100000005
2962.541,89,1,"Script Components",9.99999975e-05
2962.5438,89,1,"CPU Frame",11.8361998
2962.5457,89,1,"Input",0.105300002
2962.5483,89,1,"GUI Update",0.0238000005
2962.5503,89,1,"Frustum Culling",0.0595000014
2962.5521,89,1,"Animations",0.000199999995
2962.5544,89,1,"Spring Dependencies",0.000199999995
2962.587,89,1,"GUI Render",0.0373999998
2962.5889,89,1,"Physics",0.00120000006
2962.5909,89,1,"Update",10.9124002
2962.5927,89,1,"Fixed Update",9.99999975e-05
2962.5945,89,1,"Spline Update",0.000199999995
2962.5964,89,1,"Compose",0.391200006
2962.5982,89,1,"Update Buffers (CPU)",0.0494000018
2972.8255,90,1,"SetVSync",10.1043
2972.9273,90,1,"RenderPath3D Update",0.0886
2972.9324,90,1,"Application Update",10.2233
2973.2254,90,1,"Application Render",0.2896
2973.6288,90,1,"Application Compose",0.3844
2975.8381,90,1,"SubmitCommandLists",2.201
2975.9068,90,1,"Shadowmap packing",0.000199999995
2975.9116,90,1,"Render",0.289400011
2975.9139,90,1,"Procedural Animations",0.00100000005
2975.9163,90,1,"Script Components",9.99999975e-05
2975.9202,90,1,"CPU Frame",11.1098003
2975.925,90,1,"Input",0.104199998
2975.9275,90,1,"GUI Update",0.0192000009
2975.9294,90,1,"Frustum Culling",0.0513000004
2975.9318,90,1,"Animations",0
2975.9339,90,1,"Spring Dependencies",0.000500000024
2975.9386,90,1,"GUI Render",0.0348999985
2975.9403,90,1,"Physics",0.00600000005
2975.9453,90,1,"Update",10.2230997
2975.9471,90,1,"Fixed Update",0.00150000001
2975.9489,90,1,"Spline Update",9.99999975e-05
2975.9509,90,1,"Compose",0.384200007
2975.9532,90,1,"Update Buffers (CPU)",0.056400001
2989.2507,91,1,"SetVSync",13.018
2989.6161,91,1,"RenderPath3D Update",0.333
2989.6253,91,1,"Application Update",13.4118
2990.1774,91,1,"Application Render",0.5491
2990.6811,91,1,"Application Compose",0.4689
2992.4747,91,1,"SubmitCommandLists",1.777
2992.5279,91,1,"Shadowmap packing",0.000600000028
2992.5332,91,1,"Render",0.548699975
2992.5399,91,1,"Procedural Animations",0.0013
2992.5425,91,1,"Script Components",0
2992.5461,91,1,"CPU Frame",14.8225002
2992.5486,91,1,"Input",0.248799995
2992.5514,91,1,"GUI Update",0.0370999984
2992.5543,91,1,"Frustum Culling",0.0751999989
2992.5562,91,1,"Animations",9.99999975e-05
2992.56,91,1,"Spring Dependencies",9.99999975e-05
2992.5636,91,1,"GUI Render",0.0996000022
2992.5655,91,1,"Physics",0.0115999999
2992.5673,91,1,"Update",13.4116001
2992.5706,91,1,"Fixed Update",0.00150000001
2992.574,91,1,"Spline Update",9.99999975e-05
2992.5759,91,1,"Compose",0.468400002
2992.5779,91,1,"Update Buffers (CPU)",0.0882999972
3002.9011,92,1,"SetVSync",9.8422
3003.1825,92,1,"RenderPath3D Update",0.2626
3003.1929,92,1,"Application Update",10.2538
3003.5733,92,1,"Application Render",0.3778
3004.02,92,1,"Application Compose",0.4041
3005.2798,92,1,"SubmitCommandLists",1.2495
3005.3115,92,1,"Shadowmap packing",0.000500000024
3005.3147,92,1,"Render",0.377299994
3005.3168,92,1,"Procedural Animations",0.00150000001
3005.3193,92,1,"Script Components",9.99999975e-05
3005.3222,92,1,"CPU Frame",11.5325003
3005.3241,92,1,"Input",0.34740001
3005.3264,92,1,"GUI Update",0.0287999995
3005.3283,92,1,"Frustum Culling",0.0771000013
3005.3302,92,1,"Animations",9.99999975e-05
3005.3321,92,1,"Spring Dependencies",9.99999975e-05
3005.3342,92,1,"GUI Render",0.053199999
3005.336,92,1,"Physics",0.0055999998
3005.3379,92,1,"Update",10.2533998
3005.3398,92,1,"Fixed Update",0.00520000001
3005.3417,92,1,"Spline Update",0.000199999995
3005.3436,92,1,"Compose",0.403899997
3005.3456,92,1,"Update Buffers (CPU)",0.0777999982
3015.1716,93,1,"SetVSync",9.6929
3015.45,93,1,"RenderPath3D Update",0.2602
3015.4586,93,1,"Application Update",9.9926
3015.8212,93,1,"Application Render",0.3601
3016.2411,93,1,"Application Compose",0.3929
3017.4069,93,1,"SubmitCommandLists",1.1555
3017.425,93,1,"Shadowmap packing",0.000199999995
3017.4281,93,1,"Render",0.359600008
3017.4303,93,1,"Procedural Animations",0.00100000005
3017.4326,93,1,"Script Components",0.000199999995
3017.4349,93,1,"CPU Frame",10.9455996
3017.4369,93,1,"Input",0.113700002
3017.4392,93,1,"GUI Update",0.0275999997
3017.4414,93,1,"Frustum Culling",0.060800001
3017.4434,93,1,"Animations",9.99999975e-05
3017.4457,93,1,"Spring Dependencies",0.00079999998
3017.448,93,1,"GUI Render",0.0516000018
3017.4498,93,1,"Physics",0.00469999993
3017.4516,93,1,"Update",9.99240017
3017.4536,93,1,"Fixed Update",0.00150000001
3017.4553,93,1,"Spline Update",0.000199999995
3017.4884,93,1,"Compose",0.392500013
3017.4904,93,1,"Update Buffers (CPU)",0.0588999987
3027.52,94,1,"SetVSync",9.9007
3027.7774,94,1,"RenderPath3D Update",0.2449
3027.7866,94,1,"Application Update",10.1807
3028.0486,94,1,"Application Render",0.2594
3028.5397,94,1,"Application Compose",0.4707
3029.5737,94,1,"SubmitCommandLists",1.0227
3029.5922,94,1,"Shadowmap packing",0.000199999995
3029.5954,94,1,"Render",0.25909999
3029.5973,94,1,"Procedural Animations",0.000899999985
3029.5997,94,1,"Script Components",9.99999975e-05
3029.6023,94,1,"CPU Frame",11.1309996
3029.6044,94,1,"Input",0.109999999
3029.6065,94,1,"GUI Update",0.0199999996
3029.6087,94,1,"Frustum Culling",0.0507000014
3029.6107,94,1,"Animations",9.99999975e-05
3029.6125,94,1,"Spring Dependencies",9.99999975e-05
3029.6146,94,1,"GUI Render",0.0384999998
3029.6164,94,1,"Physics",0.0013
3029.6182,94,1,"Update",10.1803999
3029.62,94,1,"Fixed Update",9.99999975e-05
3029.6218,94,1,"Spline Update",0.000199999995
3029.6237,94,1,"Compose",0.470299989
3029.6256,94,1,"Update Buffers (CPU)",0.0456000008
3039.6252,95,1,"SetVSync",9.8732
3039.8916,95,1,"RenderPath3D Update",0.2549
3039.9007,95,1,"Application Update",10.1621
3040.1936,95,1,"Application Render",0.2903
3040.6045,95,1,"Application Compose",0.3874
3041.8051,95,1,"SubmitCommandLists",1.1916
3041.8255,95,1,"Shadowmap packing",0.000199999995
3041.8293,95,1,"Render",0.289999992
3041.8316,95,1,"Procedural Animations",0.00079999998
3041.8341,95,1,"Script Components",9.99999975e-05
3041.8372,95,1,"CPU Frame",11.0274
3041.8395,95,1,"Input",0.106600001
3041.8419,95,1,"GUI Update",0.0198999997
3041.844,95,1,"Frustum Culling",0.0904999971
3041.8464,95,1,"Animations",9.99999975e-05
3041.8486,95,1,"Spring Dependencies",9.99999975e-05
3041.8511,95,1,"GUI Render",0.0351999998
3041.8532,95,1,"Physics",0.00389999989
3041.8553,95,1,"Update",10.1618996
3041.8574,95,1,"Fixed Update",0.00159999996
3041.8594,95,1,"Spline Update",0.000199999995
3041.8616,95,1,"Compose",0.386999995
3041.8639,95,1,"Update Buffers (CPU)",0.0406999998
3051.8175,96,1,"SetVSync",9.8261
3052.0608,96,1,"RenderPath3D Update",0.2312
3052.0795,96,1,"Application Update",10.1008
3052.4167,96,1,"Application Render",0.3344
3052.8452,96,1,"Application Compose",0.3934
3053.9507,96,1,"SubmitCommandLists",1.0953
3053.9679,96,1,"Shadowmap packing",0.000300000014
3053.9709,96,1,"Render",0.333999991
3053.973,96,1,"Procedural Animations",0.000600000028
3053.9752,96,1,"Script Components",9.99999975e-05
3053.9781,96,1,"CPU Frame",11.0374002
3053.98,96,1,"Input",0.108000003
3053.9822,96,1,"GUI Update",0.0190999992
3053.9846,96,1,"Frustum Culling",0.0716999993
3053.9864,96,1,"Animations",0.000199999995
3053.9882,96,1,"Spring Dependencies",9.99999975e-05
3053.9902,96,1,"GUI Render",0.0500999987
3053.992,96,1,"Physics",0.00410000002
3053.994,96,1,"Update",10.1006002
3053.9957,96,1,"Fixed Update",0.00139999995
3053.9975,96,1,"Spline Update",9.99999975e-05
3053.9994,96,1,"Compose",0.393000007
3054.0012,96,1,"Update Buffers (CPU)",0.0408999994
3064.026,97,1,"SetVSync",9.912
3064.2818,97,1,"RenderPath3D Update",0.2407
3064.2913,97,1,"Application Update",10.1884
3064.6297,97,1,"Application Render",0.3357
3065.0595,97,1,"Application Compose",0.3968
3065.629,97,1,"SubmitCommandLists",0.5595
3065.6464,97,1,"Shadowmap packing",0.000300000014
3065.6499,97,1,"Render",0.335200012
3065.652,97,1,"Procedural Animations",0.000500000024
3065.6544,97,1,"Script Components",0.000199999995
3065.6569,97,1,"CPU Frame",11.1069002
3065.6588,97,1,"Input",0.0964000002
3065.6612,97,1,"GUI Update",0.0239000004
3065.6631,97,1,"Frustum Culling",0.0829000026
3065.665,97,1,"Animations",9.99999975e-05
3065.6672,97,1,"Spring Dependencies",9.99999975e-05
3065.6692,97,1,"GUI Render",0.0494999997
3065.6712,97,1,"Physics",0.00079999998
3065.673,97,1,"Update",10.1883001
3065.6749,97,1,"Fixed Update",9.99999975e-05
3065.6766,97,1,"Spline Update",0.000199999995
3065.6785,97,1,"Compose",0.396299988
3065.6804,97,1,"Update Buffers (CPU)",0.057599999
3076.054,98,1,"SetVSync",10.253
3076.2117,98,1,"RenderPath3D Update",0.1451
3076.2552,98,1,"Application Update",10.4659
3076.5527,98,1,"Application Render",0.295
3076.9718,98,1,"Application Compose",0.3905
3078.0232,98,1,"SubmitCommandLists",1.0427
3078.0409,98,1,"Shadowmap packing",0.000300000014
3078.0439,98,1,"Render",0.294800013
3078.0459,98,1,"Procedural Animations",0.000600000028
3078.048,98,1,"Script Components",9.99999975e-05
3078.0508,98,1,"CPU Frame",11.3402004
3078.0529,98,1,"Input",0.102499999
3078.0549,98,1,"GUI Update",0.0199999996
3078.057,98,1,"Frustum Culling",0.0474999994
3078.0589,98,1,"Animations",0
3078.0608,98,1,"Spring Dependencies",9.99999975e-05
3078.063,98,1,"GUI Render",0.0353000015
3078.0649,98,1,"Physics",0.00529999984
3078.0668,98,1,"Update",10.4656
3078.0687,98,1,"Fixed Update",0.00150000001
3078.0706,98,1,"Spline Update",9.99999975e-05
3078.0726,98,1,"Compose",0.390199989
3078.0745,98,1,"Update Buffers (CPU)",0.056499999
3089.1032,99,1,"SetVSync",10.9158
3089.2822,99,1,"RenderPath3D Update",0.1604
3089.2871,99,1,"Application Update",11.1101
3089.6449,99,1,"Application Render",0.3545
3090.07,99,1,"Application Compose",0.3994
3090.7552,99,1,"SubmitCommandLists",0.674
3090.774,99,1,"Shadowmap packing",0.00039999999
3090.7774,99,1,"Render",0.354000002
3090.7795,99,1,"Procedural Animations",0.00120000006
3090.782,99,1,"Script Components",9.99999975e-05
3090.7847,99,1,"CPU Frame",12.0432997
3090.7866,99,1,"Input",0.0966000035
3090.7887,99,1,"GUI Update",0.0247000009
3090.7907,99,1,"Frustum Culling",0.0500999987
3090.7924,99,1,"Animations",9.99999975e-05
3090.7943,99,1,"Spring Dependencies",0.000199999995
3090.7964,99,1,"GUI Render",0.0471000001
3090.7981,99,1,"Physics",0.00609999988
3090.7998,99,1,"Update",11.1099005
3090.8016,99,1,"Fixed Update",0.00139999995
3090.8033,99,1,"Spline Update",0.000199999995
3090.8051,99,1,"Compose",0.399199992
3090.8072,99,1,"Update Buffers (CPU)",0.0806000009
3101.8816,100,1,"SetVSync",10.9424
3102.0931,100,1,"RenderPath3D Update",0.1856
3102.0987,100,1,"Application Update",11.1726
3102.4673,100,1,"Application Render",0.3659
3102.905,100,1,"Application Compose",0.407
3104.1633,100,1,"SubmitCommandLists",1.2487
3104.22,100,1,"Shadowmap packing",0.000199999995
3104.226,100,1,"Render",0.365500003
3104.2292,100,1,"Procedural Animations",0.00120000006
3104.2326,100,1,"Script Components",0.000500000024
3104.2366,100,1,"CPU Frame",12.1456003
3104.2386,100,1,"Input",0.112099998
3104.2422,100,1,"GUI Update",0.0284000002
3104.2446,100,1,"Frustum Culling",0.056499999
3104.247,100,1,"Animations",9.99999975e-05
3104.2503,100,1,"Spring Dependencies",0.000199999995
3104.2534,100,1,"GUI Render",0.0599999987
3104.2562,100,1,"Physics",0.00529999984
3104.2587,100,1,"Update",11.1722002
3104.2605,100,1,"Fixed Update",0.00190000003
3104.2623,100,1,"Spline Update",0.000300000014
3104.2645,100,1,"Compose",0.405999988
3104.2666,100,1,"Update Buffers (CPU)",0.0861999989
3115.8066,101,1,"SetVSync",11.2351
3116.0147,101,1,"RenderPath3D Update",0.1825
3116.0201,101,1,"Application Update",11.4987
3116.4593,101,1,"Application Render",0.4366
3116.9272,101,1,"Application Compose",0.4367
3117.9192,101,1,"SubmitCommandLists",0.9785
3117.9423,101,1,"Shadowmap packing",0.000199999995
3117.9462,101,1,"Render",0.436100006
3117.9483,101,1,"Procedural Animations",0.00139999995
3117.9511,101,1,"Script Components",0.000199999995
3117.9533,101,1,"CPU Frame",12.7440004
3117.9554,101,1,"Input",0.244800001
3117.9575,101,1,"GUI Update",0.0293000005
3117.9595,101,1,"Frustum Culling",0.0544999987
3117.9614,101,1,"Animations",9.99999975e-05
3117.9636,101,1,"Spring Dependencies",9.99999975e-05
3117.9658,101,1,"GUI Render",0.0647
3117.9677,101,1,"Physics",0.00100000005
3117.9696,101,1,"Update",11.4983997
3117.9715,101,1,"Fixed Update",9.99999975e-05
3117.9734,101,1,"Spline Update",0.000300000014
3117.9754,101,1,"Compose",0.436199993
3117.9774,101,1,"Update Buffers (CPU)",0.113200001
3133.3674,102,1,"SetVSync",15.2282
3133.5949,102,1,"RenderPath3D Update",0.2041
3133.6007,102,1,"Application Update",15.4794
3133.9617,102,1,"Application Render",0.3583
3134.4162,102,1,"Application Compose",0.3948
3135.0861,102,1,"SubmitCommandLists",0.6601
3135.1053,102,1,"Shadowmap packing",0.000199999995
3135.1086,102,1,"Render",0.35800001
3135.1107,102,1,"Procedural Animations",0.00419999985
3135.113,102,1,"Script Components",9.99999975e-05
3135.116,102,1,"CPU Frame",16.4906006
3135.1182,102,1,"Input",0.135800004
3135.1205,102,1,"GUI Update",0.0294000003
3135.1226,102,1,"Frustum Culling",0.0460000001
3135.1246,102,1,"Animations",0
3135.1264,102,1,"Spring Dependencies",9.99999975e-05
3135.1288,102,1,"GUI Render",0.0472000018
3135.1305,102,1,"Physics",0.00609999988
3135.1325,102,1,"Update",15.4791002
3135.1342,102,1,"Fixed Update",0.0027999999
3135.136,102,1,"Spline Update",0.000300000014
3135.1379,102,1,"Compose",0.394400001
3135.1397,102,1,"Update Buffers (CPU)",0.103200004
3146.8189,103,1,"SetVSync",11.5243
3147.1451,103,1,"RenderPath3D Update",0.2941
3147.1561,103,1,"Application Update",11.8773
3147.5999,103,1,"Application Render",0.4405
3148.0185,103,1,"Application Compose",0.3944
3148.6984,103,1,"SubmitCommandLists",0.6703
3148.7182,103,1,"Shadowmap packing",0.00139999995
3148.7213,103,1,"Render",0.440100014
3148.7233,103,1,"Procedural Animations",0.000899999985
3148.7257,103,1,"Script Components",9.99999975e-05
3148.7287,103,1,"CPU Frame",12.9278002
3148.7307,103,1,"Input",0.130700007
3148.733,103,1,"GUI Update",0.0294000003
3148.7352,103,1,"Frustum Culling",0.102600001
3148.737,103,1,"Animations",9.99999975e-05
3148.739,103,1,"Spring Dependencies",0.000199999995
3148.7414,103,1,"GUI Render",0.0472999997
3148.7432,103,1,"Physics",0.0057000001
3148.7451,103,1,"Update",11.8769999
3148.7471,103,1,"Fixed Update",0.00270000007
3148.749,103,1,"Spline Update",0.000300000014
3148.751,103,1,"Compose",0.39410001
3148.753,103,1,"Update Buffers (CPU)",0.0957999974
3160.1926,104,1,"SetVSync",11.2856
3160.4714,104,1,"RenderPath3D Update",0.2647
3160.4803,104,1,"Application Update",11.588
3160.8035,104,1,"Application Render",0.3205
3161.2207,104,1,"Application Compose",0.3939
3161.8045,104,1,"SubmitCommandLists",0.5743
3161.8219,104,1,"Shadowmap packing",0.000500000024
3161.825,104,1,"Render",0.319900006
3161.8275,104,1,"Procedural Animations",0.000500000024
3161.8298,104,1,"Script Components",9.99999975e-05
3161.8325,104,1,"CPU Frame",12.5187998
3161.8346,104,1,"Input",0.130899996
3161.8368,104,1,"GUI Update",0.0218000002
3161.8389,104,1,"Frustum Culling",0.0540999994
3161.8408,104,1,"Animations",9.99999975e-05
3161.8427,104,1,"Spring Dependencies",9.99999975e-05
3161.8449,104,1,"GUI Render",0.0392999984
3161.8467,104,1,"Physics",0.00439999998
3161.8486,104,1,"Update",11.5878
3161.8505,104,1,"Fixed Update",0.00270000007
3161.8523,104,1,"Spline Update",0.000199999995
3161.8542,104,1,"Compose",0.3935
3161.8561,104,1,"Update Buffers (CPU)",0.0421000011
3173.7318,105,1,"SetVSync",11.7454
3173.9982,105,1,"RenderPath3D Update",0.2524
3174.003,105,1,"Application Update",12.0292
3174.2774,105,1,"Application Render",0.2718
3174.6769,105,1,"Application Compose",0.3846
3175.226,105,1,"SubmitCommandLists",0.5412
3175.2426,105,1,"Shadowmap packing",0.000199999995
3175.2456,105,1,"Render",0.271299988
3175.2474,105,1,"Procedural Animations",0.000600000028
3175.2496,105,1,"Script Components",9.99999975e-05
3175.2523,105,1,"CPU Frame",12.8689003
3175.2544,105,1,"Input",0.111199997
3175.2567,105,1,"GUI Update",0.0222999994
3175.2587,105,1,"Frustum Culling",0.0817999989
3175.2605,105,1,"Animations",9.99999975e-05
3175.2623,105,1,"Spring Dependencies",0.000300000014
3175.2643,105,1,"GUI Render",0.0350000001
3175.2663,105,1,"Physics",0.00600000005
3175.2681,105,1,"Update",12.0290003
3175.2699,105,1,"Fixed Update",0.00150000001
3175.2717,105,1,"Spline Update",9.99999975e-05
3175.2735,105,1,"Compose",0.384299994
3175.2754,105,1,"Update Buffers (CPU)",0.0412000008
3185.7835,106,1,"SetVSync",10.389
3185.9767,106,1,"RenderPath3D Update",0.1811
3185.9855,106,1,"Application Update",10.6013
3186.2328,106,1,"Application Render",0.2447
3186.6798,106,1,"Application Compose",0.429
3187.3982,106,1,"SubmitCommandLists",0.7091
3187.4755,106,1,"Shadowmap packing",0.000199999995
3187.48,106,1,"Render",0.244499996
3187.4821,106,1,"Procedural Animations",0.000500000024
3187.4848,106,1,"Script Components",9.99999975e-05
3187.4876,106,1,"CPU Frame",11.4510002
3187.4896,106,1,"Input",0.102200001
3187.4917,106,1,"GUI Update",0.0193000007
3187.4936,106,1,"Frustum Culling",0.0610000007
3187.4955,106,1,"Animations",9.99999975e-05
3187.4973,106,1,"Spring Dependencies",9.99999975e-05
3187.4996,106,1,"GUI Render",0.0388999991
3187.5014,106,1,"Physics",0.00359999994
3187.5032,106,1,"Update",10.6011
3187.5051,106,1,"Fixed Update",0.00139999995
3187.507,106,1,"Spline Update",9.99999975e-05
3187.5089,106,1,"Compose",0.4287
3187.5108,106,1,"Update Buffers (CPU)",0.0412000008
3198.7903,107,1,"SetVSync",11.1474
3199.0959,107,1,"RenderPath3D Update",0.2838
3199.1022,107,1,"Application Update",11.4723
3199.4652,107,1,"Application Render",0.3604
3199.8759,107,1,"Application Compose",0.3901
3200.5301,107,1,"SubmitCommandLists",0.6438
3200.5657,107,1,"Shadowmap packing",0.000199999995
3200.5698,107,1,"Render",0.360100001
3200.5719,107,1,"Procedural Animations",0.0013
3200.5742,107,1,"Script Components",0.000199999995
3200.5767,107,1,"CPU Frame",12.4166002
3200.5788,107,1,"Input",0.113799997
3200.5813,107,1,"GUI Update",0.0282000005
3200.5835,107,1,"Frustum Culling",0.0763000026
3200.5856,107,1,"Animations",0.000199999995
3200.5873,107,1,"Spring Dependencies",0.000199999995
3200.5895,107,1,"GUI Render",0.0419000015
3200.5912,107,1,"Physics",0.00109999999
3200.5932,107,1,"Update",11.4720001
3200.5951,107,1,"Fixed Update",0
3200.5971,107,1,"Spline Update",9.99999975e-05
3200.5996,107,1,"Compose",0.389899999
3200.6016,107,1,"Update Buffers (CPU)",0.0626000017
3211.2221,108,1,"SetVSync",10.4549
3211.3618,108,1,"RenderPath3D Update",0.1176
3211.3671,108,1,"Application Update",10.6424
3211.6753,108,1,"Application Render",0.3058
3212.1146,108,1,"Application Compose",0.4011
3212.7572,108,1,"SubmitCommandLists",0.6321
3212.7973,108,1,"Shadowmap packing",0.000300000014
3212.8009,108,1,"Render",0.305400014
3212.803,108,1,"Procedural Animations",0.00120000006
3212.8054,108,1,"Script Components",0.000199999995
3212.8079,108,1,"CPU Frame",11.5671997
3212.81,108,1,"Input",0.115199998
3212.8127,108,1,"GUI Update",0.0282000005
3212.8148,108,1,"Frustum Culling",0.0291000009
3212.8166,108,1,"Animations",9.99999975e-05
3212.819,108,1,"Spring Dependencies",0.000300000014
3212.8214,108,1,"GUI Render",0.0428000018
3212.8232,108,1,"Physics",0.00650000013
3212.825,108,1,"Update",10.6422005
3212.8269,108,1,"Fixed Update",0.00249999994
3212.8288,108,1,"Spline Update",0.000199999995
3212.8307,108,1,"Compose",0.400700003
3212.8326,108,1,"Update Buffers (CPU)",0.0649999976
3224.5028,109,1,"SetVSync",11.5208
3224.7441,109,1,"RenderPath3D Update",0.2077
3224.75,109,1,"Application Update",11.7841
3225.2191,109,1,"Application Render",0.4662
3225.6522,109,1,"Application Compose",0.4044
3226.3329,109,1,"SubmitCommandLists",0.6715
3226.3576,109,1,"Shadowmap packing",0.000199999995
3226.361,109,1,"Render",0.465600014
3226.3634,109,1,"Procedural Animations",0.00150000001
3226.366,109,1,"Script Components",0.000199999995
3226.3683,109,1,"CPU Frame",12.8708
3226.3704,109,1,"Input",0.124600001
3226.3725,109,1,"GUI Update",0.0394000001
3226.3746,109,1,"Frustum Culling",0.059700001
3226.3765,109,1,"Animations",9.99999975e-05
3226.379,109,1,"Spring Dependencies",0.00039999999
3226.3813,109,1,"GUI Render",0.0566999987
3226.3832,109,1,"Physics",0.0120000001
3226.385,109,1,"Update",11.7838001
3226.3872,109,1,"Fixed Update",0.00310000009
3226.389,109,1,"Spline Update",0.00039999999
3226.3908,109,1,"Compose",0.403899997
3226.3928,109,1,"Update Buffers (CPU)",0.127900004
3236.7053,110,1,"SetVSync",10.1608
3237.0092,110,1,"RenderPath3D Update",0.2868
3237.0208,110,1,"Application Update",10.4905
3237.3602,110,1,"Application Render",0.336
3237.8463,110,1,"Application Compose",0.4616
3238.5964,110,1,"SubmitCommandLists",0.7383
3238.616,110,1,"Shadowmap packing",0.000199999995
3238.6192,110,1,"Render",0.335299999
3238.6216,110,1,"Procedural Animations",0.0013
3238.6558,110,1,"Script Components",0.000199999995
3238.6584,110,1,"CPU Frame",11.5081997
3238.6607,110,1,"Input",0.128099993
3238.663,110,1,"GUI Update",0.0259000007
3238.6652,110,1,"Frustum Culling",0.0615000017
3238.6671,110,1,"Animations",9.99999975e-05
3238.6696,110,1,"Spring Dependencies",0.000199999995
3238.6716,110,1,"GUI Render",0.0502000004
3238.6734,110,1,"Physics",0.00879999995
3238.6753,110,1,"Update",10.4903002
3238.6775,110,1,"Fixed Update",0.00329999998
3238.6793,110,1,"Spline Update",0.000300000014
3238.6813,110,1,"Compose",0.461299986
3238.6832,110,1,"Update Buffers (CPU)",0.0573999994
3248.9143,111,1,"SetVSync",10.0371
3249.1733,111,1,"RenderPath3D Update",0.247
3249.1817,111,1,"Application Update",10.3175
3249.5005,111,1,"Application Render",0.3156
3249.9215,111,1,"Application Compose",0.3927
3250.4805,111,1,"SubmitCommandLists",0.5496
3250.4969,111,1,"Shadowmap packing",9.99999975e-05
3250.5003,111,1,"Render",0.315100014
3250.5025,111,1,"Procedural Animations",0.000600000028
3250.5048,111,1,"Script Components",9.99999975e-05
3250.5072,111,1,"CPU Frame",11.3214998
3250.5093,111,1,"Input",0.173299998
3250.5115,111,1,"GUI Update",0.0196000002
3250.5135,111,1,"Frustum Culling",0.0410999991
3250.5156,111,1,"Animations",9.99999975e-05
3250.5175,111,1,"Spring Dependencies",9.99999975e-05
3250.5196,111,1,"GUI Render",0.0505999997
3250.5214,111,1,"Physics",0.00480000023
3250.5232,111,1,"Update",10.3174
3250.5251,111,1,"Fixed Update",0.00209999993
3250.5271,111,1,"Spline Update",0.000199999995
3250.529,111,1,"Compose",0.392399997
3250.531,111,1,"Update Buffers (CPU)",0.064199999
3261.0444,112,1,"SetVSync",10.398
3261.1356,112,1,"RenderPath3D Update",0.0784
3261.1398,112,1,"Application Update",10.5054
3261.3893,112,1,"Application Render",0.2468
3261.8107,112,1,"Application Compose",0.3918
3262.3771,112,1,"SubmitCommandLists",0.5577
3262.3934,112,1,"Shadowmap packing",0.000199999995
3262.3964,112,1,"Render",0.2465
3262.3983,112,1,"Procedural Animations",0.000699999975
3262.4006,112,1,"Script Components",0.000300000014
3262.4028,112,1,"CPU Frame",11.3283005
3262.4047,112,1,"Input",0.0984999985
3262.407,112,1,"GUI Update",0.0203000009
3262.4091,112,1,"Frustum Culling",0.00850000046
3262.4111,112,1,"Animations",9.99999975e-05
3262.4133,112,1,"Spring Dependencies",0.000199999995
3262.4155,112,1,"GUI Render",0.0476999991
3262.4173,112,1,"Physics",0.000699999975
3262.4192,112,1,"Update",10.5052004
3262.421,112,1,"Fixed Update",0
3262.4229,112,1,"Spline Update",9.99999975e-05
3262.4249,112,1,"Compose",0.391499996
3262.427,112,1,"Update Buffers (CPU)",0.0535000004
3272.8885,113,1,"SetVSync",10.3468
3273.0682,113,1,"RenderPath3D Update",0.1625
3273.0729,113,1,"Application Update",10.5411
3273.3755,113,1,"Application Render",0.2997
3273.7847,113,1,"Application Compose",0.3882
3274.3871,113,1,"SubmitCommandLists",0.594
3274.4057,113,1,"Shadowmap packing",0.000199999995
3274.4089,113,1,"Render",0.299299985
3274.4111,113,1,"Procedural Animations",0.00139999995
3274.4137,113,1,"Script Components",9.99999975e-05
3274.4167,113,1,"CPU Frame",11.4045
3274.4188,113,1,"Input",0.0987000018
3274.4211,113,1,"GUI Update",0.0241
3274.4231,113,1,"Frustum Culling",0.0562999994
3274.4251,113,1,"Animations",9.99999975e-05
3274.4271,113,1,"Spring Dependencies",0.000199999995
3274.4294,113,1,"GUI Render",0.0500000007
3274.4314,113,1,"Physics",0.00480000023
3274.4333,113,1,"Update",10.5408001
3274.4357,113,1,"Fixed Update",0.0013
3274.4376,113,1,"Spline Update",9.99999975e-05
3274.4397,113,1,"Compose",0.388000011
3274.4417,113,1,"Update Buffers (CPU)",0.0533999987
3285.2069,114,1,"SetVSync",10.6302
3285.3735,114,1,"RenderPath3D Update",0.1528
3285.3773,114,1,"Application Update",10.8125
3285.694,114,1,"Application Render",0.3143
3286.1039,114,1,"Application Compose",0.3878
3286.6681,114,1,"SubmitCommandLists",0.5559
3286.6846,114,1,"Shadowmap packing",0.000300000014
3286.6874,114,1,"Render",0.31400001
3286.6893,114,1,"Procedural Animations",0.00109999999
3286.6916,114,1,"Script Components",9.99999975e-05
3286.6949,114,1,"CPU Frame",11.7125998
3286.7268,114,1,"Input",0.1162
3286.729,114,1,"GUI Update",0.0239000004
3286.7311,114,1,"Frustum Culling",0.0529000014
3286.7334,114,1,"Animations",0
3286.7353,114,1,"Spring Dependencies",9.99999975e-05
3286.7375,114,1,"GUI Render",0.0509000011
3286.7393,114,1,"Physics",0.0057000001
3286.7411,114,1,"Update",10.8121996
3286.7429,114,1,"Fixed Update",0.00159999996
3286.7449,114,1,"Spline Update",9.99999975e-05
3286.7467,114,1,"Compose",0.387600005
3286.7489,114,1,"Update Buffers (CPU)",0.0483999997
3297.0096,115,1,"SetVSync",10.1408
3297.1362,115,1,"RenderPath3D Update",0.1136
3297.1416,115,1,"Application Update",10.285
3297.3836,115,1,"Application Render",0.2389
3297.7849,115,1,"Application Compose",0.3858
3298.3251,115,1,"SubmitCommandLists",0.5323
3298.3424,115,1,"Shadowmap packing",0.000199999995
3298.3456,115,1,"Render",0.238499999
3298.3475,115,1,"Procedural Animations",0.000500000024
3298.3497,115,1,"Script Components",9.99999975e-05
3298.3525,115,1,"CPU Frame",11.1136999
3298.3546,115,1,"Input",0.102799997
3298.3566,115,1,"GUI Update",0.0198999997
3298.3589,115,1,"Frustum Culling",0.0538999997
3298.3609,115,1,"Animations",9.99999975e-05
3298.3628,115,1,"Spring Dependencies",9.99999975e-05
3298.3648,115,1,"GUI Render",0.0350000001
3298.3666,115,1,"Physics",0.000899999985
3298.3684,115,1,"Update",10.2847996
3298.3702,115,1,"Fixed Update",9.99999975e-05
3298.372,115,1,"Spline Update",0.000500000024
3298.3744,115,1,"Compose",0.385500014
3298.3763,115,1,"Update Buffers (CPU)",0.0412999988
3308.6152,116,1,"SetVSync",10.1204
3308.7673,116,1,"RenderPath3D Update",0.1389
3308.7717,116,1,"Application Update",10.2865
3309.0345,116,1,"Application Render",0.2605
3309.4499,116,1,"Application Compose",0.3893
3309.9901,116,1,"SubmitCommandLists",0.531
3310.0065,116,1,"Shadowmap packing",0.000199999995
3310.0096,116,1,"Render",0.260100007
3310.0116,116,1,"Procedural Animations",0.000699999975
3310.0139,116,1,"Script Components",0.000199999995
3310.0163,116,1,"CPU Frame",11.1222
3310.0183,116,1,"Input",0.102300003
3310.0203,116,1,"GUI Update",0.0209999997
3310.0223,116,1,"Frustum Culling",0.0494000018
3310.0243,116,1,"Animations",0.000199999995
3310.0262,116,1,"Spring Dependencies",9.99999975e-05
3310.0287,116,1,"GUI Render",0.0357999988
3310.0305,116,1,"Physics",0.00480000023
3310.0324,116,1,"Update",10.2862997
3310.0342,116,1,"Fixed Update",0.0013
3310.0362,116,1,"Spline Update",0.000199999995
3310.0381,116,1,"Compose",0.388900012
3310.0401,116,1,"Update Buffers (CPU)",0.0518999994
3320.4882,117,1,"SetVSync",10.3289
3320.7667,117,1,"RenderPath3D Update",0.2635
3320.7763,117,1,"Application Update",10.6274
3321.1541,117,1,"Application Render",0.375
3321.5759,117,1,"Application Compose",0.3968
3322.2516,117,1,"SubmitCommandLists",0.664
3322.2707,117,1,"Shadowmap packing",0.00039999999
3322.2739,117,1,"Render",0.374500006
3322.2759,117,1,"Procedural Animations",0.000699999975
3322.2782,117,1,"Script Components",9.99999975e-05
3322.2812,117,1,"CPU Frame",11.5833998
3322.2835,117,1,"Input",0.1017
3322.2857,117,1,"GUI Update",0.0244999994
3322.2877,117,1,"Frustum Culling",0.0625
3322.2898,117,1,"Animations",9.99999975e-05
3322.2918,117,1,"Spring Dependencies",0.00039999999
3322.2941,117,1,"GUI Render",0.0410999991
3322.2958,117,1,"Physics",0.00389999989
3322.2978,117,1,"Update",10.6273003
3322.2995,117,1,"Fixed Update",0.00159999996
3322.3013,117,1,"Spline Update",9.99999975e-05
3322.3032,117,1,"Compose",0.396499991
3322.305,117,1,"Update Buffers (CPU)",0.0625
3333.1684,118,1,"SetVSync",10.7312
3333.4794,118,1,"RenderPath3D Update",0.2871
3333.4853,118,1,"Application Update",11.0605
3333.9367,118,1,"Application Render",0.4485
3334.3703,118,1,"Application Compose",0.4002
3334.9957,118,1,"SubmitCommandLists",0.6159
3335.0145,118,1,"Shadowmap packing",0.000300000014
3335.0177,118,1,"Render",0.447899997
3335.0198,118,1,"Procedural Animations",0.0013
3335.0222,118,1,"Script Components",9.99999975e-05
3335.025,118,1,"CPU Frame",12.1156998
3335.0273,118,1,"Input",0.112599999
3335.0297,118,1,"GUI Update",0.0353999995
3335.0638,118,1,"Frustum Culling",0.0939000025
3335.0663,118,1,"Animations",0.000199999995
3335.0683,118,1,"Spring Dependencies",0.000199999995
3335.0707,118,1,"GUI Render",0.0599999987
3335.0725,118,1,"Physics",0.00680000009
3335.0744,118,1,"Update",11.0602999
3335.0763,118,1,"Fixed Update",0.00170000002
3335.0781,118,1,"Spline Update",0.000300000014
3335.08,118,1,"Compose",0.399800003
3335.082,118,1,"Update Buffers (CPU)",0.0918999985
3345.4624,119,1,"SetVSync",10.2419
3345.7303,119,1,"RenderPath3D Update",0.2551
3345.739,119,1,"Application Update",10.533
3346.0552,119,1,"Application Render",0.3135
3346.469,119,1,"Application Compose",0.3946
3347.1075,119,1,"SubmitCommandLists",0.6286
3347.1282,119,1,"Shadowmap packing",0.000300000014
3347.1314,119,1,"Render",0.313199997
3347.1334,119,1,"Procedural Animations",0.000600000028
3347.1356,119,1,"Script Components",0.000199999995
3347.1382,119,1,"CPU Frame",11.4688997
3347.1403,119,1,"Input",0.118100002
3347.1425,119,1,"GUI Update",0.0194000006
3347.1445,119,1,"Frustum Culling",0.0680000037
3347.1462,119,1,"Animations",9.99999975e-05
3347.1486,119,1,"Spring Dependencies",9.99999975e-05
3347.1506,119,1,"GUI Render",0.0339000002
3347.1525,119,1,"Physics",0.000600000028
3347.1544,119,1,"Update",10.5327997
3347.1563,119,1,"Fixed Update",9.99999975e-05
3347.1581,119,1,"Spline Update",0.000199999995
3347.1599,119,1,"Compose",0.394400001
3347.1618,119,1,"Update Buffers (CPU)",0.0419999994
3357.65,120,1,"SetVSync",10.3485
3357.8163,120,1,"RenderPath3D Update",0.142
3357.8234,120,1,"Application Update",10.5368
3358.0694,120,1,"Application Render",0.2434
3358.4743,120,1,"Application Compose",0.3883
3359.0335,120,1,"SubmitCommandLists",0.5505
3359.0505,120,1,"Shadowmap packing",0.000199999995
3359.0535,120,1,"Render",0.243100002
3359.0558,120,1,"Procedural Animations",0.000600000028
3359.058,120,1,"Script Components",9.99999975e-05
3359.0608,120,1,"CPU Frame",11.3625002
3359.0628,120,1,"Input",0.118000001
3359.0649,120,1,"GUI Update",0.0263999999
3359.067,120,1,"Frustum Culling",0.0364000015
3359.0691,120,1,"Animations",0
3359.071,120,1,"Spring Dependencies",0.000199999995
3359.0731,120,1,"GUI Render",0.0377999991
3359.075,120,1,"Physics",0.00520000001
3359.0768,120,1,"Update",10.5366001
3359.0786,120,1,"Fixed Update",0.00150000001
3359.0806,120,1,"Spline Update",0.000199999995
3359.0824,120,1,"Compose",0.388099998
3359.0842,120,1,"Update Buffers (CPU)",0.0491000004
3370.0496,121,1,"SetVSync",10.8375
3370.2497,121,1,"RenderPath3D Update",0.1826
3370.2552,121,1,"Application Update",11.0548
3370.579,121,1,"Application Render",0.3213
3370.9912,121,1,"Application Compose",0.3911
3371.5877,121,1,"SubmitCommandLists",0.5876
3371.605,121,1,"Shadowmap packing",9.99999975e-05
3371.6082,121,1,"Render",0.32100001
3371.6102,121,1,"Procedural Animations",0.000899999985
3371.613,121,1,"Script Components",9.99999975e-05
3371.6154,121,1,"CPU Frame",11.9542999
3371.6175,121,1,"Input",0.109099999
3371.6196,121,1,"GUI Update",0.0250000004
3371.6217,121,1,"Frustum Culling",0.0427000001
3371.6236,121,1,"Animations",9.99999975e-05
3371.6253,121,1,"Spring Dependencies",0.000300000014
3371.628,121,1,"GUI Render",0.0399000011
3371.6298,121,1,"Physics",0.0057000001
3371.6316,121,1,"Update",11.0546999
3371.6334,121,1,"Fixed Update",0.00139999995
3371.6354,121,1,"Spline Update",0.00039999999
3371.6374,121,1,"Compose",0.390899986
3371.6392,121,1,"Update Buffers (CPU)",0.057599999
3382.2251,122,1,"SetVSync",10.4526
3382.4283,122,1,"RenderPath3D Update",0.1873
3382.4328,122,1,"Application Update",10.6738
3382.7544,122,1,"Application Render",0.3192
3383.1707,122,1,"Application Compose",0.3935
3383.736,122,1,"SubmitCommandLists",0.5571
3383.7532,122,1,"Shadowmap packing",0.000300000014
3383.7561,122,1,"Render",0.318899989
3383.7581,122,1,"Procedural Animations",0.00120000006
3383.7604,122,1,"Script Components",9.99999975e-05
3383.7635,122,1,"CPU Frame",11.5791998
3383.7656,122,1,"Input",0.113700002
3383.7678,122,1,"GUI Update",0.0263
3383.7697,122,1,"Frustum Culling",0.0544999987
3383.7718,122,1,"Animations",9.99999975e-05
3383.8041,122,1,"Spring Dependencies",0.000300000014
3383.8064,122,1,"GUI Render",0.0414999984
3383.8081,122,1,"Physics",0.0046000001
3383.81,122,1,"Update",10.6735001
3383.812,122,1,"Fixed Update",0.00150000001
3383.8139,122,1,"Spline Update",0.000199999995
3383.8159,122,1,"Compose",0.393299997
3383.8178,122,1,"Update Buffers (CPU)",0.0654999986
3395.0262,123,1,"SetVSync",11.0775
3395.2116,123,1,"RenderPath3D Update",0.1673
3395.2167,123,1,"Application Update",11.281
3395.4708,123,1,"Application Render",0.2516
3395.8774,123,1,"Application Compose",0.3863
3396.4861,123,1,"SubmitCommandLists",0.5996
3396.5069,123,1,"Shadowmap packing",0.000199999995
3396.5102,123,1,"Render",0.251399994
3396.5124,123,1,"Procedural Animations",0.00100000005
3396.5152,123,1,"Script Components",9.99999975e-05
3396.5179,123,1,"CPU Frame",12.1377001
3396.5199,123,1,"Input",0.112800002
3396.5224,123,1,"GUI Update",0.0259000007
3396.5244,123,1,"Frustum Culling",0.0456999987
3396.5262,123,1,"Animations",9.99999975e-05
3396.528,123,1,"Spring Dependencies",0.000199999995
3396.5306,123,1,"GUI Render",0.0386999995
3396.5324,123,1,"Physics",0.00079999998
3396.5343,123,1,"Update",11.2806997
3396.5361,123,1,"Fixed Update",0
3396.538,123,1,"Spline Update",9.99999975e-05
3396.54,123,1,"Compose",0.386000007
3396.5419,123,1,"Update Buffers (CPU)",0.0601999983
3407.033,124,1,"SetVSync",10.2749
3407.3085,124,1,"RenderPath3D Update",0.2595
3407.3134,124,1,"Application Update",10.5697
3407.6599,124,1,"Application Render",0.344
3408.0855,124,1,"Application Compose",0.3993
3408.7023,124,1,"SubmitCommandLists",0.6072
3408.7216,124,1,"Shadowmap packing",0.000300000014
3408.7248,124,1,"Render",0.343800008
3408.7268,124,1,"Procedural Animations",0.00109999999
3408.7291,124,1,"Script Components",9.99999975e-05
3408.7325,124,1,"CPU Frame",11.5959997
3408.7344,124,1,"Input",0.194299996
3408.7365,124,1,"GUI Update",0.0240000002
3408.7385,124,1,"Frustum Culling",0.0621000007
3408.7406,124,1,"Animations",9.99999975e-05
3408.7424,124,1,"Spring Dependencies",0.000199999995
3408.7445,124,1,"GUI Render",0.0416000001
3408.7462,124,1,"Physics",0.00529999984
3408.748,124,1,"Update",10.5693998
3408.7499,124,1,"Fixed Update",0.00209999993
3408.7518,124,1,"Spline Update",0.000199999995
3408.7536,124,1,"Compose",0.399100006
3408.7555,124,1,"Update Buffers (CPU)",0.0540999994
3420.9664,125,1,"SetVSync",12.0691
3421.1599,125,1,"RenderPath3D Update",0.1684
3421.1663,125,1,"Application Update",12.2871
3421.5313,125,1,"Application Render",0.3622
3421.952,125,1,"Application Compose",0.3959
3422.6829,125,1,"SubmitCommandLists",0.7203
3422.7054,125,1,"Shadowmap packing",0.000300000014
3422.7088,125,1,"Render",0.361799985
3422.7106,125,1,"Procedural Animations",0.00150000001
3422.7133,125,1,"Script Components",0.00039999999
3422.7158,125,1,"CPU Frame",13.2460003
3422.7177,125,1,"Input",0.1153
3422.72,125,1,"GUI Update",0.0315000005
3422.7222,125,1,"Frustum Culling",0.0573000014
3422.7242,125,1,"Animations",9.99999975e-05
3422.7265,125,1,"Spring Dependencies",0.00039999999
3422.7287,125,1,"GUI Render",0.0601999983
3422.7305,125,1,"Physics",0.00630000001
3422.7323,125,1,"Update",12.2867002
3422.7343,125,1,"Fixed Update",0.00270000007
3422.7362,125,1,"Spline Update",0.000300000014
3422.738,125,1,"Compose",0.395399988
3422.74,125,1,"Update Buffers (CPU)",0.0734999999
3433.7067,126,1,"SetVSync",10.6948
3433.8395,126,1,"RenderPath3D Update",0.1149
3433.8446,126,1,"Application Update",10.8974
3434.1314,126,1,"Application Render",0.2843
3434.5598,126,1,"Application Compose",0.3969
3435.1729,126,1,"SubmitCommandLists",0.6028
3435.1924,126,1,"Shadowmap packing",9.99999975e-05
3435.196,126,1,"Render",0.284000009
3435.1982,126,1,"Procedural Animations",0.00079999998
3435.2006,126,1,"Script Components",9.99999975e-05
3435.203,126,1,"CPU Frame",11.8725004
3435.205,126,1,"Input",0.197799996
3435.2072,126,1,"GUI Update",0.0265999995
3435.2093,126,1,"Frustum Culling",0.0423000008
3435.2118,126,1,"Animations",9.99999975e-05
3435.2136,126,1,"Spring Dependencies",0.000300000014
3435.2158,126,1,"GUI Render",0.0428000018
3435.2482,126,1,"Physics",0.00600000005
3435.2506,126,1,"Update",10.8972998
3435.2525,126,1,"Fixed Update",0.00340000005
3435.2544,126,1,"Spline Update",0.000199999995
3435.2563,126,1,"Compose",0.396600008
3435.2588,126,1,"Update Buffers (CPU)",0.0675999969
3445.9813,127,1,"SetVSync",10.5913
3446.1163,127,1,"RenderPath3D Update",0.1206
3446.1207,127,1,"Application Update",10.7462
3446.3938,127,1,"Application Render",0.2705
3446.8241,127,1,"Application Compose",0.3978
3447.5263,127,1,"SubmitCommandLists",0.691
3447.5605,127,1,"Shadowmap packing",0.000199999995
3447.5664,127,1,"Render",0.270200014
3447.5694,127,1,"Procedural Animations",0.00100000005
3447.572,127,1,"Script Components",9.99999975e-05
3447.5752,127,1,"CPU Frame",11.6473999
3447.5779,127,1,"Input",0.1105
3447.5804,127,1,"GUI Update",0.0216000006
3447.5835,127,1,"Frustum Culling",0.0364000015
3447.5868,127,1,"Animations",0
3447.5898,127,1,"Spring Dependencies",0.000300000014
3447.5921,127,1,"GUI Render",0.0390999988
3447.5938,127,1,"Physics",0.00100000005
3447.5956,127,1,"Update",10.7459002
3447.5977,127,1,"Fixed Update",9.99999975e-05
3447.5996,127,1,"Spline Update",9.99999975e-05
3447.6014,127,1,"Compose",0.397500008
3447.6039,127,1,"Update Buffers (CPU)",0.0593999997
3458.2027,128,1,"SetVSync",10.4344
3458.3515,128,1,"RenderPath3D Update",0.1269
3458.3569,128,1,"Application Update",10.6082
3458.7299,128,1,"Application Render",0.3683
3459.162,128,1,"Application Compose",0.4053
3459.9047,128,1,"SubmitCommandLists",0.7292
3459.9242,128,1,"Shadowmap packing",0.000300000014
3459.9274,128,1,"Render",0.367199987
3459.9295,128,1,"Procedural Animations",0.00170000002
3459.9318,128,1,"Script Components",0.000199999995
3459.9344,128,1,"CPU Frame",11.6280003
3459.9362,128,1,"Input",0.137099996
3459.9385,128,1,"GUI Update",0.0303000007
3459.9406,128,1,"Frustum Culling",0.0487999991
3459.9426,128,1,"Animations",9.99999975e-05
3459.9449,128,1,"Spring Dependencies",0.00039999999
3459.9474,128,1,"GUI Render",0.0520000011
3459.9492,128,1,"Physics",0.00710000005
3459.951,128,1,"Update",10.6079998
3459.9529,128,1,"Fixed Update",0.00200000009
3459.9547,128,1,"Spline Update",0.000300000014
3459.9566,128,1,"Compose",0.405000001
3459.9585,128,1,"Update Buffers (CPU)",0.0778999999
3470.4029,129,1,"SetVSync",10.3057
3470.5751,129,1,"RenderPath3D Update",0.1575
3470.5797,129,1,"Application Update",10.4965
3470.838,129,1,"Application Render",0.2556
3471.2435,129,1,"Application Compose",0.3869
3471.8995,129,1,"SubmitCommandLists",0.6465
3471.9237,129,1,"Shadowmap packing",0.00039999999
3471.9268,129,1,"Render",0.255400002
3471.9291,129,1,"Procedural Animations",0.00079999998
3471.9313,129,1,"Script Components",9.99999975e-05
3471.9345,129,1,"CPU Frame",11.3339996
3471.9366,129,1,"Input",0.116499998
3471.9388,129,1,"GUI Update",0.0250000004
3471.9407,129,1,"Frustum Culling",0.0326000005
3471.9426,129,1,"Animations",9.99999975e-05
3471.9443,129,1,"Spring Dependencies",9.99999975e-05
3471.9463,129,1,"GUI Render",0.0403999984
3471.9481,129,1,"Physics",0.00600000005
3471.9499,129,1,"Update",10.4963999
3471.9517,129,1,"Fixed Update",0.00270000007
3471.9536,129,1,"Spline Update",0.000199999995
3471.9557,129,1,"Compose",0.386599988
3471.9576,129,1,"Update Buffers (CPU)",0.0555999987
3482.4776,130,1,"SetVSync",10.3689
3482.7418,130,1,"RenderPath3D Update",0.2499
3482.751,130,1,"Application Update",10.6568
3483.0525,130,1,"Application Render",0.2987
3483.4672,130,1,"Application Compose",0.388
3484.0473,130,1,"SubmitCommandLists",0.5709
3484.0659,130,1,"Shadowmap packing",0.000199999995
3484.069,130,1,"Render",0.298400015
3484.0713,130,1,"Procedural Animations",0.000600000028
3484.0735,130,1,"Script Components",9.99999975e-05
3484.0764,130,1,"CPU Frame",11.5628004
3484.0785,130,1,"Input",0.129600003
3484.0806,130,1,"GUI Update",0.0210999995
3484.0826,130,1,"Frustum Culling",0.0542000011
3484.0845,130,1,"Animations",9.99999975e-05
3484.0864,130,1,"Spring Dependencies",9.99999975e-05
3484.0884,130,1,"GUI Render",0.0390999988
3484.0902,130,1,"Physics",0.00439999998
3484.0921,130,1,"Update",10.6564999
3484.1247,130,1,"Fixed Update",0.00170000002
3484.1266,130,1,"Spline Update",0.000199999995
3484.1285,130,1,"Compose",0.387800008
3484.1303,130,1,"Update Buffers (CPU)",0.0465999991
3495.0988,131,1,"SetVSync",10.7341
3495.325,131,1,"RenderPath3D Update",0.2089
3495.3342,131,1,"Application Update",11.0109
3495.673,131,1,"Application Render",0.3362
3496.0944,131,1,"Application Compose",0.3935
3496.6777,131,1,"SubmitCommandLists",0.5732
3496.695,131,1,"Shadowmap packing",9.99999975e-05
3496.6984,131,1,"Render",0.335799992
3496.7005,131,1,"Procedural Animations",0.00100000005
3496.703,131,1,"Script Components",0.000199999995
3496.7053,131,1,"CPU Frame",12.0430002
3496.7074,131,1,"Input",0.187800005
3496.7096,131,1,"GUI Update",0.0247000009
3496.7116,131,1,"Frustum Culling",0.0560000017
3496.7136,131,1,"Animations",0.000199999995
3496.7154,131,1,"Spring Dependencies",0.000199999995
3496.7174,131,1,"GUI Render",0.0472000018
3496.7192,131,1,"Physics",0.00100000005
3496.721,131,1,"Update",11.0105
3496.7229,131,1,"Fixed Update",9.99999975e-05
3496.7247,131,1,"Spline Update",0.000199999995
3496.7266,131,1,"Compose",0.39320001
3496.7285,131,1,"Update Buffers (CPU)",0.0648000017
3507.506,132,1,"SetVSync",10.6547
3507.675,132,1,"RenderPath3D Update",0.1489
3507.6811,132,1,"Application Update",10.8424
3508.0414,132,1,"Application Render",0.3562
3508.4602,132,1,"Application Compose",0.3959
3509.1457,132,1,"SubmitCommandLists",0.6748
3509.164,132,1,"Shadowmap packing",0.000300000014
3509.1671,132,1,"Render",0.355699986
3509.1691,132,1,"Procedural Animations",0.00100000005
3509.1715,132,1,"Script Components",0.000199999995
3509.174,132,1,"CPU Frame",11.7793999
3509.1762,132,1,"Input",0.103100002
3509.1784,132,1,"GUI Update",0.0267999992
3509.1804,132,1,"Frustum Culling",0.0331000015
3509.1822,132,1,"Animations",9.99999975e-05
3509.1844,132,1,"Spring Dependencies",0.000199999995
3509.1872,132,1,"GUI Render",0.0458999984
3509.189,132,1,"Physics",0.00659999996
3509.1909,132,1,"Update",10.8422003
3509.193,132,1,"Fixed Update",0.00179999997
3509.1947,132,1,"Spline Update",0.000300000014
3509.1966,132,1,"Compose",0.395599991
3509.1985,132,1,"Update Buffers (CPU)",0.0882000029
3520.2072,133,1,"SetVSync",10.874
3520.352,133,1,"RenderPath3D Update",0.1274
3520.3561,133,1,"Application Update",11.0368
3520.6847,133,1,"Application Render",0.3254
3521.1035,133,1,"Application Compose",0.3969
3521.6978,133,1,"SubmitCommandLists",0.5839
3521.7164,133,1,"Shadowmap packing",0.000199999995
3521.7197,133,1,"Render",0.324999988
3521.7218,133,1,"Procedural Animations",0.00079999998
3521.7242,133,1,"Script Components",9.99999975e-05
3521.7269,133,1,"CPU Frame",11.9535999
3521.7291,133,1,"Input",0.113700002
3521.7313,133,1,"GUI Update",0.0284000002
3521.7332,133,1,"Frustum Culling",0.0445999987
3521.7351,133,1,"Animations",9.99999975e-05
3521.737,133,1,"Spring Dependencies",0.000199999995
3521.7394,133,1,"GUI Render",0.0449000001
3521.7411,133,1,"Physics",0.00829999987
3521.743,133,1,"Update",11.0366001
3521.7449,133,1,"Fixed Update",0.00190000003
3521.7467,133,1,"Spline Update",0.000199999995
3521.7485,133,1,"Compose",0.396699995
3521.7503,133,1,"Update Buffers (CPU)",0.0669
3532.4371,134,1,"SetVSync",10.4566
3532.6041,134,1,"RenderPath3D Update",0.1528
3532.6097,134,1,"Application Update",10.6625
3532.8869,134,1,"Application Render",0.2749
3533.2941,134,1,"Application Compose",0.3881
3533.8879,134,1,"SubmitCommandLists",0.5814
3533.9059,134,1,"Shadowmap packing",0.000300000014
3533.9094,134,1,"Render",0.274699986
3533.9114,134,1,"Procedural Animations",0.000699999975
3533.9137,134,1,"Script Components",9.99999975e-05
3533.9166,134,1,"CPU Frame",11.5965004
3533.9186,134,1,"Input",0.190400004
3533.921,134,1,"GUI Update",0.0206000004
3533.9231,134,1,"Frustum Culling",0.056400001
3533.9251,134,1,"Animations",0
3533.9269,134,1,"Spring Dependencies",0
3533.9288,134,1,"GUI Render",0.0350000001
3533.9306,134,1,"Physics",0.00350000011
3533.9324,134,1,"Update",10.6623001
3533.9343,134,1,"Fixed Update",0.0013
3533.9363,134,1,"Spline Update",0.000199999995
3534.0237,134,1,"Compose",0.387899995
3534.0268,134,1,"Update Buffers (CPU)",0.0452000014
3544.7813,135,1,"SetVSync",10.6284
3544.9341,135,1,"RenderPath3D Update",0.1402
3544.9386,135,1,"Application Update",10.7988
3545.1783,135,1,"Application Render",0.2372
3545.5864,135,1,"Application Compose",0.3878
3546.152,135,1,"SubmitCommandLists",0.5566
3546.1682,135,1,"Shadowmap packing",0.000199999995
3546.1712,135,1,"Render",0.237000003
3546.1732,135,1,"Procedural Animations",0.000600000028
3546.1755,135,1,"Script Components",9.99999975e-05
3546.1782,135,1,"CPU Frame",11.6948996
3546.1802,135,1,"Input",0.106899999
3546.1823,135,1,"GUI Update",0.0210999995
3546.1843,135,1,"Frustum Culling",0.0417000018
3546.1861,135,1,"Animations",0
3546.1881,135,1,"Spring Dependencies",9.99999975e-05
3546.1901,135,1,"GUI Render",0.0362999998
3546.192,135,1,"Physics",0.000699999975
3546.1939,135,1,"Update",10.7985001
3546.1957,135,1,"Fixed Update",9.99999975e-05
3546.1975,135,1,"Spline Update",9.99999975e-05
3546.1993,135,1,"Compose",0.387600005
3546.2011,135,1,"Update Buffers (CPU)",0.0529999994
3558.004,136,1,"SetVSync",11.6866
3558.1969,136,1,"RenderPath3D Update",0.1726
3558.2008,136,1,"Application Update",11.8944
3558.5094,136,1,"Application Render",0.306
3558.9156,136,1,"Application Compose",0.3868
3559.5059,136,1,"SubmitCommandLists",0.5813
3559.5234,136,1,"Shadowmap packing",0.000300000014
3559.5264,136,1,"Render",0.305700004
3559.5284,136,1,"Procedural Animations",0.000899999985
3559.5306,136,1,"Script Components",0
3559.5331,136,1,"CPU Frame",12.7606001
3559.5351,136,1,"Input",0.0984999985
3559.5372,136,1,"GUI Update",0.0277999993
3559.5392,136,1,"Frustum Culling",0.0560000017
3559.541,136,1,"Animations",9.99999975e-05
3559.5432,136,1,"Spring Dependencies",0.000199999995
3559.5453,136,1,"GUI Render",0.0390000008
3559.547,136,1,"Physics",0.00680000009
3559.5489,136,1,"Update",11.8943005
3559.5507,136,1,"Fixed Update",0.00139999995
3559.5525,136,1,"Spline Update",0.000199999995
3559.5543,136,1,"Compose",0.386400014
3559.5566,136,1,"Update Buffers (CPU)",0.059700001
3570.3084,137,1,"SetVSync",10.6281
3570.6047,137,1,"RenderPath3D Update",0.2616
3570.6148,137,1,"Application Update",10.9462
3570.9221,137,1,"Application Render",0.3047
3571.3317,137,1,"Application Compose",0.3895
3571.927,137,1,"SubmitCommandLists",0.5858
3571.9436,137,1,"Shadowmap packing",0.00039999999
3571.9468,137,1,"Render",0.304399997
3571.9487,137,1,"Procedural Animations",0.000699999975
3571.951,137,1,"Script Components",9.99999975e-05
3571.9537,137,1,"CPU Frame",11.8220997
3571.9559,137,1,"Input",0.105400003
3571.9582,137,1,"GUI Update",0.0231999997
3571.9601,137,1,"Frustum Culling",0.0945999995
3571.9619,137,1,"Animations",0.000199999995
3571.9638,137,1,"Spring Dependencies",0.000199999995
3571.9658,137,1,"GUI Render",0.0390999988
3571.9675,137,1,"Physics",0.00350000011
3571.9694,137,1,"Update",10.9461002
3571.9713,137,1,"Fixed Update",0.00159999996
3571.9731,137,1,"Spline Update",0.000199999995
3571.975,137,1,"Compose",0.389299989
3571.9769,137,1,"Update Buffers (CPU)",0.0452999994
3582.5701,138,1,"SetVSync",10.3889
3582.8517,138,1,"RenderPath3D Update",0.2671
3582.8573,138,1,"Application Update",10.6945
3583.1843,138,1,"Application Render",0.3245
3583.597,138,1,"Application Compose",0.3905
3584.1781,138,1,"SubmitCommandLists",0.5721
3584.1975,138,1,"Shadowmap packing",0.000300000014
3584.2007,138,1,"Render",0.323900014
3584.2026,138,1,"Procedural Animations",0.000699999975
3584.2047,138,1,"Script Components",0.000199999995
3584.2069,138,1,"CPU Frame",11.6667004
3584.2089,138,1,"Input",0.176799998
3584.2109,138,1,"GUI Update",0.0229000002
3584.213,138,1,"Frustum Culling",0.0974000022
3584.215,138,1,"Animations",9.99999975e-05
3584.2171,138,1,"Spring Dependencies",9.99999975e-05
3584.2192,138,1,"GUI Render",0.0390999988
3584.2211,138,1,"Physics",0.00480000023
3584.2229,138,1,"Update",10.6941004
3584.2247,138,1,"Fixed Update",0.00260000001
3584.2265,138,1,"Spline Update",0.000199999995
3584.2283,138,1,"Compose",0.390199989
3584.2301,138,1,"Update Buffers (CPU)",0.0471000001
3594.9344,139,1,"SetVSync",10.5117
3595.2104,139,1,"RenderPath3D Update",0.2615
3595.2197,139,1,"Application Update",10.8437
3595.5415,139,1,"Application Render",0.3188
3595.9572,139,1,"Application Compose",0.393
3596.5666,139,1,"SubmitCommandLists",0.5999
3596.5858,139,1,"Shadowmap packing",0.000199999995
3596.589,139,1,"Render",0.318500012
3596.5911,139,1,"Procedural Animations",0.00079999998
3596.5935,139,1,"Script Components",9.99999975e-05
3596.5967,139,1,"CPU Frame",11.7758999
3596.599,139,1,"Input",0.1096
3596.6012,139,1,"GUI Update",0.0208000001
3596.6034,139,1,"Frustum Culling",0.0562999994
3596.6054,139,1,"Animations",9.99999975e-05
3596.6074,139,1,"Spring Dependencies",9.99999975e-05
3596.6097,139,1,"GUI Render",0.0392000005
3596.6118,139,1,"Physics",0.00079999998
3596.6139,139,1,"Update",10.8434
3596.6158,139,1,"Fixed Update",9.99999975e-05
3596.6178,139,1,"Spline Update",0.000199999995
3596.6199,139,1,"Compose",0.3926
3596.6221,139,1,"Update Buffers (CPU)",0.0502000004
3607.1882,140,1,"SetVSync",10.4339
3607.3585,140,1,"RenderPath3D Update",0.1549
3607.3629,140,1,"Application Update",10.6221
3607.6481,140,1,"Application Render",0.2826
3608.057,140,1,"Application Compose",0.3894
3608.6078,140,1,"SubmitCommandLists",0.542
3608.6247,140,1,"Shadowmap packing",0.000199999995
3608.6276,140,1,"Render",0.282400012
3608.6298,140,1,"Procedural Animations",0.000899999985
3608.632,140,1,"Script Components",9.99999975e-05
3608.6349,140,1,"CPU Frame",11.4867001
3608.6369,140,1,"Input",0.111400001
3608.6388,140,1,"GUI Update",0.0228000004
3608.6407,140,1,"Frustum Culling",0.0546999983
3608.6426,140,1,"Animations",9.99999975e-05
3608.6444,140,1,"Spring Dependencies",0.000199999995
3608.6464,140,1,"GUI Render",0.0362999998
3608.6481,140,1,"Physics",0.00499999989
3608.65,140,1,"Update",10.6219997
3608.6519,140,1,"Fixed Update",0.00159999996
3608.6537,140,1,"Spline Update",9.99999975e-05
3608.6555,140,1,"Compose",0.389099985
3608.6575,140,1,"Update Buffers (CPU)",0.0485999994
3619.4265,141,1,"SetVSync",10.6478
3619.6106,141,1,"RenderPath3D Update",0.1635
3619.6172,141,1,"Application Update",10.8502
3620.0613,141,1,"Application Render",0.4415
3620.4869,141,1,"Application Compose",0.3989
3621.1865,141,1,"SubmitCommandLists",0.6891
3621.2072,141,1,"Shadowmap packing",0.000600000028
3621.2101,141,1,"Render",0.440800011
3621.212,141,1,"Procedural Animations",0.0013
3621.2145,141,1,"Script Components",9.99999975e-05
3621.2178,141,1,"CPU Frame",11.8757
3621.2198,141,1,"Input",0.102700002
3621.2219,141,1,"GUI Update",0.0263999999
3621.224,141,1,"Frustum Culling",0.0593000017
3621.2261,141,1,"Animations",9.99999975e-05
3621.2279,141,1,"Spring Dependencies",0.000199999995
3621.2301,141,1,"GUI Render",0.0747999996
3621.2322,141,1,"Physics",0.00510000018
3621.234,141,1,"Update",10.8499002
3621.2359,141,1,"Fixed Update",0.00139999995
3621.2378,141,1,"Spline Update",0.000199999995
3621.2396,141,1,"Compose",0.398600012
3621.2415,141,1,"Update Buffers (CPU)",0.0931999981
3632.1809,142,1,"SetVSync",10.7962
3632.3779,142,1,"RenderPath3D Update",0.1771
3632.3829,142,1,"Application Update",11.0147
3632.7276,142,1,"Application Render",0.3421
3633.1493,142,1,"Application Compose",0.394
3633.7744,142,1,"SubmitCommandLists",0.6156
3633.7922,142,1,"Shadowmap packing",0.000300000014
3633.7953,142,1,"Render",0.341800004
3633.7973,142,1,"Procedural Animations",0.00109999999
3633.7997,142,1,"Script Components",9.99999975e-05
3633.8026,142,1,"CPU Frame",11.9582996
3633.805,142,1,"Input",0.120999999
3633.8075,142,1,"GUI Update",0.0272000004
3633.8095,142,1,"Frustum Culling",0.0522999987
3633.8114,142,1,"Animations",0.000199999995
3633.8132,142,1,"Spring Dependencies",0.000300000014
3633.8155,142,1,"GUI Render",0.0604999997
3633.8172,142,1,"Physics",0.00109999999
3633.819,142,1,"Update",11.0143995
3633.8208,142,1,"Fixed Update",9.99999975e-05
3633.8226,142,1,"Spline Update",0.000300000014
3633.8244,142,1,"Compose",0.393599987
3633.8266,142,1,"Update Buffers (CPU)",0.0737999976
3644.6905,143,1,"SetVSync",10.7251
3644.8272,143,1,"RenderPath3D Update",0.1213
3644.8604,143,1,"Application Update",10.9091
3645.1518,143,1,"Application Render",0.289
3645.588,143,1,"Application Compose",0.4144
3646.1776,143,1,"SubmitCommandLists",0.5784
3646.1956,143,1,"Shadowmap packing",0.000199999995
3646.1987,143,1,"Render",0.288500011
3646.2008,143,1,"Procedural Animations",0.00109999999
3646.2034,143,1,"Script Components",9.99999975e-05
3646.2062,143,1,"CPU Frame",11.8114004
3646.2085,143,1,"Input",0.1171
3646.2108,143,1,"GUI Update",0.0247000009
3646.213,143,1,"Frustum Culling",0.0452999994
3646.2151,143,1,"Animations",9.99999975e-05
3646.2172,143,1,"Spring Dependencies",9.99999975e-05
3646.2194,143,1,"GUI Render",0.0571000017
3646.2215,143,1,"Physics",0.00499999989
3646.2235,143,1,"Update",10.9089003
3646.226,143,1,"Fixed Update",0.00240000011
3646.2281,143,1,"Spline Update",0.000199999995
3646.2302,143,1,"Compose",0.414000005
3646.2323,143,1,"Update Buffers (CPU)",0.0527000017
3657.0954,144,1,"SetVSync",10.6713
3657.3933,144,1,"RenderPath3D Update",0.2812
3657.4038,144,1,"Application Update",11.0033
3657.767,144,1,"Application Render",0.3603
3658.2028,144,1,"Application Compose",0.4095
3659.0474,144,1,"SubmitCommandLists",0.8322
3659.0661,144,1,"Shadowmap packing",0.000199999995
3659.0693,144,1,"Render",0.359899998
3659.0714,144,1,"Procedural Animations",0.00079999998
3659.0737,144,1,"Script Components",9.99999975e-05
3659.0766,144,1,"CPU Frame",12.0225
3659.0785,144,1,"Input",0.157800004
3659.0809,144,1,"GUI Update",0.0260000005
3659.0829,144,1,"Frustum Culling",0.072800003
3659.0848,144,1,"Animations",9.99999975e-05
3659.0865,144,1,"Spring Dependencies",0.000199999995
3659.0887,144,1,"GUI Render",0.0392000005
3659.0906,144,1,"Physics",0.00620000018
3659.0924,144,1,"Update",11.0031004
3659.0947,144,1,"Fixed Update",0.00439999998
3659.0966,144,1,"Spline Update",9.99999975e-05
3659.0984,144,1,"Compose",0.409299999
3659.1003,144,1,"Update Buffers (CPU)",0.0573000014
3671.3949,145,1,"SetVSync",12.158
3671.5993,145,1,"RenderPath3D Update",0.1842
3671.6047,145,1,"Application Update",12.382
3671.916,145,1,"Application Render",0.3088
3672.3277,145,1,"Application Compose",0.3919
3672.9399,145,1,"SubmitCommandLists",0.6027
3672.9589,145,1,"Shadowmap packing",0.000199999995
3672.962,145,1,"Render",0.308499992
3672.9639,145,1,"Procedural Animations",0.00109999999
3672.9665,145,1,"Script Components",0.000300000014
3672.9689,145,1,"CPU Frame",13.2769003
3672.9708,145,1,"Input",0.115099996
3672.9729,145,1,"GUI Update",0.0278999992
3672.9751,145,1,"Frustum Culling",0.055399999
3672.977,145,1,"Animations",9.99999975e-05
3672.9795,145,1,"Spring Dependencies",0.000199999995
3672.9888,145,1,"GUI Render",0.0403000005
3672.9907,145,1,"Physics",0.00540000014
3672.9926,145,1,"Update",12.3816996
3672.9945,145,1,"Fixed Update",0.00179999997
3672.9964,145,1,"Spline Update",0.000300000014
3672.9982,145,1,"Compose",0.3917
3673,145,1,"Update Buffers (CPU)",0.063500002
3683.6263,146,1,"SetVSync",10.4942
3683.7835,146,1,"RenderPath3D Update",0.1434
3683.7882,146,1,"Application Update",10.6694
3684.0842,146,1,"Application Render",0.2934
3684.4912,146,1,"Application Compose",0.3884
3685.0573,146,1,"SubmitCommandLists",0.5563
3685.0746,146,1,"Shadowmap packing",0.000300000014
3685.0775,146,1,"Render",0.293099999
3685.0793,146,1,"Procedural Animations",0.000699999975
3685.0813,146,1,"Script Components",9.99999975e-05
3685.0841,146,1,"CPU Frame",11.5466003
3685.0862,146,1,"Input",0.111000001
3685.0885,146,1,"GUI Update",0.0223999992
3685.0904,146,1,"Frustum Culling",0.0533999987
3685.0924,146,1,"Animations",9.99999975e-05
3685.0941,146,1,"Spring Dependencies",0.000199999995
3685.0966,146,1,"GUI Render",0.0373000018
3685.0983,146,1,"Physics",0.00389999989
3685.1001,146,1,"Update",10.6693001
3685.102,146,1,"Fixed Update",0.00190000003
3685.104,146,1,"Spline Update",0.000199999995
3685.1058,146,1,"Compose",0.388200015
3685.1076,146,1,"Update Buffers (CPU)",0.0423000008
3695.9999,147,1,"SetVSync",10.772
3696.1728,147,1,"RenderPath3D Update",0.1574
3696.1766,147,1,"Application Update",10.9608
3696.4594,147,1,"Application Render",0.2802
3696.9011,147,1,"Application Compose",0.3893
3697.4976,147,1,"SubmitCommandLists",0.5864
3697.5161,147,1,"Shadowmap packing",0.000199999995
3697.5194,147,1,"Render",0.280000001
3697.5214,147,1,"Procedural Animations",0.000500000024
3697.5236,147,1,"Script Components",0.000199999995
3697.5257,147,1,"CPU Frame",11.8414001
3697.528,147,1,"Input",0.102899998
3697.5301,147,1,"GUI Update",0.0222999994
3697.5322,147,1,"Frustum Culling",0.0667999983
3697.534,147,1,"Animations",9.99999975e-05
3697.5362,147,1,"Spring Dependencies",0.000199999995
3697.5384,147,1,"GUI Render",0.0377999991
3697.5402,147,1,"Physics",0.000699999975
3697.542,147,1,"Update",10.9607
3697.5439,147,1,"Fixed Update",9.99999975e-05
3697.5457,147,1,"Spline Update",0.000300000014
3697.5474,147,1,"Compose",0.388900012
3697.5493,147,1,"Update Buffers (CPU)",0.0478999987
3708.3826,148,1,"SetVSync",10.7087
3708.5564,148,1,"RenderPath3D Update",0.1597
3708.5604,148,1,"Application Update",10.8985
3708.8222,148,1,"Application Render",0.2593
3709.2281,148,1,"Application Compose",0.3856
3709.8013,148,1,"SubmitCommandLists",0.5648
3709.8183,148,1,"Shadowmap packing",0.000199999995
3709.8212,148,1,"Render",0.259000003
3709.8231,148,1,"Procedural Animations",0.000600000028
3709.8253,148,1,"Script Components",9.99999975e-05
3709.8279,148,1,"CPU Frame",11.7268
3709.8299,148,1,"Input",0.1061
3709.832,148,1,"GUI Update",0.0221999995
3709.8341,148,1,"Frustum Culling",0.0417000018
3709.8359,148,1,"Animations",9.99999975e-05
3709.8377,148,1,"Spring Dependencies",0.00109999999
3709.8399,148,1,"GUI Render",0.0509000011
3709.8418,148,1,"Physics",0.00469999993
3709.8436,148,1,"Update",10.8983002
3709.8455,148,1,"Fixed Update",0.00139999995
3709.8473,148,1,"Spline Update",0.000199999995
3709.8492,148,1,"Compose",0.385399997
3709.851,148,1,"Update Buffers (CPU)",0.0483000018
3720.1425,149,1,"SetVSync",10.1672
3720.305,149,1,"RenderPath3D Update",0.1494
3720.3091,149,1,"Application Update",10.3455
3720.5544,149,1,"Application Render",0.2428
3720.9586,149,1,"Application Compose",0.3853
3721.4969,149,1,"SubmitCommandLists",0.5295
3721.5147,149,1,"Shadowmap packing",0.000199999995
3721.5178,149,1,"Render",0.242400005
3721.5197,149,1,"Procedural Animations",0.000500000024
3721.5219,149,1,"Script Components",0
3721.524,149,1,"CPU Frame",11.1535997
3721.526,149,1,"Input",0.1065
3721.5284,149,1,"GUI Update",0.0209999997
3721.5305,149,1,"Frustum Culling",0.0377000012
3721.5324,149,1,"Animations",9.99999975e-05
3721.5347,149,1,"Spring Dependencies",0.000199999995
3721.5368,149,1,"GUI Render",0.0361000001
3721.5386,149,1,"Physics",0.00469999993
3721.5404,149,1,"Update",10.3453999
3721.5422,149,1,"Fixed Update",0.00139999995
3721.544,149,1,"Spline Update",9.99999975e-05
3721.5458,149,1,"Compose",0.385100007
3721.5477,149,1,"Update Buffers (CPU)",0.0445000008
3732.5486,150,1,"SetVSync",10.8819
3732.6838,150,1,"RenderPath3D Update",0.1185
3732.6884,150,1,"Application Update",11.0328
3732.9572,150,1,"Application Render",0.2663
3733.3807,150,1,"Application Compose",0.3935
3733.9925,150,1,"SubmitCommandLists",0.6023
3734.0165,150,1,"Shadowmap packing",0.000300000014
3734.0199,150,1,"Render",0.266000003
3734.022,150,1,"Procedural Animations",0.00079999998
3734.0245,150,1,"Script Components",9.99999975e-05
3734.0273,150,1,"CPU Frame",11.8807001
3734.0296,150,1,"Input",0.101999998
3734.0317,150,1,"GUI Update",0.0251000002
3734.034,150,1,"Frustum Culling",0.0505999997
3734.0359,150,1,"Animations",0.000199999995
3734.0378,150,1,"Spring Dependencies",0.000199999995
3734.0399,150,1,"GUI Render",0.0399999991
3734.0418,150,1,"Physics",0.00520000001
3734.0437,150,1,"Update",11.0326004
3734.0456,150,1,"Fixed Update",0.00139999995
3734.0475,150,1,"Spline Update",9.99999975e-05
3734.0494,150,1,"Compose",0.39320001
3734.0514,150,1,"Update Buffers (CPU)",0.0507999994
3744.8871,151,1,"SetVSync",10.7086
3745.1395,151,1,"RenderPath3D Update",0.2385
3745.1447,151,1,"Application Update",10.9804
3745.4148,151,1,"Application Render",0.2671
3745.8384,151,1,"Application Compose",0.4082
3746.3813,151,1,"SubmitCommandLists",0.5329
3746.431,151,1,"Shadowmap packing",0.000300000014
3746.4341,151,1,"Render",0.266900003
3746.4361,151,1,"Procedural Animations",0.00079999998
3746.4381,151,1,"Script Components",9.99999975e-05
3746.4408,151,1,"CPU Frame",11.8411999
3746.4428,151,1,"Input",0.107900001
3746.4449,151,1,"GUI Update",0.0208000001
3746.4469,151,1,"Frustum Culling",0.0675999969
3746.4487,151,1,"Animations",9.99999975e-05
3746.4505,151,1,"Spring Dependencies",0.000300000014
3746.4527,151,1,"GUI Render",0.0339000002
3746.4544,151,1,"Physics",0.000600000028
3746.4562,151,1,"Update",10.9800997
3746.458,151,1,"Fixed Update",9.99999975e-05
3746.4598,151,1,"Spline Update",9.99999975e-05
3746.4616,151,1,"Compose",0.407999992
3746.4634,151,1,"Update Buffers (CPU)",0.0436999984
3757.3896,152,1,"SetVSync",10.7991
3757.5573,152,1,"RenderPath3D Update",0.1546
3757.5635,152,1,"Application Update",10.985
3757.8647,152,1,"Application Render",0.2983
3758.2659,152,1,"Application Compose",0.3817
3758.8496,152,1,"SubmitCommandLists",0.5751
3758.8661,152,1,"Shadowmap packing",0.000199999995
3758.869,152,1,"Render",0.298000008
3758.871,152,1,"Procedural Animations",0.000600000028
3758.8731,152,1,"Script Components",9.99999975e-05
3758.8758,152,1,"CPU Frame",11.8495998
3758.8776,152,1,"Input",0.1083
3758.8796,152,1,"GUI Update",0.0199999996
3758.8817,152,1,"Frustum Culling",0.0423000008
3758.8836,152,1,"Animations",9.99999975e-05
3758.8854,152,1,"Spring Dependencies",0.000199999995
3758.8875,152,1,"GUI Render",0.0555000007
3758.8893,152,1,"Physics",0.00490000006
3758.8912,152,1,"Update",10.9849005
3758.8929,152,1,"Fixed Update",0.00200000009
3758.8947,152,1,"Spline Update",0.000199999995
3758.8965,152,1,"Compose",0.381399989
3758.8983,152,1,"Update Buffers (CPU)",0.0582000017
3769.7912,153,1,"SetVSync",10.7006
3769.931,153,1,"RenderPath3D Update",0.1239
3769.9352,153,1,"Application Update",10.8826
3770.2129,153,1,"Application Render",0.2748
3770.6217,153,1,"Application Compose",0.3865
3771.203,153,1,"SubmitCommandLists",0.5729
3771.2203,153,1,"Shadowmap packing",0.000199999995
3771.2235,153,1,"Render",0.274599999
3771.2256,153,1,"Procedural Animations",0.00100000005
3771.2281,153,1,"Script Components",0
3771.2304,153,1,"CPU Frame",11.7690001
3771.2325,153,1,"Input",0.148200005
3771.2348,153,1,"GUI Update",0.0228000004
3771.237,153,1,"Frustum Culling",0.0427000001
3771.239,153,1,"Animations",9.99999975e-05
3771.2415,153,1,"Spring Dependencies",0.000199999995
3771.2438,153,1,"GUI Render",0.0524000004
3771.2458,153,1,"Physics",0.00490000006
3771.2479,153,1,"Update",10.8824997
3771.25,153,1,"Fixed Update",0.00150000001
3771.2521,153,1,"Spline Update",0.000199999995
3771.2541,153,1,"Compose",0.386200011
3771.2562,153,1,"Update Buffers (CPU)",0.0522000007
3781.9503,154,1,"SetVSync",10.5676
3782.0544,154,1,"RenderPath3D Update",0.0909
3782.0594,154,1,"Application Update",10.6897
3782.3206,154,1,"Application Render",0.2576
3782.7207,154,1,"Application Compose",0.3827
3783.2393,154,1,"SubmitCommandLists",0.5098
3783.2556,154,1,"Shadowmap packing",9.99999975e-05
3783.259,154,1,"Render",0.257099986
3783.2611,154,1,"Procedural Animations",0.000600000028
3783.2634,154,1,"Script Components",9.99999975e-05
3783.2656,154,1,"CPU Frame",11.5143003
3783.2675,154,1,"Input",0.108400002
3783.2695,154,1,"GUI Update",0.0206000004
3783.2715,154,1,"Frustum Culling",0.0540999994
3783.2733,154,1,"Animations",9.99999975e-05
3783.275,154,1,"Spring Dependencies",0.000300000014
3783.2771,154,1,"GUI Render",0.0355999991
3783.2789,154,1,"Physics",0.00079999998
3783.2807,154,1,"Update",10.6894999
3783.2825,154,1,"Fixed Update",9.99999975e-05
3783.2843,154,1,"Spline Update",0.000199999995
3783.2862,154,1,"Compose",0.382600009
3783.2882,154,1,"Update Buffers (CPU)",0.0458999984
3794.0877,155,1,"SetVSync",10.6809
3794.2576,155,1,"RenderPath3D Update",0.1553
3794.2621,155,1,"Application Update",10.8669
3794.5329,155,1,"Application Render",0.2685
3794.9528,155,1,"Application Compose",0.3914
3795.5236,155,1,"SubmitCommandLists",0.5615
3795.5412,155,1,"Shadowmap packing",0.000199999995
3795.5753,155,1,"Render",0.26820001
3795.5777,155,1,"Procedural Animations",0.00079999998
3795.58,155,1,"Script Components",9.99999975e-05
3795.5828,155,1,"CPU Frame",11.7105999
3795.5848,155,1,"Input",0.100599997
3795.5871,155,1,"GUI Update",0.0218000002
3795.5891,155,1,"Frustum Culling",0.0441999994
3795.591,155,1,"Animations",9.99999975e-05
3795.5929,155,1,"Spring Dependencies",0.000199999995
3795.595,155,1,"GUI Render",0.0362999998
3795.5968,155,1,"Physics",0.00449999981
3795.5987,155,1,"Update",10.8666
3795.6006,155,1,"Fixed Update",0.00150000001
3795.6025,155,1,"Spline Update",0.000199999995
3795.6044,155,1,"Compose",0.391000003
3795.6063,155,1,"Update Buffers (CPU)",0.0588000007
3806.678,156,1,"SetVSync",10.9522
3806.8517,156,1,"RenderPath3D Update",0.1522
3806.8563,156,1,"Application Update",11.1419
3807.1204,156,1,"Application Render",0.2617
3807.5417,156,1,"Application Compose",0.3921
3808.1116,156,1,"SubmitCommandLists",0.5607
3808.13,156,1,"Shadowmap packing",0.000199999995
3808.1331,156,1,"Render",0.261400014
3808.1349,156,1,"Procedural Animations",0.000600000028
3808.1371,156,1,"Script Components",9.99999975e-05
3808.1398,156,1,"CPU Frame",12.0152998
3808.1419,156,1,"Input",0.101199999
3808.1441,156,1,"GUI Update",0.0234999992
3808.1461,156,1,"Frustum Culling",0.0439999998
3808.148,156,1,"Animations",9.99999975e-05
3808.1499,156,1,"Spring Dependencies",9.99999975e-05
3808.1523,156,1,"GUI Render",0.0364999995
3808.154,156,1,"Physics",0.0046000001
3808.1558,156,1,"Update",11.1417999
3808.1577,156,1,"Fixed Update",0.00179999997
3808.1595,156,1,"Spline Update",9.99999975e-05
3808.1613,156,1,"Compose",0.391799986
3808.1631,156,1,"Update Buffers (CPU)",0.0538000017
3818.96,157,1,"SetVSync",10.6736
3819.13,157,1,"RenderPath3D Update",0.156
3819.1337,157,1,"Application Update",10.8594
3819.3943,157,1,"Application Render",0.2577
3819.7975,157,1,"Application Compose",0.3843
3820.4515,157,1,"SubmitCommandLists",0.6451
3820.4729,157,1,"Shadowmap packing",0.000199999995
3820.4762,157,1,"Render",0.257499993
3820.4783,157,1,"Procedural Animations",0.000500000024
3820.4804,157,1,"Script Components",9.99999975e-05
3820.4832,157,1,"CPU Frame",11.6816998
3820.4852,157,1,"Input",0.104500003
3820.4873,157,1,"GUI Update",0.0195000004
3820.4893,157,1,"Frustum Culling",0.0562000014
3820.4912,157,1,"Animations",0
3820.493,157,1,"Spring Dependencies",0.000199999995
3820.4953,157,1,"GUI Render",0.0350000001
3820.4972,157,1,"Physics",0.00400000019
3820.4991,157,1,"Update",10.8591995
3820.5011,157,1,"Fixed Update",0.00159999996
3820.503,157,1,"Spline Update",0.000300000014
3820.5049,157,1,"Compose",0.383899987
3820.507,157,1,"Update Buffers (CPU)",0.0439999998
3831.4572,158,1,"SetVSync",10.8234
3831.7782,158,1,"RenderPath3D Update",0.2426
3831.7842,158,1,"Application Update",11.165
3832.1464,158,1,"Application Render",0.3592
3832.5736,158,1,"Application Compose",0.3982
3833.1603,158,1,"SubmitCommandLists",0.5769
3833.1784,158,1,"Shadowmap packing",0.000199999995
3833.1813,158,1,"Render",0.358799994
3833.1833,158,1,"Procedural Animations",0.000899999985
3833.1855,158,1,"Script Components",9.99999975e-05
3833.1882,158,1,"CPU Frame",12.1177998
3833.1902,158,1,"Input",0.107299998
3833.1924,158,1,"GUI Update",0.0247000009
3833.1944,158,1,"Frustum Culling",0.0878000036
3833.1963,158,1,"Animations",0.000199999995
3833.198,158,1,"Spring Dependencies",9.99999975e-05
3833.2001,158,1,"GUI Render",0.0526000001
3833.202,158,1,"Physics",0.000899999985
3833.2038,158,1,"Update",11.1648998
3833.2056,158,1,"Fixed Update",9.99999975e-05
3833.2073,158,1,"Spline Update",0.000199999995
3833.2092,158,1,"Compose",0.397899985
3833.211,158,1,"Update Buffers (CPU)",0.0516000018
3844.1066,159,1,"SetVSync",10.7705
3844.382,159,1,"RenderPath3D Update",0.2616
3844.3867,159,1,"Application Update",11.0636
3844.6771,159,1,"Application Render",0.2876
3845.0869,159,1,"Application Compose",0.3866
3845.6641,159,1,"SubmitCommandLists",0.5682
3845.6811,159,1,"Shadowmap packing",0.000199999995
3845.6841,159,1,"Render",0.287299991
3845.6859,159,1,"Procedural Animations",0.000500000024
3845.7176,159,1,"Script Components",9.99999975e-05
3845.7204,159,1,"CPU Frame",11.9232998
3845.7225,159,1,"Input",0.105899997
3845.7246,159,1,"GUI Update",0.0199999996
3845.7267,159,1,"Frustum Culling",0.063699998
3845.7286,159,1,"Animations",0.000199999995
3845.7305,159,1,"Spring Dependencies",9.99999975e-05
3845.7326,159,1,"GUI Render",0.0357999988
3845.7345,159,1,"Physics",0.00439999998
3845.7364,159,1,"Update",11.0635004
3845.7382,159,1,"Fixed Update",0.00150000001
3845.7403,159,1,"Spline Update",9.99999975e-05
3845.7421,159,1,"Compose",0.386200011
3845.7439,159,1,"Update Buffers (CPU)",0.0463000014
3856.3587,160,1,"SetVSync",10.4897
3856.6181,160,1,"RenderPath3D Update",0.2464
3856.6261,160,1,"Application Update",10.7699
3856.9599,160,1,"Application Render",0.3312
3857.3738,160,1,"Application Compose",0.39
3857.9435,160,1,"SubmitCommandLists",0.5609
3857.9604,160,1,"Shadowmap packing",0.000300000014
3857.9633,160,1,"Render",0.33070001
3857.9652,160,1,"Procedural Animations",0.000699999975
3857.9675,160,1,"Script Components",0
3857.9698,160,1,"CPU Frame",11.7066002
3857.9717,160,1,"Input",0.105499998
3857.9739,160,1,"GUI Update",0.0209999997
3857.9759,160,1,"Frustum Culling",0.0650999993
3857.9777,160,1,"Animations",9.99999975e-05
3857.98,160,1,"Spring Dependencies",9.99999975e-05
3857.9822,160,1,"GUI Render",0.0531000011
3857.984,160,1,"Physics",0.00359999994
3857.9859,160,1,"Update",10.7698002
3857.9877,160,1,"Fixed Update",0.00139999995
3857.9895,160,1,"Spline Update",0.000199999995
3857.9915,160,1,"Compose",0.389600009
3857.9934,160,1,"Update Buffers (CPU)",0.0502999984
3868.996,161,1,"SetVSync",10.8811
3869.1745,161,1,"RenderPath3D Update",0.1616
3869.1785,161,1,"Application Update",11.0753
3869.4271,161,1,"Application Render",0.246
3869.8343,161,1,"Application Compose",0.3871
3870.4442,161,1,"SubmitCommandLists",0.6006
3870.4615,161,1,"Shadowmap packing",0.000199999995
3870.4645,161,1,"Render",0.245800003
3870.4665,161,1,"Procedural Animations",0.00109999999
3870.4687,161,1,"Script Components",9.99999975e-05
3870.4714,161,1,"CPU Frame",11.8873997
3870.4734,161,1,"Input",0.103699997
3870.4754,161,1,"GUI Update",0.0229000002
3870.4773,161,1,"Frustum Culling",0.0463999994
3870.4791,161,1,"Animations",9.99999975e-05
3870.4809,161,1,"Spring Dependencies",0.000300000014
3870.4829,161,1,"GUI Render",0.0379000008
3870.4846,161,1,"Physics",0.00469999993
3870.4864,161,1,"Update",11.0749998
3870.4882,161,1,"Fixed Update",0.0013
3870.4901,161,1,"Spline Update",0.000300000014
3870.492,161,1,"Compose",0.386900008
3870.494,161,1,"Update Buffers (CPU)",0.0480000004
3881.0922,162,1,"SetVSync",10.4656
3881.2563,162,1,"RenderPath3D Update",0.1501
3881.2619,162,1,"Application Update",10.6485
3881.5194,162,1,"Application Render",0.2537
3881.9441,162,1,"Application Compose",0.3922
3882.5143,162,1,"SubmitCommandLists",0.5605
3882.5311,162,1,"Shadowmap packing",0.000199999995
3882.5342,162,1,"Render",0.253300011
3882.5363,162,1,"Procedural Animations",0.000899999985
3882.5386,162,1,"Script Components",9.99999975e-05
3882.5415,162,1,"CPU Frame",11.4970999
3882.5437,162,1,"Input",0.114399999
3882.546,162,1,"GUI Update",0.0205000006
3882.5481,162,1,"Frustum Culling",0.058699999
3882.5502,162,1,"Animations",9.99999975e-05
3882.5523,162,1,"Spring Dependencies",0.000199999995
3882.5548,162,1,"GUI Render",0.0353999995
3882.5567,162,1,"Physics",0.000500000024
3882.5588,162,1,"Update",10.6484003
3882.5608,162,1,"Fixed Update",9.99999975e-05
3882.5627,162,1,"Spline Update",0.000199999995
3882.5648,162,1,"Compose",0.391900003
3882.5668,162,1,"Update Buffers (CPU)",0.0483999997
3893.3127,163,1,"SetVSync",10.6148
3893.478,163,1,"RenderPath3D Update",0.1491
3893.4825,163,1,"Application Update",10.7979
3893.7504,163,1,"Application Render",0.2652
3894.1575,163,1,"Application Compose",0.3892
3894.7543,163,1,"SubmitCommandLists",0.5876
3894.7723,163,1,"Shadowmap packing",0.000199999995
3894.7758,163,1,"Render",0.264899999
3894.7778,163,1,"Procedural Animations",0.00120000006
3894.7802,163,1,"Script Components",0.000199999995
3894.7825,163,1,"CPU Frame",11.6398001
3894.8164,163,1,"Input",0.111500002
3894.8187,163,1,"GUI Update",0.0228000004
3894.8212,163,1,"Frustum Culling",0.0520000011
3894.8231,163,1,"Animations",9.99999975e-05
3894.8254,163,1,"Spring Dependencies",0.000199999995
3894.8274,163,1,"GUI Render",0.0390000008
3894.8292,163,1,"Physics",0.00579999993
3894.8311,163,1,"Update",10.7976999
3894.8329,163,1,"Fixed Update",0.00139999995
3894.8347,163,1,"Spline Update",0.000199999995
3894.8365,163,1,"Compose",0.388999999
3894.8386,163,1,"Update Buffers (CPU)",0.0579000004
3905.516,164,1,"SetVSync",10.5404
3905.6902,164,1,"RenderPath3D Update",0.1598
3905.6947,164,1,"Application Update",10.7315
3905.9466,164,1,"Application Render",0.2495
3906.373,164,1,"Application Compose",0.3928
3906.9939,164,1,"SubmitCommandLists",0.6108
3907.0124,164,1,"Shadowmap packing",0.000199999995
3907.0157,164,1,"Render",0.2491
3907.0179,164,1,"Procedural Animations",0.00079999998
3907.0202,164,1,"Script Components",9.99999975e-05
3907.0232,164,1,"CPU Frame",11.6161003
3907.0259,164,1,"Input",0.117899999
3907.0281,164,1,"GUI Update",0.0218000002
3907.0302,164,1,"Frustum Culling",0.0412999988
3907.0324,164,1,"Animations",9.99999975e-05
3907.0344,164,1,"Spring Dependencies",9.99999975e-05
3907.0367,164,1,"GUI Render",0.0364000015
3907.0388,164,1,"Physics",0.0046000001
3907.0408,164,1,"Update",10.7313995
3907.0429,164,1,"Fixed Update",0.00150000001
3907.0451,164,1,"Spline Update",9.99999975e-05
3907.0472,164,1,"Compose",0.39230001
3907.0493,164,1,"Update Buffers (CPU)",0.0559
3917.7718,165,1,"SetVSync",10.5903
3918.0315,165,1,"RenderPath3D Update",0.2447
3918.0396,165,1,"Application Update",10.872
3918.3905,165,1,"Application Render",0.3484
3918.7955,165,1,"Application Compose",0.3855
3919.3938,165,1,"SubmitCommandLists",0.5891
3919.4118,165,1,"Shadowmap packing",0.000300000014
3919.4146,165,1,"Render",0.347799987
3919.4167,165,1,"Procedural Animations",0.000899999985
3919.4188,165,1,"Script Components",9.99999975e-05
3919.4215,165,1,"CPU Frame",11.7981005
3919.4235,165,1,"Input",0.1096
3919.4257,165,1,"GUI Update",0.0205000006
3919.4276,165,1,"Frustum Culling",0.0958999991
3919.4296,165,1,"Animations",9.99999975e-05
3919.4313,165,1,"Spring Dependencies",0.000199999995
3919.4334,165,1,"GUI Render",0.0362999998
3919.4352,165,1,"Physics",0.00380000006
3919.437,165,1,"Update",10.8717003
3919.4388,165,1,"Fixed Update",0.00179999997
3919.4408,165,1,"Spline Update",9.99999975e-05
3919.4426,165,1,"Compose",0.38530001
3919.4445,165,1,"Update Buffers (CPU)",0.0414999984
3930.3057,166,1,"SetVSync",10.7338
3930.4887,166,1,"RenderPath3D Update",0.1645
3930.4934,166,1,"Application Update",10.9353
3930.7905,166,1,"Application Render",0.2947
3931.2042,166,1,"Application Compose",0.3951
3931.926,166,1,"SubmitCommandLists",0.7128
3931.9454,166,1,"Shadowmap packing",9.99999975e-05
3931.9493,166,1,"Render",0.294400007
3931.9514,166,1,"Procedural Animations",0.00079999998
3931.9539,166,1,"Script Components",0.000199999995
3931.9564,166,1,"CPU Frame",11.8073997
3931.9584,166,1,"Input",0.1083
3931.9605,166,1,"GUI Update",0.0251000002
3931.9625,166,1,"Frustum Culling",0.0562000014
3931.9645,166,1,"Animations",0.000199999995
3931.9663,166,1,"Spring Dependencies",0.000199999995
3931.9683,166,1,"GUI Render",0.0392000005
3931.9701,166,1,"Physics",0.00120000006
3931.9725,166,1,"Update",10.9350004
3931.9744,166,1,"Fixed Update",9.99999975e-05
3931.9763,166,1,"Spline Update",0.000199999995
3931.9781,166,1,"Compose",0.394800007
3931.98,166,1,"Update Buffers (CPU)",0.0566999987
3942.3887,167,1,"SetVSync",10.2681
3942.5616,167,1,"RenderPath3D Update",0.1602
3942.5654,167,1,"Application Update",10.4589
3942.8144,167,1,"Application Render",0.2468
3943.2197,167,1,"Application Compose",0.3862
3943.786,167,1,"SubmitCommandLists",0.5579
3943.8038,167,1,"Shadowmap packing",0.000199999995
3943.8069,167,1,"Render",0.246399999
3943.809,167,1,"Procedural Animations",0.000699999975
3943.8114,167,1,"Script Components",9.99999975e-05
3943.8142,167,1,"CPU Frame",11.2890997
3943.8164,167,1,"Input",0.119000003
3943.8187,167,1,"GUI Update",0.0208999999
3943.8481,167,1,"Frustum Culling",0.0546000004
3943.8503,167,1,"Animations",9.99999975e-05
3943.8524,167,1,"Spring Dependencies",0.000199999995
3943.8551,167,1,"GUI Render",0.0346999988
3943.8573,167,1,"Physics",0.00499999989
3943.8593,167,1,"Update",10.4587002
3943.8612,167,1,"Fixed Update",0.00249999994
3943.8632,167,1,"Spline Update",9.99999975e-05
3943.8654,167,1,"Compose",0.385899991
3943.8673,167,1,"Update Buffers (CPU)",0.0480000004
3954.4091,168,1,"SetVSync",10.4224
3954.5305,168,1,"RenderPath3D Update",0.1097
3954.5347,168,1,"Application Update",10.5582
3954.7649,168,1,"Application Render",0.2278
3955.1635,168,1,"Application Compose",0.381
3955.6618,168,1,"SubmitCommandLists",0.4901
3955.6775,168,1,"Shadowmap packing",9.99999975e-05
3955.6807,168,1,"Render",0.227599993
3955.6827,168,1,"Procedural Animations",0.000500000024
3955.685,168,1,"Script Components",9.99999975e-05
3955.6873,168,1,"CPU Frame",11.3740997
3955.6894,168,1,"Input",0.102399997
3955.6915,168,1,"GUI Update",0.0186999999
3955.6936,168,1,"Frustum Culling",0.0434999987
3955.6955,168,1,"Animations",0
3955.6973,168,1,"Spring Dependencies",0.000199999995
3955.6996,168,1,"GUI Render",0.0329999998
3955.7013,168,1,"Physics",0.00359999994
3955.7031,168,1,"Update",10.5579004
3955.7047,168,1,"Fixed Update",0.00150000001
3955.7066,168,1,"Spline Update",9.99999975e-05
3955.7084,168,1,"Compose",0.380699992
3955.7101,168,1,"Update Buffers (CPU)",0.0408000015
3966.6424,169,1,"SetVSync",10.8247
3966.8114,169,1,"RenderPath3D Update",0.1553
3966.816,169,1,"Application Update",11.0084
3967.0373,169,1,"Application Render",0.2188
3967.4412,169,1,"Application Compose",0.386
3967.9948,169,1,"SubmitCommandLists",0.545
3968.0117,169,1,"Shadowmap packing",0.000199999995
3968.0148,169,1,"Render",0.218500003
3968.0167,169,1,"Procedural Animations",0.00039999999
3968.019,169,1,"Script Components",9.99999975e-05
3968.0218,169,1,"CPU Frame",11.7765999
3968.0238,169,1,"Input",0.0916000009
3968.0259,169,1,"GUI Update",0.0196000002
3968.0278,169,1,"Frustum Culling",0.0414999984
3968.0297,169,1,"Animations",9.99999975e-05
3968.0314,169,1,"Spring Dependencies",0.000199999995
3968.0335,169,1,"GUI Render",0.0348999985
3968.0353,169,1,"Physics",0.00319999992
3968.037,169,1,"Update",11.0081997
3968.0389,169,1,"Fixed Update",0.0013
3968.0408,169,1,"Spline Update",9.99999975e-05
3968.0427,169,1,"Compose",0.385699987
3968.0448,169,1,"Update Buffers (CPU)",0.0399999991
3982.9833,170,1,"SetVSync",14.828
3983.1369,170,1,"RenderPath3D Update",0.1197
3983.1427,170,1,"Application Update",14.999
3983.6676,170,1,"Application Render",0.5205
3984.1795,170,1,"Application Compose",0.4674
3985.5197,170,1,"SubmitCommandLists",1.32
3985.5625,170,1,"Shadowmap packing",0.000199999995
3985.5655,170,1,"Render",0.519999981
3985.5709,170,1,"Procedural Animations",0.00079999998
3985.5736,170,1,"Script Components",9.99999975e-05
3985.5771,170,1,"CPU Frame",16.1842995
3985.5796,170,1,"Input",0.0942000002
3985.5836,170,1,"GUI Update",0.0368999988
3985.5854,170,1,"Frustum Culling",0.0436999984
3985.5873,170,1,"Animations",9.99999975e-05
3985.589,170,1,"Spring Dependencies",0.000300000014
3985.5948,170,1,"GUI Render",0.0794999972
3985.5965,170,1,"Physics",0.000699999975
3985.5983,170,1,"Update",14.9988003
3985.6003,170,1,"Fixed Update",0
3985.6021,170,1,"Spline Update",9.99999975e-05
3985.6042,170,1,"Compose",0.467099994
3985.6066,170,1,"Update Buffers (CPU)",0.100599997
3996.6951,171,1,"SetVSync",10.8612
3996.9921,171,1,"RenderPath3D Update",0.2784
3996.9968,171,1,"Application Update",11.1832
3997.3164,171,1,"Application Render",0.3169
3997.7377,171,1,"Application Compose",0.4
3998.3382,171,1,"SubmitCommandLists",0.5899
3998.3554,171,1,"Shadowmap packing",0.000300000014
3998.3584,171,1,"Render",0.316500008
3998.3604,171,1,"Procedural Animations",0.000899999985
3998.3625,171,1,"Script Components",0.000300000014
3998.3648,171,1,"CPU Frame",12.2094002
3998.3668,171,1,"Input",0.195700005
3998.3688,171,1,"GUI Update",0.0247000009
3998.3707,171,1,"Frustum Culling",0.061900001
3998.3726,171,1,"Animations",9.99999975e-05
3998.4064,171,1,"Spring Dependencies",0.000199999995
3998.4092,171,1,"GUI Render",0.0416000001
3998.411,171,1,"Physics",0.00469999993
3998.4129,171,1,"Update",11.1830997
3998.4148,171,1,"Fixed Update",0.00270000007
3998.417,171,1,"Spline Update",0.000199999995
3998.4189,171,1,"Compose",0.399699986
3998.4208,171,1,"Update Buffers (CPU)",0.0531000011
4008.9358,172,1,"SetVSync",10.3838
4009.2359,172,1,"RenderPath3D Update",0.2677
4009.246,172,1,"Application Update",10.7085
4009.4909,172,1,"Application Render",0.2421
4009.8978,172,1,"Application Compose",0.3893
4010.6074,172,1,"SubmitCommandLists",0.6934
4010.6567,172,1,"Shadowmap packing",0.000199999995
4010.6605,172,1,"Render",0.2412
4010.6626,172,1,"Procedural Animations",0.000600000028
4010.6648,172,1,"Script Components",9.99999975e-05
4010.6682,172,1,"CPU Frame",11.5633001
4010.6703,172,1,"Input",0.108599998
4010.6724,172,1,"GUI Update",0.0253999997
4010.6744,172,1,"Frustum Culling",0.0480999984
4010.6762,172,1,"Animations",0.000199999995
4010.678,172,1,"Spring Dependencies",9.99999975e-05
4010.6802,172,1,"GUI Render",0.0392000005
4010.6819,172,1,"Physics",0.0046000001
4010.6842,172,1,"Update",10.7082005
4010.6861,172,1,"Fixed Update",0.00230000005
4010.6879,172,1,"Spline Update",0.000199999995
4010.6898,172,1,"Compose",0.388999999
4010.6917,172,1,"Update Buffers (CPU)",0.0441999994
4022.0219,173,1,"SetVSync",11.2055
4022.3058,173,1,"RenderPath3D Update",0.1691
4022.3128,173,1,"Application Update",11.509
4022.7223,173,1,"Application Render",0.4068
4023.2981,173,1,"Application Compose",0.5486
4024.3513,173,1,"SubmitCommandLists",1.0113
4024.5029,173,1,"Shadowmap packing",0.000699999975
4024.5122,173,1,"Render",0.406399995
4024.5148,173,1,"Procedural Animations",0.00249999994
4024.5174,173,1,"Script Components",0.000600000028
4024.5199,173,1,"CPU Frame",12.6976995
4024.5219,173,1,"Input",0.105499998
4024.5244,173,1,"GUI Update",0.0494000018
4024.5264,173,1,"Frustum Culling",0.0320000015
4024.5283,173,1,"Animations",9.99999975e-05
4024.5306,173,1,"Spring Dependencies",0.00039999999
4024.5333,173,1,"GUI Render",0.0487000011
4024.5353,173,1,"Physics",0.00719999988
4024.5373,173,1,"Update",11.5087004
4024.5392,173,1,"Fixed Update",0.0013
4024.541,173,1,"Spline Update",0.00039999999
4024.543,173,1,"Compose",0.548099995
4024.545,173,1,"Update Buffers (CPU)",0.0822999999
4037.5804,174,1,"SetVSync",12.798
4037.8875,174,1,"RenderPath3D Update",0.1903
4037.8935,174,1,"Application Update",13.1567
4038.293,174,1,"Application Render",0.3968
4038.7249,174,1,"Application Compose",0.4048
4039.5172,174,1,"SubmitCommandLists",0.7815
4039.5462,174,1,"Shadowmap packing",0.000199999995
4039.5501,174,1,"Render",0.386500001
4039.5521,174,1,"Procedural Animations",0.00139999995
4039.5546,174,1,"Script Components",0.00039999999
4039.557,174,1,"CPU Frame",14.2482004
4039.5592,174,1,"Input",0.181600004
4039.5621,174,1,"GUI Update",0.0311999992
4039.5641,174,1,"Frustum Culling",0.0430000015
4039.5661,174,1,"Animations",9.99999975e-05
4039.5685,174,1,"Spring Dependencies",0.000199999995
4039.5708,174,1,"GUI Render",0.0661000013
4039.5727,174,1,"Physics",0.00600000005
4039.5746,174,1,"Update",13.1562996
4039.5768,174,1,"Fixed Update",0.00419999985
4039.5785,174,1,"Spline Update",0.000199999995
4039.5803,174,1,"Compose",0.404399991
4039.5821,174,1,"Update Buffers (CPU)",0.104900002
4051.4608,175,1,"SetVSync",11.687
4051.6944,175,1,"RenderPath3D Update",0.2059
4051.6994,175,1,"Application Update",11.9455
4052.3087,175,1,"Application Render",0.6061
4052.8527,175,1,"Application Compose",0.477
4054.1797,175,1,"SubmitCommandLists",1.3145
4054.2102,175,1,"Shadowmap packing",0.00039999999
4054.214,175,1,"Render",0.605499983
4054.2162,175,1,"Procedural Animations",0.00260000001
4054.2184,175,1,"Script Components",0.000300000014
4054.2217,175,1,"CPU Frame",13.3273001
4054.2237,175,1,"Input",0.160099998
4054.226,175,1,"GUI Update",0.0353000015
4054.2285,175,1,"Frustum Culling",0.0724999979
4054.2305,175,1,"Animations",0.000199999995
4054.2324,175,1,"Spring Dependencies",0.000300000014
4054.2777,175,1,"GUI Render",0.0776999965
4054.2801,175,1,"Physics",0.0286999997
4054.282,175,1,"Update",11.9452
4054.2841,175,1,"Fixed Update",0.00469999993
4054.286,175,1,"Spline Update",0.000199999995
4054.2879,175,1,"Compose",0.475800008
4054.2899,175,1,"Update Buffers (CPU)",0.143600002
4065.4831,176,1,"SetVSync",11.0019
4065.6984,176,1,"RenderPath3D Update",0.1811
4065.7032,176,1,"Application Update",11.2408
4066.0745,176,1,"Application Render",0.3686
4066.5118,176,1,"Application Compose",0.3982
4067.1904,176,1,"SubmitCommandLists",0.668
4067.2112,176,1,"Shadowmap packing",0.000199999995
4067.2143,176,1,"Render",0.368200004
4067.2163,176,1,"Procedural Animations",0.00109999999
4067.2187,176,1,"Script Components",0.000199999995
4067.221,176,1,"CPU Frame",12.3242998
4067.2232,176,1,"Input",0.1664
4067.2256,176,1,"GUI Update",0.0278999992
4067.2277,176,1,"Frustum Culling",0.0533999987
4067.2297,176,1,"Animations",9.99999975e-05
4067.2319,176,1,"Spring Dependencies",0.000199999995
4067.2341,176,1,"GUI Render",0.0445000008
4067.236,176,1,"Physics",0.0013
4067.2379,176,1,"Update",11.2405005
4067.2402,176,1,"Fixed Update",9.99999975e-05
4067.2421,176,1,"Spline Update",0.000199999995
4067.244,176,1,"Compose",0.397899985
4067.246,176,1,"Update Buffers (CPU)",0.0766000003
4077.9978,177,1,"SetVSync",10.611
4078.3104,177,1,"RenderPath3D Update",0.2961
4078.3234,177,1,"Application Update",10.9516
4078.6948,177,1,"Application Render",0.3683
4079.1261,177,1,"Application Compose",0.406
4080.1092,177,1,"SubmitCommandLists",0.9724
4080.1847,177,1,"Shadowmap packing",0.000600000028
4080.1878,177,1,"Render",0.367700011
4080.1898,177,1,"Procedural Animations",0.00139999995
4080.1924,177,1,"Script Components",0.000300000014
4080.1948,177,1,"CPU Frame",11.9302998
4080.1969,177,1,"Input",0.118000001
4080.1989,177,1,"GUI Update",0.0297999997
4080.2009,177,1,"Frustum Culling",0.0467999987
4080.2028,177,1,"Animations",0.000199999995
4080.2048,177,1,"Spring Dependencies",0.00039999999
4080.2068,177,1,"GUI Render",0.0533000007
4080.2088,177,1,"Physics",0.00879999995
4080.2108,177,1,"Update",10.9512997
4080.2126,177,1,"Fixed Update",0.00249999994
4080.2143,177,1,"Spline Update",0
4080.2163,177,1,"Compose",0.405699998
4080.2182,177,1,"Update Buffers (CPU)",0.0766000003
4090.6297,178,1,"SetVSync",10.2696
4090.9434,178,1,"RenderPath3D Update",0.2911
4090.9536,178,1,"Application Update",10.6077
4091.5046,178,1,"Application Render",0.5476
4091.9291,178,1,"Application Compose",0.399
4092.6087,178,1,"SubmitCommandLists",0.6693
4092.628,178,1,"Shadowmap packing",0.000600000028
4092.6314,178,1,"Render",0.546400011
4092.6333,178,1,"Procedural Animations",0.00310000009
4092.6359,178,1,"Script Components",0.000199999995
4092.6388,178,1,"CPU Frame",11.7618999
4092.6408,178,1,"Input",0.120300002
4092.6429,178,1,"GUI Update",0.0311999992
4092.6449,178,1,"Frustum Culling",0.0988000035
4092.6467,178,1,"Animations",9.99999975e-05
4092.649,178,1,"Spring Dependencies",9.99999975e-05
4092.6512,178,1,"GUI Render",0.0606999993
4092.6529,178,1,"Physics",0.0109999999
4092.6548,178,1,"Update",10.6076002
4092.6567,178,1,"Fixed Update",0.00190000003
4092.6586,178,1,"Spline Update",9.99999975e-05
4092.6605,178,1,"Compose",0.398699999
4092.6626,178,1,"Update Buffers (CPU)",0.147599995
4108.4656,179,1,"SetVSync",15.3505
4108.7011,179,1,"RenderPath3D Update",0.2085
4108.7066,179,1,"Application Update",15.6288
4109.1061,179,1,"Application Render",0.3968
4109.5271,179,1,"Application Compose",0.4003
4110.4057,179,1,"SubmitCommandLists",0.8687
4114.9417,179,1,"Shadowmap packing",0.000300000014
4114.9808,179,1,"Render",0.396400005
4114.9834,179,1,"Procedural Animations",0.00139999995
4114.9866,179,1,"Script Components",0.000199999995
4114.991,179,1,"CPU Frame",16.9141998
4114.9937,179,1,"Input",0.398999989
4114.9975,179,1,"GUI Update",0.0362000018
4115.0002,179,1,"Frustum Culling",0.0571999997
4115.0027,179,1,"Animations",0.000199999995
4115.0045,179,1,"Spring Dependencies",0.00039999999
4115.0082,179,1,"GUI Render",0.0496999994
4115.0105,179,1,"Physics",0.00689999992
4115.0124,179,1,"Update",15.6286001
4115.0951,179,1,"Fixed Update",0.00700000022
4115.0969,179,1,"Spline Update",0.00039999999
4115.0997,179,1,"Compose",0.400000006
4115.1021,179,1,"Update Buffers (CPU)",0.101000004
4128.7565,180,1,"SetVSync",13.3241
4128.9122,180,1,"RenderPath3D Update",0.1323
4128.9186,180,1,"Application Update",13.541
4129.2717,180,1,"Application Render",0.3501
4129.6903,180,1,"Application Compose",0.3942
4130.3555,180,1,"SubmitCommandLists",0.6544
4130.492,180,1,"Shadowmap packing",0.000199999995
4130.4983,180,1,"Render",0.349299997
4130.5004,180,1,"Procedural Animations",0.00120000006
4130.503,180,1,"Script Components",0.00039999999
4130.5053,180,1,"CPU Frame",14.8961
4130.5073,180,1,"Input",0.2324
4130.5094,180,1,"GUI Update",0.0350000001
4130.5113,180,1,"Frustum Culling",0.0502000004
4130.5132,180,1,"Animations",9.99999975e-05
4130.5153,180,1,"Spring Dependencies",0.000199999995
4130.5175,180,1,"GUI Render",0.0727000013
4130.5194,180,1,"Physics",0.00669999979
4130.5212,180,1,"Update",13.54
4130.5231,180,1,"Fixed Update",0.0178999994
4130.5249,180,1,"Spline Update",9.99999975e-05
4130.5268,180,1,"Compose",0.39379999
4130.5286,180,1,"Update Buffers (CPU)",0.0644999966
4143.3634,181,1,"SetVSync",12.6886
4143.8443,181,1,"RenderPath3D Update",0.4046
4143.8543,181,1,"Application Update",13.1953
4144.7361,181,1,"Application Render",0.8783
4145.3025,181,1,"Application Compose",0.4747
4145.9977,181,1,"SubmitCommandLists",0.6848
4146.8207,181,1,"Shadowmap packing",0.0013
4146.8279,181,1,"Render",0.877099991
4146.8302,181,1,"Procedural Animations",0.0055999998
4146.8329,181,1,"Script Components",0.00139999995
4146.8352,181,1,"CPU Frame",14.8389997
4146.8371,181,1,"Input",0.120700002
4146.8395,181,1,"GUI Update",0.0786999986
4146.8415,181,1,"Frustum Culling",0.0709000006
4146.8434,181,1,"Animations",9.99999975e-05
4146.8457,181,1,"Spring Dependencies",0.00100000005
4146.8479,181,1,"GUI Render",0.141599998
4146.8496,181,1,"Physics",0.0194000006
4146.8514,181,1,"Update",13.1946001
4146.8532,181,1,"Fixed Update",0.00300000003
4146.8551,181,1,"Spline Update",0.00150000001
4146.8569,181,1,"Compose",0.473199993
4146.8587,181,1,"Update Buffers (CPU)",0.199499995
4157.6305,182,1,"SetVSync",10.5307
4157.8042,182,1,"RenderPath3D Update",0.1512
4157.8103,182,1,"Application Update",10.7596
4158.1279,182,1,"Application Render",0.3148
4158.5388,182,1,"Application Compose",0.3904
4159.2111,182,1,"SubmitCommandLists",0.6626
4159.3894,182,1,"Shadowmap packing",0.000300000014
4159.395,182,1,"Render",0.314500004
4159.3971,182,1,"Procedural Animations",0.00150000001
4159.3995,182,1,"Script Components",0.000199999995
4159.4021,182,1,"CPU Frame",11.7407999
4159.404,182,1,"Input",0.182899997
4159.4061,182,1,"GUI Update",0.0289999992
4159.4081,182,1,"Frustum Culling",0.0540999994
4159.41,182,1,"Animations",9.99999975e-05
4159.4123,182,1,"Spring Dependencies",0.000199999995
4159.4146,182,1,"GUI Render",0.053199999
4159.4164,182,1,"Physics",0.0057000001
4159.4182,182,1,"Update",10.7593002
4159.4203,182,1,"Fixed Update",0.0027999999
4159.4222,182,1,"Spline Update",0.000199999995
4159.424,182,1,"Compose",0.389999986
4159.4258,182,1,"Update Buffers (CPU)",0.0790999979
4175.0728,183,1,"SetVSync",15.4973
4175.293,183,1,"RenderPath3D Update",0.1851
4175.2983,183,1,"Application Update",15.7373
4175.6839,183,1,"Application Render",0.383
4176.1084,183,1,"Application Compose",0.404
4176.8318,183,1,"SubmitCommandLists",0.7137
4176.8538,183,1,"Shadowmap packing",0.000300000014
4176.857,183,1,"Render",0.382699996
4176.8591,183,1,"Procedural Animations",0.00179999997
4176.8615,183,1,"Script Components",0.00039999999
4176.8638,183,1,"CPU Frame",16.7378998
4176.8659,183,1,"Input",0.126399994
4176.868,183,1,"GUI Update",0.0295000002
4176.8701,183,1,"Frustum Culling",0.0671999976
4176.8719,183,1,"Animations",9.99999975e-05
4176.8742,183,1,"Spring Dependencies",0.000300000014
4176.8764,183,1,"GUI Render",0.0450999998
4176.8782,183,1,"Physics",0.00680000009
4176.88,183,1,"Update",15.7370005
4176.8819,183,1,"Fixed Update",0.0027999999
4176.8836,183,1,"Spline Update",0.00039999999
4176.9184,183,1,"Compose",0.403800011
4176.937,183,1,"Update Buffers (CPU)",0.0851999968
4191.6346,184,1,"SetVSync",14.5521
4191.8238,184,1,"RenderPath3D Update",0.1674
4191.8284,184,1,"Application Update",14.7601
4192.1629,184,1,"Application Render",0.3319
4192.5765,184,1,"Application Compose",0.3902
4193.2604,184,1,"SubmitCommandLists",0.674
4193.3012,184,1,"Shadowmap packing",0.000199999995
4193.305,184,1,"Render",0.331499994
4193.3071,184,1,"Procedural Animations",0.00120000006
4193.3095,184,1,"Script Components",0.000300000014
4193.3118,184,1,"CPU Frame",15.7388
4193.3138,184,1,"Input",0.1228
4193.3161,184,1,"GUI Update",0.0276999995
4193.3182,184,1,"Frustum Culling",0.0551999994
4193.3202,184,1,"Animations",9.99999975e-05
4193.3225,184,1,"Spring Dependencies",0.000199999995
4193.3245,184,1,"GUI Render",0.0577000007
4193.3266,184,1,"Physics",0.00540000014
4193.3285,184,1,"Update",14.7599001
4193.3303,184,1,"Fixed Update",0.00200000009
4193.332,184,1,"Spline Update",0.000300000014
4193.3339,184,1,"Compose",0.389899999
4193.3358,184,1,"Update Buffers (CPU)",0.0604999997
4205.2128,185,1,"SetVSync",11.7389
4205.3892,185,1,"RenderPath3D Update",0.1561
4205.3951,185,1,"Application Update",11.9346
4205.7627,185,1,"Application Render",0.3652
4206.1876,185,1,"Application Compose",0.4031
4206.9183,185,1,"SubmitCommandLists",0.7188
4206.9609,185,1,"Shadowmap packing",0.00039999999
4206.9646,185,1,"Render",0.364899993
4206.9665,185,1,"Procedural Animations",0.00120000006
4206.9691,185,1,"Script Components",0.000199999995
4206.9714,185,1,"CPU Frame",12.9026003
4206.9735,185,1,"Input",0.116599999
4206.9758,185,1,"GUI Update",0.0291000009
4206.9778,185,1,"Frustum Culling",0.0450000018
4206.9797,185,1,"Animations",9.99999975e-05
4206.982,185,1,"Spring Dependencies",9.99999975e-05
4206.9842,185,1,"GUI Render",0.0467000008
4206.9859,185,1,"Physics",0.0057000001
4206.9877,185,1,"Update",11.9343004
4206.9895,185,1,"Fixed Update",0.0027999999
4206.9912,185,1,"Spline Update",0.00039999999
4206.9931,185,1,"Compose",0.402799994
4206.995,185,1,"Update Buffers (CPU)",0.0826999992
4218.7067,186,1,"SetVSync",11.5322
4218.8779,186,1,"RenderPath3D Update",0.1482
4218.8834,186,1,"Application Update",11.7278
4219.2343,186,1,"Application Render",0.3482
4219.6471,186,1,"Application Compose",0.3905
4220.3378,186,1,"SubmitCommandLists",0.6812
4220.3985,186,1,"Shadowmap packing",0.000300000014
4220.4026,186,1,"Render",0.347900003
4220.4046,186,1,"Procedural Animations",0.00109999999
4220.4074,186,1,"Script Components",0.000199999995
4220.41,186,1,"CPU Frame",12.7031002
4220.4122,186,1,"Input",0.151199996
4220.4142,186,1,"GUI Update",0.0296
4220.4163,186,1,"Frustum Culling",0.0472999997
4220.4182,186,1,"Animations",9.99999975e-05
4220.4205,186,1,"Spring Dependencies",0.000199999995
4220.4226,186,1,"GUI Render",0.0447999984
4220.4244,186,1,"Physics",0.00639999984
4220.4261,186,1,"Update",11.7272997
4220.4279,186,1,"Fixed Update",0.00289999996
4220.4297,186,1,"Spline Update",0.000199999995
4220.4315,186,1,"Compose",0.390199989
4220.4334,186,1,"Update Buffers (CPU)",0.0776000023
4231.299,187,1,"SetVSync",10.6699
4231.4951,187,1,"RenderPath3D Update",0.1751
4231.4994,187,1,"Application Update",10.8873
4231.8115,187,1,"Application Render",0.3096
4232.2239,187,1,"Application Compose",0.3927
4232.8337,187,1,"SubmitCommandLists",0.6003
4232.8555,187,1,"Shadowmap packing",0.000300000014
4232.8585,187,1,"Render",0.309199989
4232.8604,187,1,"Procedural Animations",0.00139999995
4232.8629,187,1,"Script Components",9.99999975e-05
4232.8726,187,1,"CPU Frame",11.8414001
4232.8747,187,1,"Input",0.172499999
4232.877,187,1,"GUI Update",0.0337999985
4232.8793,187,1,"Frustum Culling",0.0551999994
4232.8812,187,1,"Animations",0
4232.8831,187,1,"Spring Dependencies",0.000199999995
4232.8854,187,1,"GUI Render",0.0427000001
4232.8872,187,1,"Physics",0.00190000003
4232.8891,187,1,"Update",10.8872004
4232.891,187,1,"Fixed Update",9.99999975e-05
4232.893,187,1,"Spline Update",0.000300000014
4232.8948,187,1,"Compose",0.392500013
4232.8966,187,1,"Update Buffers (CPU)",0.0716999993
4245.328,188,1,"SetVSync",12.2554
4245.5191,188,1,"RenderPath3D Update",0.1724
4245.524,188,1,"Application Update",12.4652
4245.8154,188,1,"Application Render",0.289
4246.2229,188,1,"Application Compose",0.388
4246.8311,188,1,"SubmitCommandLists",0.5985
4246.8505,188,1,"Shadowmap packing",0.000300000014
4246.8535,188,1,"Render",0.288800001
4246.8555,188,1,"Procedural Animations",0.00120000006
4246.8577,188,1,"Script Components",0.000199999995
4246.8602,188,1,"CPU Frame",13.3830004
4246.8621,188,1,"Input",0.119199999
4246.8643,188,1,"GUI Update",0.0274999999
4246.8662,188,1,"Frustum Culling",0.054299999
4246.8682,188,1,"Animations",9.99999975e-05
4246.8705,188,1,"Spring Dependencies",0.000300000014
4246.8726,188,1,"GUI Render",0.0524000004
4246.8744,188,1,"Physics",0.00579999993
4246.8762,188,1,"Update",12.4650002
4246.8781,188,1,"Fixed Update",0.00260000001
4246.8799,188,1,"Spline Update",0.000199999995
4246.8817,188,1,"Compose",0.387899995
4246.8836,188,1,"Update Buffers (CPU)",0.0577999987
4256.7951,189,1,"SetVSync",9.7592
4256.9373,189,1,"RenderPath3D Update",0.1306
4256.942,189,1,"Application Update",9.9196
4257.1845,189,1,"Application Render",0.24
4257.5936,189,1,"Application Compose",0.3909
4258.1618,189,1,"SubmitCommandLists",0.5577
4258.1796,189,1,"Shadowmap packing",0.000199999995
4258.1826,189,1,"Render",0.239700004
4258.1846,189,1,"Procedural Animations",0.000699999975
4258.1867,189,1,"Script Components",9.99999975e-05
4258.1893,189,1,"CPU Frame",10.7578001
4258.1914,189,1,"Input",0.130899996
4258.1935,189,1,"GUI Update",0.0204000007
4258.1955,189,1,"Frustum Culling",0.0390000008
4258.1973,189,1,"Animations",0
4258.1991,189,1,"Spring Dependencies",9.99999975e-05
4258.2015,189,1,"GUI Render",0.0342000015
4258.2033,189,1,"Physics",0.00480000023
4258.2052,189,1,"Update",9.91940022
4258.207,189,1,"Fixed Update",0.00190000003
4258.2089,189,1,"Spline Update",9.99999975e-05
4258.2107,189,1,"Compose",0.390500009
4258.2125,189,1,"Update Buffers (CPU)",0.0344999991
4269.5755,190,1,"SetVSync",11.2329
4269.7363,190,1,"RenderPath3D Update",0.1487
4269.7422,190,1,"Application Update",11.4099
4269.9876,190,1,"Application Render",0.2428
4270.3887,190,1,"Application Compose",0.3848
4270.9532,190,1,"SubmitCommandLists",0.5557
4270.9702,190,1,"Shadowmap packing",0.000199999995
4270.9733,190,1,"Render",0.242599994
4270.9753,190,1,"Procedural Animations",0.000899999985
4270.9775,190,1,"Script Components",9.99999975e-05
4270.9801,190,1,"CPU Frame",12.2222996
4270.9824,190,1,"Input",0.113499999
4270.9845,190,1,"GUI Update",0.0201999992
4270.9865,190,1,"Frustum Culling",0.0540000014
4270.9883,190,1,"Animations",9.99999975e-05
4270.9901,190,1,"Spring Dependencies",9.99999975e-05
4270.9921,190,1,"GUI Render",0.0348000005
4270.9938,190,1,"Physics",0.00419999985
4270.9957,190,1,"Update",11.4097004
4270.9979,190,1,"Fixed Update",0.0013
4270.9997,190,1,"Spline Update",0.000199999995
4271.0016,190,1,"Compose",0.384600013
4271.0034,190,1,"Update Buffers (CPU)",0.0428999998
4280.9854,191,1,"SetVSync",9.8568
4281.1542,191,1,"RenderPath3D Update",0.1528
4281.1599,191,1,"Application Update",10.0427
4281.4066,191,1,"Application Render",0.2442
4281.825,191,1,"Application Compose",0.3899
4282.3881,191,1,"SubmitCommandLists",0.5539
4282.4062,191,1,"Shadowmap packing",0.000199999995
4282.4093,191,1,"Render",0.243900001
4282.4112,191,1,"Procedural Animations",0.000600000028
4282.4133,191,1,"Script Components",9.99999975e-05
4282.416,191,1,"CPU Frame",10.8685999
4282.418,191,1,"Input",0.108599998
4282.42,191,1,"GUI Update",0.0197999999
4282.4221,191,1,"Frustum Culling",0.0526000001
4282.424,191,1,"Animations",9.99999975e-05
4282.4258,191,1,"Spring Dependencies",9.99999975e-05
4282.4278,191,1,"GUI Render",0.0359999985
4282.4296,191,1,"Physics",0.000600000028
4282.4315,191,1,"Update",10.0424004
4282.4332,191,1,"Fixed Update",9.99999975e-05
4282.435,191,1,"Spline Update",0.000199999995
4282.4369,191,1,"Compose",0.389600009
4282.4388,191,1,"Update Buffers (CPU)",0.0383000001
4293.3501,192,1,"SetVSync",10.7827
4293.5237,192,1,"RenderPath3D Update",0.1601
4293.5579,192,1,"Application Update",11.0017
4293.8348,192,1,"Application Render",0.2745
4294.2413,192,1,"Application Compose",0.3876
4294.8917,192,1,"SubmitCommandLists",0.6414
4294.9206,192,1,"Shadowmap packing",0.000199999995
4294.9237,192,1,"Render",0.274199992
4294.9256,192,1,"Procedural Animations",0.00109999999
4294.9282,192,1,"Script Components",9.99999975e-05
4294.9307,192,1,"CPU Frame",11.8488998
4294.9327,192,1,"Input",0.111299999
4294.9348,192,1,"GUI Update",0.0219999999
4294.9369,192,1,"Frustum Culling",0.0533999987
4294.9387,192,1,"Animations",9.99999975e-05
4294.9404,192,1,"Spring Dependencies",0.000199999995
4294.9425,192,1,"GUI Render",0.0377000012
4294.9444,192,1,"Physics",0.00439999998
4294.9461,192,1,"Update",11.0016003
4294.9478,192,1,"Fixed Update",0.00150000001
4294.9496,192,1,"Spline Update",9.99999975e-05
4294.9514,192,1,"Compose",0.387199998
4294.9532,192,1,"Update Buffers (CPU)",0.0505000018
4305.4102,193,1,"SetVSync",10.3328
4305.581,193,1,"RenderPath3D Update",0.1597
4305.5855,193,1,"Application Update",10.5196
4305.8001,193,1,"Application Render",0.2121
4306.2013,193,1,"Application Compose",0.3841
4306.7226,193,1,"SubmitCommandLists",0.5135
4306.7399,193,1,"Shadowmap packing",9.99999975e-05
4306.7429,193,1,"Render",0.211999997
4306.745,193,1,"Procedural Animations",0.000600000028
4306.7475,193,1,"Script Components",9.99999975e-05
4306.7497,193,1,"CPU Frame",11.3045998
4306.7518,193,1,"Input",0.106200002
4306.7538,193,1,"GUI Update",0.0186000001
4306.7559,193,1,"Frustum Culling",0.0392000005
4306.7577,193,1,"Animations",9.99999975e-05
4306.7596,193,1,"Spring Dependencies",0.000199999995
4306.7618,193,1,"GUI Render",0.0346000008
4306.7637,193,1,"Physics",0.00410000002
4306.7655,193,1,"Update",10.5193996
4306.7672,193,1,"Fixed Update",0.00150000001
4306.769,193,1,"Spline Update",9.99999975e-05
4306.7709,193,1,"Compose",0.3838
4306.7731,193,1,"Update Buffers (CPU)",0.0403000005
4317.5355,194,1,"SetVSync",10.6418
4317.6968,194,1,"RenderPath3D Update",0.1478
4317.7013,194,1,"Application Update",10.8177
4317.9844,194,1,"Application Render",0.2808
4318.384,194,1,"Application Compose",0.3818
4318.9531,194,1,"SubmitCommandLists",0.561
4318.9699,194,1,"Shadowmap packing",9.99999975e-05
4318.9731,194,1,"Render",0.280499995
4318.9751,194,1,"Procedural Animations",0.00100000005
4318.9772,194,1,"Script Components",9.99999975e-05
4318.9794,194,1,"CPU Frame",11.6576004
4318.9813,194,1,"Input",0.104599997
4318.9833,194,1,"GUI Update",0.0197999999
4318.9853,194,1,"Frustum Culling",0.0461999997
4318.9872,194,1,"Animations",9.99999975e-05
4318.989,194,1,"Spring Dependencies",9.99999975e-05
4318.991,194,1,"GUI Render",0.0346000008
4318.9928,194,1,"Physics",0.00350000011
4318.9945,194,1,"Update",10.8172998
4318.9963,194,1,"Fixed Update",0.0013
4318.9982,194,1,"Spline Update",9.99999975e-05
4319,194,1,"Compose",0.381599993
4319.0019,194,1,"Update Buffers (CPU)",0.0401999988
4331.8212,195,1,"SetVSync",12.6971
4331.9187,195,1,"RenderPath3D Update",0.0828
4331.9243,195,1,"Application Update",12.8121
4332.1641,195,1,"Application Render",0.2361
4332.5848,195,1,"Application Compose",0.3895
4333.1305,195,1,"SubmitCommandLists",0.5356
4333.1486,195,1,"Shadowmap packing",9.99999975e-05
4333.1517,195,1,"Render",0.235799998
4333.1537,195,1,"Procedural Animations",0.000699999975
4333.156,195,1,"Script Components",9.99999975e-05
4333.1583,195,1,"CPU Frame",13.6290998
4333.1604,195,1,"Input",0.105700001
4333.1623,195,1,"GUI Update",0.0216000006
4333.1643,195,1,"Frustum Culling",0.0340999998
4333.1662,195,1,"Animations",9.99999975e-05
4333.1679,195,1,"Spring Dependencies",9.99999975e-05
4333.17,195,1,"GUI Render",0.0355000012
4333.1719,195,1,"Physics",0.000899999985
4333.1737,195,1,"Update",12.8118
4333.1756,195,1,"Fixed Update",9.99999975e-05
4333.1773,195,1,"Spline Update",9.99999975e-05
4333.1791,195,1,"Compose",0.389099985
4333.1809,195,1,"Update Buffers (CPU)",0.0469999984
4347.8843,196,1,"SetVSync",14.5784
4348.0736,196,1,"RenderPath3D Update",0.1676
4348.0779,196,1,"Application Update",14.7834
4348.5243,196,1,"Application Render",0.4439
4349.0133,196,1,"Application Compose",0.3903
4349.5841,196,1,"SubmitCommandLists",0.5611
4349.6032,196,1,"Shadowmap packing",0.000199999995
4349.6063,196,1,"Render",0.443599999
4349.6082,196,1,"Procedural Animations",0.00109999999
4349.6104,196,1,"Script Components",0.000199999995
4349.6127,196,1,"CPU Frame",15.8795996
4349.6146,196,1,"Input",0.107199997
4349.6167,196,1,"GUI Update",0.0270000007
4349.6186,196,1,"Frustum Culling",0.0452999994
4349.6205,196,1,"Animations",9.99999975e-05
4349.623,196,1,"Spring Dependencies",0.000199999995
4349.6252,196,1,"GUI Render",0.0410000011
4349.627,196,1,"Physics",0.00529999984
4349.6289,196,1,"Update",14.7831001
4349.6306,196,1,"Fixed Update",0.00139999995
4349.6325,196,1,"Spline Update",0.000300000014
4349.6344,196,1,"Compose",0.389999986
4349.6362,196,1,"Update Buffers (CPU)",0.0535999984
4364.2517,197,1,"SetVSync",14.4738
4364.4355,197,1,"RenderPath3D Update",0.1687
4364.4405,197,1,"Application Update",14.6752
4364.9336,197,1,"Application Render",0.4906
4365.3636,197,1,"Application Compose",0.401
4365.9474,197,1,"SubmitCommandLists",0.5745
4365.9658,197,1,"Shadowmap packing",0.000300000014
4365.9687,197,1,"Render",0.490399987
4365.9707,197,1,"Procedural Animations",0.00079999998
4365.9728,197,1,"Script Components",9.99999975e-05
4365.9755,197,1,"CPU Frame",15.7748003
4365.9775,197,1,"Input",0.121299997
4365.9795,197,1,"GUI Update",0.0231999997
4365.9815,197,1,"Frustum Culling",0.0502000004
4365.9833,197,1,"Animations",9.99999975e-05
4365.9852,197,1,"Spring Dependencies",9.99999975e-05
4365.9872,197,1,"GUI Render",0.0377999991
4365.9888,197,1,"Physics",0.0046000001
4365.9907,197,1,"Update",14.6750002
4365.9924,197,1,"Fixed Update",0.00240000011
4365.9943,197,1,"Spline Update",0.000300000014
4365.9962,197,1,"Compose",0.400700003
4365.9979,197,1,"Update Buffers (CPU)",0.0750999972
4380.3728,198,1,"SetVSync",14.2417
4380.515,198,1,"RenderPath3D Update",0.1298
4380.5188,198,1,"Application Update",14.4001
4380.9628,198,1,"Application Render",0.4414
4381.3639,198,1,"Application Compose",0.3827
4382.0094,198,1,"SubmitCommandLists",0.6372
4382.0257,198,1,"Shadowmap packing",0.000199999995
4382.0285,198,1,"Render",0.441199988
4382.0304,198,1,"Procedural Animations",0.000500000024
4382.0325,198,1,"Script Components",9.99999975e-05
4382.0351,198,1,"CPU Frame",15.4118996
4382.0371,198,1,"Input",0.114299998
4382.0391,198,1,"GUI Update",0.0197999999
4382.041,198,1,"Frustum Culling",0.0518000014
4382.0429,198,1,"Animations",0
4382.0447,198,1,"Spring Dependencies",9.99999975e-05
4382.0468,198,1,"GUI Render",0.0329999998
4382.0485,198,1,"Physics",0.00400000019
4382.0504,198,1,"Update",14.3999004
4382.0522,198,1,"Fixed Update",0.00139999995
4382.0541,198,1,"Spline Update",0.000199999995
4382.0559,198,1,"Compose",0.382499993
4382.0577,198,1,"Update Buffers (CPU)",0.0439000018
4396.0343,199,1,"SetVSync",13.8594
4396.1802,199,1,"RenderPath3D Update",0.1347
4396.1845,199,1,"Application Update",14.02
4396.646,199,1,"Application Render",0.4592
4397.0634,199,1,"Application Compose",0.3892
4397.7742,199,1,"SubmitCommandLists",0.7007
4397.7926,199,1,"Shadowmap packing",0.000199999995
4397.7955,199,1,"Render",0.458900005
4397.7974,199,1,"Procedural Animations",0.00039999999
4397.7995,199,1,"Script Components",9.99999975e-05
4397.8024,199,1,"CPU Frame",15.0514002
4397.8044,199,1,"Input",0.1008
4397.8065,199,1,"GUI Update",0.0186000001
4397.8086,199,1,"Frustum Culling",0.0617999993
4397.8105,199,1,"Animations",9.99999975e-05
4397.8123,199,1,"Spring Dependencies",9.99999975e-05
4397.8142,199,1,"GUI Render",0.0357000008
4397.8161,199,1,"Physics",0.00359999994
4397.818,199,1,"Update",14.0197001
4397.8199,199,1,"Fixed Update",0.00120000006
4397.8217,199,1,"Spline Update",0.000199999995
4397.8236,199,1,"Compose",0.388799995
4397.8255,199,1,"Update Buffers (CPU)",0.0531000011
4413.0842,200,1,"SetVSync",15.1237
4413.2753,200,1,"RenderPath3D Update",0.1742
4413.28,200,1,"Application Update",15.3316
4413.6988,200,1,"Application Render",0.4163
4414.1075,200,1,"Application Compose",0.3894
4414.6624,200,1,"SubmitCommandLists",0.5458
4414.7147,200,1,"Shadowmap packing",9.99999975e-05
4414.718,200,1,"Render",0.415899992
4414.7202,200,1,"Procedural Animations",0.00109999999
4414.7227,200,1,"Script Components",9.99999975e-05
4414.7251,200,1,"CPU Frame",16.3293991
4414.7271,200,1,"Input",0.115699999
4414.7292,200,1,"GUI Update",0.0261000004
4414.7311,200,1,"Frustum Culling",0.0430000015
4414.733,200,1,"Animations",9.99999975e-05
4414.7348,200,1,"Spring Dependencies",0.000199999995
4414.737,200,1,"GUI Render",0.167899996
4414.7389,200,1,"Physics",0.00449999981
4414.7408,200,1,"Update",15.3315001
4414.7427,200,1,"Fixed Update",0.00190000003
4414.7445,200,1,"Spline Update",0.000300000014
4414.7468,200,1,"Compose",0.389099985
4414.7487,200,1,"Update Buffers (CPU)",0.0654999986
4458.6213,201,1,"SetVSync",43.7467
4458.815,201,1,"RenderPath3D Update",0.1739
4458.8195,201,1,"Application Update",43.958
4459.2942,201,1,"Application Render",0.4721
4459.7057,201,1,"Application Compose",0.3904
4460.4943,201,1,"SubmitCommandLists",0.7786
4460.5139,201,1,"Shadowmap packing",0.000300000014
4460.5168,201,1,"Render",0.471799999
4460.5188,201,1,"Procedural Animations",0.00179999997
4460.5299,201,1,"Script Components",0.000199999995
4460.5322,201,1,"CPU Frame",45.0066986
4460.5342,201,1,"Input",0.1065
4460.5364,201,1,"GUI Update",0.0280000009
4460.5383,201,1,"Frustum Culling",0.0368000008
4460.5402,201,1,"Animations",9.99999975e-05
4460.5424,201,1,"Spring Dependencies",0.000199999995
4460.5445,201,1,"GUI Render",0.144999996
4460.5462,201,1,"Physics",0.00549999997
4460.5479,201,1,"Update",43.9578018
4460.5496,201,1,"Fixed Update",0.0013
4460.5519,201,1,"Spline Update",0.000199999995
4460.5537,201,1,"Compose",0.389999986
4460.5554,201,1,"Update Buffers (CPU)",0.0976999998
4477.1083,202,1,"SetVSync",16.414
4477.3024,202,1,"RenderPath3D Update",0.1707
4477.3087,202,1,"Application Update",16.6292
4477.7843,202,1,"Application Render",0.4728
4478.2024,202,1,"Application Compose",0.3936
4478.8554,202,1,"SubmitCommandLists",0.6438
4478.8776,202,1,"Shadowmap packing",0.000300000014
4478.8808,202,1,"Render",0.47240001
4478.8827,202,1,"Procedural Animations",0.00139999995
4478.8852,202,1,"Script Components",0.000300000014
4478.8875,202,1,"CPU Frame",17.7026005
4478.8893,202,1,"Input",0.116899997
4478.8915,202,1,"GUI Update",0.0302000009
4478.8935,202,1,"Frustum Culling",0.0494999997
4478.8955,202,1,"Animations",9.99999975e-05
4478.8978,202,1,"Spring Dependencies",0.000300000014
4478.9003,202,1,"GUI Render",0.0610000007
4478.9021,202,1,"Physics",0.00949999969
4478.9039,202,1,"Update",16.6289997
4478.9059,202,1,"Fixed Update",0.00159999996
4478.9077,202,1,"Spline Update",0.000199999995
4478.9096,202,1,"Compose",0.393299997
4478.9116,202,1,"Update Buffers (CPU)",0.0766000003
4493.937,203,1,"SetVSync",14.8796
4494.1131,203,1,"RenderPath3D Update",0.1561
4494.1192,203,1,"Application Update",15.0762
4494.4537,203,1,"Application Render",0.3316
4494.8673,203,1,"Application Compose",0.3897
4495.5472,203,1,"SubmitCommandLists",0.6713
4495.5674,203,1,"Shadowmap packing",0.000199999995
4495.5702,203,1,"Render",0.331200004
4495.5721,203,1,"Procedural Animations",0.00109999999
4495.5745,203,1,"Script Components",0.000199999995
4495.5767,203,1,"CPU Frame",16.0051003
4495.5786,203,1,"Input",0.122900002
4495.5807,203,1,"GUI Update",0.0275999997
4495.5827,203,1,"Frustum Culling",0.0592
4495.5846,203,1,"Animations",9.99999975e-05
4495.5868,203,1,"Spring Dependencies",0.000300000014
4495.5892,203,1,"GUI Render",0.0557000004
4495.591,203,1,"Physics",0.00549999997
4495.5929,203,1,"Update",15.0757999
4495.5947,203,1,"Fixed Update",0.00310000009
4495.5965,203,1,"Spline Update",0.000199999995
4495.5983,203,1,"Compose",0.389499992
4495.6002,203,1,"Update Buffers (CPU)",0.0615000017
4511.2097,204,1,"SetVSync",15.4756
4511.386,204,1,"RenderPath3D Update",0.1592
4511.4095,204,1,"Application Update",15.6897
4511.8587,204,1,"Application Render",0.4466
4512.2667,204,1,"Application Compose",0.391
4513.0284,204,1,"SubmitCommandLists",0.7529
4513.0475,204,1,"Shadowmap packing",0.000199999995
4513.0847,204,1,"Render",0.446399987
4513.087,204,1,"Procedural Animations",0.00109999999
4513.0894,204,1,"Script Components",9.99999975e-05
4513.0922,204,1,"CPU Frame",16.7136993
4513.0943,204,1,"Input",0.112099998
4513.0963,204,1,"GUI Update",0.0255999994
4513.0982,204,1,"Frustum Culling",0.0399999991
4513.1003,204,1,"Animations",9.99999975e-05
4513.1021,204,1,"Spring Dependencies",9.99999975e-05
4513.104,204,1,"GUI Render",0.0430999994
4513.1059,204,1,"Physics",0.0055999998
4513.1077,204,1,"Update",15.6893997
4513.1095,204,1,"Fixed Update",0.00190000003
4513.1113,204,1,"Spline Update",0.000199999995
4513.1132,204,1,"Compose",0.390799999
4513.1151,204,1,"Update Buffers (CPU)",0.0722000003
4529.1792,205,1,"SetVSync",15.9227
4529.3667,205,1,"RenderPath3D Update",0.1719
4529.3713,205,1,"Application Update",16.1278
4529.861,205,1,"Application Render",0.4871
4530.2888,205,1,"Application Compose",0.3889
4530.8786,205,1,"SubmitCommandLists",0.5808
4530.8978,205,1,"Shadowmap packing",0.000199999995
4530.9009,205,1,"Render",0.486799985
4530.9028,205,1,"Procedural Animations",0.00109999999
4530.9052,205,1,"Script Components",0.000199999995
4530.9076,205,1,"CPU Frame",17.2556992
4530.9096,205,1,"Input",0.120800003
4530.9117,205,1,"GUI Update",0.0241
4530.9137,205,1,"Frustum Culling",0.066200003
4530.9157,205,1,"Animations",9.99999975e-05
4530.9179,205,1,"Spring Dependencies",0.000199999995
4530.9201,205,1,"GUI Render",0.0443999991
4530.9219,205,1,"Physics",0.0208000001
4530.9237,205,1,"Update",16.1275005
4530.9256,205,1,"Fixed Update",0.00200000009
4530.9274,205,1,"Spline Update",0.000199999995
4530.9292,205,1,"Compose",0.388500005
4530.9312,205,1,"Update Buffers (CPU)",0.0737999976
4547.8995,206,1,"SetVSync",16.8108
4548.0371,206,1,"RenderPath3D Update",0.1213
4548.0417,206,1,"Application Update",16.966
4548.51,206,1,"Application Render",0.4658
4548.9216,206,1,"Application Compose",0.3913
4549.4843,206,1,"SubmitCommandLists",0.5538
4549.5025,206,1,"Shadowmap packing",0.000199999995
4549.5054,206,1,"Render",0.465499997
4549.5073,206,1,"Procedural Animations",0.00100000005
4549.5095,206,1,"Script Components",0.000199999995
4549.512,206,1,"CPU Frame",18.0387001
4549.514,206,1,"Input",0.137600005
4549.5161,206,1,"GUI Update",0.0244999994
4549.518,206,1,"Frustum Culling",0.0546999983
4549.5202,206,1,"Animations",9.99999975e-05
4549.5224,206,1,"Spring Dependencies",9.99999975e-05
4549.5246,206,1,"GUI Render",0.0386999995
4549.5265,206,1,"Physics",0.00510000018
4549.5283,206,1,"Update",16.9657993
4549.5301,206,1,"Fixed Update",0.00159999996
4549.5318,206,1,"Spline Update",0.000199999995
4549.5336,206,1,"Compose",0.391099989
4549.5355,206,1,"Update Buffers (CPU)",0.0498999991
4565.0264,207,1,"SetVSync",15.3644
4565.1233,207,1,"RenderPath3D Update",0.0841
4565.1285,207,1,"Application Update",15.4783
4565.3751,207,1,"Application Render",0.2431
4565.8027,207,1,"Application Compose",0.3936
4566.504,207,1,"SubmitCommandLists",0.6913
4566.5227,207,1,"Shadowmap packing",9.99999975e-05
4566.526,207,1,"Render",0.242799997
4566.528,207,1,"Procedural Animations",0.00079999998
4566.5303,207,1,"Script Components",9.99999975e-05
4566.5329,207,1,"CPU Frame",16.3148994
4566.5349,207,1,"Input",0.108099997
4566.5369,207,1,"GUI Update",0.0219000001
4566.5389,207,1,"Frustum Culling",0.0381000005
4566.5408,207,1,"Animations",9.99999975e-05
4566.5425,207,1,"Spring Dependencies",9.99999975e-05
4566.5445,207,1,"GUI Render",0.0368000008
4566.5463,207,1,"Physics",0.00389999989
4566.5481,207,1,"Update",15.4779997
4566.5498,207,1,"Fixed Update",0.00170000002
4566.5516,207,1,"Spline Update",0.000199999995
4566.5536,207,1,"Compose",0.393299997
4566.5555,207,1,"Update Buffers (CPU)",0.0427000001
4582.3504,208,1,"SetVSync",15.672
4582.5043,208,1,"RenderPath3D Update",0.1403
4582.5083,208,1,"Application Update",15.8412
4582.7593,208,1,"Application Render",0.2486
4583.1629,208,1,"Application Compose",0.387
4583.7241,208,1,"SubmitCommandLists",0.5528
4583.7409,208,1,"Shadowmap packing",9.99999975e-05
4583.7441,208,1,"Render",0.248300001
4583.746,208,1,"Procedural Animations",0.000699999975
4583.7747,208,1,"Script Components",9.99999975e-05
4583.7772,208,1,"CPU Frame",16.6550007
4583.7792,208,1,"Input",0.104900002
4583.7813,208,1,"GUI Update",0.0201999992
4583.7832,208,1,"Frustum Culling",0.0522999987
4583.7851,208,1,"Animations",9.99999975e-05
4583.7869,208,1,"Spring Dependencies",9.99999975e-05
4583.7889,208,1,"GUI Render",0.0333000012
4583.7906,208,1,"Physics",0.00389999989
4583.7925,208,1,"Update",15.8409996
4583.7942,208,1,"Fixed Update",0.00150000001
4583.7962,208,1,"Spline Update",0.000199999995
4583.7981,208,1,"Compose",0.386700004
4583.7998,208,1,"Update Buffers (CPU)",0.0447999984
4598.9025,209,1,"SetVSync",14.9781
4599.0283,209,1,"RenderPath3D Update",0.1119
4599.033,209,1,"Application Update",15.1201
4599.3094,209,1,"Application Render",0.274
4599.7323,209,1,"Application Compose",0.3929
4600.2596,209,1,"SubmitCommandLists",0.5182
4600.2778,209,1,"Shadowmap packing",0.000199999995
4600.2808,209,1,"Render",0.273900002
4600.2829,209,1,"Procedural Animations",0.00079999998
4600.2853,209,1,"Script Components",0
4600.2878,209,1,"CPU Frame",16.0046005
4600.2902,209,1,"Input",0.105700001
4600.2925,209,1,"GUI Update",0.0210999995
4600.2946,209,1,"Frustum Culling",0.0403000005
4600.2966,209,1,"Animations",9.99999975e-05
4600.299,209,1,"Spring Dependencies",0.000199999995
4600.3014,209,1,"GUI Render",0.0366999991
4600.3034,209,1,"Physics",0.00380000006
4600.3054,209,1,"Update",15.1199999
4600.3074,209,1,"Fixed Update",0.00209999993
4600.3093,209,1,"Spline Update",0.000199999995
4600.3113,209,1,"Compose",0.392500013
4600.3136,209,1,"Update Buffers (CPU)",0.0472000018
4615.6998,210,1,"SetVSync",15.2529
4615.8378,210,1,"RenderPath3D Update",0.1205
4615.8429,210,1,"Application Update",15.4075
4616.1023,210,1,"Application Render",0.2568
4616.5069,210,1,"Application Compose",0.3876
4617.1947,210,1,"SubmitCommandLists",0.6792
4617.2126,210,1,"Shadowmap packing",0.000199999995
4617.2158,210,1,"Render",0.256599993
4617.2179,210,1,"Procedural Animations",0.00079999998
4617.22,210,1,"Script Components",9.99999975e-05
4617.2228,210,1,"CPU Frame",16.2429008
4617.2247,210,1,"Input",0.115400001
4617.2268,210,1,"GUI Update",0.0221999995
4617.2287,210,1,"Frustum Culling",0.0562000014
4617.2306,210,1,"Animations",9.99999975e-05
4617.2323,210,1,"Spring Dependencies",0.000199999995
4617.2345,210,1,"GUI Render",0.0372000001
4617.2363,210,1,"Physics",0.00469999993
4617.238,210,1,"Update",15.4071999
4617.24,210,1,"Fixed Update",0.00139999995
4617.242,210,1,"Spline Update",9.99999975e-05
4617.2439,210,1,"Compose",0.387400001
4617.2458,210,1,"Update Buffers (CPU)",0.0549000017
4632.4941,211,1,"SetVSync",15.1167
4632.6709,211,1,"RenderPath3D Update",0.1613
4632.6767,211,1,"Application Update",15.311
4632.9417,211,1,"Application Render",0.2625
4633.3473,211,1,"Application Compose",0.388
4633.9059,211,1,"SubmitCommandLists",0.5497
4633.9237,211,1,"Shadowmap packing",0.000199999995
4633.9267,211,1,"Render",0.262300014
4633.9287,211,1,"Procedural Animations",0.000899999985
4633.9309,211,1,"Script Components",9.99999975e-05
4633.9336,211,1,"CPU Frame",16.1478996
4633.9355,211,1,"Input",0.1131
4633.9375,211,1,"GUI Update",0.0239000004
4633.9395,211,1,"Frustum Culling",0.0403000005
4633.9414,211,1,"Animations",0.00039999999
4633.9433,211,1,"Spring Dependencies",0.000199999995
4633.9453,211,1,"GUI Render",0.0370999984
4633.9471,211,1,"Physics",0.00490000006
4633.9489,211,1,"Update",15.3107996
4633.9507,211,1,"Fixed Update",0.00159999996
4633.9525,211,1,"Spline Update",0.000199999995
4633.9544,211,1,"Compose",0.387600005
4633.9562,211,1,"Update Buffers (CPU)",0.0533999987
4649.1453,212,1,"SetVSync",15.061
4649.2411,212,1,"RenderPath3D Update",0.0827
4649.2456,212,1,"Application Update",15.1738
4649.4613,212,1,"Application Render",0.2134
4649.8653,212,1,"Application Compose",0.3844
4650.3995,212,1,"SubmitCommandLists",0.526
4650.4178,212,1,"Shadowmap packing",0.000199999995
4650.4207,212,1,"Render",0.213100001
4650.4226,212,1,"Procedural Animations",0.000699999975
4650.4247,212,1,"Script Components",9.99999975e-05
4650.4563,212,1,"CPU Frame",15.9552002
4650.4586,212,1,"Input",0.108499996
4650.4607,212,1,"GUI Update",0.0219999999
4650.4627,212,1,"Frustum Culling",0.00879999995
4650.4647,212,1,"Animations",9.99999975e-05
4650.4666,212,1,"Spring Dependencies",0.000199999995
4650.4686,212,1,"GUI Render",0.0357999988
4650.4703,212,1,"Physics",0.00410000002
4650.4721,212,1,"Update",15.1736002
4650.474,212,1,"Fixed Update",0.00190000003
4650.476,212,1,"Spline Update",9.99999975e-05
4650.4779,212,1,"Compose",0.38409999
4650.4798,212,1,"Update Buffers (CPU)",0.0438000001
4665.9072,213,1,"SetVSync",15.2952
4666.0305,213,1,"RenderPath3D Update",0.11
4666.0371,213,1,"Application Update",15.437
4666.5057,213,1,"Application Render",0.466
4666.9108,213,1,"Application Compose",0.3863
4667.6192,213,1,"SubmitCommandLists",0.6995
4667.6378,213,1,"Shadowmap packing",0.000199999995
4667.6408,213,1,"Render",0.465799987
4667.6428,213,1,"Procedural Animations",0.000699999975
4667.6452,213,1,"Script Components",0
4667.6475,213,1,"CPU Frame",16.5067997
4667.6495,213,1,"Input",0.113799997
4667.6515,213,1,"GUI Update",0.0205000006
4667.6535,213,1,"Frustum Culling",0.0544000007
4667.6553,213,1,"Animations",9.99999975e-05
4667.6576,213,1,"Spring Dependencies",0.000199999995
4667.6598,213,1,"GUI Render",0.225999996
4667.6615,213,1,"Physics",0.00389999989
4667.6635,213,1,"Update",15.4366999
4667.6653,213,1,"Fixed Update",0.00150000001
4667.6672,213,1,"Spline Update",9.99999975e-05
4667.6691,213,1,"Compose",0.385899991
4667.6709,213,1,"Update Buffers (CPU)",0.0520000011
4684.1601,214,1,"SetVSync",16.3694
4684.3098,214,1,"RenderPath3D Update",0.1358
4684.3142,214,1,"Application Update",16.5354
4684.5885,214,1,"Application Render",0.2719
4684.9951,214,1,"Application Compose",0.386
4685.5332,214,1,"SubmitCommandLists",0.5292
4685.5521,214,1,"Shadowmap packing",0.000199999995
4685.555,214,1,"Render",0.271699995
4685.5571,214,1,"Procedural Animations",0.000899999985
4685.5593,214,1,"Script Components",9.99999975e-05
4685.5619,214,1,"CPU Frame",17.3715992
4685.5637,214,1,"Input",0.101599999
4685.5658,214,1,"GUI Update",0.0220999997
4685.5678,214,1,"Frustum Culling",0.0427000001
4685.5697,214,1,"Animations",9.99999975e-05
4685.5715,214,1,"Spring Dependencies",0.000199999995
4685.5735,214,1,"GUI Render",0.0485000014
4685.5753,214,1,"Physics",0.0037
4685.5771,214,1,"Update",16.5352001
4685.5788,214,1,"Fixed Update",0.0013
4685.5807,214,1,"Spline Update",0.000199999995
4685.5826,214,1,"Compose",0.385699987
4685.5844,214,1,"Update Buffers (CPU)",0.0441999994
4700.6691,215,1,"SetVSync",14.9177
4700.7941,215,1,"RenderPath3D Update",0.1117
4700.7998,215,1,"Application Update",15.0603
4701.0598,215,1,"Application Render",0.2574
4701.4664,215,1,"Application Compose",0.3878
4702.0589,215,1,"SubmitCommandLists",0.5832
4702.079,215,1,"Shadowmap packing",0.000199999995
4702.082,215,1,"Render",0.256999999
4702.0838,215,1,"Procedural Animations",0.000500000024
4702.0859,215,1,"Script Components",9.99999975e-05
4702.0885,215,1,"CPU Frame",15.9288998
4702.0906,215,1,"Input",0.148800001
4702.0927,215,1,"GUI Update",0.0204000007
4702.0947,215,1,"Frustum Culling",0.0524999984
4702.0966,215,1,"Animations",9.99999975e-05
4702.0983,215,1,"Spring Dependencies",9.99999975e-05
4702.1003,215,1,"GUI Render",0.0348000005
4702.102,215,1,"Physics",0.00389999989
4702.1038,215,1,"Update",15.0600996
4702.1056,215,1,"Fixed Update",0.00150000001
4702.1075,215,1,"Spline Update",9.99999975e-05
4702.1093,215,1,"Compose",0.387499988
4702.1111,215,1,"Update Buffers (CPU)",0.0427000001
4714.7806,216,1,"SetVSync",12.5507
4714.9499,216,1,"RenderPath3D Update",0.1549
4714.9554,216,1,"Application Update",12.7368
4715.2322,216,1,"Application Render",0.2742
4715.6604,216,1,"Application Compose",0.4071
4716.3067,216,1,"SubmitCommandLists",0.6377
4716.3247,216,1,"Shadowmap packing",0.000199999995
4716.3278,216,1,"Render",0.274100006
4716.3298,216,1,"Procedural Animations",0.00079999998
4716.332,216,1,"Script Components",9.99999975e-05
4716.3348,216,1,"CPU Frame",13.5972996
4716.3367,216,1,"Input",0.100900002
4716.3389,216,1,"GUI Update",0.0209999997
4716.3721,216,1,"Frustum Culling",0.0412999988
4716.3741,216,1,"Animations",0.000199999995
4716.3758,216,1,"Spring Dependencies",0.000199999995
4716.3779,216,1,"GUI Render",0.0483000018
4716.3797,216,1,"Physics",0.00480000023
4716.3815,216,1,"Update",12.7365999
4716.3832,216,1,"Fixed Update",0.00150000001
4716.3851,216,1,"Spline Update",9.99999975e-05
4716.3938,216,1,"Compose",0.406800002
4716.3956,216,1,"Update Buffers (CPU)",0.0416000001
4727.1528,217,1,"SetVSync",10.6346
4727.2689,217,1,"RenderPath3D Update",0.1045
4727.2746,217,1,"Application Update",10.767
4727.5099,217,1,"Application Render",0.2318
4727.9111,217,1,"Application Compose",0.3831
4728.441,217,1,"SubmitCommandLists",0.5216
4728.4592,217,1,"Shadowmap packing",0.000199999995
4728.462,217,1,"Render",0.231600001
4728.4639,217,1,"Procedural Animations",0.000500000024
4728.466,217,1,"Script Components",9.99999975e-05
4728.4685,217,1,"CPU Frame",11.5997
4728.4705,217,1,"Input",0.105499998
4728.4727,217,1,"GUI Update",0.0192000009
4728.4746,217,1,"Frustum Culling",0.0406999998
4728.4764,217,1,"Animations",9.99999975e-05
4728.4782,217,1,"Spring Dependencies",9.99999975e-05
4728.4806,217,1,"GUI Render",0.0335000008
4728.4823,217,1,"Physics",0.00380000006
4728.484,217,1,"Update",10.7666998
4728.4859,217,1,"Fixed Update",0.00150000001
4728.4877,217,1,"Spline Update",9.99999975e-05
4728.4895,217,1,"Compose",0.382800013
4728.4913,217,1,"Update Buffers (CPU)",0.0322000012
4741.1732,218,1,"SetVSync",12.5747
4741.3315,218,1,"RenderPath3D Update",0.1446
4741.3359,218,1,"Application Update",12.7475
4741.571,218,1,"Application Render",0.2326
4741.9701,218,1,"Application Compose",0.3821
4742.5054,218,1,"SubmitCommandLists",0.5263
4742.5223,218,1,"Shadowmap packing",9.99999975e-05
4742.5253,218,1,"Render",0.2324
4742.5271,218,1,"Procedural Animations",0.000600000028
4742.5294,218,1,"Script Components",9.99999975e-05
4742.5316,218,1,"CPU Frame",13.5249004
4742.5334,218,1,"Input",0.0912000015
4742.5355,218,1,"GUI Update",0.0198999997
4742.5373,218,1,"Frustum Culling",0.053199999
4742.5393,218,1,"Animations",0
4742.5411,218,1,"Spring Dependencies",9.99999975e-05
4742.5431,218,1,"GUI Render",0.0351999998
4742.5449,218,1,"Physics",0.00389999989
4742.5468,218,1,"Update",12.7472
4742.5487,218,1,"Fixed Update",0.00139999995
4742.5506,218,1,"Spline Update",0.000199999995
4742.5526,218,1,"Compose",0.381799996
4742.5546,218,1,"Update Buffers (CPU)",0.0392999984
4755.4765,219,1,"SetVSync",12.8048
4755.6464,219,1,"RenderPath3D Update",0.1584
4755.6508,219,1,"Application Update",12.9902
4755.8913,219,1,"Application Render",0.238
4756.3038,219,1,"Application Compose",0.3854
4756.8163,219,1,"SubmitCommandLists",0.5031
4756.8335,219,1,"Shadowmap packing",0.000199999995
4756.8364,219,1,"Render",0.2377
4756.8382,219,1,"Procedural Animations",0.00039999999
4756.8403,219,1,"Script Components",0
4756.8426,219,1,"CPU Frame",13.7953997
4756.8446,219,1,"Input",0.0996999964
4756.8467,219,1,"GUI Update",0.0181000009
4756.8485,219,1,"Frustum Culling",0.0430999994
4756.8504,219,1,"Animations",9.99999975e-05
4756.8526,219,1,"Spring Dependencies",9.99999975e-05
4756.8546,219,1,"GUI Render",0.0346000008
4756.8564,219,1,"Physics",0.00380000006
4756.8581,219,1,"Update",12.9898996
4756.8599,219,1,"Fixed Update",0.00159999996
4756.8617,219,1,"Spline Update",0.000199999995
4756.8636,219,1,"Compose",0.384900004
4756.8654,219,1,"Update Buffers (CPU)",0.0438000001
4769.1426,220,1,"SetVSync",12.1583
4769.2988,220,1,"RenderPath3D Update",0.1438
4769.3043,220,1,"Application Update",12.3296
4769.5909,220,1,"Application Render",0.2837
4769.995,220,1,"Application Compose",0.3855
4770.5248,220,1,"SubmitCommandLists",0.5195
4770.5416,220,1,"Shadowmap packing",9.99999975e-05
4770.5448,220,1,"Render",0.283399999
4770.5467,220,1,"Procedural Animations",0.000600000028
4770.5489,220,1,"Script Components",9.99999975e-05
4770.551,220,1,"CPU Frame",13.1750002
4770.5531,220,1,"Input",0.103299998
4770.5551,220,1,"GUI Update",0.0186000001
4770.5571,220,1,"Frustum Culling",0.0511999987
4770.5589,220,1,"Animations",0
4770.5868,220,1,"Spring Dependencies",0.000199999995
4770.589,220,1,"GUI Render",0.0331999995
4770.5908,220,1,"Physics",0.00380000006
4770.5926,220,1,"Update",12.3294001
4770.5944,220,1,"Fixed Update",0.00139999995
4770.5962,220,1,"Spline Update",0.000199999995
4770.598,220,1,"Compose",0.38530001
4770.5999,220,1,"Update Buffers (CPU)",0.0410000011
4783.215,221,1,"SetVSync",12.4644
4783.3793,221,1,"RenderPath3D Update",0.1515
4783.3836,221,1,"Application Update",12.6438
4783.6297,221,1,"Application Render",0.2439
4784.0511,221,1,"Application Compose",0.3913
4784.6211,221,1,"SubmitCommandLists",0.5601
4784.6382,221,1,"Shadowmap packing",0.000199999995
4784.641,221,1,"Render",0.243599996
4784.643,221,1,"Procedural Animations",0.000500000024
4784.6452,221,1,"Script Components",9.99999975e-05
4784.6478,221,1,"CPU Frame",13.5241003
4784.6498,221,1,"Input",0.134599999
4784.6519,221,1,"GUI Update",0.0197999999
4784.654,221,1,"Frustum Culling",0.0406999998
4784.6558,221,1,"Animations",0.000199999995
4784.6576,221,1,"Spring Dependencies",9.99999975e-05
4784.6597,221,1,"GUI Render",0.0337000005
4784.6614,221,1,"Physics",0.00079999998
4784.6632,221,1,"Update",12.6436005
4784.6651,221,1,"Fixed Update",0
4784.667,221,1,"Spline Update",9.99999975e-05
4784.6689,221,1,"Compose",0.390799999
4784.6708,221,1,"Update Buffers (CPU)",0.0414999984
4797.7491,222,1,"SetVSync",12.958
4797.9015,222,1,"RenderPath3D Update",0.1392
4797.9066,222,1,"Application Update",13.1254
4798.148,222,1,"Application Render",0.2391
4798.5503,222,1,"Application Compose",0.3828
4799.0682,222,1,"SubmitCommandLists",0.5103
4799.085,222,1,"Shadowmap packing",9.99999975e-05
4799.0881,222,1,"Render",0.238800004
4799.0901,222,1,"Procedural Animations",0.000600000028
4799.0923,222,1,"Script Components",0
4799.0947,222,1,"CPU Frame",13.9253998
4799.0969,222,1,"Input",0.104099996
4799.099,222,1,"GUI Update",0.0190999992
4799.1021,222,1,"Frustum Culling",0.0408999994
4799.1049,222,1,"Animations",9.99999975e-05
4799.1078,222,1,"Spring Dependencies",9.99999975e-05
4799.1112,222,1,"GUI Render",0.0450999998
4799.1144,222,1,"Physics",0.00389999989
4799.1176,222,1,"Update",13.1253004
4799.1204,222,1,"Fixed Update",0.0013
4799.1236,222,1,"Spline Update",9.99999975e-05
4799.1264,222,1,"Compose",0.382600009
4799.1295,222,1,"Update Buffers (CPU)",0.0449000001
4811.5442,223,1,"SetVSync",12.243
4811.7186,223,1,"RenderPath3D Update",0.1618
4811.7232,223,1,"Application Update",12.4362
4811.9533,223,1,"Application Render",0.2277
4812.3636,223,1,"Application Compose",0.3851
4812.8837,223,1,"SubmitCommandLists",0.5118
4812.9016,223,1,"Shadowmap packing",9.99999975e-05
4812.9048,223,1,"Render",0.227500007
4812.9068,223,1,"Procedural Animations",0.00039999999
4812.9092,223,1,"Script Components",9.99999975e-05
4812.9116,223,1,"CPU Frame",13.2922001
4812.9135,223,1,"Input",0.148599997
4812.9155,223,1,"GUI Update",0.0195000004
4812.9175,223,1,"Frustum Culling",0.0399999991
4812.9193,223,1,"Animations",9.99999975e-05
4812.921,223,1,"Spring Dependencies",9.99999975e-05
4812.9232,223,1,"GUI Render",0.0337999985
4812.9249,223,1,"Physics",0.00359999994
4812.9268,223,1,"Update",12.4359999
4812.9285,223,1,"Fixed Update",0.00170000002
4812.9304,223,1,"Spline Update",0.000199999995
4812.9324,223,1,"Compose",0.384799987
4812.9342,223,1,"Update Buffers (CPU)",0.0408000015
4823.6509,224,1,"SetVSync",10.593
4823.8045,224,1,"RenderPath3D Update",0.1406
4823.8084,224,1,"Application Update",10.7614
4824.0495,224,1,"Application Render",0.2386
4824.4599,224,1,"Application Compose",0.3848
4824.9961,224,1,"SubmitCommandLists",0.5279
4825.0134,224,1,"Shadowmap packing",0.000300000014
4825.0163,224,1,"Render",0.238299996
4825.0182,224,1,"Procedural Animations",0.000600000028
4825.0202,224,1,"Script Components",9.99999975e-05
4825.0229,224,1,"CPU Frame",11.5728998
4825.0252,224,1,"Input",0.106799997
4825.0273,224,1,"GUI Update",0.0193000007
4825.0293,224,1,"Frustum Culling",0.0502999984
4825.0313,224,1,"Animations",9.99999975e-05
4825.0331,224,1,"Spring Dependencies",9.99999975e-05
4825.0351,224,1,"GUI Render",0.0350000001
4825.0646,224,1,"Physics",0.0037
4825.0666,224,1,"Update",10.7612
4825.0686,224,1,"Fixed Update",0.0013
4825.0706,224,1,"Spline Update",0.000199999995
4825.0726,224,1,"Compose",0.384499997
4825.0744,224,1,"Update Buffers (CPU)",0.0384000018
4836.6988,225,1,"SetVSync",11.5027
4836.8522,225,1,"RenderPath3D Update",0.1423
4836.8574,225,1,"Application Update",11.6713
4837.0974,225,1,"Application Render",0.2376
4837.4976,225,1,"Application Compose",0.3821
4838.0894,225,1,"SubmitCommandLists",0.5836
4838.1065,225,1,"Shadowmap packing",0.000199999995
4838.1093,225,1,"Render",0.237399995
4838.1112,225,1,"Procedural Animations",0.000500000024
4838.1135,225,1,"Script Components",0
4838.1157,225,1,"CPU Frame",12.4977999
4838.1176,225,1,"Input",0.105300002
4838.1197,225,1,"GUI Update",0.0188999996
4838.1217,225,1,"Frustum Culling",0.0522000007
4838.1235,225,1,"Animations",9.99999975e-05
4838.1256,225,1,"Spring Dependencies",0
4838.1277,225,1,"GUI Render",0.0335000008
4838.1295,225,1,"Physics",0.00329999998
4838.1314,225,1,"Update",11.6711998
4838.1331,225,1,"Fixed Update",0.00150000001
4838.135,225,1,"Spline Update",9.99999975e-05
4838.1369,225,1,"Compose",0.381900012
4838.1388,225,1,"Update Buffers (CPU)",0.0392000005
4850.0949,226,1,"SetVSync",11.8457
4850.2574,226,1,"RenderPath3D Update",0.1497
4850.2617,226,1,"Application Update",12.0216
4850.4921,226,1,"Application Render",0.2281
4850.8942,226,1,"Application Compose",0.3856
4851.4147,226,1,"SubmitCommandLists",0.5123
4851.4314,226,1,"Shadowmap packing",0.000199999995
4851.4344,226,1,"Render",0.227799997
4851.4364,226,1,"Procedural Animations",0.000500000024
4851.4388,226,1,"Script Components",9.99999975e-05
4851.4416,226,1,"CPU Frame",12.8010998
4851.4436,226,1,"Input",0.0952999964
4851.4457,226,1,"GUI Update",0.0187999997
4851.4476,226,1,"Frustum Culling",0.0399999991
4851.4494,226,1,"Animations",0.000199999995
4851.4518,226,1,"Spring Dependencies",0.000199999995
4851.4552,226,1,"GUI Render",0.0370000005
4851.4582,226,1,"Physics",0.00359999994
4851.4613,226,1,"Update",12.0214996
4851.4644,226,1,"Fixed Update",0.00150000001
4851.4667,226,1,"Spline Update",0.000199999995
4851.4686,226,1,"Compose",0.38530001
4851.4705,226,1,"Update Buffers (CPU)",0.0467999987
4864.1628,227,1,"SetVSync",12.5734
4864.2664,227,1,"RenderPath3D Update",0.0915
4864.2708,227,1,"Application Update",12.6925
4864.5185,227,1,"Application Render",0.2453
4864.9167,227,1,"Application Compose",0.3806
4865.4448,227,1,"SubmitCommandLists",0.5199
4865.4673,227,1,"Shadowmap packing",9.99999975e-05
4865.4713,227,1,"Render",0.245100006
4865.4733,227,1,"Procedural Animations",0.000500000024
4865.4756,227,1,"Script Components",9.99999975e-05
4865.4779,227,1,"CPU Frame",13.4984999
4865.4798,227,1,"Input",0.103
4865.4818,227,1,"GUI Update",0.0190999992
4865.4838,227,1,"Frustum Culling",0.0388000011
4865.4857,227,1,"Animations",0
4865.4874,227,1,"Spring Dependencies",9.99999975e-05
4865.4896,227,1,"GUI Render",0.0337999985
4865.4913,227,1,"Physics",0.000600000028
4865.4932,227,1,"Update",12.6922998
4865.4949,227,1,"Fixed Update",0
4865.4966,227,1,"Spline Update",0.000199999995
4865.4985,227,1,"Compose",0.380299985
4865.5003,227,1,"Update Buffers (CPU)",0.0401000008
4877.0265,228,1,"SetVSync",11.4066
4877.2115,228,1,"RenderPath3D Update",0.1717
4877.2159,228,1,"Application Update",11.6057
4877.467,228,1,"Application Render",0.2485
4877.8686,228,1,"Application Compose",0.3841
4878.4518,228,1,"SubmitCommandLists",0.5749
4878.4704,228,1,"Shadowmap packing",0.000199999995
4878.4737,228,1,"Render",0.248199999
4878.4763,228,1,"Procedural Animations",0.000500000024
4878.4786,228,1,"Script Components",9.99999975e-05
4878.4814,228,1,"CPU Frame",12.4181004
4878.4834,228,1,"Input",0.103600003
4878.4857,228,1,"GUI Update",0.0184000004
4878.4878,228,1,"Frustum Culling",0.0439999998
4878.49,228,1,"Animations",9.99999975e-05
4878.492,228,1,"Spring Dependencies",0.000199999995
4878.4943,228,1,"GUI Render",0.0474000014
4878.4963,228,1,"Physics",0.00340000005
4878.4983,228,1,"Update",11.6055002
4878.5002,228,1,"Fixed Update",0.00139999995
4878.5304,228,1,"Spline Update",0.000600000028
4878.5327,228,1,"Compose",0.383899987
4878.5347,228,1,"Update Buffers (CPU)",0.0362000018
4889.4439,229,1,"SetVSync",10.785
4889.6094,229,1,"RenderPath3D Update",0.1539
4889.6148,229,1,"Application Update",10.9655
4889.8371,229,1,"Application Render",0.2195
4890.2361,229,1,"Application Compose",0.383
4890.7367,229,1,"SubmitCommandLists",0.4925
4890.7533,229,1,"Shadowmap packing",0.000199999995
4890.7562,229,1,"Render",0.219099998
4890.7582,229,1,"Procedural Animations",0.000500000024
4890.7604,229,1,"Script Components",9.99999975e-05
4890.763,229,1,"CPU Frame",11.7791996
4890.7651,229,1,"Input",0.107500002
4890.7672,229,1,"GUI Update",0.0197999999
4890.7691,229,1,"Frustum Culling",0.0507000014
4890.7711,229,1,"Animations",9.99999975e-05
4890.7729,229,1,"Spring Dependencies",9.99999975e-05
4890.7749,229,1,"GUI Render",0.0355000012
4890.7767,229,1,"Physics",0.00289999996
4890.7784,229,1,"Update",10.9652004
4890.7802,229,1,"Fixed Update",0.0013
4890.782,229,1,"Spline Update",0.000199999995
4890.7839,229,1,"Compose",0.382699996
4890.7858,229,1,"Update Buffers (CPU)",0.0368000008
4901.3831,230,1,"SetVSync",10.475
4901.5479,230,1,"RenderPath3D Update",0.1503
4901.5521,230,1,"Application Update",10.6537
4901.7837,230,1,"Application Render",0.2293
4902.1844,230,1,"Application Compose",0.3824
4902.7502,230,1,"SubmitCommandLists",0.5575
4902.767,230,1,"Shadowmap packing",0.000199999995
4902.7701,230,1,"Render",0.229000002
4902.7721,230,1,"Procedural Animations",0.000600000028
4902.7742,230,1,"Script Components",9.99999975e-05
4902.7768,230,1,"CPU Frame",11.4443998
4902.7787,230,1,"Input",0.1065
4902.7807,230,1,"GUI Update",0.0212999992
4902.7827,230,1,"Frustum Culling",0.0408000015
4902.7846,230,1,"Animations",0
4902.7863,230,1,"Spring Dependencies",0.000300000014
4902.7885,230,1,"GUI Render",0.0357000008
4902.7902,230,1,"Physics",0.00380000006
4902.7921,230,1,"Update",10.6534996
4902.7938,230,1,"Fixed Update",0.0013
4902.7956,230,1,"Spline Update",0.000199999995
4902.7974,230,1,"Compose",0.382099986
4902.7992,230,1,"Update Buffers (CPU)",0.0445999987
4913.7729,231,1,"SetVSync",10.8445
4913.8653,231,1,"RenderPath3D Update",0.0797
4913.8698,231,1,"Application Update",10.9528
4914.0554,231,1,"Application Render",0.1823
4914.4584,231,1,"Application Compose",0.3852
4915.0132,231,1,"SubmitCommandLists",0.5463
4915.0305,231,1,"Shadowmap packing",9.99999975e-05
4915.0336,231,1,"Render",0.181999996
4915.0356,231,1,"Procedural Animations",0.000600000028
4915.0379,231,1,"Script Components",0
4915.0401,231,1,"CPU Frame",11.7045002
4915.042,231,1,"Input",0.112899996
4915.0441,231,1,"GUI Update",0.0196000002
4915.0461,231,1,"Frustum Culling",0.00419999985
4915.048,231,1,"Animations",9.99999975e-05
4915.0499,231,1,"Spring Dependencies",0.000199999995
4915.052,231,1,"GUI Render",0.0355999991
4915.0538,231,1,"Physics",0.00079999998
4915.0557,231,1,"Update",10.9526997
4915.0574,231,1,"Fixed Update",9.99999975e-05
4915.0592,231,1,"Spline Update",0.000199999995
4915.061,231,1,"Compose",0.38499999
4915.063,231,1,"Update Buffers (CPU)",0.0445000008
4925.2365,232,1,"SetVSync",10.0498
4925.4071,232,1,"RenderPath3D Update",0.1591
4925.4117,232,1,"Application Update",10.2355
4925.6832,232,1,"Application Render",0.269
4926.099,232,1,"Application Compose",0.3887
4926.6352,232,1,"SubmitCommandLists",0.5271
4926.6516,232,1,"Shadowmap packing",0.000199999995
4926.6545,232,1,"Render",0.268700004
4926.6564,232,1,"Procedural Animations",0.000500000024
4926.6585,232,1,"Script Components",9.99999975e-05
4926.6611,232,1,"CPU Frame",11.0830002
4926.6632,232,1,"Input",0.107100002
4926.6654,232,1,"GUI Update",0.0221999995
4926.6673,232,1,"Frustum Culling",0.0560999997
4926.6692,232,1,"Animations",9.99999975e-05
4926.6711,232,1,"Spring Dependencies",0
4926.6731,232,1,"GUI Render",0.0476000011
4926.675,232,1,"Physics",0.00410000002
4926.6769,232,1,"Update",10.2351999
4926.6787,232,1,"Fixed Update",0.00139999995
4926.6805,232,1,"Spline Update",0.000300000014
4926.6824,232,1,"Compose",0.388200015
4926.6843,232,1,"Update Buffers (CPU)",0.0355999991
4938.0914,233,1,"SetVSync",11.2559
4938.3027,233,1,"RenderPath3D Update",0.1889
4938.308,233,1,"Application Update",11.4824
4938.6281,233,1,"Application Render",0.3177
4939.0517,233,1,"Application Compose",0.3932
4939.7067,233,1,"SubmitCommandLists",0.6448
4939.729,233,1,"Shadowmap packing",0.000199999995
4939.7322,233,1,"Render",0.317299992
4939.7341,233,1,"Procedural Animations",0.000500000024
4939.7365,233,1,"Script Components",9.99999975e-05
4939.7392,233,1,"CPU Frame",12.4139004
4939.7412,233,1,"Input",0.105899997
4939.7433,233,1,"GUI Update",0.0280000009
4939.7456,233,1,"Frustum Culling",0.0405000001
4939.7475,233,1,"Animations",9.99999975e-05
4939.7494,233,1,"Spring Dependencies",0.000199999995
4939.7515,233,1,"GUI Render",0.0386999995
4939.7532,233,1,"Physics",0.00359999994
4939.7551,233,1,"Update",11.4820995
4939.7569,233,1,"Fixed Update",0.00139999995
4939.7587,233,1,"Spline Update",0.000300000014
4939.7605,233,1,"Compose",0.392800003
4939.7624,233,1,"Update Buffers (CPU)",0.067900002
4949.9109,234,1,"SetVSync",10.0097
4950.0865,234,1,"RenderPath3D Update",0.1619
4950.0908,234,1,"Application Update",10.2027
4950.3343,234,1,"Application Render",0.2411
4950.7369,234,1,"Application Compose",0.3865
4951.3201,234,1,"SubmitCommandLists",0.5742
4951.3378,234,1,"Shadowmap packing",0.000300000014
4951.3407,234,1,"Render",0.240899995
4951.3426,234,1,"Procedural Animations",0.000899999985
4951.3447,234,1,"Script Components",0
4951.3472,234,1,"CPU Frame",11.0244999
4951.3492,234,1,"Input",0.117799997
4951.3512,234,1,"GUI Update",0.0236000009
4951.3533,234,1,"Frustum Culling",0.0406999998
4951.3555,234,1,"Animations",9.99999975e-05
4951.3577,234,1,"Spring Dependencies",0.000199999995
4951.3599,234,1,"GUI Render",0.0368999988
4951.3616,234,1,"Physics",0.0046000001
4951.3634,234,1,"Update",10.2025003
4951.3652,234,1,"Fixed Update",0.00179999997
4951.3671,234,1,"Spline Update",0.000199999995
4951.369,234,1,"Compose",0.386299998
4951.3713,234,1,"Update Buffers (CPU)",0.052099999
4962.5201,235,1,"SetVSync",11.0233
4962.6779,235,1,"RenderPath3D Update",0.1465
4962.6818,235,1,"Application Update",11.1968
4962.9351,235,1,"Application Render",0.2508
4963.3384,235,1,"Application Compose",0.3841
4963.8867,235,1,"SubmitCommandLists",0.5402
4963.9031,235,1,"Shadowmap packing",9.99999975e-05
4963.9063,235,1,"Render",0.25060001
4963.9083,235,1,"Procedural Animations",0.000600000028
4963.9105,235,1,"Script Components",9.99999975e-05
4963.9128,235,1,"CPU Frame",12.0138998
4963.9147,235,1,"Input",0.108599998
4963.9167,235,1,"GUI Update",0.0205000006
4963.9186,235,1,"Frustum Culling",0.0522000007
4963.9204,235,1,"Animations",9.99999975e-05
4963.9222,235,1,"Spring Dependencies",9.99999975e-05
4963.9241,235,1,"GUI Render",0.0419000015
4963.9258,235,1,"Physics",0.000699999975
4963.9276,235,1,"Update",11.1966
4963.9294,235,1,"Fixed Update",9.99999975e-05
4963.9311,235,1,"Spline Update",9.99999975e-05
4963.9329,235,1,"Compose",0.383899987
4963.9347,235,1,"Update Buffers (CPU)",0.0414999984
4976.8696,236,1,"SetVSync",12.8128
4977.1593,236,1,"RenderPath3D Update",0.2664
4977.1659,236,1,"Application Update",13.118
4977.8585,236,1,"Application Render",0.6894
4978.4268,236,1,"Application Compose",0.5199
4979.4263,236,1,"SubmitCommandLists",0.9819
4979.4616,236,1,"Shadowmap packing",0.000600000028
4979.466,236,1,"Render",0.689100027
4979.468,236,1,"Procedural Animations",0.00230000005
4979.4713,236,1,"Script Components",0.00150000001
4979.4747,236,1,"CPU Frame",14.5396004
4979.4771,236,1,"Input",0.106899999
4979.4791,236,1,"GUI Update",0.0370000005
4979.481,236,1,"Frustum Culling",0.0775000006
4979.4839,236,1,"Animations",9.99999975e-05
4979.4871,236,1,"Spring Dependencies",9.99999975e-05
4979.4902,236,1,"GUI Render",0.0966000035
4979.4929,236,1,"Physics",0.0115999999
4979.4949,236,1,"Update",13.1176996
4979.4968,236,1,"Fixed Update",0.00139999995
4979.4997,236,1,"Spline Update",0.000199999995
4979.5017,236,1,"Compose",0.519400001
4979.5037,236,1,"Update Buffers (CPU)",0.106399998
4989.6479,237,1,"SetVSync",9.8969
4989.8558,237,1,"RenderPath3D Update",0.1648
4989.8599,237,1,"Application Update",10.1359
4990.1599,237,1,"Application Render",0.2977
4990.5828,237,1,"Application Compose",0.4057
4991.1821,237,1,"SubmitCommandLists",0.5905
4991.2005,237,1,"Shadowmap packing",0.00139999995
4991.2034,237,1,"Render",0.297399998
4991.2054,237,1,"Procedural Animations",0.000699999975
4991.2076,237,1,"Script Components",9.99999975e-05
4991.2106,237,1,"CPU Frame",11.1483002
4991.2127,237,1,"Input",0.204799995
4991.2148,237,1,"GUI Update",0.0217000004
4991.2167,237,1,"Frustum Culling",0.0461999997
4991.2186,237,1,"Animations",9.99999975e-05
4991.2204,237,1,"Spring Dependencies",0.000199999995
4991.2228,237,1,"GUI Render",0.0353999995
4991.2246,237,1,"Physics",0.00410000002
4991.2263,237,1,"Update",10.1357002
4991.2282,237,1,"Fixed Update",0.00430000015
4991.23,237,1,"Spline Update",0.000199999995
4991.2319,237,1,"Compose",0.405400008
4991.2342,237,1,"Update Buffers (CPU)",0.0705000013
5000.9369,238,1,"SetVSync",9.555
5001.0932,238,1,"RenderPath3D Update",0.1444
5001.0976,238,1,"Application Update",9.7266
5001.3653,238,1,"Application Render",0.2653
5001.7728,238,1,"Application Compose",0.3888
5002.3381,238,1,"SubmitCommandLists",0.5565
5002.3552,238,1,"Shadowmap packing",0.000300000014
5002.3583,238,1,"Render",0.264800012
5002.3603,238,1,"Procedural Animations",0.000500000024
5002.3625,238,1,"Script Components",9.99999975e-05
5002.3653,238,1,"CPU Frame",10.5867996
5002.3676,238,1,"Input",0.1303
5002.3698,238,1,"GUI Update",0.0198999997
5002.3719,238,1,"Frustum Culling",0.0397000015
5002.374,238,1,"Animations",9.99999975e-05
5002.376,238,1,"Spring Dependencies",9.99999975e-05
5002.3782,238,1,"GUI Render",0.0344000012
5002.3802,238,1,"Physics",0.00400000019
5002.3823,238,1,"Update",9.72640038
5002.3843,238,1,"Fixed Update",0.00170000002
5002.3863,238,1,"Spline Update",9.99999975e-05
5002.3884,238,1,"Compose",0.388599992
5002.3904,238,1,"Update Buffers (CPU)",0.0419000015
5014.0601,239,1,"SetVSync",11.5477
5014.1963,239,1,"RenderPath3D Update",0.1231
5014.2006,239,1,"Application Update",11.6991
5014.4469,239,1,"Application Render",0.2438
5014.8509,239,1,"Application Compose",0.3849
5015.4009,239,1,"SubmitCommandLists",0.5416
5015.4187,239,1,"Shadowmap packing",0.000199999995
5015.4217,239,1,"Render",0.243200004
5015.4237,239,1,"Procedural Animations",0.000500000024
5015.4259,239,1,"Script Components",0.000199999995
5015.4281,239,1,"CPU Frame",12.5089998
5015.43,239,1,"Input",0.1061
5015.4321,239,1,"GUI Update",0.0203000009
5015.4341,239,1,"Frustum Culling",0.0452000014
5015.4361,239,1,"Animations",9.99999975e-05
5015.4383,239,1,"Spring Dependencies",0.000199999995
5015.4405,239,1,"GUI Render",0.0366000012
5015.4422,239,1,"Physics",0.00100000005
5015.4441,239,1,"Update",11.6990004
5015.4459,239,1,"Fixed Update",0
5015.4479,239,1,"Spline Update",9.99999975e-05
5015.451,239,1,"Compose",0.384600013
5015.4542,239,1,"Update Buffers (CPU)",0.0432999991
5027.0657,240,1,"SetVSync",11.4853
5027.1718,240,1,"RenderPath3D Update",0.0925
5027.1764,240,1,"Application Update",11.6064
5027.4246,240,1,"Application Render",0.2447
5027.8331,240,1,"Application Compose",0.3903
5028.454,240,1,"SubmitCommandLists",0.6119
5028.476,240,1,"Shadowmap packing",0.000300000014
5028.4793,240,1,"Render",0.244299993
5028.4814,240,1,"Procedural Animations",0.000600000028
5028.4835,240,1,"Script Components",9.99999975e-05
5028.4862,240,1,"CPU Frame",12.4285002
5028.4882,240,1,"Input",0.107799999
5028.4904,240,1,"GUI Update",0.0220999997
5028.4924,240,1,"Frustum Culling",0.0496000014
5028.4944,240,1,"Animations",9.99999975e-05
5028.4962,240,1,"Spring Dependencies",0.000199999995
5028.4984,240,1,"GUI Render",0.0368999988
5028.5003,240,1,"Physics",0.00350000011
5028.5024,240,1,"Update",11.6063004
5028.5042,240,1,"Fixed Update",0.00139999995
5028.5062,240,1,"Spline Update",0.000199999995
5028.5082,240,1,"Compose",0.389999986
5028.5102,240,1,"Update Buffers (CPU)",0.0469000004
5038.3359,241,1,"SetVSync",9.6996
5038.4775,241,1,"RenderPath3D Update",0.129
5038.4818,241,1,"Application Update",9.8568
5038.7676,241,1,"Application Render",0.2524
5039.1729,241,1,"Application Compose",0.3847
5039.7393,241,1,"SubmitCommandLists",0.5584
5039.7573,241,1,"Shadowmap packing",0.000199999995
5039.7602,241,1,"Render",0.252099991
5039.7621,241,1,"Procedural Animations",0.000500000024
5039.7641,241,1,"Script Components",9.99999975e-05
5039.7667,241,1,"CPU Frame",10.7133999
5039.7687,241,1,"Input",0.1083
5039.7708,241,1,"GUI Update",0.0197999999
5039.7728,241,1,"Frustum Culling",0.0370000005
5039.7746,241,1,"Animations",9.99999975e-05
5039.7764,241,1,"Spring Dependencies",0.000300000014
5039.7785,241,1,"GUI Render",0.0357999988
5039.7802,241,1,"Physics",0.00380000006
5039.7821,241,1,"Update",9.85659981
5039.7839,241,1,"Fixed Update",0.0013
5039.7857,241,1,"Spline Update",0.000199999995
5039.7876,241,1,"Compose",0.384499997
5039.7894,241,1,"Update Buffers (CPU)",0.0516999997
5050.9476,242,1,"SetVSync",11.0373
5051.1073,242,1,"RenderPath3D Update",0.1479
5051.1122,242,1,"Application Update",11.2126
5051.3524,242,1,"Application Render",0.2379
5051.7542,242,1,"Application Compose",0.3834
5052.3278,242,1,"SubmitCommandLists",0.5658
5052.3462,242,1,"Shadowmap packing",9.99999975e-05
5052.3496,242,1,"Render",0.237599999
5052.3515,242,1,"Procedural Animations",0.000500000024
5052.3537,242,1,"Script Components",0
5052.356,242,1,"CPU Frame",12.0108995
5052.3582,242,1,"Input",0.104000002
5052.3602,242,1,"GUI Update",0.0186999999
5052.3622,242,1,"Frustum Culling",0.0408999994
5052.3641,242,1,"Animations",9.99999975e-05
5052.366,242,1,"Spring Dependencies",0.000199999995
5052.3681,242,1,"GUI Render",0.0340000018
5052.3699,242,1,"Physics",0.00380000006
5052.3717,242,1,"Update",11.2124996
5052.3735,242,1,"Fixed Update",0.0013
5052.3754,242,1,"Spline Update",0.000199999995
5052.3772,242,1,"Compose",0.383100003
5052.379,242,1,"Update Buffers (CPU)",0.0480999984
5062.5422,243,1,"SetVSync",10.0483
5062.6178,243,1,"RenderPath3D Update",0.0653
5062.6224,243,1,"Application Update",10.1388
5062.8755,243,1,"Application Render",0.2493
5063.3021,243,1,"Application Compose",0.3992
5063.834,243,1,"SubmitCommandLists",0.5229
5063.8511,243,1,"Shadowmap packing",0.000199999995
5063.8542,243,1,"Render",0.248999998
5063.856,243,1,"Procedural Animations",0.000500000024
5063.8581,243,1,"Script Components",0
5063.8604,243,1,"CPU Frame",10.9715996
5063.8624,243,1,"Input",0.0997999981
5063.8645,243,1,"GUI Update",0.0174000002
5063.8663,243,1,"Frustum Culling",0.0507000014
5063.8682,243,1,"Animations",9.99999975e-05
5063.8705,243,1,"Spring Dependencies",9.99999975e-05
5063.8726,243,1,"GUI Render",0.0329999998
5063.8744,243,1,"Physics",0.00039999999
5063.8762,243,1,"Update",10.1385002
5063.878,243,1,"Fixed Update",9.99999975e-05
5063.8799,243,1,"Spline Update",9.99999975e-05
5063.8816,243,1,"Compose",0.398900002
5063.8835,243,1,"Update Buffers (CPU)",0.0425000004
5074.7405,244,1,"SetVSync",10.7348
5074.8999,244,1,"RenderPath3D Update",0.1471
5074.9041,244,1,"Application Update",10.9089
5075.1576,244,1,"Application Render",0.251
5075.5575,244,1,"Application Compose",0.3817
5076.0913,244,1,"SubmitCommandLists",0.5253
5076.1085,244,1,"Shadowmap packing",0.000199999995
5076.1113,244,1,"Render",0.250800014
5076.1131,244,1,"Procedural Animations",0.000699999975
5076.1154,244,1,"Script Components",9.99999975e-05
5076.1181,244,1,"CPU Frame",11.7194996
5076.12,244,1,"Input",0.105899997
5076.1222,244,1,"GUI Update",0.0197000001
5076.1241,244,1,"Frustum Culling",0.0472999997
5076.126,244,1,"Animations",9.99999975e-05
5076.1279,244,1,"Spring Dependencies",0.000199999995
5076.13,244,1,"GUI Render",0.0344000012
5076.1318,244,1,"Physics",0.00430000015
5076.1336,244,1,"Update",10.9085999
5076.1354,244,1,"Fixed Update",0.00139999995
5076.1372,244,1,"Spline Update",9.99999975e-05
5076.1391,244,1,"Compose",0.381500006
5076.1409,244,1,"Update Buffers (CPU)",0.0485999994
5085.8372,245,1,"SetVSync",9.5784
5085.9857,245,1,"RenderPath3D Update",0.1358
5085.9895,245,1,"Application Update",9.7402
5086.2416,245,1,"Application Render",0.2498
5086.6405,245,1,"Application Compose",0.3818
5087.212,245,1,"SubmitCommandLists",0.5333
5087.2292,245,1,"Shadowmap packing",9.99999975e-05
5087.2324,245,1,"Render",0.249500006
5087.2343,245,1,"Procedural Animations",0.000500000024
5087.2366,245,1,"Script Components",9.99999975e-05
5087.2389,245,1,"CPU Frame",10.5748997
5087.2409,245,1,"Input",0.101899996
5087.2429,245,1,"GUI Update",0.0193000007
5087.2449,245,1,"Frustum Culling",0.0538999997
5087.2468,245,1,"Animations",9.99999975e-05
5087.2485,245,1,"Spring Dependencies",0.000199999995
5087.2506,245,1,"GUI Render",0.0456000008
5087.2524,245,1,"Physics",0.00329999998
5087.2542,245,1,"Update",9.74009991
5087.2561,245,1,"Fixed Update",0.00150000001
5087.258,245,1,"Spline Update",0.000199999995
5087.2599,245,1,"Compose",0.381599993
5087.2617,245,1,"Update Buffers (CPU)",0.0355000012
5097.8982,246,1,"SetVSync",10.5219
5098.0556,246,1,"RenderPath3D Update",0.1465
5098.0594,246,1,"Application Update",10.6931
5098.2644,246,1,"Application Render",0.2025
5098.6599,246,1,"Application Compose",0.3797
5099.1379,246,1,"SubmitCommandLists",0.4701
5099.154,246,1,"Shadowmap packing",0.000199999995
5099.1569,246,1,"Render",0.202199996
5099.1588,246,1,"Procedural Animations",0.000500000024
5099.1609,246,1,"Script Components",9.99999975e-05
5099.1635,246,1,"CPU Frame",11.4441996
5099.1655,246,1,"Input",0.100000001
5099.1676,246,1,"GUI Update",0.0179999992
5099.1695,246,1,"Frustum Culling",0.0406000018
5099.1714,246,1,"Animations",9.99999975e-05
5099.1732,246,1,"Spring Dependencies",0.000199999995
5099.1753,246,1,"GUI Render",0.0337000005
5099.177,246,1,"Physics",0.000600000028
5099.1788,246,1,"Update",10.6928997
5099.1806,246,1,"Fixed Update",0
5099.1824,246,1,"Spline Update",0.000199999995
5099.1843,246,1,"Compose",0.379400015
5099.1862,246,1,"Update Buffers (CPU)",0.0377999991
5110.0379,247,1,"SetVSync",10.7403
5110.3815,247,1,"RenderPath3D Update",0.2868
5110.3877,247,1,"Application Update",11.0997
5111.0808,247,1,"Application Render",0.6899
5111.5912,247,1,"Application Compose",0.4638
5112.5691,247,1,"SubmitCommandLists",0.9578
5112.5891,247,1,"Shadowmap packing",0.000600000028
5112.5924,247,1,"Render",0.68900001
5112.5943,247,1,"Procedural Animations",0.00240000011
5112.5968,247,1,"Script Components",0.000300000014
5112.5991,247,1,"CPU Frame",12.4499998
5112.601,247,1,"Input",0.0957000032
5112.6033,247,1,"GUI Update",0.0524999984
5112.6052,247,1,"Frustum Culling",0.063699998
5112.6073,247,1,"Animations",9.99999975e-05
5112.6096,247,1,"Spring Dependencies",0.000500000024
5112.6118,247,1,"GUI Render",0.0778999999
5112.6136,247,1,"Physics",0.0131999999
5112.6153,247,1,"Update",11.0994997
5112.6171,247,1,"Fixed Update",0.00139999995
5112.6189,247,1,"Spline Update",0.00079999998
5112.6208,247,1,"Compose",0.463499993
5112.6228,247,1,"Update Buffers (CPU)",0.178900003
5122.4297,248,1,"SetVSync",9.669
5122.6032,248,1,"RenderPath3D Update",0.156
5122.6078,248,1,"Application Update",9.8606
5122.8855,248,1,"Application Render",0.2752
5123.2925,248,1,"Application Compose",0.3867
5123.9319,248,1,"SubmitCommandLists",0.6301
5123.951,248,1,"Shadowmap packing",0.00039999999
5123.9542,248,1,"Render",0.275000006
5123.9562,248,1,"Procedural Animations",0.00109999999
5123.9583,248,1,"Script Components",0.000199999995
5123.9607,248,1,"CPU Frame",10.7175999
5123.9627,248,1,"Input",0.117299996
5123.965,248,1,"GUI Update",0.0243999995
5123.9672,248,1,"Frustum Culling",0.0496999994
5123.9691,248,1,"Animations",9.99999975e-05
5123.9714,248,1,"Spring Dependencies",0.000199999995
5123.9735,248,1,"GUI Render",0.0412999988
5123.9754,248,1,"Physics",0.00520000001
5123.9773,248,1,"Update",9.86030006
5123.9792,248,1,"Fixed Update",0.00179999997
5123.981,248,1,"Spline Update",0.000199999995
5123.9828,248,1,"Compose",0.386500001
5123.9847,248,1,"Update Buffers (CPU)",0.0584999993
5133.8715,249,1,"SetVSync",9.6879
5134.0438,249,1,"RenderPath3D Update",0.1578
5134.0483,249,1,"Application Update",9.8797
5134.3502,249,1,"Application Render",0.2997
5134.7764,249,1,"Application Compose",0.3949
5135.3955,249,1,"SubmitCommandLists",0.6079
5135.414,249,1,"Shadowmap packing",0.000199999995
5135.4488,249,1,"Render",0.299400002
5135.4509,249,1,"Procedural Animations",0.00079999998
5135.4531,249,1,"Script Components",9.99999975e-05
5135.4557,249,1,"CPU Frame",10.8411999
5135.4577,249,1,"Input",0.176599994
5135.46,249,1,"GUI Update",0.023
5135.4621,249,1,"Frustum Culling",0.053199999
5135.464,249,1,"Animations",9.99999975e-05
5135.4658,249,1,"Spring Dependencies",0.000199999995
5135.4679,249,1,"GUI Render",0.0383000001
5135.4696,249,1,"Physics",0.00510000018
5135.4715,249,1,"Update",9.87950039
5135.4734,249,1,"Fixed Update",0.00200000009
5135.4752,249,1,"Spline Update",0.000500000024
5135.4771,249,1,"Compose",0.394400001
5135.4791,249,1,"Update Buffers (CPU)",0.0505000018
5147.2071,250,1,"SetVSync",11.6001
5147.3252,250,1,"RenderPath3D Update",0.1003
5147.3305,250,1,"Application Update",11.7366
5147.625,250,1,"Application Render",0.2908
5148.0577,250,1,"Application Compose",0.398
5149.0571,250,1,"SubmitCommandLists",0.9846
5149.1164,250,1,"Shadowmap packing",0.00039999999
5149.1203,250,1,"Render",0.290499985
5149.1232,250,1,"Procedural Animations",0.00150000001
5149.1268,250,1,"Script Components",0.000199999995
5149.1299,250,1,"CPU Frame",12.6602001
5149.1318,250,1,"Input",0.109800003
5149.1349,250,1,"GUI Update",0.0249000005
5149.1369,250,1,"Frustum Culling",0.0476999991
5149.1387,250,1,"Animations",9.99999975e-05
5149.1416,250,1,"Spring Dependencies",0.000199999995
5149.1438,250,1,"GUI Render",0.0401999988
5149.1455,250,1,"Physics",0.00109999999
5149.1472,250,1,"Update",11.7364998
5149.149,250,1,"Fixed Update",9.99999975e-05
5149.1509,250,1,"Spline Update",0.000199999995
5149.1527,250,1,"Compose",0.397500008
5149.1546,250,1,"Update Buffers (CPU)",0.068599999
5160.0201,251,1,"SetVSync",10.5439
5160.201,251,1,"RenderPath3D Update",0.1657
5160.2052,251,1,"Application Update",10.7646
5160.4818,251,1,"Application Render",0.2741
5160.8894,251,1,"Application Compose",0.3867
5161.5098,251,1,"SubmitCommandLists",0.6108
5161.5297,251,1,"Shadowmap packing",0.000300000014
5161.5329,251,1,"Render",0.273699999
5161.535,251,1,"Procedural Animations",0.00109999999
5161.5372,251,1,"Script Components",0.000199999995
5161.5394,251,1,"CPU Frame",11.8128004
5161.5413,251,1,"Input",0.268000007
5161.5434,251,1,"GUI Update",0.0252999999
5161.5453,251,1,"Frustum Culling",0.0535000004
5161.5471,251,1,"Animations",9.99999975e-05
5161.5492,251,1,"Spring Dependencies",0.00039999999
5161.5514,251,1,"GUI Render",0.0408000015
5161.5533,251,1,"Physics",0.00700000022
5161.5552,251,1,"Update",10.7643995
5161.557,251,1,"Fixed Update",0.00749999983
5161.5587,251,1,"Spline Update",0.00039999999
5161.5605,251,1,"Compose",0.386500001
5161.5624,251,1,"Update Buffers (CPU)",0.0560999997
5173.375,252,1,"SetVSync",11.6671
5173.5652,252,1,"RenderPath3D Update",0.1722
5173.5694,252,1,"Application Update",11.8734
5173.8511,252,1,"Application Render",0.2791
5174.2775,252,1,"Application Compose",0.4089
5174.9263,252,1,"SubmitCommandLists",0.6378
5174.9503,252,1,"Shadowmap packing",9.99999975e-05
5174.9536,252,1,"Render",0.278600007
5174.9555,252,1,"Procedural Animations",0.00079999998
5174.9664,252,1,"Script Components",9.99999975e-05
5174.9689,252,1,"CPU Frame",12.7636995
5174.9709,252,1,"Input",0.127000004
5174.9736,252,1,"GUI Update",0.0230999999
5174.9756,252,1,"Frustum Culling",0.0452000014
5174.9774,252,1,"Animations",9.99999975e-05
5174.9792,252,1,"Spring Dependencies",9.99999975e-05
5174.9812,252,1,"GUI Render",0.0388999991
5174.9829,252,1,"Physics",0.00540000014
5174.9847,252,1,"Update",11.8732004
5174.9865,252,1,"Fixed Update",0.00150000001
5174.9885,252,1,"Spline Update",0.000300000014
5174.9904,252,1,"Compose",0.408699989
5174.9923,252,1,"Update Buffers (CPU)",0.052099999
5186.491,253,1,"SetVSync",11.354
5186.6092,253,1,"RenderPath3D Update",0.1011
5186.6148,253,1,"Application Update",11.4917
5186.9085,253,1,"Application Render",0.2897
5187.3363,253,1,"Application Compose",0.3951
5187.9577,253,1,"SubmitCommandLists",0.6107
5187.9798,253,1,"Shadowmap packing",0.000199999995
5187.9828,253,1,"Render",0.289299995
5187.9848,253,1,"Procedural Animations",0.00109999999
5188.019,253,1,"Script Components",0.000199999995
5188.0215,253,1,"CPU Frame",12.4048004
5188.0234,253,1,"Input",0.121699996
5188.0258,253,1,"GUI Update",0.0254999995
5188.0277,253,1,"Frustum Culling",0.0414999984
5188.0296,253,1,"Animations",9.99999975e-05
5188.032,253,1,"Spring Dependencies",0.000500000024
5188.0343,253,1,"GUI Render",0.0414000005
5188.036,253,1,"Physics",0.00549999997
5188.0378,253,1,"Update",11.4914999
5188.0396,253,1,"Fixed Update",0.00219999999
5188.0414,253,1,"Spline Update",0.000300000014
5188.0432,253,1,"Compose",0.394699991
5188.045,253,1,"Update Buffers (CPU)",0.075000003
5198.6779,254,1,"SetVSync",10.4902
5198.8008,254,1,"RenderPath3D Update",0.1051
5198.8049,254,1,"Application Update",10.6321
5199.073,254,1,"Application Render",0.2655
5199.4803,254,1,"Application Compose",0.3885
5200.1076,254,1,"SubmitCommandLists",0.6183
5200.1501,254,1,"Shadowmap packing",0.000300000014
5200.1536,254,1,"Render",0.265199989
5200.1556,254,1,"Procedural Animations",0.000899999985
5200.1579,254,1,"Script Components",9.99999975e-05
5200.1606,254,1,"CPU Frame",11.5166998
5200.1626,254,1,"Input",0.122299999
5200.1646,254,1,"GUI Update",0.0253999997
5200.1666,254,1,"Frustum Culling",0.0395000018
5200.1684,254,1,"Animations",9.99999975e-05
5200.1701,254,1,"Spring Dependencies",0.000300000014
5200.1723,254,1,"GUI Render",0.0513999984
5200.174,254,1,"Physics",0.00120000006
5200.1759,254,1,"Update",10.6318998
5200.1778,254,1,"Fixed Update",9.99999975e-05
5200.1796,254,1,"Spline Update",0.000300000014
5200.1814,254,1,"Compose",0.388200015
5200.1833,254,1,"Update Buffers (CPU)",0.059799999
5211.7297,255,1,"SetVSync",11.3979
5211.9398,255,1,"RenderPath3D Update",0.184
5211.9452,255,1,"Application Update",11.6266
5212.2756,255,1,"Application Render",0.3277
5212.6916,255,1,"Application Compose",0.3925
5213.3431,255,1,"SubmitCommandLists",0.6425
5213.3838,255,1,"Shadowmap packing",0.000300000014
5213.3871,255,1,"Render",0.327300012
5213.3891,255,1,"Procedural Animations",0.00170000002
5213.3916,255,1,"Script Components",0.00039999999
5213.394,255,1,"CPU Frame",12.5579004
5213.396,255,1,"Input",0.127200007
5213.3981,255,1,"GUI Update",0.0320999995
5213.4002,255,1,"Frustum Culling",0.0509000011
5213.402,255,1,"Animations",0
5213.404,255,1,"Spring Dependencies",0.000300000014
5213.4061,255,1,"GUI Render",0.0599999987
5213.4079,255,1,"Physics",0.0057000001
5213.4098,255,1,"Update",11.6262999
5213.4117,255,1,"Fixed Update",0.00240000011
5213.4136,255,1,"Spline Update",0.000300000014
5213.4155,255,1,"Compose",0.39230001
5213.4175,255,1,"Update Buffers (CPU)",0.0621000007
5225.1383,256,1,"SetVSync",11.5532
5225.3465,256,1,"RenderPath3D Update",0.1852
5225.3518,256,1,"Application Update",11.7817
5225.6858,256,1,"Application Render",0.3316
5226.1024,256,1,"Application Compose",0.3932
5226.7885,256,1,"SubmitCommandLists",0.6755
5226.8109,256,1,"Shadowmap packing",0.000300000014
5226.8142,256,1,"Render",0.331099987
5226.8163,256,1,"Procedural Animations",0.00120000006
5226.8186,256,1,"Script Components",0.000300000014
5226.8209,256,1,"CPU Frame",12.7344999
5226.8229,256,1,"Input",0.143600002
5226.8251,256,1,"GUI Update",0.0289999992
5226.8272,256,1,"Frustum Culling",0.0555999987
5226.8291,256,1,"Animations",9.99999975e-05
5226.8314,256,1,"Spring Dependencies",0.000199999995
5226.8337,256,1,"GUI Render",0.0476999991
5226.8355,256,1,"Physics",0.00590000022
5226.8372,256,1,"Update",11.7813997
5226.8391,256,1,"Fixed Update",0.00310000009
5226.8409,256,1,"Spline Update",0.000300000014
5226.8428,256,1,"Compose",0.39289999
5226.8447,256,1,"Update Buffers (CPU)",0.0692000017
5238.2844,257,1,"SetVSync",11.2898
5238.4761,257,1,"RenderPath3D Update",0.1753
5238.4823,257,1,"Application Update",11.5025
5238.7518,257,1,"Application Render",0.2666
5239.1618,257,1,"Application Compose",0.3897
5239.7807,257,1,"SubmitCommandLists",0.6086
5239.8014,257,1,"Shadowmap packing",0.00039999999
5239.8044,257,1,"Render",0.266200006
5239.8065,257,1,"Procedural Animations",0.000899999985
5239.8088,257,1,"Script Components",9.99999975e-05
5239.8413,257,1,"CPU Frame",12.3668003
5239.8438,257,1,"Input",0.126900002
5239.8462,257,1,"GUI Update",0.0245999992
5239.8482,257,1,"Frustum Culling",0.0425000004
5239.8502,257,1,"Animations",9.99999975e-05
5239.852,257,1,"Spring Dependencies",0.000199999995
5239.8547,257,1,"GUI Render",0.0386999995
5239.8565,257,1,"Physics",0.00419999985
5239.8583,257,1,"Update",11.5023003
5239.8601,257,1,"Fixed Update",0.00230000005
5239.8618,257,1,"Spline Update",0.00039999999
5239.8636,257,1,"Compose",0.389400005
5239.8655,257,1,"Update Buffers (CPU)",0.0500000007
5249.9904,258,1,"SetVSync",9.9927
5250.1487,258,1,"RenderPath3D Update",0.1464
5250.1537,258,1,"Application Update",10.1689
5250.4259,258,1,"Application Render",0.2699
5250.8305,258,1,"Application Compose",0.3855
5251.3811,258,1,"SubmitCommandLists",0.5423
5251.399,258,1,"Shadowmap packing",0.000199999995
5251.4022,258,1,"Render",0.269600004
5251.4042,258,1,"Procedural Animations",0.000699999975
5251.4063,258,1,"Script Components",9.99999975e-05
5251.4089,258,1,"CPU Frame",11.0447998
5251.4109,258,1,"Input",0.112199999
5251.413,258,1,"GUI Update",0.0195000004
5251.415,258,1,"Frustum Culling",0.0438000001
5251.4168,258,1,"Animations",0
5251.4187,258,1,"Spring Dependencies",9.99999975e-05
5251.4208,258,1,"GUI Render",0.0348999985
5251.4225,258,1,"Physics",0.00289999996
5251.4244,258,1,"Update",10.1686001
5251.4263,258,1,"Fixed Update",0.00179999997
5251.4282,258,1,"Spline Update",9.99999975e-05
5251.43,258,1,"Compose",0.385199994
5251.4319,258,1,"Update Buffers (CPU)",0.0381000005
5262.2998,259,1,"SetVSync",10.7505
5262.4052,259,1,"RenderPath3D Update",0.0934
5262.41,259,1,"Application Update",10.8726
5262.6754,259,1,"Application Render",0.2615
5263.0777,259,1,"Application Compose",0.3836
5263.6264,259,1,"SubmitCommandLists",0.5404
5263.6465,259,1,"Shadowmap packing",0.000199999995
5263.6497,259,1,"Render",0.261200011
5263.6516,259,1,"Procedural Animations",0.00039999999
5263.6538,259,1,"Script Components",9.99999975e-05
5263.6564,259,1,"CPU Frame",11.6927004
5263.6583,259,1,"Input",0.100699998
5263.6604,259,1,"GUI Update",0.0188999996
5263.6624,259,1,"Frustum Culling",0.0538000017
5263.6643,259,1,"Animations",0
5263.6661,259,1,"Spring Dependencies",0.000199999995
5263.6683,259,1,"GUI Render",0.0346999988
5263.67,259,1,"Physics",0.000699999975
5263.6719,259,1,"Update",10.8723001
5263.6737,259,1,"Fixed Update",9.99999975e-05
5263.6756,259,1,"Spline Update",9.99999975e-05
5263.6775,259,1,"Compose",0.383300006
5263.6794,259,1,"Update Buffers (CPU)",0.0386000015
5278.5319,260,1,"SetVSync",14.7318
5278.7149,260,1,"RenderPath3D Update",0.1686
5278.7194,260,1,"Application Update",14.9304
5279.0155,260,1,"Application Render",0.2937
5279.4198,260,1,"Application Compose",0.3875
5280.0035,260,1,"SubmitCommandLists",0.5744
5280.0231,260,1,"Shadowmap packing",0.000300000014
5280.0263,260,1,"Render",0.29339999
5280.0285,260,1,"Procedural Animations",0.000699999975
5280.0309,260,1,"Script Components",9.99999975e-05
5280.0339,260,1,"CPU Frame",15.7888002
5280.036,260,1,"Input",0.103500001
5280.0383,260,1,"GUI Update",0.0216000006
5280.0405,260,1,"Frustum Culling",0.0697999969
5280.0426,260,1,"Animations",0
5280.0445,260,1,"Spring Dependencies",9.99999975e-05
5280.0468,260,1,"GUI Render",0.0551999994
5280.0488,260,1,"Physics",0.0215000007
5280.0507,260,1,"Update",14.9302998
5280.0527,260,1,"Fixed Update",0.0013
5280.0547,260,1,"Spline Update",9.99999975e-05
5280.0568,260,1,"Compose",0.387300014
5280.0588,260,1,"Update Buffers (CPU)",0.0557999983
5289.8076,261,1,"SetVSync",9.6125
5289.968,261,1,"RenderPath3D Update",0.1495
5289.9717,261,1,"Application Update",9.7892
5290.216,261,1,"Application Render",0.2418
5290.6181,261,1,"Application Compose",0.3835
5291.1391,261,1,"SubmitCommandLists",0.5125
5291.1561,261,1,"Shadowmap packing",9.99999975e-05
5291.1592,261,1,"Render",0.241699994
5291.1612,261,1,"Procedural Animations",0.00039999999
5291.1636,261,1,"Script Components",9.99999975e-05
5291.1658,261,1,"CPU Frame",10.6097002
5291.1677,261,1,"Input",0.116800003
5291.1697,261,1,"GUI Update",0.0186999999
5291.2809,261,1,"Frustum Culling",0.0474999994
5291.2832,261,1,"Animations",9.99999975e-05
5291.2851,261,1,"Spring Dependencies",0.000199999995
5291.2873,261,1,"GUI Render",0.0326000005
5291.289,261,1,"Physics",0.00380000006
5291.291,261,1,"Update",9.78909969
5291.2929,261,1,"Fixed Update",0.00179999997
5291.2947,261,1,"Spline Update",9.99999975e-05
5291.2965,261,1,"Compose",0.38319999
5291.2984,261,1,"Update Buffers (CPU)",0.0386000015
5300.9832,262,1,"SetVSync",9.5673
5301.1097,262,1,"RenderPath3D Update",0.1124
5301.1157,262,1,"Application Update",9.7095
5301.4019,262,1,"Application Render",0.2835
5301.822,262,1,"Application Compose",0.3899
5302.3796,262,1,"SubmitCommandLists",0.5487
5302.3978,262,1,"Shadowmap packing",0.000199999995
5302.4008,262,1,"Render",0.283199996
5302.4028,262,1,"Procedural Animations",0.000899999985
5302.4054,262,1,"Script Components",9.99999975e-05
5302.4081,262,1,"CPU Frame",10.6794996
5302.41,262,1,"Input",0.101400003
5302.4122,262,1,"GUI Update",0.0200999994
5302.4141,262,1,"Frustum Culling",0.0419000015
5302.4159,262,1,"Animations",9.99999975e-05
5302.4177,262,1,"Spring Dependencies",9.99999975e-05
5302.4198,262,1,"GUI Render",0.0366999991
5302.4216,262,1,"Physics",0.00449999981
5302.4235,262,1,"Update",9.70899963
5302.4254,262,1,"Fixed Update",0.00139999995
5302.4274,262,1,"Spline Update",9.99999975e-05
5302.4292,262,1,"Compose",0.389600009
5302.4311,262,1,"Update Buffers (CPU)",0.0542000011
5314.0119,263,1,"SetVSync",11.4599
5314.1532,263,1,"RenderPath3D Update",0.1281
5314.1571,263,1,"Application Update",11.6172
5314.4267,263,1,"Application Render",0.2672
5314.8387,263,1,"Application Compose",0.3862
5315.4005,263,1,"SubmitCommandLists",0.5529
5315.418,263,1,"Shadowmap packing",9.99999975e-05
5315.4217,263,1,"Render",0.266900003
5315.4238,263,1,"Procedural Animations",0.000600000028
5315.426,263,1,"Script Components",9.99999975e-05
5315.4283,263,1,"CPU Frame",12.4554005
5315.4303,263,1,"Input",0.104199998
5315.4324,263,1,"GUI Update",0.0192000009
5315.4342,263,1,"Frustum Culling",0.0520000011
5315.436,263,1,"Animations",9.99999975e-05
5315.4378,263,1,"Spring Dependencies",9.99999975e-05
5315.4397,263,1,"GUI Render",0.0454000011
5315.4415,263,1,"Physics",0.00100000005
5315.4433,263,1,"Update",11.6169004
5315.4451,263,1,"Fixed Update",9.99999975e-05
5315.4468,263,1,"Spline Update",0.000199999995
5315.4488,263,1,"Compose",0.385899991
5315.4508,263,1,"Update Buffers (CPU)",0.0465000011
5325.3515,264,1,"SetVSync",9.7759
5325.5128,264,1,"RenderPath3D Update",0.1479
5325.5176,264,1,"Application Update",9.9523
5325.7901,264,1,"Application Render",0.2701
5326.1993,264,1,"Application Compose",0.3837
5326.7568,264,1,"SubmitCommandLists",0.5489
5326.7755,264,1,"Shadowmap packing",0.000199999995
5326.7785,264,1,"Render",0.269800007
5326.7804,264,1,"Procedural Animations",0.00079999998
5326.7826,264,1,"Script Components",9.99999975e-05
5326.7853,264,1,"CPU Frame",10.7953997
5326.7872,264,1,"Input",0.108599998
5326.7891,264,1,"GUI Update",0.0189999994
5326.791,264,1,"Frustum Culling",0.0535000004
5326.7929,264,1,"Animations",9.99999975e-05
5326.7948,264,1,"Spring Dependencies",0.000300000014
5326.7967,264,1,"GUI Render",0.0472999997
5326.7985,264,1,"Physics",0.0037
5326.8003,264,1,"Update",9.9520998
5326.8022,264,1,"Fixed Update",0.00139999995
5326.8041,264,1,"Spline Update",0.000199999995
5326.8059,264,1,"Compose",0.383399993
5326.8077,264,1,"Update Buffers (CPU)",0.0412000008
5337.4886,265,1,"SetVSync",10.5652
5337.6534,265,1,"RenderPath3D Update",0.1534
5337.6584,265,1,"Application Update",10.7452
5337.9217,265,1,"Application Render",0.2611
5338.3281,265,1,"Application Compose",0.3819
5338.8798,265,1,"SubmitCommandLists",0.5434
5338.8972,265,1,"Shadowmap packing",9.99999975e-05
5338.9002,265,1,"Render",0.260800004
5338.9023,265,1,"Procedural Animations",0.000600000028
5338.9047,265,1,"Script Components",9.99999975e-05
5338.9071,265,1,"CPU Frame",11.5672998
5338.9091,265,1,"Input",0.0992999971
5338.9114,265,1,"GUI Update",0.0179999992
5338.9132,265,1,"Frustum Culling",0.0562999994
5338.9423,265,1,"Animations",9.99999975e-05
5338.9446,265,1,"Spring Dependencies",0
5338.9468,265,1,"GUI Render",0.0474000014
5338.9489,265,1,"Physics",0.00310000009
5338.9509,265,1,"Update",10.7451
5338.9527,265,1,"Fixed Update",0.00139999995
5338.9547,265,1,"Spline Update",9.99999975e-05
5338.9568,265,1,"Compose",0.381500006
5338.9587,265,1,"Update Buffers (CPU)",0.0368999988
5348.7508,266,1,"SetVSync",9.6739
5348.9177,266,1,"RenderPath3D Update",0.1499
5348.9222,266,1,"Application Update",9.8556
5349.2191,266,1,"Application Render",0.2944
5349.6267,266,1,"Application Compose",0.3871
5350.2721,266,1,"SubmitCommandLists",0.6359
5350.2921,266,1,"Shadowmap packing",0.000199999995
5350.2953,266,1,"Render",0.294200003
5350.2975,266,1,"Procedural Animations",0.000899999985
5350.2996,266,1,"Script Components",9.99999975e-05
5350.3023,266,1,"CPU Frame",10.7435999
5350.3042,266,1,"Input",0.101599999
5350.3064,266,1,"GUI Update",0.0226000007
5350.3084,266,1,"Frustum Culling",0.0419000015
5350.3102,266,1,"Animations",9.99999975e-05
5350.312,266,1,"Spring Dependencies",0.000199999995
5350.3143,266,1,"GUI Render",0.0397000015
5350.3161,266,1,"Physics",0.0046000001
5350.3179,266,1,"Update",9.85550022
5350.3198,266,1,"Fixed Update",0.0013
5350.3218,266,1,"Spline Update",0.000199999995
5350.3236,266,1,"Compose",0.386799991
5350.3256,266,1,"Update Buffers (CPU)",0.0604000017
5362.4562,267,1,"SetVSync",11.9958
5362.6142,267,1,"RenderPath3D Update",0.1442
5362.6192,267,1,"Application Update",12.1718
5362.9007,267,1,"Application Render",0.2792
5363.3058,267,1,"Application Compose",0.385
5363.9146,267,1,"SubmitCommandLists",0.5993
5363.9339,267,1,"Shadowmap packing",0.000300000014
5363.9372,267,1,"Render",0.278899997
5363.9393,267,1,"Procedural Animations",0.00079999998
5363.9417,267,1,"Script Components",9.99999975e-05
5363.9445,267,1,"CPU Frame",13.0286999
5363.9466,267,1,"Input",0.116700001
5363.9492,267,1,"GUI Update",0.0226000007
5363.9514,267,1,"Frustum Culling",0.0518999994
5363.9535,267,1,"Animations",9.99999975e-05
5363.9555,267,1,"Spring Dependencies",0.000199999995
5363.9579,267,1,"GUI Render",0.0379000008
5363.9599,267,1,"Physics",0.00159999996
5363.9619,267,1,"Update",12.1716003
5363.9639,267,1,"Fixed Update",9.99999975e-05
5363.9658,267,1,"Spline Update",0.000199999995
5363.968,267,1,"Compose",0.384799987
5363.97,267,1,"Update Buffers (CPU)",0.0485999994
5375.3952,268,1,"SetVSync",11.2959
5375.5686,268,1,"RenderPath3D Update",0.1603
5375.5741,268,1,"Application Update",11.4861
5375.8304,268,1,"Application Render",0.2533
5376.2341,268,1,"Application Compose",0.3846
5376.8027,268,1,"SubmitCommandLists",0.5596
5376.8213,268,1,"Shadowmap packing",0.000199999995
5376.8245,268,1,"Render",0.253100008
5376.8266,268,1,"Procedural Animations",0.00109999999
5376.8289,268,1,"Script Components",9.99999975e-05
5376.8321,268,1,"CPU Frame",12.3147001
5376.8342,268,1,"Input",0.111400001
5376.8364,268,1,"GUI Update",0.0211999994
5376.8389,268,1,"Frustum Culling",0.0553000011
5376.841,268,1,"Animations",9.99999975e-05
5376.8431,268,1,"Spring Dependencies",0.000199999995
5376.8454,268,1,"GUI Render",0.0359999985
5376.8473,268,1,"Physics",0.00430000015
5376.8494,268,1,"Update",11.4857998
5376.8514,268,1,"Fixed Update",0.00150000001
5376.8534,268,1,"Spline Update",0.000199999995
5376.8555,268,1,"Compose",0.384299994
5376.8575,268,1,"Update Buffers (CPU)",0.0414000005
5386.4955,269,1,"SetVSync",9.5113
5386.6293,269,1,"RenderPath3D Update",0.1227
5386.6332,269,1,"Application Update",9.6604
5386.8742,269,1,"Application Render",0.2383
5387.2724,269,1,"Application Compose",0.3794
5387.7767,269,1,"SubmitCommandLists",0.4961
5387.7935,269,1,"Shadowmap packing",0.000199999995
5387.7964,269,1,"Render",0.238100007
5387.7983,269,1,"Procedural Animations",0.00039999999
5387.8004,269,1,"Script Components",0
5387.8028,269,1,"CPU Frame",10.4651003
5387.8047,269,1,"Input",0.109200001
5387.8068,269,1,"GUI Update",0.0178999994
5387.8087,269,1,"Frustum Culling",0.0383000001
5387.8105,269,1,"Animations",9.99999975e-05
5387.8126,269,1,"Spring Dependencies",0.000199999995
5387.8428,269,1,"GUI Render",0.0339000002
5387.8448,269,1,"Physics",0.00310000009
5387.8467,269,1,"Update",9.66020012
5387.8486,269,1,"Fixed Update",0.00139999995
5387.8504,269,1,"Spline Update",9.99999975e-05
5387.8523,269,1,"Compose",0.379200011
5387.854,269,1,"Update Buffers (CPU)",0.0425999984
5399.5168,270,1,"SetVSync",11.5485
5399.6083,270,1,"RenderPath3D Update",0.0792
5399.6139,270,1,"Application Update",11.6552
5399.864,270,1,"Application Render",0.2467
5400.2677,270,1,"Application Compose",0.379
5400.8109,270,1,"SubmitCommandLists",0.5354
5400.8271,270,1,"Shadowmap packing",0.000199999995
5400.8297,270,1,"Render",0.2465
5400.8316,270,1,"Procedural Animations",0.00039999999
5400.8336,270,1,"Script Components",0
5400.8359,270,1,"CPU Frame",12.4870996
5400.8378,270,1,"Input",0.100100003
5400.8397,270,1,"GUI Update",0.0186999999
5400.8415,270,1,"Frustum Culling",0.0403999984
5400.8434,270,1,"Animations",9.99999975e-05
5400.8455,270,1,"Spring Dependencies",0.000300000014
5400.848,270,1,"GUI Render",0.0456999987
5400.8498,270,1,"Physics",0.000699999975
5400.8515,270,1,"Update",11.6550999
5400.8533,270,1,"Fixed Update",0
5400.8549,270,1,"Spline Update",0.000300000014
5400.8568,270,1,"Compose",0.378800005
5400.8585,270,1,"Update Buffers (CPU)",0.0370000005
5411.0356,271,1,"SetVSync",10.0687
5411.1918,271,1,"RenderPath3D Update",0.1434
5411.196,271,1,"Application Update",10.2384
5411.4449,271,1,"Application Render",0.2464
5411.8601,271,1,"Application Compose",0.3863
5412.4066,271,1,"SubmitCommandLists",0.5373
5412.4234,271,1,"Shadowmap packing",9.99999975e-05
5412.4266,271,1,"Render",0.246199995
5412.4284,271,1,"Procedural Animations",0.000500000024
5412.4306,271,1,"Script Components",9.99999975e-05
5412.4329,271,1,"CPU Frame",11.0467997
5412.4348,271,1,"Input",0.0932999998
5412.4369,271,1,"GUI Update",0.0188999996
5412.4388,271,1,"Frustum Culling",0.0485000014
5412.4406,271,1,"Animations",9.99999975e-05
5412.4424,271,1,"Spring Dependencies",9.99999975e-05
5412.4443,271,1,"GUI Render",0.0333000012
5412.4461,271,1,"Physics",0.00389999989
5412.4479,271,1,"Update",10.2382002
5412.4497,271,1,"Fixed Update",0.00120000006
5412.4515,271,1,"Spline Update",0.000199999995
5412.4534,271,1,"Compose",0.385800004
5412.4552,271,1,"Update Buffers (CPU)",0.0414999984
5423.582,272,1,"SetVSync",11.0013
5423.7509,272,1,"RenderPath3D Update",0.152
5423.757,272,1,"Application Update",11.1863
5424.0561,272,1,"Application Render",0.2963
5424.465,272,1,"Application Compose",0.3881
5425.0619,272,1,"SubmitCommandLists",0.5874
5425.0807,272,1,"Shadowmap packing",9.99999975e-05
5425.0844,272,1,"Render",0.2958
5425.0863,272,1,"Procedural Animations",0.00100000005
5425.0885,272,1,"Script Components",0.000199999995
5425.0909,272,1,"CPU Frame",12.0550003
5425.093,272,1,"Input",0.109300002
5425.0951,272,1,"GUI Update",0.0237000007
5425.097,272,1,"Frustum Culling",0.0401999988
5425.0988,272,1,"Animations",9.99999975e-05
5425.1006,272,1,"Spring Dependencies",0.000199999995
5425.1027,272,1,"GUI Render",0.0414999984
5425.1044,272,1,"Physics",0.00499999989
5425.1062,272,1,"Update",11.1861
5425.108,272,1,"Fixed Update",0.00159999996
5425.1098,272,1,"Spline Update",0.000199999995
5425.1116,272,1,"Compose",0.387800008
5425.1134,272,1,"Update Buffers (CPU)",0.0627000034
5436.751,273,1,"SetVSync",11.5166
5436.9132,273,1,"RenderPath3D Update",0.151
5436.9189,273,1,"Application Update",11.6962
5437.1776,273,1,"Application Render",0.2563
5437.5814,273,1,"Application Compose",0.3849
5438.1374,273,1,"SubmitCommandLists",0.5477
5438.155,273,1,"Shadowmap packing",9.99999975e-05
5438.1582,273,1,"Render",0.256000012
5438.1601,273,1,"Procedural Animations",0.000699999975
5438.1625,273,1,"Script Components",0
5438.1647,273,1,"CPU Frame",12.5148001
5438.1667,273,1,"Input",0.102600001
5438.1688,273,1,"GUI Update",0.0204000007
5438.1707,273,1,"Frustum Culling",0.0417999998
5438.1725,273,1,"Animations",9.99999975e-05
5438.1743,273,1,"Spring Dependencies",0.000199999995
5438.1763,273,1,"GUI Render",0.0344999991
5438.1781,273,1,"Physics",0.00380000006
5438.1799,273,1,"Update",11.6960001
5438.2119,273,1,"Fixed Update",0.00170000002
5438.2138,273,1,"Spline Update",0.000199999995
5438.2157,273,1,"Compose",0.3847
5438.2177,273,1,"Update Buffers (CPU)",0.0463000014
5448.0076,274,1,"SetVSync",9.671
5448.1591,274,1,"RenderPath3D Update",0.1403
5448.1629,274,1,"Application Update",9.8371
5448.3904,274,1,"Application Render",0.2251
5448.7869,274,1,"Application Compose",0.38
5449.3468,274,1,"SubmitCommandLists",0.5515
5449.3642,274,1,"Shadowmap packing",0.000300000014
5449.3672,274,1,"Render",0.224800006
5449.3692,274,1,"Procedural Animations",0.000600000028
5449.3715,274,1,"Script Components",9.99999975e-05
5449.3746,274,1,"CPU Frame",10.6451998
5449.3767,274,1,"Input",0.101400003
5449.3789,274,1,"GUI Update",0.0188999996
5449.3809,274,1,"Frustum Culling",0.0527999997
5449.383,274,1,"Animations",9.99999975e-05
5449.3851,274,1,"Spring Dependencies",0.000199999995
5449.3874,274,1,"GUI Render",0.0346000008
5449.3893,274,1,"Physics",0.00439999998
5449.3914,274,1,"Update",9.83699989
5449.3934,274,1,"Fixed Update",0.00139999995
5449.3954,274,1,"Spline Update",0.000199999995
5449.3974,274,1,"Compose",0.379700005
5449.3994,274,1,"Update Buffers (CPU)",0.0478000008
5461.0779,275,1,"SetVSync",11.5647
5461.172,275,1,"RenderPath3D Update",0.0827
5461.1777,275,1,"Application Update",11.6744
5461.4178,275,1,"Application Render",0.2376
5461.8164,275,1,"Application Compose",0.3803
5462.3539,275,1,"SubmitCommandLists",0.5293
5462.3709,275,1,"Shadowmap packing",0.000199999995
5462.3739,275,1,"Render",0.237399995
5462.3759,275,1,"Procedural Animations",0.000500000024
5462.378,275,1,"Script Components",9.99999975e-05
5462.3807,275,1,"CPU Frame",12.4658003
5462.3826,275,1,"Input",0.0988000035
5462.3847,275,1,"GUI Update",0.0185000002
5462.3865,275,1,"Frustum Culling",0.0383000001
5462.3883,275,1,"Animations",0.000199999995
5462.3901,275,1,"Spring Dependencies",0.000199999995
5462.3921,275,1,"GUI Render",0.0342000015
5462.3938,275,1,"Physics",0.000600000028
5462.3956,275,1,"Update",11.6743002
5462.3973,275,1,"Fixed Update",9.99999975e-05
5462.3991,275,1,"Spline Update",9.99999975e-05
5462.4009,275,1,"Compose",0.379999995
5462.4027,275,1,"Update Buffers (CPU)",0.0454000011
5472.2665,276,1,"SetVSync",9.7253
5472.4348,276,1,"RenderPath3D Update",0.1566
5472.4398,276,1,"Application Update",9.9079
5472.7244,276,1,"Application Render",0.2822
5473.1242,276,1,"Application Compose",0.3815
5473.6827,276,1,"SubmitCommandLists",0.5502
5473.7148,276,1,"Shadowmap packing",0.000199999995
5473.718,276,1,"Render",0.282000005
5473.72,276,1,"Procedural Animations",0.00100000005
5473.7221,276,1,"Script Components",9.99999975e-05
5473.7248,276,1,"CPU Frame",10.7664003
5473.7267,276,1,"Input",0.122599997
5473.7288,276,1,"GUI Update",0.0200999994
5473.7307,276,1,"Frustum Culling",0.0502000004
5473.7326,276,1,"Animations",9.99999975e-05
5473.7344,276,1,"Spring Dependencies",9.99999975e-05
5473.7364,276,1,"GUI Render",0.0346000008
5473.7381,276,1,"Physics",0.0163000003
5473.7399,276,1,"Update",9.90769958
5473.7419,276,1,"Fixed Update",0.00139999995
5473.7438,276,1,"Spline Update",0.000300000014
5473.7457,276,1,"Compose",0.381300002
5473.7475,276,1,"Update Buffers (CPU)",0.0465999991
5496.3767,277,1,"SetVSync",22.5026
5496.5962,277,1,"RenderPath3D Update",0.1952
5496.6016,277,1,"Application Update",22.7375
5496.9728,277,1,"Application Render",0.3681
5497.3886,277,1,"Application Compose",0.3931
5498.1425,277,1,"SubmitCommandLists",0.7436
5498.165,277,1,"Shadowmap packing",0.000300000014
5498.1684,277,1,"Render",0.367799997
5498.1703,277,1,"Procedural Animations",0.00100000005
5498.1727,277,1,"Script Components",0.000199999995
5498.175,277,1,"CPU Frame",23.6886005
5498.177,277,1,"Input",0.110299997
5498.1793,277,1,"GUI Update",0.0305000003
5498.1813,277,1,"Frustum Culling",0.058699999
5498.1833,277,1,"Animations",9.99999975e-05
5498.1856,277,1,"Spring Dependencies",0.000300000014
5498.188,277,1,"GUI Render",0.0467999987
5498.1901,277,1,"Physics",0.0057000001
5498.1919,277,1,"Update",22.7371998
5498.1937,277,1,"Fixed Update",0.00150000001
5498.1955,277,1,"Spline Update",0.000300000014
5498.2284,277,1,"Compose",0.392699987
5498.2305,277,1,"Update Buffers (CPU)",0.0659999996
5507.8804,278,1,"SetVSync",9.5005
5508.0626,278,1,"RenderPath3D Update",0.1673
5508.0673,278,1,"Application Update",9.7024
5508.3386,278,1,"Application Render",0.2688
5508.7627,278,1,"Application Compose",0.3948
5509.3623,278,1,"SubmitCommandLists",0.5889
5509.3803,278,1,"Shadowmap packing",9.99999975e-05
5509.3836,278,1,"Render",0.2685
5509.3856,278,1,"Procedural Animations",0.00100000005
5509.388,278,1,"Script Components",9.99999975e-05
5509.3904,278,1,"CPU Frame",10.6143999
5509.3924,278,1,"Input",0.126599997
5509.3945,278,1,"GUI Update",0.0248000007
5509.3964,278,1,"Frustum Culling",0.0474000014
5509.3984,278,1,"Animations",9.99999975e-05
5509.4002,278,1,"Spring Dependencies",0.000199999995
5509.4024,278,1,"GUI Render",0.0373999998
5509.4042,278,1,"Physics",0.00549999997
5509.406,278,1,"Update",9.70230007
5509.4079,278,1,"Fixed Update",0.00230000005
5509.4098,278,1,"Spline Update",0.000199999995
5509.4116,278,1,"Compose",0.394400001
5509.4134,278,1,"Update Buffers (CPU)",0.0476000011
5519.2159,279,1,"SetVSync",9.6694
5519.3694,279,1,"RenderPath3D Update",0.1416
5519.3732,279,1,"Application Update",9.8387
5519.6443,279,1,"Application Render",0.2687
5520.054,279,1,"Application Compose",0.3902
5520.6191,279,1,"SubmitCommandLists",0.5569
5520.6374,279,1,"Shadowmap packing",0.000199999995
5520.6403,279,1,"Render",0.2685
5520.6422,279,1,"Procedural Animations",0.00039999999
5520.6444,279,1,"Script Components",9.99999975e-05
5520.647,279,1,"CPU Frame",10.6877003
5520.6489,279,1,"Input",0.114100002
5520.6511,279,1,"GUI Update",0.0184000004
5520.653,279,1,"Frustum Culling",0.0410999991
5520.6549,279,1,"Animations",9.99999975e-05
5520.6568,279,1,"Spring Dependencies",9.99999975e-05
5520.6587,279,1,"GUI Render",0.0339000002
5520.6604,279,1,"Physics",0.00430000015
5520.6622,279,1,"Update",9.83850002
5520.664,279,1,"Fixed Update",0.00200000009
5520.6658,279,1,"Spline Update",0.000199999995
5520.6676,279,1,"Compose",0.389899999
5520.6694,279,1,"Update Buffers (CPU)",0.0375000015
5667.8034,280,1,"SetVSync",147.0134
5667.9452,280,1,"RenderPath3D Update",0.1181
5667.9518,280,1,"Application Update",147.174
5668.2741,280,1,"Application Render",0.3198
5668.6957,280,1,"Application Compose",0.3923
5669.491,280,1,"SubmitCommandLists",0.7855
5669.5119,280,1,"Shadowmap packing",0.000300000014
5669.515,280,1,"Render",0.319400012
5669.5167,280,1,"Procedural Animations",0.00109999999
5669.5191,280,1,"Script Components",0.000199999995
5669.5215,280,1,"CPU Frame",148.072296
5669.5233,280,1,"Input",0.103500001
5669.5252,280,1,"GUI Update",0.0293000005
5669.5275,280,1,"Frustum Culling",0.0162000004
5669.5293,280,1,"Animations",9.99999975e-05
5669.5315,280,1,"Spring Dependencies",0.000300000014
5669.5336,280,1,"GUI Render",0.054299999
5669.5353,280,1,"Physics",0.00120000006
5669.537,280,1,"Update",147.173706
5669.5388,280,1,"Fixed Update",9.99999975e-05
5669.5405,280,1,"Spline Update",0.000300000014
5669.5423,280,1,"Compose",0.391900003
5669.5441,280,1,"Update Buffers (CPU)",0.077200003
5688.1593,281,1,"SetVSync",18.4418
5688.2926,281,1,"RenderPath3D Update",0.1176
5688.2986,281,1,"Application Update",18.596
5688.5849,281,1,"Application Render",0.2823
5689.0152,281,1,"Application Compose",0.3955
5689.6718,281,1,"SubmitCommandLists",0.647
5689.698,281,1,"Shadowmap packing",0.000300000014
5689.7029,281,1,"Render",0.282099992
5689.7063,281,1,"Procedural Animations",0.00079999998
5689.7104,281,1,"Script Components",9.99999975e-05
5689.7148,281,1,"CPU Frame",19.5186996
5689.7185,281,1,"Input",0.150600001
5689.7224,281,1,"GUI Update",0.023
5689.7261,281,1,"Frustum Culling",0.0156999994
5689.7299,281,1,"Animations",9.99999975e-05
5689.7334,281,1,"Spring Dependencies",0.000300000014
5689.7371,281,1,"GUI Render",0.050999999
5689.7406,281,1,"Physics",0.0108000003
5689.744,281,1,"Update",18.5956993
5689.7475,281,1,"Fixed Update",0.00270000007
5689.751,281,1,"Spline Update",0.000199999995
5689.7546,281,1,"Compose",0.395200014
5689.758,281,1,"Update Buffers (CPU)",0.0617000014
5708.7285,282,1,"SetVSync",18.7361
5708.9216,282,1,"RenderPath3D Update",0.1746
5708.9272,282,1,"Application Update",18.9509
5709.2314,282,1,"Application Render",0.3002
5709.6425,282,1,"Application Compose",0.3881
5710.2599,282,1,"SubmitCommandLists",0.6086
5710.2785,282,1,"Shadowmap packing",9.99999975e-05
5710.2818,282,1,"Render",0.299899995
5710.2838,282,1,"Procedural Animations",0.00120000006
5710.2861,282,1,"Script Components",0.000199999995
5710.2885,282,1,"CPU Frame",19.9631996
5710.2903,282,1,"Input",0.171700001
5710.2923,282,1,"GUI Update",0.0243999995
5710.2944,282,1,"Frustum Culling",0.0604999997
5710.2963,282,1,"Animations",9.99999975e-05
5710.2981,282,1,"Spring Dependencies",0.000199999995
5710.3001,282,1,"GUI Render",0.0507000014
5710.3019,282,1,"Physics",0.00419999985
5710.3038,282,1,"Update",18.9505997
5710.3056,282,1,"Fixed Update",0.00249999994
5710.3075,282,1,"Spline Update",9.99999975e-05
5710.3093,282,1,"Compose",0.387699991
5710.3111,282,1,"Update Buffers (CPU)",0.0557999983
5720.6342,283,1,"SetVSync",10.1887
5720.8069,283,1,"RenderPath3D Update",0.1609
5720.8108,283,1,"Application Update",10.3766
5721.0224,283,1,"Application Render",0.2091
5721.43,283,1,"Application Compose",0.3878
5721.9885,283,1,"SubmitCommandLists",0.5488
5722.0062,283,1,"Shadowmap packing",0.000199999995
5722.0091,283,1,"Render",0.209000006
5722.011,283,1,"Procedural Animations",0.00039999999
5722.0134,283,1,"Script Components",9.99999975e-05
5722.0161,283,1,"CPU Frame",11.1657
5722.0181,283,1,"Input",0.115599997
5722.0201,283,1,"GUI Update",0.0188999996
5722.0221,283,1,"Frustum Culling",0.0392999984
5722.024,283,1,"Animations",0.000199999995
5722.0258,283,1,"Spring Dependencies",0.000199999995
5722.0279,283,1,"GUI Render",0.0351000018
5722.0296,283,1,"Physics",0.00430000015
5722.0314,283,1,"Update",10.3765001
5722.0332,283,1,"Fixed Update",0.00200000009
5722.0349,283,1,"Spline Update",0.000199999995
5722.0367,283,1,"Compose",0.387600005
5722.0385,283,1,"Update Buffers (CPU)",0.0465000011
5734.229,284,1,"SetVSync",12.0704
5734.3719,284,1,"RenderPath3D Update",0.1309
5734.3764,284,1,"Application Update",12.2283
5734.634,284,1,"Application Render",0.2551
5735.051,284,1,"Application Compose",0.3888
5735.5962,284,1,"SubmitCommandLists",0.536
5735.6142,284,1,"Shadowmap packing",9.99999975e-05
5735.6173,284,1,"Render",0.254900008
5735.6192,284,1,"Procedural Animations",0.000600000028
5735.6216,284,1,"Script Components",9.99999975e-05
5735.624,284,1,"CPU Frame",13.0593004
5735.626,284,1,"Input",0.103600003
5735.6282,284,1,"GUI Update",0.0183000006
5735.6303,284,1,"Frustum Culling",0.0533000007
5735.6322,284,1,"Animations",9.99999975e-05
5735.6339,284,1,"Spring Dependencies",0.000199999995
5735.636,284,1,"GUI Render",0.0340000018
5735.6378,284,1,"Physics",0.00350000011
5735.6396,284,1,"Update",12.2280998
5735.6413,284,1,"Fixed Update",0.00150000001
5735.6431,284,1,"Spline Update",9.99999975e-05
5735.6449,284,1,"Compose",0.388500005
5735.6467,284,1,"Update Buffers (CPU)",0.0390000008
5746.5963,285,1,"SetVSync",10.8255
5746.7551,285,1,"RenderPath3D Update",0.1447
5746.7593,285,1,"Application Update",11.0011
5747.0388,285,1,"Application Render",0.2767
5747.4431,285,1,"Application Compose",0.3859
5747.9826,285,1,"SubmitCommandLists",0.5307
5748,285,1,"Shadowmap packing",9.99999975e-05
5748.0034,285,1,"Render",0.2764
5748.0054,285,1,"Procedural Animations",0.000699999975
5748.0077,285,1,"Script Components",9.99999975e-05
5748.01,285,1,"CPU Frame",11.8431997
5748.012,285,1,"Input",0.106600001
5748.0141,285,1,"GUI Update",0.0205000006
5748.0162,285,1,"Frustum Culling",0.0441999994
5748.0181,285,1,"Animations",9.99999975e-05
5748.0198,285,1,"Spring Dependencies",9.99999975e-05
5748.0217,285,1,"GUI Render",0.0333000012
5748.0234,285,1,"Physics",0.000699999975
5748.0253,285,1,"Update",11.0010004
5748.027,285,1,"Fixed Update",0
5748.0288,285,1,"Spline Update",9.99999975e-05
5748.0307,285,1,"Compose",0.385699987
5748.0325,285,1,"Update Buffers (CPU)",0.0527000017
5760.455,286,1,"SetVSync",12.3027
5760.6226,286,1,"RenderPath3D Update",0.1572
5760.6553,286,1,"Application Update",12.5135
5760.8719,286,1,"Application Render",0.2142
5761.2717,286,1,"Application Compose",0.3823
5761.8062,286,1,"SubmitCommandLists",0.5263
5761.8234,286,1,"Shadowmap packing",0.000199999995
5761.8265,286,1,"Render",0.213799998
5761.8284,286,1,"Procedural Animations",0.000500000024
5761.8305,286,1,"Script Components",9.99999975e-05
5761.8331,286,1,"CPU Frame",13.2846003
5761.8351,286,1,"Input",0.103299998
5761.8371,286,1,"GUI Update",0.0184000004
5761.839,286,1,"Frustum Culling",0.0417999998
5761.8409,286,1,"Animations",9.99999975e-05
5761.8427,286,1,"Spring Dependencies",0.000199999995
5761.8448,286,1,"GUI Render",0.0353999995
5761.8467,286,1,"Physics",0.00319999992
5761.8485,286,1,"Update",12.5132999
5761.8503,286,1,"Fixed Update",0.00139999995
5761.8522,286,1,"Spline Update",9.99999975e-05
5761.854,286,1,"Compose",0.381999999
5761.8559,286,1,"Update Buffers (CPU)",0.0395000018
5772.5788,287,1,"SetVSync",10.6091
5772.7495,287,1,"RenderPath3D Update",0.157
5772.7537,287,1,"Application Update",10.7938
5773.0883,287,1,"Application Render",0.3321
5773.4927,287,1,"Application Compose",0.3852
5774.055,287,1,"SubmitCommandLists",0.5535
5774.0722,287,1,"Shadowmap packing",0.0110999998
5774.075,287,1,"Render",0.331900001
5774.077,287,1,"Procedural Animations",0.00079999998
5774.0793,287,1,"Script Components",9.99999975e-05
5774.0823,287,1,"CPU Frame",11.6827002
5774.0843,287,1,"Input",0.0979999974
5774.0865,287,1,"GUI Update",0.0203000009
5774.0883,287,1,"Frustum Culling",0.0610000007
5774.0902,287,1,"Animations",9.99999975e-05
5774.092,287,1,"Spring Dependencies",9.99999975e-05
5774.0941,287,1,"GUI Render",0.0549000017
5774.0958,287,1,"Physics",0.00400000019
5774.0976,287,1,"Update",10.7936001
5774.0994,287,1,"Fixed Update",0.00139999995
5774.1013,287,1,"Spline Update",0.000199999995
5774.1032,287,1,"Compose",0.384900004
5774.1051,287,1,"Update Buffers (CPU)",0.0535000004
5785.5521,288,1,"SetVSync",11.3327
5785.7347,288,1,"RenderPath3D Update",0.1709
5785.7391,288,1,"Application Update",11.5304
5785.9814,288,1,"Application Render",0.2397
5786.3929,288,1,"Application Compose",0.3936
5787.012,288,1,"SubmitCommandLists",0.6059
5787.0288,288,1,"Shadowmap packing",0.000300000014
5787.0318,288,1,"Render",0.239500001
5787.0339,288,1,"Procedural Animations",0.000600000028
5787.0363,288,1,"Script Components",0
5787.0391,288,1,"CPU Frame",12.3381004
5787.0412,288,1,"Input",0.0973000005
5787.0435,288,1,"GUI Update",0.0186000001
5787.0454,288,1,"Frustum Culling",0.0546999983
5787.0475,288,1,"Animations",9.99999975e-05
5787.0498,288,1,"Spring Dependencies",9.99999975e-05
5787.0521,288,1,"GUI Render",0.0339000002
5787.0541,288,1,"Physics",0.00329999998
5787.0561,288,1,"Update",11.5300999
5787.058,288,1,"Fixed Update",0.00139999995
5787.0601,288,1,"Spline Update",9.99999975e-05
5787.0621,288,1,"Compose",0.39320001
5787.0642,288,1,"Update Buffers (CPU)",0.0381000005
5797.6595,289,1,"SetVSync",10.4699
5797.7756,289,1,"RenderPath3D Update",0.1056
5797.7795,289,1,"Application Update",10.6013
5798.0311,289,1,"Application Render",0.2489
5798.4377,289,1,"Application Compose",0.3815
5799.0202,289,1,"SubmitCommandLists",0.5737
5799.0381,289,1,"Shadowmap packing",0.000300000014
5799.0411,289,1,"Render",0.248699993
5799.0431,289,1,"Procedural Animations",0.000500000024
5799.0452,289,1,"Script Components",9.99999975e-05
5799.0479,289,1,"CPU Frame",11.4223003
5799.0498,289,1,"Input",0.108900003
5799.0519,289,1,"GUI Update",0.0183000006
5799.0538,289,1,"Frustum Culling",0.0450000018
5799.0556,289,1,"Animations",0
5799.0574,289,1,"Spring Dependencies",0.000199999995
5799.0595,289,1,"GUI Render",0.0344999991
5799.0612,289,1,"Physics",0.00319999992
5799.0631,289,1,"Update",10.6009998
5799.0649,289,1,"Fixed Update",9.99999975e-05
5799.0667,289,1,"Spline Update",0.000199999995
5799.0686,289,1,"Compose",0.381199986
5799.0705,289,1,"Update Buffers (CPU)",0.057
5811.208,290,1,"SetVSync",11.9455
5811.3601,290,1,"RenderPath3D Update",0.1383
5811.3645,290,1,"Application Update",12.1139
5811.6215,290,1,"Application Render",0.2545
5812.0581,290,1,"Application Compose",0.3866
5812.6106,290,1,"SubmitCommandLists",0.5436
5812.6277,290,1,"Shadowmap packing",0.000199999995
5812.6307,290,1,"Render",0.254200011
5812.6328,290,1,"Procedural Animations",0.00079999998
5812.635,290,1,"Script Components",9.99999975e-05
5812.6377,290,1,"CPU Frame",13.0342999
5812.6398,290,1,"Input",0.172399998
5812.6419,290,1,"GUI Update",0.0197000001
5812.6439,290,1,"Frustum Culling",0.0416000001
5812.6458,290,1,"Animations",9.99999975e-05
5812.6476,290,1,"Spring Dependencies",9.99999975e-05
5812.6496,290,1,"GUI Render",0.0478000008
5812.6514,290,1,"Physics",0.000699999975
5812.6533,290,1,"Update",12.1135998
5812.6551,290,1,"Fixed Update",0.00139999995
5812.6569,290,1,"Spline Update",9.99999975e-05
5812.6587,290,1,"Compose",0.386299998
5812.6605,290,1,"Update Buffers (CPU)",0.0384999998
5830.6663,291,1,"SetVSync",17.8804
5830.8342,291,1,"RenderPath3D Update",0.1542
5830.839,291,1,"Application Update",18.0639
5831.0857,291,1,"Application Render",0.2443
5831.4889,291,1,"Application Compose",0.3862
5832.0495,291,1,"SubmitCommandLists",0.5527
5832.0668,291,1,"Shadowmap packing",0.000199999995
5832.0699,291,1,"Render",0.243900001
5832.0719,291,1,"Procedural Animations",0.000600000028
5832.074,291,1,"Script Components",0.000199999995
5832.0763,291,1,"CPU Frame",18.8740997
5832.0783,291,1,"Input",0.1083
5832.0803,291,1,"GUI Update",0.0225000009
5832.0823,291,1,"Frustum Culling",0.0416000001
5832.0842,291,1,"Animations",9.99999975e-05
5832.0867,291,1,"Spring Dependencies",9.99999975e-05
5832.0889,291,1,"GUI Render",0.0359000005
5832.0907,291,1,"Physics",0.00430000015
5832.0925,291,1,"Update",18.0638008
5832.0942,291,1,"Fixed Update",0.00150000001
5832.0961,291,1,"Spline Update",9.99999975e-05
5832.098,291,1,"Compose",0.386000007
5832.0999,291,1,"Update Buffers (CPU)",0.0478999987
5844.8118,292,1,"SetVSync",12.5836
5844.9083,292,1,"RenderPath3D Update",0.0833
5844.9122,292,1,"Application Update",12.695
5845.1633,292,1,"Application Render",0.2487
5845.6002,292,1,"Application Compose",0.4197
5846.1202,292,1,"SubmitCommandLists",0.5121
5846.1381,292,1,"Shadowmap packing",0.000199999995
5846.1412,292,1,"Render",0.248400003
5846.1434,292,1,"Procedural Animations",0.000600000028
5846.1457,292,1,"Script Components",9.99999975e-05
5846.1484,292,1,"CPU Frame",13.5467997
5846.1505,292,1,"Input",0.110600002
5846.1527,292,1,"GUI Update",0.0199999996
5846.1548,292,1,"Frustum Culling",0.0568999983
5846.1568,292,1,"Animations",9.99999975e-05
5846.1587,292,1,"Spring Dependencies",0.000199999995
5846.1608,292,1,"GUI Render",0.0353000015
5846.1626,292,1,"Physics",0.0046000001
5846.1644,292,1,"Update",12.6948996
5846.1662,292,1,"Fixed Update",0.00170000002
5846.1681,292,1,"Spline Update",9.99999975e-05
5846.1699,292,1,"Compose",0.403200001
5846.1718,292,1,"Update Buffers (CPU)",0.0555000007
5857.0853,293,1,"SetVSync",10.7956
5857.1942,293,1,"RenderPath3D Update",0.0897
5857.1998,293,1,"Application Update",10.9199
5857.5185,293,1,"Application Render",0.315
5857.9173,293,1,"Application Compose",0.3813
5858.4606,293,1,"SubmitCommandLists",0.535
5858.4772,293,1,"Shadowmap packing",0.000199999995
5858.4802,293,1,"Render",0.314599991
5858.4822,293,1,"Procedural Animations",0.000500000024
5858.4842,293,1,"Script Components",9.99999975e-05
5858.4866,293,1,"CPU Frame",11.7924995
5858.4885,293,1,"Input",0.101999998
5858.4905,293,1,"GUI Update",0.0193000007
5858.4924,293,1,"Frustum Culling",0.0438000001
5858.4942,293,1,"Animations",9.99999975e-05
5858.496,293,1,"Spring Dependencies",9.99999975e-05
5858.498,293,1,"GUI Render",0.0346000008
5858.4998,293,1,"Physics",0.00389999989
5858.5017,293,1,"Update",10.9196997
5858.5035,293,1,"Fixed Update",0.00150000001
5858.5054,293,1,"Spline Update",9.99999975e-05
5858.5073,293,1,"Compose",0.381099999
5858.5091,293,1,"Update Buffers (CPU)",0.0383000001
5869.8567,294,1,"SetVSync",11.2117
5870.0211,294,1,"RenderPath3D Update",0.1512
5870.0255,294,1,"Application Update",11.3907
5870.2782,294,1,"Application Render",0.2502
5870.6786,294,1,"Application Compose",0.3816
5871.2405,294,1,"SubmitCommandLists",0.5241
5871.2578,294,1,"Shadowmap packing",9.99999975e-05
5871.261,294,1,"Render",0.250099987
5871.263,294,1,"Procedural Animations",0.000600000028
5871.2654,294,1,"Script Components",0.000199999995
5871.2676,294,1,"CPU Frame",12.2434998
5871.2697,294,1,"Input",0.120099999
5871.2718,294,1,"GUI Update",0.0197000001
5871.2737,294,1,"Frustum Culling",0.0234999992
5871.2756,294,1,"Animations",9.99999975e-05
5871.2774,294,1,"Spring Dependencies",0.000300000014
5871.2794,294,1,"GUI Render",0.0353999995
5871.2812,294,1,"Physics",0.00359999994
5871.2831,294,1,"Update",11.3905001
5871.2848,294,1,"Fixed Update",0.0013
5871.2867,294,1,"Spline Update",0.000199999995
5871.2886,294,1,"Compose",0.381399989
5871.2904,294,1,"Update Buffers (CPU)",0.0421999991
5883.1555,295,1,"SetVSync",11.7548
5883.3037,295,1,"RenderPath3D Update",0.1369
5883.3076,295,1,"Application Update",11.9174
5883.5652,295,1,"Application Render",0.2552
5883.9848,295,1,"Application Compose",0.3897
5884.5,295,1,"SubmitCommandLists",0.5062
5884.5173,295,1,"Shadowmap packing",9.99999975e-05
5884.5206,295,1,"Render",0.254900008
5884.5226,295,1,"Procedural Animations",0.000500000024
5884.5249,295,1,"Script Components",9.99999975e-05
5884.5271,295,1,"CPU Frame",12.7417002
5884.529,295,1,"Input",0.0952000022
5884.5311,295,1,"GUI Update",0.0187999997
5884.533,295,1,"Frustum Culling",0.0533000007
5884.5348,295,1,"Animations",9.99999975e-05
5884.5365,295,1,"Spring Dependencies",0.000300000014
5884.5386,295,1,"GUI Render",0.0460000001
5884.5403,295,1,"Physics",0.00329999998
5884.5421,295,1,"Update",11.9173002
5884.5439,295,1,"Fixed Update",9.99999975e-05
5884.5457,295,1,"Spline Update",0.000199999995
5884.5475,295,1,"Compose",0.389299989
5884.5493,295,1,"Update Buffers (CPU)",0.0368999988
5896.7348,296,1,"SetVSync",12.0628
5896.8934,296,1,"RenderPath3D Update",0.1472
5896.8973,296,1,"Application Update",12.2354
5897.1699,296,1,"Application Render",0.2702
5897.5682,296,1,"Application Compose",0.3799
5898.0631,296,1,"SubmitCommandLists",0.4867
5898.0803,296,1,"Shadowmap packing",0.000199999995
5898.0835,296,1,"Render",0.270000011
5898.0858,296,1,"Procedural Animations",0.000500000024
5898.0878,296,1,"Script Components",9.99999975e-05
5898.0904,296,1,"CPU Frame",13.0649996
5898.0924,296,1,"Input",0.106600001
5898.0945,296,1,"GUI Update",0.0183000006
5898.0965,296,1,"Frustum Culling",0.0421000011
5898.0984,296,1,"Animations",9.99999975e-05
5898.1003,296,1,"Spring Dependencies",0.000199999995
5898.1025,296,1,"GUI Render",0.0318999998
5898.1042,296,1,"Physics",0.000600000028
5898.106,296,1,"Update",12.2351999
5898.1078,296,1,"Fixed Update",0.00139999995
5898.1096,296,1,"Spline Update",9.99999975e-05
5898.1115,296,1,"Compose",0.379700005
5898.1133,296,1,"Update Buffers (CPU)",0.0452999994
5910.6506,297,1,"SetVSync",12.4275
5910.8304,297,1,"RenderPath3D Update",0.1615
5910.8368,297,1,"Application Update",12.624
5911.1166,297,1,"Application Render",0.2774
5911.5229,297,1,"Application Compose",0.3869
5912.1276,297,1,"SubmitCommandLists",0.5961
5912.1466,297,1,"Shadowmap packing",0.000199999995
5912.1499,297,1,"Render",0.27700001
5912.1518,297,1,"Procedural Animations",0.00100000005
5912.1542,297,1,"Script Components",9.99999975e-05
5912.1569,297,1,"CPU Frame",13.4560003
5912.1589,297,1,"Input",0.0934000015
5912.161,297,1,"GUI Update",0.0241999999
5912.163,297,1,"Frustum Culling",0.0428999998
5912.165,297,1,"Animations",9.99999975e-05
5912.1668,297,1,"Spring Dependencies",0.000199999995
5912.1689,297,1,"GUI Render",0.0381000005
5912.1706,297,1,"Physics",0.00410000002
5912.1724,297,1,"Update",12.6237001
5912.1742,297,1,"Fixed Update",0.00139999995
5912.176,297,1,"Spline Update",0.000300000014
5912.1779,297,1,"Compose",0.386599988
5912.1799,297,1,"Update Buffers (CPU)",0.0524000004
5924.3111,298,1,"SetVSync",12.0076
5924.4619,298,1,"RenderPath3D Update",0.1378
5924.4665,298,1,"Application Update",12.1751
5924.7151,298,1,"Application Render",0.2461
5925.1171,298,1,"Application Compose",0.3856
5925.6641,298,1,"SubmitCommandLists",0.5388
5925.7107,298,1,"Shadowmap packing",0.000300000014
5925.7144,298,1,"Render",0.245900005
5925.7165,298,1,"Procedural Animations",0.00079999998
5925.7188,298,1,"Script Components",9.99999975e-05
5925.7216,298,1,"CPU Frame",12.9843998
5925.7237,298,1,"Input",0.104999997
5925.726,298,1,"GUI Update",0.0217000004
5925.7282,298,1,"Frustum Culling",0.0555999987
5925.7303,298,1,"Animations",9.99999975e-05
5925.7324,298,1,"Spring Dependencies",9.99999975e-05
5925.7346,298,1,"GUI Render",0.0381999984
5925.7365,298,1,"Physics",0.0037
5925.7384,298,1,"Update",12.1747999
5925.7405,298,1,"Fixed Update",0.00200000009
5925.7425,298,1,"Spline Update",0.000199999995
5925.7446,298,1,"Compose",0.38530001
5925.7466,298,1,"Update Buffers (CPU)",0.0403000005
5937.6942,299,1,"SetVSync",11.8217
5937.8237,299,1,"RenderPath3D Update",0.1169
5937.8286,299,1,"Application Update",11.9678
5938.0828,299,1,"Application Render",0.2518
5938.4887,299,1,"Application Compose",0.3853
5939.0376,299,1,"SubmitCommandLists",0.5401
5939.0553,299,1,"Shadowmap packing",0.00039999999
5939.0582,299,1,"Render",0.25150001
5939.0601,299,1,"Procedural Animations",0.000500000024
5939.0623,299,1,"Script Components",9.99999975e-05
5939.065,299,1,"CPU Frame",12.7924995
5939.0671,299,1,"Input",0.107799999
5939.0692,299,1,"GUI Update",0.0201999992
5939.0712,299,1,"Frustum Culling",0.0491000004
5939.073,299,1,"Animations",0
5939.0749,299,1,"Spring Dependencies",0.000199999995
5939.077,299,1,"GUI Render",0.0337999985
5939.0788,299,1,"Physics",0.00469999993
5939.0807,299,1,"Update",11.9675999
5939.0824,299,1,"Fixed Update",0.00159999996
5939.0842,299,1,"Spline Update",0.000300000014
5939.0861,299,1,"Compose",0.38499999
5939.088,299,1,"Update Buffers (CPU)",0.0412000008
5951.2317,300,1,"SetVSync",12.0261
5951.395,300,1,"RenderPath3D Update",0.152
5951.3988,300,1,"Application Update",12.2041
5951.615,300,1,"Application Render",0.2138
5952.0362,300,1,"Application Compose",0.3895
5952.6471,300,1,"SubmitCommandLists",0.6011
5952.6679,300,1,"Shadowmap packing",9.99999975e-05
5952.6715,300,1,"Render",0.213599995
5952.6733,300,1,"Procedural Animations",0.000500000024
5952.6756,300,1,"Script Components",9.99999975e-05
5952.678,300,1,"CPU Frame",12.9952002
5952.6801,300,1,"Input",0.100000001
5952.6822,300,1,"GUI Update",0.0183000006
5952.6842,300,1,"Frustum Culling",0.0392999984
5952.6861,300,1,"Animations",9.99999975e-05
5952.6878,300,1,"Spring Dependencies",0.000199999995
5952.6899,300,1,"GUI Render",0.0340000018
5952.6917,300,1,"Physics",0.00359999994
5952.6936,300,1,"Update",12.2040005
5952.6954,300,1,"Fixed Update",0.00139999995
5952.6973,300,1,"Spline Update",9.99999975e-05
5952.6992,300,1,"Compose",0.389299989
5952.701,300,1,"Update Buffers (CPU)",0.0368999988
5964.816,301,1,"SetVSync",11.9879
5965.0017,301,1,"RenderPath3D Update",0.1683
5965.0063,301,1,"Application Update",12.1906
5965.3086,301,1,"Application Render",0.2998
5965.7166,301,1,"Application Compose",0.3896
5966.3113,301,1,"SubmitCommandLists",0.5859
5966.3306,301,1,"Shadowmap packing",0.000199999995
5966.3338,301,1,"Render",0.299499989
5966.3358,301,1,"Procedural Animations",0.00109999999
5966.338,301,1,"Script Components",0.000199999995
5966.3404,301,1,"CPU Frame",13.0651999
5966.3424,301,1,"Input",0.110200003
5966.3446,301,1,"GUI Update",0.0247000009
5966.3465,301,1,"Frustum Culling",0.0509000011
5966.3483,301,1,"Animations",9.99999975e-05
5966.3505,301,1,"Spring Dependencies",0.000300000014
5966.3527,301,1,"GUI Render",0.0381000005
5966.3545,301,1,"Physics",0.000899999985
5966.3563,301,1,"Update",12.1903
5966.3584,301,1,"Fixed Update",9.99999975e-05
5966.3603,301,1,"Spline Update",0.000300000014
5966.3621,301,1,"Compose",0.389299989
5966.364,301,1,"Update Buffers (CPU)",0.0577000007
5982.0772,302,1,"SetVSync",15.5905
5982.7177,302,1,"RenderPath3D Update",0.5594
5982.7258,302,1,"Application Update",16.2512
5983.6831,302,1,"Application Render",0.9547
5984.3675,302,1,"Application Compose",0.586
5985.969,302,1,"SubmitCommandLists",1.5801
5986.0103,302,1,"Shadowmap packing",0.000500000024
5986.0159,302,1,"Render",0.954299986
5986.1421,302,1,"Procedural Animations",0.00549999997
5986.1458,302,1,"Script Components",0.00100000005
5986.1497,302,1,"CPU Frame",18.0527
5986.1521,302,1,"Input",0.104599997
5986.1545,302,1,"GUI Update",0.102300003
5986.1586,302,1,"Frustum Culling",0.106299996
5986.1608,302,1,"Animations",9.99999975e-05
5986.1646,302,1,"Spring Dependencies",0.00100000005
5986.1677,302,1,"GUI Render",0.075000003
5986.1697,302,1,"Physics",0.0228000004
5986.1716,302,1,"Update",16.2509995
5986.1736,302,1,"Fixed Update",0.00139999995
5986.1756,302,1,"Spline Update",0.00039999999
5986.1778,302,1,"Compose",0.585699975
5986.1798,302,1,"Update Buffers (CPU)",0.257800013
6003.7693,303,1,"SetVSync",17.2446
6004.1859,303,1,"RenderPath3D Update",0.3412
6004.1913,303,1,"Application Update",17.6984
6005.2651,303,1,"Application Render",1.0711
6006.0606,303,1,"Application Compose",0.7029
6008.3153,303,1,"SubmitCommandLists",2.1846
6008.4111,303,1,"Shadowmap packing",0.000500000024
6008.4188,303,1,"Render",1.07099998
6008.4208,303,1,"Procedural Animations",0.000899999985
6008.425,303,1,"Script Components",0.00120000006
6008.432,303,1,"CPU Frame",20.0790997
6008.4341,303,1,"Input",0.293799996
6008.4411,303,1,"GUI Update",0.0720999986
6008.443,303,1,"Frustum Culling",0.0432000011
6008.4453,303,1,"Animations",9.99999975e-05
6008.4487,303,1,"Spring Dependencies",0.000199999995
6008.4508,303,1,"GUI Render",0.147799999
6008.4526,303,1,"Physics",0.0105999997
6008.4566,303,1,"Update",17.6982002
6008.4583,303,1,"Fixed Update",0.00499999989
6008.4602,303,1,"Spline Update",0.000500000024
6008.4621,303,1,"Compose",0.702600002
6008.4648,303,1,"Update Buffers (CPU)",0.303799987
6023.2974,304,1,"SetVSync",14.1804
6023.5473,304,1,"RenderPath3D Update",0.2304
6023.5517,304,1,"Application Update",14.5829
6023.8512,304,1,"Application Render",0.297
6024.2788,304,1,"Application Compose",0.3898
6024.8605,304,1,"SubmitCommandLists",0.5728
6024.8795,304,1,"Shadowmap packing",0.000300000014
6024.8824,304,1,"Render",0.296799988
6024.8843,304,1,"Procedural Animations",0.00079999998
6024.8865,304,1,"Script Components",0.00120000006
6024.8887,304,1,"CPU Frame",15.9392004
6024.8906,304,1,"Input",0.476000011
6024.8926,304,1,"GUI Update",0.0355999991
6024.8945,304,1,"Frustum Culling",0.0617000014
6024.8965,304,1,"Animations",9.99999975e-05
6024.8987,304,1,"Spring Dependencies",0.00039999999
6024.9007,304,1,"GUI Render",0.0397000015
6024.9027,304,1,"Physics",0.0104
6024.9046,304,1,"Update",14.5824003
6024.9064,304,1,"Fixed Update",0.0151000004
6024.9081,304,1,"Spline Update",0.000300000014
6024.91,304,1,"Compose",0.389499992
6024.9121,304,1,"Update Buffers (CPU)",0.0581
6037.4296,305,1,"SetVSync",12.383
6037.6067,305,1,"RenderPath3D Update",0.1599
6037.6124,305,1,"Application Update",12.5773
6037.8776,305,1,"Application Render",0.2627
6038.2834,305,1,"Application Compose",0.3865
6038.8806,305,1,"SubmitCommandLists",0.5874
6038.8988,305,1,"Shadowmap packing",0.000300000014
6038.9018,305,1,"Render",0.262499988
6038.9037,305,1,"Procedural Animations",0.00100000005
6038.906,305,1,"Script Components",9.99999975e-05
6038.9089,305,1,"CPU Frame",13.4184999
6038.9108,305,1,"Input",0.115999997
6038.9128,305,1,"GUI Update",0.0243999995
6038.915,305,1,"Frustum Culling",0.0412999988
6038.917,305,1,"Animations",9.99999975e-05
6038.9188,305,1,"Spring Dependencies",9.99999975e-05
6038.9208,305,1,"GUI Render",0.0421999991
6038.9225,305,1,"Physics",0.00510000018
6038.9243,305,1,"Update",12.5770998
6038.926,305,1,"Fixed Update",0.00139999995
6038.9279,305,1,"Spline Update",0.000199999995
6038.9297,305,1,"Compose",0.386299998
6038.9318,305,1,"Update Buffers (CPU)",0.0529999994
6050.0946,306,1,"SetVSync",11.0317
6050.2697,306,1,"RenderPath3D Update",0.1635
6050.2738,306,1,"Application Update",11.223
6050.5015,306,1,"Application Render",0.2252
6050.9354,306,1,"Application Compose",0.4054
6051.4647,306,1,"SubmitCommandLists",0.5194
6051.4838,306,1,"Shadowmap packing",0.000199999995
6051.487,306,1,"Render",0.225099996
6051.4896,306,1,"Procedural Animations",0.000500000024
6051.492,306,1,"Script Components",9.99999975e-05
6051.5243,306,1,"CPU Frame",12.0516005
6051.5266,306,1,"Input",0.112000003
6051.5288,306,1,"GUI Update",0.0206000004
6051.531,306,1,"Frustum Culling",0.0421999991
6051.533,306,1,"Animations",9.99999975e-05
6051.535,306,1,"Spring Dependencies",9.99999975e-05
6051.5371,306,1,"GUI Render",0.0351000018
6051.539,306,1,"Physics",0.00430000015
6051.541,306,1,"Update",11.2227001
6051.5429,306,1,"Fixed Update",0.00179999997
6051.5449,306,1,"Spline Update",0.000600000028
6051.547,306,1,"Compose",0.405000001
6051.5491,306,1,"Update Buffers (CPU)",0.0359000005
6061.6975,307,1,"SetVSync",10.033
6061.7883,307,1,"RenderPath3D Update",0.0798
6061.7936,307,1,"Application Update",10.1407
6062.0154,307,1,"Application Render",0.2195
6062.4126,307,1,"Application Compose",0.3813
6062.9399,307,1,"SubmitCommandLists",0.5189
6062.9583,307,1,"Shadowmap packing",9.99999975e-05
6062.9614,307,1,"Render",0.2192
6062.9634,307,1,"Procedural Animations",0.00039999999
6062.9656,307,1,"Script Components",9.99999975e-05
6062.9678,307,1,"CPU Frame",10.9429998
6062.9697,307,1,"Input",0.0987000018
6062.9719,307,1,"GUI Update",0.0174000002
6062.9737,307,1,"Frustum Culling",0.0548
6062.9756,307,1,"Animations",9.99999975e-05
6062.9773,307,1,"Spring Dependencies",0.000199999995
6062.9795,307,1,"GUI Render",0.0342000015
6062.9812,307,1,"Physics",0.000600000028
6062.983,307,1,"Update",10.1405001
6062.9849,307,1,"Fixed Update",9.99999975e-05
6062.9866,307,1,"Spline Update",9.99999975e-05
6062.9885,307,1,"Compose",0.381099999
6062.9903,307,1,"Update Buffers (CPU)",0.0384000018
6072.9765,308,1,"SetVSync",9.872
6073.1348,308,1,"RenderPath3D Update",0.146
6073.1403,308,1,"Application Update",10.0457
6073.3811,308,1,"Application Render",0.2384
6073.7792,308,1,"Application Compose",0.3818
6074.3168,308,1,"SubmitCommandLists",0.5293
6074.3339,308,1,"Shadowmap packing",0.000199999995
6074.3368,308,1,"Render",0.238000005
6074.3389,308,1,"Procedural Animations",0.000699999975
6074.341,308,1,"Script Components",9.99999975e-05
6074.3438,308,1,"CPU Frame",10.8357
6074.3458,308,1,"Input",0.0982000008
6074.348,308,1,"GUI Update",0.0195000004
6074.3499,308,1,"Frustum Culling",0.0557999983
6074.3518,308,1,"Animations",0
6074.3536,308,1,"Spring Dependencies",9.99999975e-05
6074.3557,308,1,"GUI Render",0.0353999995
6074.3575,308,1,"Physics",0.00469999993
6074.3593,308,1,"Update",10.0454998
6074.3611,308,1,"Fixed Update",0.0013
6074.363,308,1,"Spline Update",0.000199999995
6074.365,308,1,"Compose",0.381500006
6074.3668,308,1,"Update Buffers (CPU)",0.0408000015
6085.2629,309,1,"SetVSync",10.7869
6085.3693,309,1,"RenderPath3D Update",0.0952
6085.374,309,1,"Application Update",10.9083
6085.6219,309,1,"Application Render",0.2455
6086.0383,309,1,"Application Compose",0.3872
6086.5849,309,1,"SubmitCommandLists",0.5377
6086.6026,309,1,"Shadowmap packing",0.000199999995
6086.6058,309,1,"Render",0.245299995
6086.6077,309,1,"Procedural Animations",0.000600000028
6086.6099,309,1,"Script Components",0
6086.6121,309,1,"CPU Frame",11.7175999
6086.6142,309,1,"Input",0.0927999988
6086.6163,309,1,"GUI Update",0.0186999999
6086.6181,309,1,"Frustum Culling",0.0452999994
6086.6199,309,1,"Animations",9.99999975e-05
6086.622,309,1,"Spring Dependencies",9.99999975e-05
6086.6243,309,1,"GUI Render",0.0348999985
6086.626,309,1,"Physics",0.00410000002
6086.6279,309,1,"Update",10.9082003
6086.6297,309,1,"Fixed Update",0.00150000001
6086.6316,309,1,"Spline Update",9.99999975e-05
6086.6334,309,1,"Compose",0.386900008
6086.6353,309,1,"Update Buffers (CPU)",0.0353000015
6096.4946,310,1,"SetVSync",9.7445
6096.6283,310,1,"RenderPath3D Update",0.1232
6096.6327,310,1,"Application Update",9.8945
6096.8945,310,1,"Application Render",0.2594
6097.2885,310,1,"Application Compose",0.3776
6097.812,310,1,"SubmitCommandLists",0.5156
6097.8284,310,1,"Shadowmap packing",0.000199999995
6097.8314,310,1,"Render",0.25909999
6097.8333,310,1,"Procedural Animations",0.000600000028
6097.8353,310,1,"Script Components",0.000300000014
6097.8375,310,1,"CPU Frame",10.6997995
6097.8394,310,1,"Input",0.0979999974
6097.8414,310,1,"GUI Update",0.0176999997
6097.8687,310,1,"Frustum Culling",0.0526000001
6097.8707,310,1,"Animations",9.99999975e-05
6097.8727,310,1,"Spring Dependencies",9.99999975e-05
6097.8748,310,1,"GUI Render",0.0425000004
6097.8766,310,1,"Physics",0.00310000009
6097.8784,310,1,"Update",9.89430046
6097.8802,310,1,"Fixed Update",9.99999975e-05
6097.8819,310,1,"Spline Update",0.000199999995
6097.8838,310,1,"Compose",0.377400011
6097.8856,310,1,"Update Buffers (CPU)",0.0335999988
6110.0128,311,1,"SetVSync",12.0196
6110.1266,311,1,"RenderPath3D Update",0.0975
6110.1325,311,1,"Application Update",12.1488
6110.3831,311,1,"Application Render",0.2474
6110.7876,311,1,"Application Compose",0.3849
6111.3937,311,1,"SubmitCommandLists",0.5967
6111.4149,311,1,"Shadowmap packing",0.000199999995
6111.4181,311,1,"Render",0.247099996
6111.4206,311,1,"Procedural Animations",0.000699999975
6111.4228,311,1,"Script Components",0.000199999995
6111.4252,311,1,"CPU Frame",12.9722996
6111.427,311,1,"Input",0.0921000019
6111.4295,311,1,"GUI Update",0.0227000006
6111.4315,311,1,"Frustum Culling",0.0487999991
6111.4335,311,1,"Animations",9.99999975e-05
6111.4373,311,1,"Spring Dependencies",0.000199999995
6111.4394,311,1,"GUI Render",0.0379999988
6111.4413,311,1,"Physics",0.00100000005
6111.4438,311,1,"Update",12.1485004
6111.4456,311,1,"Fixed Update",0.00150000001
6111.4475,311,1,"Spline Update",0.000199999995
6111.4494,311,1,"Compose",0.3847
6111.4519,311,1,"Update Buffers (CPU)",0.0467999987
6121.8824,312,1,"SetVSync",10.1834
6122.0643,312,1,"RenderPath3D Update",0.1625
6122.0689,312,1,"Application Update",10.3978
6122.3601,312,1,"Application Render",0.2887
6122.7663,312,1,"Application Compose",0.3882
6123.3957,312,1,"SubmitCommandLists",0.6199
6123.4146,312,1,"Shadowmap packing",0.000300000014
6123.4174,312,1,"Render",0.288399994
6123.4194,312,1,"Procedural Animations",0.00120000006
6123.4218,312,1,"Script Components",0.000199999995
6123.4243,312,1,"CPU Frame",11.3676996
6123.4263,312,1,"Input",0.207200006
6123.4284,312,1,"GUI Update",0.0248000007
6123.4304,312,1,"Frustum Culling",0.0417999998
6123.4324,312,1,"Animations",0
6123.4343,312,1,"Spring Dependencies",0.000199999995
6123.4364,312,1,"GUI Render",0.0419999994
6123.4381,312,1,"Physics",0.0057000001
6123.44,312,1,"Update",10.3976002
6123.442,312,1,"Fixed Update",0.00219999999
6123.4439,312,1,"Spline Update",0.000199999995
6123.4457,312,1,"Compose",0.387899995
6123.4476,312,1,"Update Buffers (CPU)",0.0700000003
6133.9558,313,1,"SetVSync",10.3668
6134.1322,313,1,"RenderPath3D Update",0.161
6134.1372,313,1,"Application Update",10.5616
6134.4209,313,1,"Application Render",0.281
6134.8282,313,1,"Application Compose",0.3875
6135.4425,313,1,"SubmitCommandLists",0.6048
6135.4637,313,1,"Shadowmap packing",0.000300000014
6135.4667,313,1,"Render",0.280699998
6135.4689,313,1,"Procedural Animations",0.000699999975
6135.4711,313,1,"Script Components",9.99999975e-05
6135.4737,313,1,"CPU Frame",11.4281998
6135.4757,313,1,"Input",0.120800003
6135.4779,313,1,"GUI Update",0.0240000002
6135.4798,313,1,"Frustum Culling",0.0421999991
6135.4819,313,1,"Animations",9.99999975e-05
6135.4836,313,1,"Spring Dependencies",0.000199999995
6135.4856,313,1,"GUI Render",0.0406999998
6135.4873,313,1,"Physics",0.0057000001
6135.489,313,1,"Update",10.5614004
6135.4909,313,1,"Fixed Update",0.00190000003
6135.4928,313,1,"Spline Update",0.000300000014
6135.4946,313,1,"Compose",0.387199998
6135.4965,313,1,"Update Buffers (CPU)",0.0658999979
6146.0591,314,1,"SetVSync",10.4156
6146.2541,314,1,"RenderPath3D Update",0.1729
6146.259,314,1,"Application Update",10.6308
6146.613,314,1,"Application Render",0.3516
6147.0269,314,1,"Application Compose",0.392
6147.6647,314,1,"SubmitCommandLists",0.6284
6147.6855,314,1,"Shadowmap packing",0.000300000014
6147.6885,314,1,"Render",0.351200014
6147.6905,314,1,"Procedural Animations",0.00120000006
6147.6928,314,1,"Script Components",0.000199999995
6147.6952,314,1,"CPU Frame",11.5790997
6147.6972,314,1,"Input",0.126100004
6147.6993,314,1,"GUI Update",0.0267999992
6147.7013,314,1,"Frustum Culling",0.0524000004
6147.7354,314,1,"Animations",9.99999975e-05
6147.738,314,1,"Spring Dependencies",9.99999975e-05
6147.7403,314,1,"GUI Render",0.0445000008
6147.7421,314,1,"Physics",0.00120000006
6147.7439,314,1,"Update",10.6303997
6147.7458,314,1,"Fixed Update",0
6147.7478,314,1,"Spline Update",0.00039999999
6147.7497,314,1,"Compose",0.391799986
6147.7519,314,1,"Update Buffers (CPU)",0.0873999968
6160.2233,315,1,"SetVSync",12.3348
6160.4053,315,1,"RenderPath3D Update",0.165
6160.4112,315,1,"Application Update",12.536
6160.6975,315,1,"Application Render",0.2833
6161.1036,315,1,"Application Compose",0.3871
6161.769,315,1,"SubmitCommandLists",0.6568
6161.7895,315,1,"Shadowmap packing",0.000300000014
6161.7929,315,1,"Render",0.282999992
6161.7948,315,1,"Procedural Animations",0.000899999985
6161.7971,315,1,"Script Components",9.99999975e-05
6161.7998,315,1,"CPU Frame",13.4324999
6161.8017,315,1,"Input",0.115599997
6161.8037,315,1,"GUI Update",0.0244999994
6161.8057,315,1,"Frustum Culling",0.0559
6161.8077,315,1,"Animations",9.99999975e-05
6161.8095,315,1,"Spring Dependencies",0.000199999995
6161.8116,315,1,"GUI Render",0.0377999991
6161.8134,315,1,"Physics",0.00490000006
6161.8153,315,1,"Update",12.5356998
6161.8171,315,1,"Fixed Update",0.00200000009
6161.819,315,1,"Spline Update",0.000300000014
6161.8283,315,1,"Compose",0.386900008
6161.8303,315,1,"Update Buffers (CPU)",0.0527000017
6172.5664,316,1,"SetVSync",10.6008
6172.6694,316,1,"RenderPath3D Update",0.0879
6172.675,316,1,"Application Update",10.7236
6172.9376,316,1,"Application Render",0.2591
6173.3419,316,1,"Application Compose",0.3863
6173.9672,316,1,"SubmitCommandLists",0.6158
6173.987,316,1,"Shadowmap packing",0.000199999995
6173.9902,316,1,"Render",0.2588
6173.9921,316,1,"Procedural Animations",0.00100000005
6173.9943,316,1,"Script Components",9.99999975e-05
6173.9971,316,1,"CPU Frame",11.5668001
6173.9992,316,1,"Input",0.113899998
6174.0012,316,1,"GUI Update",0.0227000006
6174.0032,316,1,"Frustum Culling",0.0540999994
6174.0051,316,1,"Animations",9.99999975e-05
6174.0069,316,1,"Spring Dependencies",0.000199999995
6174.009,316,1,"GUI Render",0.0377999991
6174.0108,316,1,"Physics",0.00480000023
6174.0126,316,1,"Update",10.7234001
6174.0144,316,1,"Fixed Update",0.00179999997
6174.0161,316,1,"Spline Update",0.000199999995
6174.0179,316,1,"Compose",0.386099994
6174.0199,316,1,"Update Buffers (CPU)",0.058699999
6184.0695,317,1,"SetVSync",9.9028
6184.2545,317,1,"RenderPath3D Update",0.1639
6184.2597,317,1,"Application Update",10.1133
6184.5774,317,1,"Application Render",0.3151
6184.9851,317,1,"Application Compose",0.3891
6185.7176,317,1,"SubmitCommandLists",0.7234
6185.7418,317,1,"Shadowmap packing",0.000199999995
6185.745,317,1,"Render",0.314900011
6185.7474,317,1,"Procedural Animations",0.00109999999
6185.7495,317,1,"Script Components",0.000199999995
6185.7518,317,1,"CPU Frame",11.0122004
6185.7539,317,1,"Input",0.119499996
6185.7562,317,1,"GUI Update",0.0249000005
6185.7583,317,1,"Frustum Culling",0.057500001
6185.7602,317,1,"Animations",9.99999975e-05
6185.7624,317,1,"Spring Dependencies",0.000500000024
6185.7646,317,1,"GUI Render",0.0401999988
6185.7664,317,1,"Physics",0.0055999998
6185.7683,317,1,"Update",10.1131001
6185.77,317,1,"Fixed Update",0.00159999996
6185.7719,317,1,"Spline Update",0.000300000014
6185.7738,317,1,"Compose",0.388799995
6185.7756,317,1,"Update Buffers (CPU)",0.0764999986
6196.6285,318,1,"SetVSync",10.7145
6196.804,318,1,"RenderPath3D Update",0.1551
6196.8088,318,1,"Application Update",10.9107
6197.1422,318,1,"Application Render",0.3307
6197.5524,318,1,"Application Compose",0.3891
6198.1857,318,1,"SubmitCommandLists",0.624
6198.2213,318,1,"Shadowmap packing",0.000199999995
6198.2248,318,1,"Render",0.33039999
6198.2268,318,1,"Procedural Animations",0.00100000005
6198.2291,318,1,"Script Components",9.99999975e-05
6198.2318,318,1,"CPU Frame",11.8290997
6198.2339,318,1,"Input",0.117200002
6198.2361,318,1,"GUI Update",0.0256999992
6198.2381,318,1,"Frustum Culling",0.0379999988
6198.24,318,1,"Animations",9.99999975e-05
6198.2419,318,1,"Spring Dependencies",9.99999975e-05
6198.2744,318,1,"GUI Render",0.0408999994
6198.2765,318,1,"Physics",0.00150000001
6198.2783,318,1,"Update",10.9104996
6198.2802,318,1,"Fixed Update",0
6198.2822,318,1,"Spline Update",0.000300000014
6198.2843,318,1,"Compose",0.388799995
6198.2862,318,1,"Update Buffers (CPU)",0.0706999972
6208.3861,319,1,"SetVSync",9.9631
6208.5599,319,1,"RenderPath3D Update",0.1525
6208.5674,319,1,"Application Update",10.1582
6208.9106,319,1,"Application Render",0.3405
6209.3249,319,1,"Application Compose",0.3911
6209.9976,319,1,"SubmitCommandLists",0.6637
6210.0366,319,1,"Shadowmap packing",0.000300000014
6210.0403,319,1,"Render",0.3398
6210.0425,319,1,"Procedural Animations",0.00209999993
6210.0451,319,1,"Script Components",0.000300000014
6210.0475,319,1,"CPU Frame",11.1189003
6210.0496,319,1,"Input",0.1153
6210.0519,319,1,"GUI Update",0.0291000009
6210.054,319,1,"Frustum Culling",0.0308999997
6210.0562,319,1,"Animations",9.99999975e-05
6210.0587,319,1,"Spring Dependencies",9.99999975e-05
6210.0613,319,1,"GUI Render",0.0626000017
6210.0635,319,1,"Physics",0.00829999987
6210.0655,319,1,"Update",10.1577997
6210.0676,319,1,"Fixed Update",0.00219999999
6210.0697,319,1,"Spline Update",0.000300000014
6210.0717,319,1,"Compose",0.390799999
6210.0738,319,1,"Update Buffers (CPU)",0.0900000036
6222.0267,320,1,"SetVSync",11.7522
6222.232,320,1,"RenderPath3D Update",0.1813
6222.2373,320,1,"Application Update",12.0002
6222.6356,320,1,"Application Render",0.3957
6223.0724,320,1,"Application Compose",0.3988
6223.7215,320,1,"SubmitCommandLists",0.6385
6223.7414,320,1,"Shadowmap packing",0.000199999995
6223.7444,320,1,"Render",0.395300001
6223.7462,320,1,"Procedural Animations",0.00109999999
6223.7485,320,1,"Script Components",0.00039999999
6223.7507,320,1,"CPU Frame",13.0530005
6223.7525,320,1,"Input",0.154599994
6223.7546,320,1,"GUI Update",0.0296
6223.7566,320,1,"Frustum Culling",0.0353000015
6223.7585,320,1,"Animations",9.99999975e-05
6223.7607,320,1,"Spring Dependencies",0.000199999995
6223.7628,320,1,"GUI Render",0.0502999984
6223.7646,320,1,"Physics",0.00579999993
6223.7665,320,1,"Update",11.9998999
6223.7684,320,1,"Fixed Update",0.00230000005
6223.7701,320,1,"Spline Update",0.00039999999
6223.7719,320,1,"Compose",0.398400009
6223.7738,320,1,"Update Buffers (CPU)",0.0961999968
6235.1116,321,1,"SetVSync",11.1589
6235.289,321,1,"RenderPath3D Update",0.1612
6235.2941,321,1,"Application Update",11.3568
6235.5821,321,1,"Application Render",0.285
6235.9914,321,1,"Application Compose",0.3889
6236.632,321,1,"SubmitCommandLists",0.6318
6236.6528,321,1,"Shadowmap packing",0.000300000014
6236.6557,321,1,"Render",0.28459999
6236.6579,321,1,"Procedural Animations",0.00100000005
6236.6601,321,1,"Script Components",9.99999975e-05
6236.6629,321,1,"CPU Frame",12.2646999
6236.6649,321,1,"Input",0.155300006
6236.6671,321,1,"GUI Update",0.0229000002
6236.6689,321,1,"Frustum Culling",0.0405000001
6236.6707,321,1,"Animations",0.000300000014
6236.6726,321,1,"Spring Dependencies",0.000300000014
6236.6746,321,1,"GUI Render",0.0379000008
6236.6764,321,1,"Physics",0.00389999989
6236.6784,321,1,"Update",11.3564997
6236.6802,321,1,"Fixed Update",0.00300000003
6236.6819,321,1,"Spline Update",0.000300000014
6236.6838,321,1,"Compose",0.388599992
6236.6857,321,1,"Update Buffers (CPU)",0.0483000018
6246.5639,322,1,"SetVSync",9.7391
6246.7338,322,1,"RenderPath3D Update",0.1575
6246.7389,322,1,"Application Update",9.9307
6247.0061,322,1,"Application Render",0.2648
6247.4308,322,1,"Application Compose",0.3932
6248.0098,322,1,"SubmitCommandLists",0.5684
6248.0274,322,1,"Shadowmap packing",9.99999975e-05
6248.0306,322,1,"Render",0.264600009
6248.0327,322,1,"Procedural Animations",0.000699999975
6248.0349,322,1,"Script Components",9.99999975e-05
6248.0369,322,1,"CPU Frame",10.7953997
6248.0388,322,1,"Input",0.116999999
6248.041,322,1,"GUI Update",0.0210999995
6248.0431,322,1,"Frustum Culling",0.0571000017
6248.045,322,1,"Animations",9.99999975e-05
6248.0468,322,1,"Spring Dependencies",9.99999975e-05
6248.0487,322,1,"GUI Render",0.0377999991
6248.0505,322,1,"Physics",0.00430000015
6248.0822,322,1,"Update",9.93039989
6248.0843,322,1,"Fixed Update",9.99999975e-05
6248.0862,322,1,"Spline Update",0.000199999995
6248.088,322,1,"Compose",0.392800003
6248.0899,322,1,"Update Buffers (CPU)",0.0452999994
6259.4018,323,1,"SetVSync",11.1843
6259.5436,323,1,"RenderPath3D Update",0.1309
6259.5487,323,1,"Application Update",11.3438
6259.8241,323,1,"Application Render",0.2718
6260.2382,323,1,"Application Compose",0.3868
6260.7903,323,1,"SubmitCommandLists",0.5431
6260.8101,323,1,"Shadowmap packing",9.99999975e-05
6260.8132,323,1,"Render",0.271499991
6260.815,323,1,"Procedural Animations",0.000600000028
6260.8174,323,1,"Script Components",0
6260.8197,323,1,"CPU Frame",12.2244997
6260.8218,323,1,"Input",0.107900001
6260.8237,323,1,"GUI Update",0.0177999996
6260.8256,323,1,"Frustum Culling",0.0546999983
6260.8275,323,1,"Animations",9.99999975e-05
6260.8294,323,1,"Spring Dependencies",9.99999975e-05
6260.8314,323,1,"GUI Render",0.0450999998
6260.8332,323,1,"Physics",0.000500000024
6260.8349,323,1,"Update",11.3436003
6260.8367,323,1,"Fixed Update",0.00179999997
6260.8386,323,1,"Spline Update",9.99999975e-05
6260.8404,323,1,"Compose",0.386400014
6260.8422,323,1,"Update Buffers (CPU)",0.0478000008
6270.9289,324,1,"SetVSync",9.9699
6271.085,324,1,"RenderPath3D Update",0.1443
6271.0915,324,1,"Application Update",10.1437
6271.3309,324,1,"Application Render",0.2356
6271.7341,324,1,"Application Compose",0.3836
6272.2829,324,1,"SubmitCommandLists",0.5406
6272.3006,324,1,"Shadowmap packing",0.000199999995
6272.3036,324,1,"Render",0.235300004
6272.3056,324,1,"Procedural Animations",0.000699999975
6272.3078,324,1,"Script Components",9.99999975e-05
6272.3104,324,1,"CPU Frame",10.9397001
6272.3123,324,1,"Input",0.0993999988
6272.3144,324,1,"GUI Update",0.0176999997
6272.3163,324,1,"Frustum Culling",0.0416000001
6272.3182,324,1,"Animations",9.99999975e-05
6272.32,324,1,"Spring Dependencies",9.99999975e-05
6272.3221,324,1,"GUI Render",0.0340999998
6272.3239,324,1,"Physics",0.00359999994
6272.3257,324,1,"Update",10.1435003
6272.3275,324,1,"Fixed Update",0.0013
6272.3293,324,1,"Spline Update",0.000199999995
6272.3313,324,1,"Compose",0.383300006
6272.3331,324,1,"Update Buffers (CPU)",0.0412000008
6282.9458,325,1,"SetVSync",10.4933
6283.0981,325,1,"RenderPath3D Update",0.1407
6283.102,325,1,"Application Update",10.6596
6283.361,325,1,"Application Render",0.2567
6283.7612,325,1,"Application Compose",0.3808
6284.2932,325,1,"SubmitCommandLists",0.5238
6284.3102,325,1,"Shadowmap packing",0.000199999995
6284.3134,325,1,"Render",0.256399989
6284.3154,325,1,"Procedural Animations",0.000600000028
6284.3177,325,1,"Script Components",9.99999975e-05
6284.3205,325,1,"CPU Frame",11.4737997
6284.3225,325,1,"Input",0.102899998
6284.3248,325,1,"GUI Update",0.0186000001
6284.3268,325,1,"Frustum Culling",0.0524999984
6284.3289,325,1,"Animations",9.99999975e-05
6284.3309,325,1,"Spring Dependencies",0.000199999995
6284.3332,325,1,"GUI Render",0.0458999984
6284.3351,325,1,"Physics",0.00340000005
6284.3371,325,1,"Update",10.6595001
6284.339,325,1,"Fixed Update",0.00120000006
6284.341,325,1,"Spline Update",0.000199999995
6284.3431,325,1,"Compose",0.380600005
6284.345,325,1,"Update Buffers (CPU)",0.0355000012
6294.7714,326,1,"SetVSync",10.3132
6294.8725,326,1,"RenderPath3D Update",0.09
6294.8764,326,1,"Application Update",10.4284
6295.1018,326,1,"Application Render",0.2229
6295.4994,326,1,"Application Compose",0.3796
6296.0733,326,1,"SubmitCommandLists",0.5657
6296.0979,326,1,"Shadowmap packing",9.99999975e-05
6296.1017,326,1,"Render",0.2227
6296.1038,326,1,"Procedural Animations",0.000600000028
6296.1061,326,1,"Script Components",9.99999975e-05
6296.1085,326,1,"CPU Frame",11.2024002
6296.1105,326,1,"Input",0.0979000032
6296.1125,326,1,"GUI Update",0.0174000002
6296.1144,326,1,"Frustum Culling",0.0410000011
6296.1162,326,1,"Animations",9.99999975e-05
6296.118,326,1,"Spring Dependencies",0.000500000024
6296.1201,326,1,"GUI Render",0.0333999991
6296.1219,326,1,"Physics",0.00100000005
6296.1238,326,1,"Update",10.4282999
6296.1257,326,1,"Fixed Update",9.99999975e-05
6296.2032,326,1,"Spline Update",0.000199999995
6296.2064,326,1,"Compose",0.379200011
6296.2085,326,1,"Update Buffers (CPU)",0.0379000008
6306.2454,327,1,"SetVSync",9.9237
6306.3848,327,1,"RenderPath3D Update",0.1277
6306.3891,327,1,"Application Update",10.0775
6306.6302,327,1,"Application Render",0.2388
6307.0579,327,1,"Application Compose",0.4093
6307.6138,327,1,"SubmitCommandLists",0.5468
6307.6308,327,1,"Shadowmap packing",0.000199999995
6307.6339,327,1,"Render",0.238399997
6307.6358,327,1,"Procedural Animations",0.00109999999
6307.638,327,1,"Script Components",9.99999975e-05
6307.6407,327,1,"CPU Frame",10.9787998
6307.6427,327,1,"Input",0.0967999995
6307.6449,327,1,"GUI Update",0.0187999997
6307.6467,327,1,"Frustum Culling",0.0179999992
6307.6485,327,1,"Animations",9.99999975e-05
6307.6504,327,1,"Spring Dependencies",9.99999975e-05
6307.6523,327,1,"GUI Render",0.0472000018
6307.6541,327,1,"Physics",0.00359999994
6307.6559,327,1,"Update",10.0771999
6307.6576,327,1,"Fixed Update",0.00139999995
6307.6595,327,1,"Spline Update",0.000199999995
6307.6614,327,1,"Compose",0.409099996
6307.6632,327,1,"Update Buffers (CPU)",0.0524999984
6318.8138,328,1,"SetVSync",11.0338
6318.985,328,1,"RenderPath3D Update",0.1564
6318.9899,328,1,"Application Update",11.2201
6319.2206,328,1,"Application Render",0.2283
6319.6206,328,1,"Application Compose",0.3823
6320.1787,328,1,"SubmitCommandLists",0.5497
6320.1963,328,1,"Shadowmap packing",0.000199999995
6320.1993,328,1,"Render",0.228
6320.2011,328,1,"Procedural Animations",0.00079999998
6320.2033,328,1,"Script Components",0.000199999995
6320.2057,328,1,"CPU Frame",12.0028
6320.2076,328,1,"Input",0.100500003
6320.2098,328,1,"GUI Update",0.0209999997
6320.2119,328,1,"Frustum Culling",0.0428000018
6320.2137,328,1,"Animations",9.99999975e-05
6320.2161,328,1,"Spring Dependencies",0.000199999995
6320.2182,328,1,"GUI Render",0.0366999991
6320.2199,328,1,"Physics",0.00359999994
6320.2218,328,1,"Update",11.2199001
6320.2236,328,1,"Fixed Update",0.00139999995
6320.2256,328,1,"Spline Update",0.000199999995
6320.2274,328,1,"Compose",0.381999999
6320.2293,328,1,"Update Buffers (CPU)",0.0423999988
6330.2148,329,1,"SetVSync",9.8698
6330.3642,329,1,"RenderPath3D Update",0.1375
6330.368,329,1,"Application Update",10.0358
6330.5907,329,1,"Application Render",0.2201
6331.0446,329,1,"Application Compose",0.4364
6331.6057,329,1,"SubmitCommandLists",0.5516
6331.6313,329,1,"Shadowmap packing",0.000199999995
6331.6346,329,1,"Render",0.219799995
6331.6367,329,1,"Procedural Animations",0.000699999975
6331.639,329,1,"Script Components",9.99999975e-05
6331.6417,329,1,"CPU Frame",10.8627996
6331.6438,329,1,"Input",0.0979000032
6331.6461,329,1,"GUI Update",0.0195000004
6331.6481,329,1,"Frustum Culling",0.0456999987
6331.6499,329,1,"Animations",9.99999975e-05
6331.6517,329,1,"Spring Dependencies",9.99999975e-05
6331.6537,329,1,"GUI Render",0.0350000001
6331.6554,329,1,"Physics",0.00350000011
6331.6573,329,1,"Update",10.0355997
6331.6591,329,1,"Fixed Update",9.99999975e-05
6331.6608,329,1,"Spline Update",0.000199999995
6331.6628,329,1,"Compose",0.436199993
6331.6646,329,1,"Update Buffers (CPU)",0.0368999988
6341.5508,330,1,"SetVSync",9.7723
6341.7108,330,1,"RenderPath3D Update",0.1475
6341.715,330,1,"Application Update",9.9468
6341.9868,330,1,"Application Render",0.2693
6342.3891,330,1,"Application Compose",0.3834
6342.9393,330,1,"SubmitCommandLists",0.5414
6342.9565,330,1,"Shadowmap packing",0.000199999995
6342.9595,330,1,"Render",0.268999994
6342.9615,330,1,"Procedural Animations",0.000899999985
6342.9636,330,1,"Script Components",9.99999975e-05
6342.9666,330,1,"CPU Frame",10.7772999
6342.9686,330,1,"Input",0.0973000005
6342.9706,330,1,"GUI Update",0.0208999999
6342.9725,330,1,"Frustum Culling",0.0502000004
6342.9744,330,1,"Animations",0.000199999995
6342.9763,330,1,"Spring Dependencies",0.000199999995
6342.9782,330,1,"GUI Render",0.0364000015
6342.98,330,1,"Physics",0.000699999975
6342.982,330,1,"Update",9.9467001
6342.9839,330,1,"Fixed Update",0.00150000001
6342.9858,330,1,"Spline Update",9.99999975e-05
6342.9877,330,1,"Compose",0.38319999
6343.0211,330,1,"Update Buffers (CPU)",0.0410000011
6353.3861,331,1,"SetVSync",10.2487
6353.5327,331,1,"RenderPath3D Update",0.1352
6353.5376,331,1,"Application Update",10.4105
6353.7625,331,1,"Application Render",0.2216
6354.1591,331,1,"Application Compose",0.3815
6354.7272,331,1,"SubmitCommandLists",0.5602
6354.7445,331,1,"Shadowmap packing",0.000199999995
6354.7477,331,1,"Render",0.221399993
6354.7496,331,1,"Procedural Animations",0.000500000024
6354.7518,331,1,"Script Components",0.00039999999
6354.7541,331,1,"CPU Frame",11.2157001
6354.7561,331,1,"Input",0.0996000022
6354.7582,331,1,"GUI Update",0.0194000006
6354.76,331,1,"Frustum Culling",0.0502000004
6354.7619,331,1,"Animations",9.99999975e-05
6354.764,331,1,"Spring Dependencies",0.000199999995
6354.7662,331,1,"GUI Render",0.0346000008
6354.768,331,1,"Physics",0.00449999981
6354.7699,331,1,"Update",10.4103003
6354.7717,331,1,"Fixed Update",0.00139999995
6354.7735,331,1,"Spline Update",9.99999975e-05
6354.7753,331,1,"Compose",0.381199986
6354.7772,331,1,"Update Buffers (CPU)",0.0348000005
6365.2039,332,1,"SetVSync",10.3141
6365.39,332,1,"RenderPath3D Update",0.1555
6365.3939,332,1,"Application Update",10.5151
6365.6701,332,1,"Application Render",0.2734
6366.0749,332,1,"Application Compose",0.387
6366.701,332,1,"SubmitCommandLists",0.6171
6366.7219,332,1,"Shadowmap packing",9.99999975e-05
6366.7255,332,1,"Render",0.273000002
6366.7276,332,1,"Procedural Animations",0.00150000001
6366.73,332,1,"Script Components",9.99999975e-05
6366.7327,332,1,"CPU Frame",11.3435001
6366.7346,332,1,"Input",0.0969000012
6366.7367,332,1,"GUI Update",0.0260000005
6366.7386,332,1,"Frustum Culling",0.0436999984
6366.7404,332,1,"Animations",9.99999975e-05
6366.7422,332,1,"Spring Dependencies",0.000899999985
6366.7444,332,1,"GUI Render",0.0395000018
6366.7461,332,1,"Physics",0.00469999993
6366.7479,332,1,"Update",10.5149002
6366.7498,332,1,"Fixed Update",0
6366.7518,332,1,"Spline Update",0.000300000014
6366.7537,332,1,"Compose",0.386799991
6366.7559,332,1,"Update Buffers (CPU)",0.0544000007
6377.402,333,1,"SetVSync",10.5152
6377.5149,333,1,"RenderPath3D Update",0.0995
6377.5197,333,1,"Application Update",10.6455
6377.7809,333,1,"Application Render",0.2587
6378.1997,333,1,"Application Compose",0.3986
6378.763,333,1,"SubmitCommandLists",0.5546
6378.782,333,1,"Shadowmap packing",0.000199999995
6378.7852,333,1,"Render",0.258399993
6378.7873,333,1,"Procedural Animations",0.000500000024
6378.7895,333,1,"Script Components",9.99999975e-05
6378.7923,333,1,"CPU Frame",11.4928999
6378.7944,333,1,"Input",0.111500002
6378.7968,333,1,"GUI Update",0.0212999992
6378.7989,333,1,"Frustum Culling",0.0522000007
6378.8009,333,1,"Animations",9.99999975e-05
6378.8029,333,1,"Spring Dependencies",9.99999975e-05
6378.805,333,1,"GUI Render",0.0463999994
6378.8069,333,1,"Physics",0.0013
6378.8088,333,1,"Update",10.6454
6378.8108,333,1,"Fixed Update",0.00170000002
6378.8127,333,1,"Spline Update",0.000199999995
6378.8148,333,1,"Compose",0.398200005
6378.8168,333,1,"Update Buffers (CPU)",0.0406999998
6388.4639,334,1,"SetVSync",9.5169
6388.6133,334,1,"RenderPath3D Update",0.1385
6388.6178,334,1,"Application Update",9.6815
6388.8982,334,1,"Application Render",0.2781
6389.3621,334,1,"Application Compose",0.42
6389.8711,334,1,"SubmitCommandLists",0.4995
6389.888,334,1,"Shadowmap packing",9.99999975e-05
6389.8915,334,1,"Render",0.27790001
6389.8933,334,1,"Procedural Animations",0.00039999999
6389.8954,334,1,"Script Components",9.99999975e-05
6389.8976,334,1,"CPU Frame",10.5952997
6389.8994,334,1,"Input",0.112999998
6389.9014,334,1,"GUI Update",0.0188999996
6389.9033,334,1,"Frustum Culling",0.0381000005
6389.905,334,1,"Animations",9.99999975e-05
6389.9068,334,1,"Spring Dependencies",0.000199999995
6389.9087,334,1,"GUI Render",0.0480000004
6389.9104,334,1,"Physics",0.00389999989
6389.9121,334,1,"Update",9.68130016
6389.9139,334,1,"Fixed Update",0.00139999995
6389.9157,334,1,"Spline Update",0.000199999995
6389.9175,334,1,"Compose",0.419699997
6389.9193,334,1,"Update Buffers (CPU)",0.0491999984
6400.8954,335,1,"SetVSync",10.8645
6401.0661,335,1,"RenderPath3D Update",0.13
6401.0716,335,1,"Application Update",11.0511
6401.3476,335,1,"Application Render",0.2734
6401.7469,335,1,"Application Compose",0.3714
6402.2613,335,1,"SubmitCommandLists",0.5066
6402.2776,335,1,"Shadowmap packing",9.99999975e-05
6402.2808,335,1,"Render",0.273099989
6402.2826,335,1,"Procedural Animations",0.000600000028
6402.285,335,1,"Script Components",9.99999975e-05
6402.2873,335,1,"CPU Frame",11.8724003
6402.2892,335,1,"Input",0.0953999981
6402.2913,335,1,"GUI Update",0.0181000009
6402.293,335,1,"Frustum Culling",0.0350000001
6402.2948,335,1,"Animations",9.99999975e-05
6402.2965,335,1,"Spring Dependencies",0.000199999995
6402.2985,335,1,"GUI Render",0.0350000001
6402.3002,335,1,"Physics",0.00529999984
6402.3019,335,1,"Update",11.0509996
6402.3037,335,1,"Fixed Update",0.0013
6402.3055,335,1,"Spline Update",9.99999975e-05
6402.3073,335,1,"Compose",0.371199995
6402.309,335,1,"Update Buffers (CPU)",0.0557000004
6412.1584,336,1,"SetVSync",9.7407
6412.2734,336,1,"RenderPath3D Update",0.1031
6412.2785,336,1,"Application Update",9.8704
6412.5973,336,1,"Application Render",0.3162
6413.0007,336,1,"Application Compose",0.3832
6413.5476,336,1,"SubmitCommandLists",0.538
6413.5641,336,1,"Shadowmap packing",0.000199999995
6413.5669,336,1,"Render",0.316000015
6413.569,336,1,"Procedural Animations",0.000600000028
6413.5713,336,1,"Script Components",9.99999975e-05
6413.5741,336,1,"CPU Frame",10.7360001
6413.5762,336,1,"Input",0.0944999978
6413.5785,336,1,"GUI Update",0.0194000006
6413.5802,336,1,"Frustum Culling",0.0467000008
6413.5821,336,1,"Animations",0.000199999995
6413.5839,336,1,"Spring Dependencies",0.000199999995
6413.5858,336,1,"GUI Render",0.056499999
6413.5876,336,1,"Physics",0.000699999975
6413.5893,336,1,"Update",9.87020016
6413.5911,336,1,"Fixed Update",9.99999975e-05
6413.593,336,1,"Spline Update",0.000199999995
6413.5948,336,1,"Compose",0.382999986
6413.5966,336,1,"Update Buffers (CPU)",0.0568000004
6423.4544,337,1,"SetVSync",9.7475
6423.6047,337,1,"RenderPath3D Update",0.1406
6423.609,337,1,"Application Update",9.9116
6423.8993,337,1,"Application Render",0.288
6424.3302,337,1,"Application Compose",0.386
6424.8758,337,1,"SubmitCommandLists",0.5371
6424.8935,337,1,"Shadowmap packing",0.000199999995
6424.8963,337,1,"Render",0.287699997
6424.8983,337,1,"Procedural Animations",0.000600000028
6424.9004,337,1,"Script Components",9.99999975e-05
6424.9029,337,1,"CPU Frame",10.7793999
6424.905,337,1,"Input",0.0944000036
6424.9073,337,1,"GUI Update",0.0173000004
6424.9092,337,1,"Frustum Culling",0.0417999998
6424.9111,337,1,"Animations",9.99999975e-05
6424.9129,337,1,"Spring Dependencies",0.000199999995
6424.9149,337,1,"GUI Render",0.0331999995
6424.9166,337,1,"Physics",0.0037
6424.9184,337,1,"Update",9.91139984
6424.9204,337,1,"Fixed Update",0.00159999996
6424.9222,337,1,"Spline Update",0.000199999995
6424.924,337,1,"Compose",0.385699987
6424.9259,337,1,"Update Buffers (CPU)",0.0553000011
6436.6205,338,1,"SetVSync",11.5779
6436.8027,338,1,"RenderPath3D Update",0.1671
6436.817,338,1,"Application Update",11.7842
6437.1235,338,1,"Application Render",0.3042
6437.5271,338,1,"Application Compose",0.3864
6438.1492,338,1,"SubmitCommandLists",0.614
6438.167,338,1,"Shadowmap packing",9.99999975e-05
6438.1703,338,1,"Render",0.303900003
6438.1724,338,1,"Procedural Animations",0.00079999998
6438.1747,338,1,"Script Components",0.000199999995
6438.1771,338,1,"CPU Frame",12.6473999
6438.1791,338,1,"Input",0.100699998
6438.1811,338,1,"GUI Update",0.0215000007
6438.1831,338,1,"Frustum Culling",0.0515000001
6438.185,338,1,"Animations",9.99999975e-05
6438.1869,338,1,"Spring Dependencies",9.99999975e-05
6438.1892,338,1,"GUI Render",0.0355000012
6438.191,338,1,"Physics",0.0215000007
6438.1928,338,1,"Update",11.7840004
6438.1947,338,1,"Fixed Update",0.00139999995
6438.1966,338,1,"Spline Update",0.000199999995
6438.1985,338,1,"Compose",0.386200011
6438.2006,338,1,"Update Buffers (CPU)",0.0625
6448.1744,339,1,"SetVSync",9.8433
6448.3193,339,1,"RenderPath3D Update",0.1326
6448.3245,339,1,"Application Update",10.0055
6448.6238,339,1,"Application Render",0.2666
6449.0292,339,1,"Application Compose",0.385
6449.5697,339,1,"SubmitCommandLists",0.532
6449.5873,339,1,"Shadowmap packing",0.000199999995
6449.5907,339,1,"Render",0.266200006
6449.5926,339,1,"Procedural Animations",0.00079999998
6449.5948,339,1,"Script Components",9.99999975e-05
6449.5974,339,1,"CPU Frame",10.8758001
6449.5994,339,1,"Input",0.1118
6449.6014,339,1,"GUI Update",0.0199999996
6449.6034,339,1,"Frustum Culling",0.0406000018
6449.6052,339,1,"Animations",0.000199999995
6449.607,339,1,"Spring Dependencies",9.99999975e-05
6449.6092,339,1,"GUI Render",0.0351000018
6449.6109,339,1,"Physics",0.00439999998
6449.6128,339,1,"Update",10.0052996
6449.6146,339,1,"Fixed Update",0.00139999995
6449.6164,339,1,"Spline Update",9.99999975e-05
6449.6181,339,1,"Compose",0.384799987
6449.62,339,1,"Update Buffers (CPU)",0.0421999991
6459.4354,340,1,"SetVSync",9.7029
6459.5911,340,1,"RenderPath3D Update",0.1446
6459.5948,340,1,"Application Update",9.8733
6459.8498,340,1,"Application Render",0.2525
6460.2459,340,1,"Application Compose",0.3784
6460.7541,340,1,"SubmitCommandLists",0.5001
6460.7715,340,1,"Shadowmap packing",0.000199999995
6460.7749,340,1,"Render",0.252299994
6460.7769,340,1,"Procedural Animations",0.000500000024
6460.7791,340,1,"Script Components",9.99999975e-05
6460.7817,340,1,"CPU Frame",10.6725998
6460.7837,340,1,"Input",0.0967999995
6460.7859,340,1,"GUI Update",0.0178999994
6460.7877,340,1,"Frustum Culling",0.0533999987
6460.7895,340,1,"Animations",9.99999975e-05
6460.7912,340,1,"Spring Dependencies",9.99999975e-05
6460.7932,340,1,"GUI Render",0.0465000011
6460.795,340,1,"Physics",0.00079999998
6460.7969,340,1,"Update",9.87310028
6460.7989,340,1,"Fixed Update",9.99999975e-05
6460.8006,340,1,"Spline Update",0.000199999995
6460.8025,340,1,"Compose",0.378199995
6460.8043,340,1,"Update Buffers (CPU)",0.0362999998
6470.7245,341,1,"SetVSync",9.8144
6470.8834,341,1,"RenderPath3D Update",0.1439
6470.8873,341,1,"Application Update",9.9865
6471.1663,341,1,"Application Render",0.2766
6471.568,341,1,"Application Compose",0.3843
6472.1282,341,1,"SubmitCommandLists",0.5516
6472.1463,341,1,"Shadowmap packing",0.000199999995
6472.1493,341,1,"Render",0.276300013
6472.1511,341,1,"Procedural Animations",0.00079999998
6472.1532,341,1,"Script Components",9.99999975e-05
6472.156,341,1,"CPU Frame",10.8094997
6472.158,341,1,"Input",0.0905999988
6472.1603,341,1,"GUI Update",0.0225000009
6472.1623,341,1,"Frustum Culling",0.0595000014
6472.164,341,1,"Animations",0
6472.1659,341,1,"Spring Dependencies",0.000199999995
6472.168,341,1,"GUI Render",0.0362999998
6472.1698,341,1,"Physics",0.00449999981
6472.1716,341,1,"Update",9.98620033
6472.1735,341,1,"Fixed Update",0.00139999995
6472.1753,341,1,"Spline Update",0.000199999995
6472.1771,341,1,"Compose",0.38409999
6472.1789,341,1,"Update Buffers (CPU)",0.0593000017
6483.7088,342,1,"SetVSync",11.3968
6483.8968,342,1,"RenderPath3D Update",0.1723
6483.9018,342,1,"Application Update",11.6019
6484.2019,342,1,"Application Render",0.2975
6484.6102,342,1,"Application Compose",0.3879
6485.2216,342,1,"SubmitCommandLists",0.6014
6485.2408,342,1,"Shadowmap packing",0.000300000014
6485.2438,342,1,"Render",0.297100008
6485.2459,342,1,"Procedural Animations",0.000699999975
6485.2479,342,1,"Script Components",9.99999975e-05
6485.2507,342,1,"CPU Frame",12.4777002
6485.2526,342,1,"Input",0.105899997
6485.2549,342,1,"GUI Update",0.0227000006
6485.2568,342,1,"Frustum Culling",0.0441000015
6485.2586,342,1,"Animations",9.99999975e-05
6485.2604,342,1,"Spring Dependencies",0.000300000014
6485.2625,342,1,"GUI Render",0.0392999984
6485.2643,342,1,"Physics",0.00430000015
6485.2662,342,1,"Update",11.6016998
6485.2684,342,1,"Fixed Update",0.00999999978
6485.2702,342,1,"Spline Update",0.000199999995
6485.2721,342,1,"Compose",0.387600005
6485.2739,342,1,"Update Buffers (CPU)",0.0615999997
6495.0991,343,1,"SetVSync",9.6965
6495.2807,343,1,"RenderPath3D Update",0.1602
6495.2871,343,1,"Application Update",9.8983
6495.631,343,1,"Application Render",0.3408
6496.0439,343,1,"Application Compose",0.3902
6496.7997,343,1,"SubmitCommandLists",0.7069
6496.8256,343,1,"Shadowmap packing",0.000300000014
6496.8289,343,1,"Render",0.340499997
6496.8309,343,1,"Procedural Animations",0.00120000006
6496.8332,343,1,"Script Components",0.000300000014
6496.8355,343,1,"CPU Frame",10.8565998
6496.8374,343,1,"Input",0.108900003
6496.8397,343,1,"GUI Update",0.0277999993
6496.8417,343,1,"Frustum Culling",0.0568000004
6496.8436,343,1,"Animations",9.99999975e-05
6496.8459,343,1,"Spring Dependencies",9.99999975e-05
6496.8481,343,1,"GUI Render",0.0412999988
6496.8499,343,1,"Physics",0.0013
6496.8517,343,1,"Update",9.89799976
6496.8536,343,1,"Fixed Update",9.99999975e-05
6496.8553,343,1,"Spline Update",0.000300000014
6496.8572,343,1,"Compose",0.389899999
6496.8592,343,1,"Update Buffers (CPU)",0.0688000023
6507.0227,344,1,"SetVSync",10.0124
6507.2092,344,1,"RenderPath3D Update",0.1717
6507.2141,344,1,"Application Update",10.2198
6507.5998,344,1,"Application Render",0.3832
6508.0267,344,1,"Application Compose",0.3961
6508.6312,344,1,"SubmitCommandLists",0.5947
6508.6493,344,1,"Shadowmap packing",0.000199999995
6508.6525,344,1,"Render",0.382999986
6508.6545,344,1,"Procedural Animations",0.000899999985
6508.6568,344,1,"Script Components",0
6508.6592,344,1,"CPU Frame",11.2195997
6508.6612,344,1,"Input",0.126399994
6508.6633,344,1,"GUI Update",0.0263
6508.6653,344,1,"Frustum Culling",0.0683000013
6508.6673,344,1,"Animations",9.99999975e-05
6508.6695,344,1,"Spring Dependencies",0.000199999995
6508.6716,344,1,"GUI Render",0.0410000011
6508.6734,344,1,"Physics",0.00590000022
6508.6752,344,1,"Update",10.2195997
6508.677,344,1,"Fixed Update",0.00310000009
6508.6789,344,1,"Spline Update",0.000199999995
6508.6808,344,1,"Compose",0.395799994
6508.683,344,1,"Update Buffers (CPU)",0.0702999979
6519.3961,345,1,"SetVSync",10.5841
6519.5259,345,1,"RenderPath3D Update",0.118
6519.5318,345,1,"Application Update",10.7329
6519.8189,345,1,"Application Render",0.2831
6520.2153,345,1,"Application Compose",0.3746
6520.7642,345,1,"SubmitCommandLists",0.5406
6520.7821,345,1,"Shadowmap packing",0.000199999995
6520.7854,345,1,"Render",0.282900006
6520.7874,345,1,"Procedural Animations",0.00079999998
6520.7897,345,1,"Script Components",9.99999975e-05
6520.7923,345,1,"CPU Frame",11.5797997
6520.7944,345,1,"Input",0.1087
6520.7965,345,1,"GUI Update",0.0198999997
6520.7985,345,1,"Frustum Culling",0.0381000005
6520.8005,345,1,"Animations",9.99999975e-05
6520.8023,345,1,"Spring Dependencies",9.99999975e-05
6520.8044,345,1,"GUI Render",0.0592
6520.8061,345,1,"Physics",0.00469999993
6520.808,345,1,"Update",10.7327003
6520.8099,345,1,"Fixed Update",0.00200000009
6520.8117,345,1,"Spline Update",0.000199999995
6520.8136,345,1,"Compose",0.37439999
6520.8155,345,1,"Update Buffers (CPU)",0.0675000027
6534.5189,346,1,"SetVSync",13.5825
6534.6858,346,1,"RenderPath3D Update",0.1532
6534.6904,346,1,"Application Update",13.7666
6535.1857,346,1,"Application Render",0.4929
6535.6084,346,1,"Application Compose",0.3958
6536.2348,346,1,"SubmitCommandLists",0.6175
6536.2528,346,1,"Shadowmap packing",0.000199999995
6536.2557,346,1,"Render",0.492599994
6536.2578,346,1,"Procedural Animations",0.000600000028
6536.2599,346,1,"Script Components",9.99999975e-05
6536.2625,346,1,"CPU Frame",14.8406
6536.2645,346,1,"Input",0.103399999
6536.2665,346,1,"GUI Update",0.0203000009
6536.2685,346,1,"Frustum Culling",0.050999999
6536.2704,346,1,"Animations",9.99999975e-05
6536.2722,346,1,"Spring Dependencies",0.000199999995
6536.2742,346,1,"GUI Render",0.189400002
6536.276,346,1,"Physics",0.00380000006
6536.2779,346,1,"Update",13.7663002
6536.2798,346,1,"Fixed Update",9.99999975e-05
6536.2816,346,1,"Spline Update",9.99999975e-05
6536.2833,346,1,"Compose",0.395399988
6536.2852,346,1,"Update Buffers (CPU)",0.0751999989
6550.2514,347,1,"SetVSync",13.8426
6550.3811,347,1,"RenderPath3D Update",0.1181
6550.3854,347,1,"Application Update",13.9885
6550.8394,347,1,"Application Render",0.4516
6551.2638,347,1,"Application Compose",0.3879
6551.7634,347,1,"SubmitCommandLists",0.4911
6551.7797,347,1,"Shadowmap packing",0.000199999995
6551.8267,347,1,"Render",0.451400012
6551.8287,347,1,"Procedural Animations",0.000600000028
6551.8309,347,1,"Script Components",0.000199999995
6551.833,347,1,"CPU Frame",15.0244999
6551.835,347,1,"Input",0.104900002
6551.8371,347,1,"GUI Update",0.0190999992
6551.8391,347,1,"Frustum Culling",0.0443000011
6551.841,347,1,"Animations",9.99999975e-05
6551.8433,347,1,"Spring Dependencies",0.000199999995
6551.8454,347,1,"GUI Render",0.211500004
6551.8471,347,1,"Physics",0.00400000019
6551.8488,347,1,"Update",13.9883003
6551.8507,347,1,"Fixed Update",0.00159999996
6551.8525,347,1,"Spline Update",9.99999975e-05
6551.8545,347,1,"Compose",0.387699991
6551.8562,347,1,"Update Buffers (CPU)",0.0710000023
6566.2864,348,1,"SetVSync",14.3161
6566.4294,348,1,"RenderPath3D Update",0.1308
6566.4338,348,1,"Application Update",14.4739
6566.6592,348,1,"Application Render",0.2231
6567.0578,348,1,"Application Compose",0.3802
6567.559,348,1,"SubmitCommandLists",0.4928
6567.5764,348,1,"Shadowmap packing",0.000199999995
6567.5791,348,1,"Render",0.222800002
6567.581,348,1,"Procedural Animations",0.000600000028
6567.5832,348,1,"Script Components",9.99999975e-05
6567.5857,348,1,"CPU Frame",15.2909002
6567.5877,348,1,"Input",0.0974999964
6567.5898,348,1,"GUI Update",0.0195000004
6567.5917,348,1,"Frustum Culling",0.0403000005
6567.5936,348,1,"Animations",9.99999975e-05
6567.5954,348,1,"Spring Dependencies",0.000199999995
6567.5973,348,1,"GUI Render",0.0362000018
6567.5995,348,1,"Physics",0.000899999985
6567.6013,348,1,"Update",14.4736004
6567.6031,348,1,"Fixed Update",0.00139999995
6567.605,348,1,"Spline Update",9.99999975e-05
6567.6068,348,1,"Compose",0.379999995
6567.6088,348,1,"Update Buffers (CPU)",0.0449000001
6581.869,349,1,"SetVSync",14.1025
6582.0016,349,1,"RenderPath3D Update",0.1205
6582.0066,349,1,"Application Update",14.2509
6582.2602,349,1,"Application Render",0.2502
6582.6611,349,1,"Application Compose",0.3823
6583.1915,349,1,"SubmitCommandLists",0.522
6583.2083,349,1,"Shadowmap packing",9.99999975e-05
6583.2118,349,1,"Render",0.249899998
6583.2138,349,1,"Procedural Animations",0.000699999975
6583.2161,349,1,"Script Components",9.99999975e-05
6583.2184,349,1,"CPU Frame",15.0976
6583.2203,349,1,"Input",0.140799999
6583.2223,349,1,"GUI Update",0.0198999997
6583.2244,349,1,"Frustum Culling",0.0502000004
6583.2262,349,1,"Animations",9.99999975e-05
6583.2279,349,1,"Spring Dependencies",0
6583.23,349,1,"GUI Render",0.0346999988
6583.2318,349,1,"Physics",0.00380000006
6583.2337,349,1,"Update",14.2507
6583.2354,349,1,"Fixed Update",0.00150000001
6583.2373,349,1,"Spline Update",0.000199999995
6583.2393,349,1,"Compose",0.382099986
6583.2411,349,1,"Update Buffers (CPU)",0.0421000011
6597.7279,350,1,"SetVSync",14.3645
6597.8371,350,1,"RenderPath3D Update",0.0972
6597.8419,350,1,"Application Update",14.4902
6598.0833,350,1,"Application Render",0.2389
6598.4804,350,1,"Application Compose",0.3798
6598.9979,350,1,"SubmitCommandLists",0.5094
6599.0142,350,1,"Shadowmap packing",0.000300000014
6599.0172,350,1,"Render",0.238700002
6599.0195,350,1,"Procedural Animations",0.000500000024
6599.0216,350,1,"Script Components",9.99999975e-05
6599.0245,350,1,"CPU Frame",15.2849998
6599.0264,350,1,"Input",0.104199998
6599.0285,350,1,"GUI Update",0.0181000009
6599.0305,350,1,"Frustum Culling",0.0498000011
6599.0324,350,1,"Animations",0.000199999995
6599.0342,350,1,"Spring Dependencies",0.000199999995
6599.0362,350,1,"GUI Render",0.0463999994
6599.0379,350,1,"Physics",0.00359999994
6599.0397,350,1,"Update",14.4899998
6599.0415,350,1,"Fixed Update",0.00139999995
6599.0433,350,1,"Spline Update",0.000199999995
6599.0452,350,1,"Compose",0.379599988
6599.047,350,1,"Update Buffers (CPU)",0.0373000018
6772.4849,351,1,"SetVSync",173.3194
6772.6886,351,1,"RenderPath3D Update",0.1804
6772.695,351,1,"Application Update",173.5398
6773.1036,351,1,"Application Render",0.4058
6773.5527,351,1,"Application Compose",0.4108
6774.3225,351,1,"SubmitCommandLists",0.7605
6774.3418,351,1,"Shadowmap packing",0.000199999995
6774.3451,351,1,"Render",0.405400008
6774.381,351,1,"Procedural Animations",0.00120000006
6774.3839,351,1,"Script Components",9.99999975e-05
6774.3943,351,1,"CPU Frame",174.551407
6774.3963,351,1,"Input",0.101599999
6774.3984,351,1,"GUI Update",0.0287999995
6774.4007,351,1,"Frustum Culling",0.0494999997
6774.4025,351,1,"Animations",9.99999975e-05
6774.4042,351,1,"Spring Dependencies",0.000199999995
6774.4063,351,1,"GUI Render",0.0590999983
6774.4079,351,1,"Physics",0.00609999988
6774.4096,351,1,"Update",173.539505
6774.4112,351,1,"Fixed Update",0.0013
6774.413,351,1,"Spline Update",0.000300000014
6774.4149,351,1,"Compose",0.41049999
6774.4166,351,1,"Update Buffers (CPU)",0.0764999986
6792.0193,352,1,"SetVSync",17.4578
6792.2002,352,1,"RenderPath3D Update",0.1661
6792.2046,352,1,"Application Update",17.6565
6792.6447,352,1,"Application Render",0.4376
6793.0722,352,1,"Application Compose",0.3938
6793.6859,352,1,"SubmitCommandLists",0.6039
6793.7049,352,1,"Shadowmap packing",0.000300000014
6793.7082,352,1,"Render",0.43720001
6793.7105,352,1,"Procedural Animations",0.00079999998
6793.7129,352,1,"Script Components",9.99999975e-05
6793.716,352,1,"CPU Frame",18.7451992
6793.7182,352,1,"Input",0.123000003
6793.7204,352,1,"GUI Update",0.0237000007
6793.7226,352,1,"Frustum Culling",0.0553000011
6793.7247,352,1,"Animations",9.99999975e-05
6793.7267,352,1,"Spring Dependencies",0.000199999995
6793.7291,352,1,"GUI Render",0.0401000008
6793.7311,352,1,"Physics",0.00730000017
6793.7333,352,1,"Update",17.6562996
6793.7353,352,1,"Fixed Update",0.00300000003
6793.7372,352,1,"Spline Update",0.000500000024
6793.7394,352,1,"Compose",0.3935
6793.7415,352,1,"Update Buffers (CPU)",0.0582999997
6808.9211,353,1,"SetVSync",15.046
6809.023,353,1,"RenderPath3D Update",0.0891
6809.029,353,1,"Application Update",15.1662
6809.2785,353,1,"Application Render",0.2461
6809.6833,353,1,"Application Compose",0.3855
6810.2137,353,1,"SubmitCommandLists",0.5218
6810.2318,353,1,"Shadowmap packing",0.000199999995
6810.2347,353,1,"Render",0.245900005
6810.2365,353,1,"Procedural Animations",0.000600000028
6810.2386,353,1,"Script Components",0
6810.2409,353,1,"CPU Frame",15.9921999
6810.2427,353,1,"Input",0.114
6810.245,353,1,"GUI Update",0.0199999996
6810.2474,353,1,"Frustum Culling",0.0412000008
6810.2492,353,1,"Animations",0
6810.251,353,1,"Spring Dependencies",0.000199999995
6810.253,353,1,"GUI Render",0.0364999995
6810.2548,353,1,"Physics",0.00490000006
6810.2567,353,1,"Update",15.1660004
6810.2586,353,1,"Fixed Update",0.00179999997
6810.2605,353,1,"Spline Update",0.000199999995
6810.2625,353,1,"Compose",0.38530001
6810.2644,353,1,"Update Buffers (CPU)",0.0441000015
6824.9485,354,1,"SetVSync",14.57
6825.1024,354,1,"RenderPath3D Update",0.1417
6825.1069,354,1,"Application Update",14.7393
6825.5502,354,1,"Application Render",0.4409
6825.9553,354,1,"Application Compose",0.3856
6826.6282,354,1,"SubmitCommandLists",0.6642
6826.6456,354,1,"Shadowmap packing",9.99999975e-05
6826.6489,354,1,"Render",0.440600008
6826.651,354,1,"Procedural Animations",0.000500000024
6826.6532,354,1,"Script Components",9.99999975e-05
6826.6556,354,1,"CPU Frame",15.7372999
6826.6575,354,1,"Input",0.0970000029
6826.6597,354,1,"GUI Update",0.0192000009
6826.6616,354,1,"Frustum Culling",0.0425999984
6826.6634,354,1,"Animations",9.99999975e-05
6826.6652,354,1,"Spring Dependencies",0.000199999995
6826.6673,354,1,"GUI Render",0.190099999
6826.6692,354,1,"Physics",0.00319999992
6826.671,354,1,"Update",14.7391005
6826.6728,354,1,"Fixed Update",0.00150000001
6826.6747,354,1,"Spline Update",0.000199999995
6826.6765,354,1,"Compose",0.38530001
6826.6784,354,1,"Update Buffers (CPU)",0.0394000001
6842.008,355,1,"SetVSync",15.2146
6842.1154,355,1,"RenderPath3D Update",0.091
6842.1199,355,1,"Application Update",15.3369
6842.3788,355,1,"Application Render",0.2557
6842.7817,355,1,"Application Compose",0.3846
6843.335,355,1,"SubmitCommandLists",0.5454
6843.3534,355,1,"Shadowmap packing",0.000199999995
6843.3565,355,1,"Render",0.255499989
6843.3584,355,1,"Procedural Animations",0.000500000024
6843.3605,355,1,"Script Components",9.99999975e-05
6843.3938,355,1,"CPU Frame",16.1492004
6843.3961,355,1,"Input",0.0987000018
6843.3984,355,1,"GUI Update",0.0220999997
6843.4004,355,1,"Frustum Culling",0.0516999997
6843.4024,355,1,"Animations",9.99999975e-05
6843.4042,355,1,"Spring Dependencies",0.000300000014
6843.4066,355,1,"GUI Render",0.0491000004
6843.4083,355,1,"Physics",0.00469999993
6843.4102,355,1,"Update",15.3367004
6843.4121,355,1,"Fixed Update",0.0013
6843.4141,355,1,"Spline Update",0.000300000014
6843.416,355,1,"Compose",0.38440001
6843.4181,355,1,"Update Buffers (CPU)",0.0494999997
6858.6087,356,1,"SetVSync",15.0644
6858.7737,356,1,"RenderPath3D Update",0.152
6858.7786,356,1,"Application Update",15.2469
6859.1085,356,1,"Application Render",0.3274
6859.5158,356,1,"Application Compose",0.3869
6860.0118,356,1,"SubmitCommandLists",0.4871
6860.0292,356,1,"Shadowmap packing",0.000199999995
6860.0322,356,1,"Render",0.327100009
6860.0341,356,1,"Procedural Animations",0.000500000024
6860.0361,356,1,"Script Components",9.99999975e-05
6860.0388,356,1,"CPU Frame",16.1763992
6860.0408,356,1,"Input",0.106899999
6860.0429,356,1,"GUI Update",0.0206000004
6860.0447,356,1,"Frustum Culling",0.0524000004
6860.0465,356,1,"Animations",9.99999975e-05
6860.0482,356,1,"Spring Dependencies",9.99999975e-05
6860.0503,356,1,"GUI Render",0.0454999991
6860.0519,356,1,"Physics",0.0193000007
6860.0536,356,1,"Update",15.2466002
6860.0554,356,1,"Fixed Update",0.00170000002
6860.0574,356,1,"Spline Update",0.000300000014
6860.0592,356,1,"Compose",0.386599988
6860.061,356,1,"Update Buffers (CPU)",0.0410999991
6876.3637,357,1,"SetVSync",16.1884
6876.4853,357,1,"RenderPath3D Update",0.1059
6876.4896,357,1,"Application Update",16.3249
6876.7543,357,1,"Application Render",0.2622
6877.1591,357,1,"Application Compose",0.3857
6877.7054,357,1,"SubmitCommandLists",0.5369
6877.722,357,1,"Shadowmap packing",0.000300000014
6877.725,357,1,"Render",0.261999995
6877.7269,357,1,"Procedural Animations",0.000500000024
6877.7295,357,1,"Script Components",9.99999975e-05
6877.7322,357,1,"CPU Frame",17.1432991
6877.7341,357,1,"Input",0.0974000022
6877.7363,357,1,"GUI Update",0.0208999999
6877.7382,357,1,"Frustum Culling",0.0529000014
6877.74,357,1,"Animations",0
6877.7419,357,1,"Spring Dependencies",0.000199999995
6877.7441,357,1,"GUI Render",0.0359999985
6877.7459,357,1,"Physics",0.00380000006
6877.7476,357,1,"Update",16.3246994
6877.7495,357,1,"Fixed Update",0.00139999995
6877.7513,357,1,"Spline Update",0.000199999995
6877.7532,357,1,"Compose",0.38530001
6877.7553,357,1,"Update Buffers (CPU)",0.0443999991
6892.5767,358,1,"SetVSync",14.6988
6892.7259,358,1,"RenderPath3D Update",0.1364
6892.7313,358,1,"Application Update",14.8651
6893.2163,358,1,"Application Render",0.465
6893.6201,358,1,"Application Compose",0.3845
6894.1538,358,1,"SubmitCommandLists",0.5248
6894.1721,358,1,"Shadowmap packing",9.99999975e-05
6894.1906,358,1,"Render",0.464700013
6894.1928,358,1,"Procedural Animations",0.000600000028
6894.1952,358,1,"Script Components",9.99999975e-05
6894.1979,358,1,"CPU Frame",15.9106998
6894.2,358,1,"Input",0.104699999
6894.2023,358,1,"GUI Update",0.0210999995
6894.2045,358,1,"Frustum Culling",0.0394000001
6894.2066,358,1,"Animations",9.99999975e-05
6894.2086,358,1,"Spring Dependencies",0.000199999995
6894.2109,358,1,"GUI Render",0.0351000018
6894.213,358,1,"Physics",0.00359999994
6894.2151,358,1,"Update",14.8648996
6894.217,358,1,"Fixed Update",0.00159999996
6894.2191,358,1,"Spline Update",0.000199999995
6894.2212,358,1,"Compose",0.384200007
6894.2233,358,1,"Update Buffers (CPU)",0.0538999997
6910.1595,359,1,"SetVSync",15.8155
6910.3234,359,1,"RenderPath3D Update",0.1499
6910.3279,359,1,"Application Update",15.9946
6910.5998,359,1,"Application Render",0.2695
6911.0031,359,1,"Application Compose",0.3865
6911.536,359,1,"SubmitCommandLists",0.5241
6911.5536,359,1,"Shadowmap packing",0.000199999995
6911.5565,359,1,"Render",0.26879999
6911.5586,359,1,"Procedural Animations",0.000600000028
6911.5607,359,1,"Script Components",0.000199999995
6911.563,359,1,"CPU Frame",16.8453999
6911.5649,359,1,"Input",0.103399999
6911.567,359,1,"GUI Update",0.0208000001
6911.6009,359,1,"Frustum Culling",0.0551999994
6911.6029,359,1,"Animations",9.99999975e-05
6911.6052,359,1,"Spring Dependencies",9.99999975e-05
6911.6073,359,1,"GUI Render",0.0355000012
6911.609,359,1,"Physics",0.00359999994
6911.6109,359,1,"Update",15.9945002
6911.6126,359,1,"Fixed Update",0.00150000001
6911.6146,359,1,"Spline Update",0.000199999995
6911.6164,359,1,"Compose",0.386200011
6911.6183,359,1,"Update Buffers (CPU)",0.0557999983
6926.3656,360,1,"SetVSync",14.6288
6926.4491,360,1,"RenderPath3D Update",0.0713
6926.4533,360,1,"Application Update",14.7283
6926.6402,360,1,"Application Render",0.1845
6927.0455,360,1,"Application Compose",0.3859
6927.5284,360,1,"SubmitCommandLists",0.4745
6927.5459,360,1,"Shadowmap packing",9.99999975e-05
6927.5491,360,1,"Render",0.184
6927.5511,360,1,"Procedural Animations",0.000500000024
6927.5533,360,1,"Script Components",0
6927.5558,360,1,"CPU Frame",15.5056
6927.5579,360,1,"Input",0.0992000028
6927.56,360,1,"GUI Update",0.0189999994
6927.5619,360,1,"Frustum Culling",0.0113000004
6927.5638,360,1,"Animations",0
6927.5655,360,1,"Spring Dependencies",0.000199999995
6927.5675,360,1,"GUI Render",0.0344000012
6927.5693,360,1,"Physics",0.00319999992
6927.5711,360,1,"Update",14.7280998
6927.5729,360,1,"Fixed Update",0.00170000002
6927.5748,360,1,"Spline Update",9.99999975e-05
6927.5766,360,1,"Compose",0.385699987
6927.5786,360,1,"Update Buffers (CPU)",0.0388999991
6942.7644,361,1,"SetVSync",15.0598
6942.9325,361,1,"RenderPath3D Update",0.1512
6942.9377,361,1,"Application Update",15.2438
6943.3957,361,1,"Application Render",0.4549
6943.8018,361,1,"Application Compose",0.3867
6944.3366,361,1,"SubmitCommandLists",0.5258
6944.355,361,1,"Shadowmap packing",0.000300000014
6944.358,361,1,"Render",0.454600006
6944.3599,361,1,"Procedural Animations",0.00079999998
6944.3626,361,1,"Script Components",9.99999975e-05
6944.3653,361,1,"CPU Frame",16.2695007
6944.3673,361,1,"Input",0.108999997
6944.3695,361,1,"GUI Update",0.0231999997
6944.3715,361,1,"Frustum Culling",0.052099999
6944.3734,361,1,"Animations",9.99999975e-05
6944.3751,361,1,"Spring Dependencies",0.000300000014
6944.3776,361,1,"GUI Render",0.204600006
6944.3793,361,1,"Physics",0.00359999994
6944.3811,361,1,"Update",15.2437
6944.3829,361,1,"Fixed Update",0.00139999995
6944.3848,361,1,"Spline Update",0.000300000014
6944.3866,361,1,"Compose",0.386500001
6944.3887,361,1,"Update Buffers (CPU)",0.0577999987
6959.5474,362,1,"SetVSync",15.0328
6959.6631,362,1,"RenderPath3D Update",0.1031
6959.668,362,1,"Application Update",15.1654
6959.9282,362,1,"Application Render",0.2566
6960.3343,362,1,"Application Compose",0.3866
6960.8464,362,1,"SubmitCommandLists",0.5038
6960.8631,362,1,"Shadowmap packing",0.000199999995
6960.8661,362,1,"Render",0.256300002
6960.8679,362,1,"Procedural Animations",0.000699999975
6960.8702,362,1,"Script Components",9.99999975e-05
6960.8728,362,1,"CPU Frame",15.9926004
6960.8748,362,1,"Input",0.107199997
6960.8768,362,1,"GUI Update",0.0205000006
6960.8788,362,1,"Frustum Culling",0.0421000011
6960.8806,362,1,"Animations",9.99999975e-05
6960.8824,362,1,"Spring Dependencies",9.99999975e-05
6960.8844,362,1,"GUI Render",0.0346999988
6960.8863,362,1,"Physics",0.00329999998
6960.8881,362,1,"Update",15.1652002
6960.8899,362,1,"Fixed Update",0.00170000002
6960.8918,362,1,"Spline Update",0.000199999995
6960.8937,362,1,"Compose",0.386400014
6960.8955,362,1,"Update Buffers (CPU)",0.052099999
6979.6135,363,1,"SetVSync",18.6009
6979.9836,363,1,"RenderPath3D Update",0.3307
6979.9902,363,1,"Application Update",18.9887
6981.0499,363,1,"Application Render",1.0564
6982.0582,363,1,"Application Compose",0.9044
6985.2256,363,1,"SubmitCommandLists",3.1308
6985.2747,363,1,"Shadowmap packing",0.000199999995
6985.279,363,1,"Render",1.0553
6985.2812,363,1,"Procedural Animations",0.00520000001
6985.2836,363,1,"Script Components",0.00630000001
6985.2871,363,1,"CPU Frame",21.2082005
6985.289,363,1,"Input",0.0989999995
6985.2913,363,1,"GUI Update",0.0606000014
6985.296,363,1,"Frustum Culling",0.0456000008
6985.2994,363,1,"Animations",9.99999975e-05
6985.4296,363,1,"Spring Dependencies",0.000500000024
6985.4323,363,1,"GUI Render",0.2333
6985.4342,363,1,"Physics",0.00800000038
6985.436,363,1,"Update",18.9885998
6985.4384,363,1,"Fixed Update",0.00150000001
6985.4405,363,1,"Spline Update",0.000300000014
6985.4428,363,1,"Compose",0.904200017
6985.4448,363,1,"Update Buffers (CPU)",0.156900004
7005.8845,364,1,"SetVSync",20.1936
7006.1481,364,1,"RenderPath3D Update",0.2246
7006.1581,364,1,"Application Update",20.4943
7007.0648,364,1,"Application Render",0.9037
7007.8026,364,1,"Application Compose",0.5889
7010.1796,364,1,"SubmitCommandLists",2.3227
7010.2318,364,1,"Shadowmap packing",0.00039999999
7010.2353,364,1,"Render",0.903400004
7010.2373,364,1,"Procedural Animations",0.000699999975
7010.24,364,1,"Script Components",0.000300000014
7010.2428,364,1,"CPU Frame",22.5666008
7010.2447,364,1,"Input",0.208100006
7010.2479,364,1,"GUI Update",0.0392999984
7010.2503,364,1,"Frustum Culling",0.109899998
7010.2524,364,1,"Animations",9.99999975e-05
7010.2566,364,1,"Spring Dependencies",9.99999975e-05
7010.2588,364,1,"GUI Render",0.069600001
7010.2608,364,1,"Physics",0.00430000015
7010.2626,364,1,"Update",20.4941006
7010.2646,364,1,"Fixed Update",0.00329999998
7010.2664,364,1,"Spline Update",0.000199999995
7010.2686,364,1,"Compose",0.58829999
7010.2706,364,1,"Update Buffers (CPU)",0.177699998
7034.3274,365,1,"SetVSync",23.8051
7034.6031,365,1,"RenderPath3D Update",0.247
7034.6195,365,1,"Application Update",24.1241
7035.3171,365,1,"Application Render",0.6947
7035.8698,365,1,"Application Compose",0.5027
7037.0712,365,1,"SubmitCommandLists",1.1859
7037.109,365,1,"Shadowmap packing",0.00209999993
7037.1145,365,1,"Render",0.694299996
7037.1174,365,1,"Procedural Animations",0.00200000009
7037.1196,365,1,"Script Components",9.99999975e-05
7037.1253,365,1,"CPU Frame",25.6727009
7037.1274,365,1,"Input",0.213499993
7037.1298,365,1,"GUI Update",0.0417000018
7037.1329,365,1,"Frustum Culling",0.0961000025
7037.1358,365,1,"Animations",9.99999975e-05
7037.1376,365,1,"Spring Dependencies",0.000199999995
7037.1398,365,1,"GUI Render",0.0872000009
7037.1416,365,1,"Physics",0.00680000009
7037.1434,365,1,"Update",24.1238995
7037.1461,365,1,"Fixed Update",0.00270000007
7037.1479,365,1,"Spline Update",0.000199999995
7037.1501,365,1,"Compose",0.501100004
7037.1523,365,1,"Update Buffers (CPU)",0.133399993
7060.8685,366,1,"SetVSync",23.5141
7061.0419,366,1,"RenderPath3D Update",0.1572
7061.0466,366,1,"Application Update",23.7165
7061.4906,366,1,"Application Render",0.4415
7061.9116,366,1,"Application Compose",0.404
7062.5746,366,1,"SubmitCommandLists",0.6543
7062.5946,366,1,"Shadowmap packing",0.000199999995
7062.5975,366,1,"Render",0.441300005
7062.5994,366,1,"Procedural Animations",0.000899999985
7062.6017,366,1,"Script Components",0.000199999995
7062.6039,366,1,"CPU Frame",24.8283997
7062.606,366,1,"Input",0.160699993
7062.6082,366,1,"GUI Update",0.0232999995
7062.6103,366,1,"Frustum Culling",0.0450000018
7062.6122,366,1,"Animations",9.99999975e-05
7062.6144,366,1,"Spring Dependencies",0.000199999995
7062.6165,366,1,"GUI Render",0.0397000015
7062.6183,366,1,"Physics",0.00600000005
7062.6201,366,1,"Update",23.7164001
7062.6219,366,1,"Fixed Update",0.00669999979
7062.6237,366,1,"Spline Update",0.000199999995
7062.6255,366,1,"Compose",0.403800011
7062.6274,366,1,"Update Buffers (CPU)",0.0687000006
7077.4089,367,1,"SetVSync",14.607
7077.5843,367,1,"RenderPath3D Update",0.1521
7077.5901,367,1,"Application Update",14.8111
7077.8652,367,1,"Application Render",0.2718
7078.2903,367,1,"Application Compose",0.3938
7078.9531,367,1,"SubmitCommandLists",0.6519
7078.973,367,1,"Shadowmap packing",0.000199999995
7078.976,367,1,"Render",0.271499991
7078.9782,367,1,"Procedural Animations",0.00100000005
7078.9806,367,1,"Script Components",9.99999975e-05
7078.9835,367,1,"CPU Frame",15.7105999
7078.9857,367,1,"Input",0.144600004
7078.9882,367,1,"GUI Update",0.0244999994
7078.9903,367,1,"Frustum Culling",0.0410000011
7078.9923,367,1,"Animations",9.99999975e-05
7078.9942,367,1,"Spring Dependencies",0.000199999995
7079.0291,367,1,"GUI Render",0.0394000001
7079.0314,367,1,"Physics",0.00700000022
7079.0335,367,1,"Update",14.8108997
7079.0354,367,1,"Fixed Update",0.00179999997
7079.0374,367,1,"Spline Update",0.000199999995
7079.0395,367,1,"Compose",0.393299997
7079.0418,367,1,"Update Buffers (CPU)",0.0540000014
7096.9295,368,1,"SetVSync",17.7516
7097.0858,368,1,"RenderPath3D Update",0.143
7097.0902,368,1,"Application Update",17.9256
7097.3949,368,1,"Application Render",0.3023
7097.8042,368,1,"Application Compose",0.3876
7098.3702,368,1,"SubmitCommandLists",0.557
7098.3883,368,1,"Shadowmap packing",0.000199999995
7098.3914,368,1,"Render",0.301899999
7098.3934,368,1,"Procedural Animations",0.00079999998
7098.3956,368,1,"Script Components",0
7098.3979,368,1,"CPU Frame",18.8463001
7098.3998,368,1,"Input",0.115099996
7098.4019,368,1,"GUI Update",0.0203000009
7098.4038,368,1,"Frustum Culling",0.0505999997
7098.4057,368,1,"Animations",9.99999975e-05
7098.4079,368,1,"Spring Dependencies",0.000199999995
7098.4101,368,1,"GUI Render",0.0373999998
7098.4118,368,1,"Physics",0.00400000019
7098.4135,368,1,"Update",17.9255009
7098.4153,368,1,"Fixed Update",0.00190000003
7098.4172,368,1,"Spline Update",0.000199999995
7098.4191,368,1,"Compose",0.387400001
7098.4209,368,1,"Update Buffers (CPU)",0.0595999993
7112.9984,369,1,"SetVSync",14.4534
7113.1739,369,1,"RenderPath3D Update",0.1627
7113.1794,369,1,"Application Update",14.6455
7113.6344,369,1,"Application Render",0.4518
7114.0379,369,1,"Application Compose",0.3845
7114.5848,369,1,"SubmitCommandLists",0.5377
7114.6027,369,1,"Shadowmap packing",0.000199999995
7114.6059,369,1,"Render",0.451400012
7114.6077,369,1,"Procedural Animations",0.000899999985
7114.6098,369,1,"Script Components",9.99999975e-05
7114.6124,369,1,"CPU Frame",15.6636
7114.6144,369,1,"Input",0.106399998
7114.6165,369,1,"GUI Update",0.0207000002
7114.6185,369,1,"Frustum Culling",0.0395000018
7114.6204,369,1,"Animations",9.99999975e-05
7114.6222,369,1,"Spring Dependencies",0.000199999995
7114.6242,369,1,"GUI Render",0.0366999991
7114.626,369,1,"Physics",0.00329999998
7114.6279,369,1,"Update",14.6452999
7114.6297,369,1,"Fixed Update",0.00159999996
7114.6316,369,1,"Spline Update",0.000199999995
7114.6335,369,1,"Compose",0.384200007
7114.6353,369,1,"Update Buffers (CPU)",0.0454999991
7129.688,370,1,"SetVSync",14.9342
7129.7948,370,1,"RenderPath3D Update",0.0917
7129.8007,370,1,"Application Update",15.0578
7130.0659,370,1,"Application Render",0.2618
7130.4868,370,1,"Application Compose",0.3904
7131.0379,370,1,"SubmitCommandLists",0.5413
7131.0569,370,1,"Shadowmap packing",0.000199999995
7131.0599,370,1,"Render",0.261400014
7131.0617,370,1,"Procedural Animations",0.000600000028
7131.0639,370,1,"Script Components",9.99999975e-05
7131.0666,370,1,"CPU Frame",15.8985996
7131.0685,370,1,"Input",0.100900002
7131.0706,370,1,"GUI Update",0.0222999994
7131.0726,370,1,"Frustum Culling",0.0527999997
7131.0745,370,1,"Animations",9.99999975e-05
7131.0764,370,1,"Spring Dependencies",9.99999975e-05
7131.0782,370,1,"GUI Render",0.0373000018
7131.08,370,1,"Physics",0.00469999993
7131.0819,370,1,"Update",15.0576
7131.0836,370,1,"Fixed Update",0.00139999995
7131.0855,370,1,"Spline Update",9.99999975e-05
7131.0873,370,1,"Compose",0.389999986
7131.0891,370,1,"Update Buffers (CPU)",0.0480999984
7147.3896,371,1,"SetVSync",16.1788
7147.5855,371,1,"RenderPath3D Update",0.1727
7147.5908,371,1,"Application Update",16.3926
7148.0611,371,1,"Application Render",0.4676
7148.4755,371,1,"Application Compose",0.393
7149.2981,371,1,"SubmitCommandLists",0.8128
7149.3187,371,1,"Shadowmap packing",0.000199999995
7149.3219,371,1,"Render",0.467299998
7149.3237,371,1,"Procedural Animations",0.00109999999
7149.326,371,1,"Script Components",9.99999975e-05
7149.3289,371,1,"CPU Frame",17.4333
7149.3311,371,1,"Input",0.102799997
7149.3333,371,1,"GUI Update",0.0283000004
7149.3353,371,1,"Frustum Culling",0.0438000001
7149.3373,371,1,"Animations",9.99999975e-05
7149.3391,371,1,"Spring Dependencies",0.000199999995
7149.3412,371,1,"GUI Render",0.0417000018
7149.343,371,1,"Physics",0.00620000018
7149.3785,371,1,"Update",16.3922997
7149.3804,371,1,"Fixed Update",0.00150000001
7149.3823,371,1,"Spline Update",0.000199999995
7149.3842,371,1,"Compose",0.3926
7149.3862,371,1,"Update Buffers (CPU)",0.0644999966
7165.0571,372,1,"SetVSync",15.5267
7165.2533,372,1,"RenderPath3D Update",0.174
7165.2589,372,1,"Application Update",15.7435
7165.7241,372,1,"Application Render",0.4624
7166.1408,372,1,"Application Compose",0.3953
7166.8118,372,1,"SubmitCommandLists",0.6611
7166.8341,372,1,"Shadowmap packing",0.000199999995
7166.8384,372,1,"Render",0.462199986
7166.8415,372,1,"Procedural Animations",0.00100000005
7166.8451,372,1,"Script Components",0.000300000014
7166.8495,372,1,"CPU Frame",16.8374004
7166.8529,372,1,"Input",0.120800003
7166.8588,372,1,"GUI Update",0.0281000007
7166.8617,372,1,"Frustum Culling",0.0542000011
7166.8645,372,1,"Animations",9.99999975e-05
7166.8681,372,1,"Spring Dependencies",0.000199999995
7166.8716,372,1,"GUI Render",0.136099994
7166.874,372,1,"Physics",0.00620000018
7166.8761,372,1,"Update",15.7431002
7166.8783,372,1,"Fixed Update",0.00209999993
7166.8801,372,1,"Spline Update",0.000199999995
7166.8819,372,1,"Compose",0.395099998
7166.8844,372,1,"Update Buffers (CPU)",0.0829000026
7183.2411,373,1,"SetVSync",16.1292
7183.4121,373,1,"RenderPath3D Update",0.1494
7183.4175,373,1,"Application Update",16.33
7183.8973,373,1,"Application Render",0.4773
7184.3094,373,1,"Application Compose",0.3901
7184.9274,373,1,"SubmitCommandLists",0.6088
7184.949,373,1,"Shadowmap packing",0.000300000014
7184.9521,373,1,"Render",0.476900011
7184.9541,373,1,"Procedural Animations",0.00139999995
7184.9564,373,1,"Script Components",0.000500000024
7184.9588,373,1,"CPU Frame",17.4915009
7184.9609,373,1,"Input",0.194299996
7184.9631,373,1,"GUI Update",0.0280000009
7184.9651,373,1,"Frustum Culling",0.0421999991
7184.967,373,1,"Animations",9.99999975e-05
7184.9695,373,1,"Spring Dependencies",0.000199999995
7184.9717,373,1,"GUI Render",0.184400007
7184.9735,373,1,"Physics",0.00680000009
7184.9753,373,1,"Update",16.3297997
7184.9771,373,1,"Fixed Update",0.0027999999
7184.9789,373,1,"Spline Update",0.000300000014
7184.9807,373,1,"Compose",0.389800012
7184.9829,373,1,"Update Buffers (CPU)",0.0626000017
7202.4626,374,1,"SetVSync",17.3365
7202.663,374,1,"RenderPath3D Update",0.177
7202.6682,374,1,"Application Update",17.5562
7203.0225,374,1,"Application Render",0.3516
7203.4572,374,1,"Application Compose",0.3979
7204.3032,374,1,"SubmitCommandLists",0.8345
7204.3647,374,1,"Shadowmap packing",0.000199999995
7204.3787,374,1,"Render",0.351200014
7204.3814,374,1,"Procedural Animations",0.0013
7204.3839,374,1,"Script Components",0.000300000014
7204.3867,374,1,"CPU Frame",18.5251999
7204.3889,374,1,"Input",0.1215
7204.3912,374,1,"GUI Update",0.0296
7204.3935,374,1,"Frustum Culling",0.0573000014
7204.3969,374,1,"Animations",9.99999975e-05
7204.4003,374,1,"Spring Dependencies",0.000199999995
7204.4039,374,1,"GUI Render",0.0445000008
7204.4069,374,1,"Physics",0.00540000014
7204.4092,374,1,"Update",17.5559998
7204.4114,374,1,"Fixed Update",0.00190000003
7204.4133,374,1,"Spline Update",0.000300000014
7204.4151,374,1,"Compose",0.397500008
7204.4172,374,1,"Update Buffers (CPU)",0.0676999986
7219.3508,375,1,"SetVSync",14.7896
7219.6286,375,1,"RenderPath3D Update",0.1895
7219.6358,375,1,"Application Update",15.0901
7220.0028,375,1,"Application Render",0.3644
7220.4696,375,1,"Application Compose",0.4422
7221.3202,375,1,"SubmitCommandLists",0.8371
7221.3609,375,1,"Shadowmap packing",0.000300000014
7221.3649,375,1,"Render",0.364100009
7221.3671,375,1,"Procedural Animations",0.00139999995
7221.3697,375,1,"Script Components",0.000300000014
7221.3721,375,1,"CPU Frame",16.1329002
7221.3742,375,1,"Input",0.120300002
7221.3766,375,1,"GUI Update",0.0384000018
7221.3787,375,1,"Frustum Culling",0.0595000014
7221.3807,375,1,"Animations",0
7221.3828,375,1,"Spring Dependencies",0.000300000014
7221.385,375,1,"GUI Render",0.0526000001
7221.3871,375,1,"Physics",0.0055999998
7221.3891,375,1,"Update",15.0897999
7221.3912,375,1,"Fixed Update",0.00249999994
7221.4249,375,1,"Spline Update",0.00039999999
7221.4274,375,1,"Compose",0.441900015
7221.4295,375,1,"Update Buffers (CPU)",0.0732000023
7236.8458,376,1,"SetVSync",15.2178
7237.0456,376,1,"RenderPath3D Update",0.1782
7237.0506,376,1,"Application Update",15.4494
7237.4381,376,1,"Application Render",0.3848
7237.8529,376,1,"Application Compose",0.392
7238.4878,376,1,"SubmitCommandLists",0.6254
7238.5421,376,1,"Shadowmap packing",0.000300000014
7238.5516,376,1,"Render",0.384499997
7238.5537,376,1,"Procedural Animations",0.00150000001
7238.5562,376,1,"Script Components",0.000199999995
7238.5587,376,1,"CPU Frame",16.5102997
7238.5608,376,1,"Input",0.161799997
7238.563,376,1,"GUI Update",0.0298999995
7238.5651,376,1,"Frustum Culling",0.0432000011
7238.5674,376,1,"Animations",9.99999975e-05
7238.5696,376,1,"Spring Dependencies",0.000300000014
7238.5717,376,1,"GUI Render",0.0612000003
7238.5734,376,1,"Physics",0.00579999993
7238.5757,376,1,"Update",15.4490004
7238.5775,376,1,"Fixed Update",0.00340000005
7238.5793,376,1,"Spline Update",0.000300000014
7238.5812,376,1,"Compose",0.391799986
7238.5832,376,1,"Update Buffers (CPU)",0.0760999992
7253.6531,377,1,"SetVSync",14.9306
7253.7819,377,1,"RenderPath3D Update",0.1157
7253.7863,377,1,"Application Update",15.077
7254.0548,377,1,"Application Render",0.2661
7254.4623,377,1,"Application Compose",0.387
7255.1582,377,1,"SubmitCommandLists",0.6868
7255.1762,377,1,"Shadowmap packing",0.000199999995
7255.1792,377,1,"Render",0.265799999
7255.1813,377,1,"Procedural Animations",0.000600000028
7255.1837,377,1,"Script Components",9.99999975e-05
7255.1864,377,1,"CPU Frame",15.9434004
7255.1888,377,1,"Input",0.1171
7255.1909,377,1,"GUI Update",0.0223999992
7255.193,377,1,"Frustum Culling",0.0522999987
7255.1949,377,1,"Animations",9.99999975e-05
7255.1968,377,1,"Spring Dependencies",9.99999975e-05
7255.1988,377,1,"GUI Render",0.0372000001
7255.2007,377,1,"Physics",0.00439999998
7255.2027,377,1,"Update",15.0768003
7255.2045,377,1,"Fixed Update",0.00340000005
7255.2063,377,1,"Spline Update",0.000199999995
7255.2083,377,1,"Compose",0.386799991
7255.2102,377,1,"Update Buffers (CPU)",0.0441999994
7270.1121,378,1,"SetVSync",14.7783
7270.2641,378,1,"RenderPath3D Update",0.1384
7270.2687,378,1,"Application Update",14.9457
7270.5247,378,1,"Application Render",0.2538
7270.9463,378,1,"Application Compose",0.392
7271.4741,378,1,"SubmitCommandLists",0.5176
7271.4935,378,1,"Shadowmap packing",0.00039999999
7271.4966,378,1,"Render",0.253500015
7271.4986,378,1,"Procedural Animations",0.000500000024
7271.5009,378,1,"Script Components",9.99999975e-05
7271.5051,378,1,"CPU Frame",15.7849998
7271.5084,378,1,"Input",0.105599999
7271.5117,378,1,"GUI Update",0.0196000002
7271.5146,378,1,"Frustum Culling",0.0511999987
7271.5179,378,1,"Animations",0
7271.521,378,1,"Spring Dependencies",9.99999975e-05
7271.524,378,1,"GUI Render",0.0364999995
7271.5259,378,1,"Physics",0.00419999985
7271.5278,378,1,"Update",14.9455004
7271.5297,378,1,"Fixed Update",0.00179999997
7271.5315,378,1,"Spline Update",0.000300000014
7271.5334,378,1,"Compose",0.391600013
7271.5357,378,1,"Update Buffers (CPU)",0.0408999994
7286.3065,379,1,"SetVSync",14.6478
7286.4128,379,1,"RenderPath3D Update",0.0943
7286.4177,379,1,"Application Update",14.77
7286.7139,379,1,"Application Render",0.2924
7287.1326,379,1,"Application Compose",0.3908
7287.6685,379,1,"SubmitCommandLists",0.5264
7287.6864,379,1,"Shadowmap packing",9.99999975e-05
7287.6895,379,1,"Render",0.292199999
7287.6916,379,1,"Procedural Animations",0.000500000024
7287.694,379,1,"Script Components",0
7287.6963,379,1,"CPU Frame",15.6546001
7287.6984,379,1,"Input",0.1052
7287.7005,379,1,"GUI Update",0.0197999999
7287.7025,379,1,"Frustum Culling",0.0500999987
7287.7044,379,1,"Animations",9.99999975e-05
7287.7062,379,1,"Spring Dependencies",0
7287.7081,379,1,"GUI Render",0.0346999988
7287.7099,379,1,"Physics",0.00380000006
7287.7117,379,1,"Update",14.7697001
7287.7134,379,1,"Fixed Update",0.00139999995
7287.7153,379,1,"Spline Update",0.000199999995
7287.7171,379,1,"Compose",0.390500009
7287.719,379,1,"Update Buffers (CPU)",0.0419000015
7304.1483,380,1,"SetVSync",16.2738
7304.2566,380,1,"RenderPath3D Update",0.095
7304.2615,380,1,"Application Update",16.3992
7304.5018,380,1,"Application Render",0.2364
7304.9096,380,1,"Application Compose",0.3902
7305.5883,380,1,"SubmitCommandLists",0.6695
7305.6068,380,1,"Shadowmap packing",9.99999975e-05
7305.6099,380,1,"Render",0.236100003
7305.6119,380,1,"Procedural Animations",0.000600000028
7305.6147,380,1,"Script Components",9.99999975e-05
7305.617,380,1,"CPU Frame",17.2374001
7305.619,380,1,"Input",0.105499998
7305.6212,380,1,"GUI Update",0.0190999992
7305.6233,380,1,"Frustum Culling",0.0397999994
7305.6252,380,1,"Animations",9.99999975e-05
7305.627,380,1,"Spring Dependencies",0.000199999995
7305.6297,380,1,"GUI Render",0.0359000005
7305.6315,380,1,"Physics",0.00430000015
7305.6333,380,1,"Update",16.3990002
7305.635,380,1,"Fixed Update",9.99999975e-05
7305.6367,380,1,"Spline Update",0.000300000014
7305.6386,380,1,"Compose",0.389899999
7305.6404,380,1,"Update Buffers (CPU)",0.0439999998
7320.2014,381,1,"SetVSync",14.4385
7320.3575,381,1,"RenderPath3D Update",0.141
7320.3632,381,1,"Application Update",14.6112
7320.6415,381,1,"Application Render",0.2759
7321.0491,381,1,"Application Compose",0.3881
7321.6004,381,1,"SubmitCommandLists",0.5424
7321.6186,381,1,"Shadowmap packing",9.99999975e-05
7321.6219,381,1,"Render",0.275599986
7321.6241,381,1,"Procedural Animations",0.000899999985
7321.6265,381,1,"Script Components",9.99999975e-05
7321.6288,381,1,"CPU Frame",15.4566002
7321.6307,381,1,"Input",0.104999997
7321.633,381,1,"GUI Update",0.0218000002
7321.6352,381,1,"Frustum Culling",0.0406000018
7321.6371,381,1,"Animations",9.99999975e-05
7321.6478,381,1,"Spring Dependencies",0.000199999995
7321.65,381,1,"GUI Render",0.0384999998
7321.652,381,1,"Physics",0.00400000019
7321.6539,381,1,"Update",14.6110001
7321.6559,381,1,"Fixed Update",0.00159999996
7321.6577,381,1,"Spline Update",0.000199999995
7321.6596,381,1,"Compose",0.387899995
7321.6614,381,1,"Update Buffers (CPU)",0.055399999
7336.8265,382,1,"SetVSync",15.0364
7336.9487,382,1,"RenderPath3D Update",0.103
7336.9543,382,1,"Application Update",15.1762
7337.2743,382,1,"Application Render",0.317
7337.7102,382,1,"Application Compose",0.3993
7338.3435,382,1,"SubmitCommandLists",0.6225
7338.3638,382,1,"Shadowmap packing",0.000199999995
7338.367,382,1,"Render",0.316799998
7338.3693,382,1,"Procedural Animations",0.00120000006
7338.3718,382,1,"Script Components",0.000300000014
7338.3745,382,1,"CPU Frame",16.1060009
7338.3766,382,1,"Input",0.109700002
7338.3789,382,1,"GUI Update",0.0254999995
7338.3811,382,1,"Frustum Culling",0.0513000004
7338.3831,382,1,"Animations",0.000199999995
7338.3852,382,1,"Spring Dependencies",0.000300000014
7338.3878,382,1,"GUI Render",0.0423999988
7338.3898,382,1,"Physics",0.00540000014
7338.3918,382,1,"Update",15.1759996
7338.3938,382,1,"Fixed Update",0.00150000001
7338.3958,382,1,"Spline Update",0.000199999995
7338.3978,382,1,"Compose",0.398900002
7338.3999,382,1,"Update Buffers (CPU)",0.0623000003
7355.5049,383,1,"SetVSync",16.9632
7355.6961,383,1,"RenderPath3D Update",0.1757
7355.7101,383,1,"Application Update",17.1819
7355.9715,383,1,"Application Render",0.2588
7356.3752,383,1,"Application Compose",0.3862
7357.0829,383,1,"SubmitCommandLists",0.6978
7357.1014,383,1,"Shadowmap packing",0.000300000014
7357.1045,383,1,"Render",0.258399993
7357.1064,383,1,"Procedural Animations",0.00120000006
7357.1086,383,1,"Script Components",9.99999975e-05
7357.1113,383,1,"CPU Frame",18.0263004
7357.1132,383,1,"Input",0.120200001
7357.1152,383,1,"GUI Update",0.0232999995
7357.1173,383,1,"Frustum Culling",0.0340999998
7357.1396,383,1,"Animations",9.99999975e-05
7357.1442,383,1,"Spring Dependencies",0.000199999995
7357.1468,383,1,"GUI Render",0.0375999995
7357.1488,383,1,"Physics",0.00400000019
7357.1508,383,1,"Update",17.1816998
7357.1527,383,1,"Fixed Update",0.00249999994
7357.1546,383,1,"Spline Update",0.000199999995
7357.1566,383,1,"Compose",0.386000007
7357.1585,383,1,"Update Buffers (CPU)",0.0553000011
7372.1381,384,1,"SetVSync",14.8402
7372.3518,384,1,"RenderPath3D Update",0.1608
7372.3567,384,1,"Application Update",15.072
7372.8029,384,1,"Application Render",0.4437
7373.22,384,1,"Application Compose",0.3933
7373.8439,384,1,"SubmitCommandLists",0.6145
7373.8641,384,1,"Shadowmap packing",0.000300000014
7373.8672,384,1,"Render",0.443300009
7373.8693,384,1,"Procedural Animations",0.00159999996
7373.8718,384,1,"Script Components",0.000199999995
7373.8744,384,1,"CPU Frame",16.1329002
7373.8767,384,1,"Input",0.118000001
7373.8792,384,1,"GUI Update",0.0275999997
7373.8814,384,1,"Frustum Culling",0.0401000008
7373.8835,384,1,"Animations",9.99999975e-05
7373.886,384,1,"Spring Dependencies",0.000199999995
7373.8884,384,1,"GUI Render",0.0562999994
7373.8903,384,1,"Physics",0.00499999989
7373.8923,384,1,"Update",15.0718002
7373.8944,384,1,"Fixed Update",0.00159999996
7373.8964,384,1,"Spline Update",9.99999975e-05
7373.8985,384,1,"Compose",0.393000007
7373.9007,384,1,"Update Buffers (CPU)",0.072800003
7389.2621,385,1,"SetVSync",15.2127
7389.4162,385,1,"RenderPath3D Update",0.1412
7389.4208,385,1,"Application Update",15.3858
7389.8446,385,1,"Application Render",0.421
7390.2649,385,1,"Application Compose",0.3919
7390.813,385,1,"SubmitCommandLists",0.5391
7390.8309,385,1,"Shadowmap packing",0.000199999995
7390.8339,385,1,"Render",0.420700014
7390.8358,385,1,"Procedural Animations",0.00100000005
7390.838,385,1,"Script Components",9.99999975e-05
7390.8406,385,1,"CPU Frame",16.4162998
7390.8427,385,1,"Input",0.126699999
7390.8447,385,1,"GUI Update",0.0223999992
7390.8466,385,1,"Frustum Culling",0.0549000017
7390.8485,385,1,"Animations",9.99999975e-05
7390.8503,385,1,"Spring Dependencies",9.99999975e-05
7390.8522,385,1,"GUI Render",0.188899994
7390.8541,385,1,"Physics",0.00449999981
7390.8559,385,1,"Update",15.3856001
7390.8576,385,1,"Fixed Update",0.00209999993
7390.8594,385,1,"Spline Update",0.000199999995
7390.8613,385,1,"Compose",0.391499996
7390.8631,385,1,"Update Buffers (CPU)",0.0450000018
7406.0198,386,1,"SetVSync",15.0393
7406.1712,386,1,"RenderPath3D Update",0.1365
7406.1776,386,1,"Application Update",15.2103
7406.4132,386,1,"Application Render",0.2333
7406.819,386,1,"Application Compose",0.3879
7407.5276,386,1,"SubmitCommandLists",0.6991
7407.5562,386,1,"Shadowmap packing",0.000199999995
7407.5592,386,1,"Render",0.233099997
7407.5612,386,1,"Procedural Animations",0.000699999975
7407.5634,386,1,"Script Components",9.99999975e-05
7407.566,386,1,"CPU Frame",16.0018997
7407.5681,386,1,"Input",0.0979000032
7407.5702,386,1,"GUI Update",0.0209999997
7407.5721,386,1,"Frustum Culling",0.0416000001
7407.5741,386,1,"Animations",9.99999975e-05
7407.5758,386,1,"Spring Dependencies",0.000199999995
7407.578,386,1,"GUI Render",0.0368000008
7407.5798,386,1,"Physics",0.00430000015
7407.5816,386,1,"Update",15.21
7407.5834,386,1,"Fixed Update",0.00150000001
7407.5853,386,1,"Spline Update",0.000199999995
7407.5872,386,1,"Compose",0.387600005
7407.589,386,1,"Update Buffers (CPU)",0.0533999987
7421.8188,387,1,"SetVSync",14.0622
7421.9118,387,1,"RenderPath3D Update",0.0801
7421.9176,387,1,"Application Update",14.1736
7422.1593,387,1,"Application Render",0.2383
7422.5781,387,1,"Application Compose",0.3927
7423.2514,387,1,"SubmitCommandLists",0.6604
7423.2691,387,1,"Shadowmap packing",0.000199999995
7423.272,387,1,"Render",0.238100007
7423.274,387,1,"Procedural Animations",0.000500000024
7423.2761,387,1,"Script Components",9.99999975e-05
7423.2788,387,1,"CPU Frame",15.0481005
7423.2808,387,1,"Input",0.148399994
7423.2828,387,1,"GUI Update",0.0200999994
7423.2847,387,1,"Frustum Culling",0.0454999991
7423.2867,387,1,"Animations",9.99999975e-05
7423.2884,387,1,"Spring Dependencies",9.99999975e-05
7423.2904,387,1,"GUI Render",0.0362000018
7423.2921,387,1,"Physics",0.0037
7423.2938,387,1,"Update",14.1733999
7423.2957,387,1,"Fixed Update",0.00139999995
7423.2976,387,1,"Spline Update",0.000199999995
7423.2995,387,1,"Compose",0.392399997
7423.3014,387,1,"Update Buffers (CPU)",0.0388999991
7438.6657,388,1,"SetVSync",15.2348
7438.8799,388,1,"RenderPath3D Update",0.1967
7438.8852,388,1,"Application Update",15.4672
7439.2864,388,1,"Application Render",0.3139
7439.6981,388,1,"Application Compose",0.3914
7440.2828,388,1,"SubmitCommandLists",0.5749
7440.3023,388,1,"Shadowmap packing",0.000199999995
7440.3054,388,1,"Render",0.3134
7440.3075,388,1,"Procedural Animations",0.00109999999
7440.3103,388,1,"Script Components",9.99999975e-05
7440.313,388,1,"CPU Frame",16.4428005
7440.3152,388,1,"Input",0.109300002
7440.3174,388,1,"GUI Update",0.0269000009
7440.3195,388,1,"Frustum Culling",0.0460000001
7440.3213,388,1,"Animations",9.99999975e-05
7440.3232,388,1,"Spring Dependencies",0.000300000014
7440.3257,388,1,"GUI Render",0.0438000001
7440.3276,388,1,"Physics",0.00430000015
7440.3293,388,1,"Update",15.467
7440.3313,388,1,"Fixed Update",0.00170000002
7440.333,388,1,"Spline Update",0.000199999995
7440.3349,388,1,"Compose",0.391200006
7440.3367,388,1,"Update Buffers (CPU)",0.070600003
7455.4076,389,1,"SetVSync",14.9347
7455.5805,389,1,"RenderPath3D Update",0.1588
7455.5851,389,1,"Application Update",15.1248
7455.8454,389,1,"Application Render",0.2579
7456.2521,389,1,"Application Compose",0.3877
7456.8297,389,1,"SubmitCommandLists",0.5679
7456.8489,389,1,"Shadowmap packing",9.99999975e-05
7456.8524,389,1,"Render",0.257400006
7456.8544,389,1,"Procedural Animations",0.00079999998
7456.8567,389,1,"Script Components",0.000199999995
7456.859,389,1,"CPU Frame",15.9649
7456.861,389,1,"Input",0.116300002
7456.8631,389,1,"GUI Update",0.0243999995
7456.8651,389,1,"Frustum Culling",0.0522999987
7456.8669,389,1,"Animations",9.99999975e-05
7456.8686,389,1,"Spring Dependencies",9.99999975e-05
7456.8707,389,1,"GUI Render",0.0397000015
7456.8725,389,1,"Physics",0.00469999993
7456.8743,389,1,"Update",15.1246004
7456.8761,389,1,"Fixed Update",0.00179999997
7456.8779,389,1,"Spline Update",0.000199999995
7456.8797,389,1,"Compose",0.387400001
7456.8816,389,1,"Update Buffers (CPU)",0.0491999984
7472.0989,390,1,"SetVSync",15.0909
7472.2601,390,1,"RenderPath3D Update",0.1474
7472.2641,390,1,"Application Update",15.2684
7472.7265,390,1,"Application Render",0.4599
7473.1346,390,1,"Application Compose",0.3888
7473.8218,390,1,"SubmitCommandLists",0.6781
7473.8397,390,1,"Shadowmap packing",0.000199999995
7473.8427,390,1,"Render",0.459699988
7473.8446,390,1,"Procedural Animations",0.000899999985
7473.8467,390,1,"Script Components",9.99999975e-05
7473.8495,390,1,"CPU Frame",16.3003998
7473.8516,390,1,"Input",0.107100002
7473.8536,390,1,"GUI Update",0.0223999992
7473.8555,390,1,"Frustum Culling",0.0450999998
7473.8574,390,1,"Animations",9.99999975e-05
7473.8592,390,1,"Spring Dependencies",0.000199999995
7473.8613,390,1,"GUI Render",0.0372000001
7473.8631,390,1,"Physics",0.00419999985
7473.8649,390,1,"Update",15.2681999
7473.8668,390,1,"Fixed Update",0.00139999995
7473.8686,390,1,"Spline Update",0.000199999995
7473.8704,390,1,"Compose",0.388500005
7473.8722,390,1,"Update Buffers (CPU)",0.0548
7488.535,391,1,"SetVSync",14.5362
7488.7147,391,1,"RenderPath3D Update",0.1627
7488.7194,391,1,"Application Update",14.7329
7488.9973,391,1,"Application Render",0.2753
7489.4057,391,1,"Application Compose",0.39
7489.9916,391,1,"SubmitCommandLists",0.5764
7490.0105,391,1,"Shadowmap packing",0.000199999995
7490.0137,391,1,"Render",0.275099993
7490.016,391,1,"Procedural Animations",0.00100000005
7490.0184,391,1,"Script Components",0
7490.0206,391,1,"CPU Frame",15.5794001
7490.0226,391,1,"Input",0.107900001
7490.0248,391,1,"GUI Update",0.0238000005
7490.027,391,1,"Frustum Culling",0.0577000007
7490.0288,391,1,"Animations",9.99999975e-05
7490.031,391,1,"Spring Dependencies",0.000500000024
7490.0333,391,1,"GUI Render",0.0406000018
7490.0351,391,1,"Physics",0.00540000014
7490.037,391,1,"Update",14.7327003
7490.0389,391,1,"Fixed Update",0.00150000001
7490.0407,391,1,"Spline Update",0.000199999995
7490.0426,391,1,"Compose",0.389800012
7490.0444,391,1,"Update Buffers (CPU)",0.056400001
7502.8493,392,1,"SetVSync",12.6648
7503.0273,392,1,"RenderPath3D Update",0.1588
7503.0334,392,1,"Application Update",12.8618
7503.3331,392,1,"Application Render",0.2968
7503.7455,392,1,"Application Compose",0.3916
7504.4281,392,1,"SubmitCommandLists",0.6414
7504.4563,392,1,"Shadowmap packing",0.000199999995
7504.4595,392,1,"Render",0.296400011
7504.4614,392,1,"Procedural Animations",0.00120000006
7504.4638,392,1,"Script Components",0.000199999995
7504.4661,392,1,"CPU Frame",13.7790003
7504.4681,392,1,"Input",0.120700002
7504.4703,392,1,"GUI Update",0.0271000005
7504.4723,392,1,"Frustum Culling",0.0373999998
7504.4741,392,1,"Animations",0.000199999995
7504.4759,392,1,"Spring Dependencies",0.00039999999
7504.4781,392,1,"GUI Render",0.0527000017
7504.4799,392,1,"Physics",0.00510000018
7504.4817,392,1,"Update",12.8614998
7504.4834,392,1,"Fixed Update",0.00150000001
7504.4852,392,1,"Spline Update",9.99999975e-05
7504.4875,392,1,"Compose",0.391400009
7504.4894,392,1,"Update Buffers (CPU)",0.0595000014
7515.8349,393,1,"SetVSync",11.1933
7515.9929,393,1,"RenderPath3D Update",0.1366
7516.0045,393,1,"Application Update",11.3793
7516.4615,393,1,"Application Render",0.4542
7516.8829,393,1,"Application Compose",0.3999
7517.702,393,1,"SubmitCommandLists",0.8093
7517.7242,393,1,"Shadowmap packing",0.000199999995
7517.7274,393,1,"Render",0.453599989
7517.7293,393,1,"Procedural Animations",0.0013
7517.7315,393,1,"Script Components",0
7517.7339,393,1,"CPU Frame",12.4490995
7517.736,393,1,"Input",0.129899994
7517.7386,393,1,"GUI Update",0.0283000004
7517.7406,393,1,"Frustum Culling",0.0487999991
7517.7425,393,1,"Animations",9.99999975e-05
7517.7447,393,1,"Spring Dependencies",0.000199999995
7517.7468,393,1,"GUI Render",0.0720999986
7517.7486,393,1,"Physics",0.00579999993
7517.7504,393,1,"Update",11.3790998
7517.7522,393,1,"Fixed Update",0
7517.7539,393,1,"Spline Update",0.000199999995
7517.7558,393,1,"Compose",0.399599999
7517.7577,393,1,"Update Buffers (CPU)",0.0758000016
7529.529,394,1,"SetVSync",11.5516
7529.6987,394,1,"RenderPath3D Update",0.1577
7529.7034,394,1,"Application Update",11.741
7529.9808,394,1,"Application Render",0.275
7530.3834,394,1,"Application Compose",0.3829
7531.024,394,1,"SubmitCommandLists",0.6319
7531.0414,394,1,"Shadowmap packing",0.000199999995
7531.0448,394,1,"Render",0.274699986
7531.0468,394,1,"Procedural Animations",0.00100000005
7531.049,394,1,"Script Components",9.99999975e-05
7531.0517,394,1,"CPU Frame",12.6758003
7531.0538,394,1,"Input",0.196999997
7531.0558,394,1,"GUI Update",0.0208000001
7531.0579,394,1,"Frustum Culling",0.0417000018
7531.0598,394,1,"Animations",9.99999975e-05
7531.0616,394,1,"Spring Dependencies",0.000199999995
7531.0638,394,1,"GUI Render",0.0344000012
7531.0656,394,1,"Physics",0.00419999985
7531.0673,394,1,"Update",11.7405996
7531.0691,394,1,"Fixed Update",0.00240000011
7531.0708,394,1,"Spline Update",9.99999975e-05
7531.0727,394,1,"Compose",0.382699996
7531.0745,394,1,"Update Buffers (CPU)",0.0419999994
7540.8657,395,1,"SetVSync",9.6726
7540.9684,395,1,"RenderPath3D Update",0.0902
7540.9741,395,1,"Application Update",9.7925
7541.2397,395,1,"Application Render",0.262
7541.6504,395,1,"Application Compose",0.3908
7542.2908,395,1,"SubmitCommandLists",0.6314
7542.3268,395,1,"Shadowmap packing",0.000199999995
7542.3299,395,1,"Render",0.261799991
7542.3321,395,1,"Procedural Animations",0.000500000024
7542.3344,395,1,"Script Components",0
7542.3368,395,1,"CPU Frame",10.6219997
7542.3391,395,1,"Input",0.101099998
7542.3415,395,1,"GUI Update",0.0204000007
7542.3437,395,1,"Frustum Culling",0.0425000004
7542.3457,395,1,"Animations",9.99999975e-05
7542.348,395,1,"Spring Dependencies",0.000199999995
7542.3504,395,1,"GUI Render",0.0361000001
7542.3524,395,1,"Physics",0.00430000015
7542.3545,395,1,"Update",9.79220009
7542.3565,395,1,"Fixed Update",0.00139999995
7542.3587,395,1,"Spline Update",0.000199999995
7542.3607,395,1,"Compose",0.390599996
7542.3628,395,1,"Update Buffers (CPU)",0.0504000001
7551.8764,396,1,"SetVSync",9.3622
7552.0363,396,1,"RenderPath3D Update",0.1488
7552.0403,396,1,"Application Update",9.5368
7552.2855,396,1,"Application Render",0.2428
7552.6993,396,1,"Application Compose",0.3863
7553.2139,396,1,"SubmitCommandLists",0.5059
7553.2311,396,1,"Shadowmap packing",9.99999975e-05
7553.2634,396,1,"Render",0.242599994
7553.2655,396,1,"Procedural Animations",0.000500000024
7553.2679,396,1,"Script Components",9.99999975e-05
7553.2702,396,1,"CPU Frame",10.3868999
7553.272,396,1,"Input",0.134000003
7553.2741,396,1,"GUI Update",0.0186999999
7553.276,396,1,"Frustum Culling",0.0414000005
7553.2779,396,1,"Animations",9.99999975e-05
7553.2797,396,1,"Spring Dependencies",0.000199999995
7553.2818,396,1,"GUI Render",0.0472999997
7553.2836,396,1,"Physics",0.00419999985
7553.2854,396,1,"Update",9.53649998
7553.2872,396,1,"Fixed Update",0.00159999996
7553.2891,396,1,"Spline Update",0.000199999995
7553.291,396,1,"Compose",0.385899991
7553.2928,396,1,"Update Buffers (CPU)",0.0377000012
7565.8259,397,1,"SetVSync",12.4137
7565.9497,397,1,"RenderPath3D Update",0.1109
7565.9546,397,1,"Application Update",12.5534
7566.2235,397,1,"Application Render",0.2664
7566.6398,397,1,"Application Compose",0.3921
7567.1833,397,1,"SubmitCommandLists",0.5349
7567.1996,397,1,"Shadowmap packing",0.000199999995
7567.2026,397,1,"Render",0.266099989
7567.2043,397,1,"Procedural Animations",0.000500000024
7567.2064,397,1,"Script Components",9.99999975e-05
7567.2089,397,1,"CPU Frame",13.4224997
7567.2109,397,1,"Input",0.103399999
7567.2129,397,1,"GUI Update",0.0186999999
7567.2148,397,1,"Frustum Culling",0.0546000004
7567.2166,397,1,"Animations",9.99999975e-05
7567.2184,397,1,"Spring Dependencies",0.000199999995
7567.2203,397,1,"GUI Render",0.0474000014
7567.2221,397,1,"Physics",0.000699999975
7567.2238,397,1,"Update",12.5531998
7567.2257,397,1,"Fixed Update",0
7567.2276,397,1,"Spline Update",0.000199999995
7567.2295,397,1,"Compose",0.391799986
7567.2313,397,1,"Update Buffers (CPU)",0.0410999991
7578.9711,398,1,"SetVSync",11.6248
7579.1218,398,1,"RenderPath3D Update",0.1382
7579.1271,398,1,"Application Update",11.7911
7579.3923,398,1,"Application Render",0.2627
7579.7934,398,1,"Application Compose",0.3825
7580.3482,398,1,"SubmitCommandLists",0.5461
7580.3654,398,1,"Shadowmap packing",0.000199999995
7580.3684,398,1,"Render",0.262400001
7580.3703,398,1,"Procedural Animations",0.000699999975
7580.3726,398,1,"Script Components",9.99999975e-05
7580.3752,398,1,"CPU Frame",12.6070004
7580.3772,398,1,"Input",0.0988000035
7580.3792,398,1,"GUI Update",0.0190999992
7580.3812,398,1,"Frustum Culling",0.0423000008
7580.3831,398,1,"Animations",9.99999975e-05
7580.3849,398,1,"Spring Dependencies",9.99999975e-05
7580.3871,398,1,"GUI Render",0.0355999991
7580.3889,398,1,"Physics",0.00389999989
7580.3908,398,1,"Update",11.7908001
7580.3926,398,1,"Fixed Update",0.00150000001
7580.3944,398,1,"Spline Update",0.000199999995
7580.3963,398,1,"Compose",0.382299989
7580.3981,398,1,"Update Buffers (CPU)",0.0445000008
7590.128,399,1,"SetVSync",9.6102
7590.2833,399,1,"RenderPath3D Update",0.1444
7590.2877,399,1,"Application Update",9.7805
7590.528,399,1,"Application Render",0.2379
7590.9251,399,1,"Application Compose",0.3796
7591.4439,399,1,"SubmitCommandLists",0.5105
7591.4607,399,1,"Shadowmap packing",9.99999975e-05
7591.4636,399,1,"Render",0.2377
7591.4654,399,1,"Procedural Animations",0.000500000024
7591.4677,399,1,"Script Components",9.99999975e-05
7591.47,399,1,"CPU Frame",10.5732002
7591.4719,399,1,"Input",0.103
7591.4739,399,1,"GUI Update",0.0183000006
7591.4759,399,1,"Frustum Culling",0.0412000008
7591.4777,399,1,"Animations",9.99999975e-05
7591.4794,399,1,"Spring Dependencies",9.99999975e-05
7591.4814,399,1,"GUI Render",0.0329999998
7591.4832,399,1,"Physics",0.00359999994
7591.485,399,1,"Update",9.7802
7591.4869,399,1,"Fixed Update",0.00139999995
7591.4889,399,1,"Spline Update",0.000199999995
7591.4908,399,1,"Compose",0.379400015
7591.4931,399,1,"Update Buffers (CPU)",0.0303000007
7602.3759,400,1,"SetVSync",10.7711
7602.5243,400,1,"RenderPath3D Update",0.1369
7602.5298,400,1,"Application Update",10.9345
7602.7644,400,1,"Application Render",0.2322
7603.163,400,1,"Application Compose",0.3793
7603.6839,400,1,"SubmitCommandLists",0.5131
7603.7001,400,1,"Shadowmap packing",0.000199999995
7603.7029,400,1,"Render",0.231900007
7603.7049,400,1,"Procedural Animations",0.000699999975
7603.7364,400,1,"Script Components",9.99999975e-05
7603.739,400,1,"CPU Frame",11.7154999
7603.7411,400,1,"Input",0.0964000002
7603.7433,400,1,"GUI Update",0.0184000004
7603.7451,400,1,"Frustum Culling",0.0390000008
7603.747,400,1,"Animations",9.99999975e-05
7603.7488,400,1,"Spring Dependencies",9.99999975e-05
7603.7508,400,1,"GUI Render",0.0461999997
7603.7526,400,1,"Physics",0.00340000005
7603.7545,400,1,"Update",10.9343004
7603.7563,400,1,"Fixed Update",0.0013
7603.7583,400,1,"Spline Update",0.000300000014
7603.7602,400,1,"Compose",0.379099995
7603.7621,400,1,"Update Buffers (CPU)",0.0357000008
7613.5597,401,1,"SetVSync",9.681
7613.7211,401,1,"RenderPath3D Update",0.1494
7613.7249,401,1,"Application Update",9.8576
7613.9375,401,1,"Application Render",0.2101
7614.338,401,1,"Application Compose",0.3848
7614.8483,401,1,"SubmitCommandLists",0.5016
7614.8657,401,1,"Shadowmap packing",0.000199999995
7614.8686,401,1,"Render",0.209999993
7614.8706,401,1,"Procedural Animations",0.000600000028
7614.8727,401,1,"Script Components",9.99999975e-05
7614.8753,401,1,"CPU Frame",10.6506996
7614.8774,401,1,"Input",0.100199997
7614.8795,401,1,"GUI Update",0.0196000002
7614.8815,401,1,"Frustum Culling",0.0368000008
7614.8833,401,1,"Animations",9.99999975e-05
7614.885,401,1,"Spring Dependencies",9.99999975e-05
7614.8871,401,1,"GUI Render",0.0346000008
7614.8889,401,1,"Physics",0.00079999998
7614.8908,401,1,"Update",9.85739994
7614.8927,401,1,"Fixed Update",0
7614.8945,401,1,"Spline Update",0.000199999995
7614.8965,401,1,"Compose",0.384600013
7614.8984,401,1,"Update Buffers (CPU)",0.0348000005
7624.9266,402,1,"SetVSync",9.9113
7625.0818,402,1,"RenderPath3D Update",0.1438
7625.0861,402,1,"Application Update",10.0806
7625.3137,402,1,"Application Render",0.2252
7625.7123,402,1,"Application Compose",0.3817
7626.2468,402,1,"SubmitCommandLists",0.5264
7626.2629,402,1,"Shadowmap packing",9.99999975e-05
7626.2661,402,1,"Render",0.224999994
7626.268,402,1,"Procedural Animations",0.000500000024
7626.2704,402,1,"Script Components",9.99999975e-05
7626.2727,402,1,"CPU Frame",10.8599997
7626.2746,402,1,"Input",0.100900002
7626.2767,402,1,"GUI Update",0.0183000006
7626.2787,402,1,"Frustum Culling",0.0432000011
7626.2805,402,1,"Animations",9.99999975e-05
7626.2822,402,1,"Spring Dependencies",9.99999975e-05
7626.2842,402,1,"GUI Render",0.0329999998
7626.286,402,1,"Physics",0.00350000011
7626.288,402,1,"Update",10.0804996
7626.2898,402,1,"Fixed Update",0.00139999995
7626.2916,402,1,"Spline Update",9.99999975e-05
7626.2934,402,1,"Compose",0.381500006
7626.2953,402,1,"Update Buffers (CPU)",0.0348000005
7637.1005,403,1,"SetVSync",10.6903
7637.251,403,1,"RenderPath3D Update",0.1386
7637.2549,403,1,"Application Update",10.8554
7637.5004,403,1,"Application Render",0.2431
7637.8982,403,1,"Application Compose",0.3793
7638.4365,403,1,"SubmitCommandLists",0.5304
7638.454,403,1,"Shadowmap packing",0.000199999995
7638.4571,403,1,"Render",0.242699996
7638.4591,403,1,"Procedural Animations",0.000500000024
7638.4615,403,1,"Script Components",9.99999975e-05
7638.4647,403,1,"CPU Frame",11.6479998
7638.4668,403,1,"Input",0.0976999998
7638.4691,403,1,"GUI Update",0.0183000006
7638.4711,403,1,"Frustum Culling",0.0403999984
7638.4731,403,1,"Animations",9.99999975e-05
7638.4751,403,1,"Spring Dependencies",9.99999975e-05
7638.4773,403,1,"GUI Render",0.0482000001
7638.4793,403,1,"Physics",0.00310000009
7638.4813,403,1,"Update",10.8551998
7638.4832,403,1,"Fixed Update",0.00150000001
7638.4852,403,1,"Spline Update",0.000199999995
7638.4873,403,1,"Compose",0.379099995
7638.4893,403,1,"Update Buffers (CPU)",0.0362999998
7648.4318,404,1,"SetVSync",9.8071
7648.5912,404,1,"RenderPath3D Update",0.143
7648.5957,404,1,"Application Update",9.9802
7648.8853,404,1,"Application Render",0.2872
7649.2927,404,1,"Application Compose",0.385
7649.8914,404,1,"SubmitCommandLists",0.5893
7649.9097,404,1,"Shadowmap packing",0.000199999995
7649.9126,404,1,"Render",0.286900014
7649.9147,404,1,"Procedural Animations",0.000699999975
7649.9171,404,1,"Script Components",9.99999975e-05
7649.9198,404,1,"CPU Frame",10.8522997
7649.946,404,1,"Input",0.119900003
7649.9481,404,1,"GUI Update",0.0221999995
7649.9502,404,1,"Frustum Culling",0.0405000001
7649.9521,404,1,"Animations",9.99999975e-05
7649.9539,404,1,"Spring Dependencies",9.99999975e-05
7649.9563,404,1,"GUI Render",0.0500000007
7649.9581,404,1,"Physics",0.000699999975
7649.9599,404,1,"Update",9.97999954
7649.9618,404,1,"Fixed Update",0.00120000006
7649.9638,404,1,"Spline Update",0.00039999999
7649.9658,404,1,"Compose",0.384799987
7649.9676,404,1,"Update Buffers (CPU)",0.0582999997
7661.0334,405,1,"SetVSync",10.9389
7661.2065,405,1,"RenderPath3D Update",0.1585
7661.211,405,1,"Application Update",11.1291
7661.4706,405,1,"Application Render",0.257
7661.8771,405,1,"Application Compose",0.3888
7662.4668,405,1,"SubmitCommandLists",0.5807
7662.4847,405,1,"Shadowmap packing",0.000199999995
7662.4879,405,1,"Render",0.256799996
7662.4899,405,1,"Procedural Animations",0.000899999985
7662.4921,405,1,"Script Components",0.000199999995
7662.4943,405,1,"CPU Frame",11.9813004
7662.4967,405,1,"Input",0.108400002
7662.4987,405,1,"GUI Update",0.0230999999
7662.5006,405,1,"Frustum Culling",0.0425999984
7662.5026,405,1,"Animations",9.99999975e-05
7662.5049,405,1,"Spring Dependencies",9.99999975e-05
7662.5071,405,1,"GUI Render",0.0375000015
7662.5089,405,1,"Physics",0.00490000006
7662.5107,405,1,"Update",11.1289997
7662.5125,405,1,"Fixed Update",0
7662.5143,405,1,"Spline Update",0.000199999995
7662.5162,405,1,"Compose",0.388500005
7662.5181,405,1,"Update Buffers (CPU)",0.0487999991
7672.3546,406,1,"SetVSync",9.6971
7672.5351,406,1,"RenderPath3D Update",0.1696
7672.5389,406,1,"Application Update",9.8992
7672.7723,406,1,"Application Render",0.231
7673.1715,406,1,"Application Compose",0.3832
7673.7163,406,1,"SubmitCommandLists",0.5368
7673.734,406,1,"Shadowmap packing",0.000199999995
7673.7369,406,1,"Render",0.230800003
7673.7388,406,1,"Procedural Animations",0.00079999998
7673.7411,406,1,"Script Components",9.99999975e-05
7673.7438,406,1,"CPU Frame",10.7004995
7673.7458,406,1,"Input",0.1153
7673.7479,406,1,"GUI Update",0.0206000004
7673.7499,406,1,"Frustum Culling",0.0443000011
7673.7518,406,1,"Animations",9.99999975e-05
7673.7536,406,1,"Spring Dependencies",9.99999975e-05
7673.7556,406,1,"GUI Render",0.0339000002
7673.7574,406,1,"Physics",0.00400000019
7673.7593,406,1,"Update",9.89890003
7673.7611,406,1,"Fixed Update",0.00139999995
7673.7631,406,1,"Spline Update",9.99999975e-05
7673.7649,406,1,"Compose",0.3829
7673.7669,406,1,"Update Buffers (CPU)",0.0353999995
7685.5693,407,1,"SetVSync",11.6783
7685.7079,407,1,"RenderPath3D Update",0.1264
7685.7117,407,1,"Application Update",11.8307
7685.9449,407,1,"Application Render",0.2307
7686.3586,407,1,"Application Compose",0.3863
7686.9448,407,1,"SubmitCommandLists",0.5777
7686.9613,407,1,"Shadowmap packing",0.000199999995
7686.9641,407,1,"Render",0.230499998
7686.9661,407,1,"Procedural Animations",0.000500000024
7686.9683,407,1,"Script Components",9.99999975e-05
7686.9711,407,1,"CPU Frame",12.6389999
7686.9732,407,1,"Input",0.107500002
7686.9753,407,1,"GUI Update",0.0189999994
7686.9774,407,1,"Frustum Culling",0.0388999991
7686.9793,407,1,"Animations",0
7686.9811,407,1,"Spring Dependencies",0.000199999995
7686.9832,407,1,"GUI Render",0.0350000001
7686.985,407,1,"Physics",0.000500000024
7686.9869,407,1,"Update",11.8304996
7687,407,1,"Fixed Update",0.0013
7687.002,407,1,"Spline Update",0.000199999995
7687.0039,407,1,"Compose",0.386000007
7687.0058,407,1,"Update Buffers (CPU)",0.0496999994
7696.7437,408,1,"SetVSync",9.6168
7696.89,408,1,"RenderPath3D Update",0.1353
7696.8949,408,1,"Application Update",9.7783
7697.163,408,1,"Application Render",0.265
7697.5804,408,1,"Application Compose",0.389
7698.1083,408,1,"SubmitCommandLists",0.5187
7698.125,408,1,"Shadowmap packing",0.000199999995
7698.1281,408,1,"Render",0.264699996
7698.13,408,1,"Procedural Animations",0.000500000024
7698.1322,408,1,"Script Components",9.99999975e-05
7698.1348,408,1,"CPU Frame",10.6327
7698.1368,408,1,"Input",0.105800003
7698.1388,408,1,"GUI Update",0.0181000009
7698.1695,408,1,"Frustum Culling",0.0546999983
7698.1717,408,1,"Animations",9.99999975e-05
7698.1736,408,1,"Spring Dependencies",9.99999975e-05
7698.1756,408,1,"GUI Render",0.0454000011
7698.1773,408,1,"Physics",0.0037
7698.1791,408,1,"Update",9.77810001
7698.181,408,1,"Fixed Update",9.99999975e-05
7698.1828,408,1,"Spline Update",9.99999975e-05
7698.1845,408,1,"Compose",0.388599992
7698.1863,408,1,"Update Buffers (CPU)",0.0461999997
7709.6884,409,1,"SetVSync",11.3764
7709.8394,409,1,"RenderPath3D Update",0.1387
7709.8438,409,1,"Application Update",11.5413
7710.1049,409,1,"Application Render",0.2587
7710.5055,409,1,"Application Compose",0.3831
7711.0446,409,1,"SubmitCommandLists",0.5306
7711.0615,409,1,"Shadowmap packing",0.000300000014
7711.0643,409,1,"Render",0.258399993
7711.0663,409,1,"Procedural Animations",0.000500000024
7711.0685,409,1,"Script Components",0
7711.0708,409,1,"CPU Frame",12.3937998
7711.0728,409,1,"Input",0.109800003
7711.0748,409,1,"GUI Update",0.0186999999
7711.0768,409,1,"Frustum Culling",0.0414000005
7711.0787,409,1,"Animations",0
7711.0804,409,1,"Spring Dependencies",9.99999975e-05
7711.0829,409,1,"GUI Render",0.0340000018
7711.0847,409,1,"Physics",0.0037
7711.0865,409,1,"Update",11.5410004
7711.0883,409,1,"Fixed Update",0.00150000001
7711.0903,409,1,"Spline Update",9.99999975e-05
7711.0922,409,1,"Compose",0.3829
7711.0941,409,1,"Update Buffers (CPU)",0.0386000015
7722.9048,410,1,"SetVSync",11.6902
7723.0556,410,1,"RenderPath3D Update",0.1389
7723.06,410,1,"Application Update",11.8551
7723.3127,410,1,"Application Render",0.2489
7723.7118,410,1,"Application Compose",0.38
7724.2539,410,1,"SubmitCommandLists",0.534
7724.2713,410,1,"Shadowmap packing",9.99999975e-05
7724.2745,410,1,"Render",0.248600006
7724.2765,410,1,"Procedural Animations",0.000500000024
7724.2787,410,1,"Script Components",9.99999975e-05
7724.2812,410,1,"CPU Frame",12.6629
7724.2831,410,1,"Input",0.104599997
7724.285,410,1,"GUI Update",0.0186999999
7724.2871,410,1,"Frustum Culling",0.0436000004
7724.2891,410,1,"Animations",9.99999975e-05
7724.2908,410,1,"Spring Dependencies",9.99999975e-05
7724.2928,410,1,"GUI Render",0.0458999984
7724.2946,410,1,"Physics",0.00350000011
7724.2964,410,1,"Update",11.8549004
7724.2981,410,1,"Fixed Update",0.00139999995
7724.2999,410,1,"Spline Update",9.99999975e-05
7724.3017,410,1,"Compose",0.379799992
7724.3036,410,1,"Update Buffers (CPU)",0.0419000015
7739.2801,411,1,"SetVSync",14.8556
7739.4302,411,1,"RenderPath3D Update",0.1364
7739.4359,411,1,"Application Update",15.0213
7739.6794,411,1,"Application Render",0.2404
7740.0919,411,1,"Application Compose",0.3856
7740.6564,411,1,"SubmitCommandLists",0.5554
7740.6739,411,1,"Shadowmap packing",0.000199999995
7740.6766,411,1,"Render",0.240099996
7740.6784,411,1,"Procedural Animations",0.00079999998
7740.6806,411,1,"Script Components",9.99999975e-05
7740.6836,411,1,"CPU Frame",15.8347998
7740.6856,411,1,"Input",0.104699999
7740.6876,411,1,"GUI Update",0.0209999997
7740.6896,411,1,"Frustum Culling",0.0414000005
7740.6915,411,1,"Animations",9.99999975e-05
7740.6933,411,1,"Spring Dependencies",0.000199999995
7740.6954,411,1,"GUI Render",0.0366000012
7740.6971,411,1,"Physics",0.00079999998
7740.6989,411,1,"Update",15.0211
7740.7007,411,1,"Fixed Update",0.00150000001
7740.7027,411,1,"Spline Update",9.99999975e-05
7740.7045,411,1,"Compose",0.385100007
7740.7066,411,1,"Update Buffers (CPU)",0.0406999998
7750.6736,412,1,"SetVSync",9.8357
7750.8197,412,1,"RenderPath3D Update",0.1338
7750.8243,412,1,"Application Update",9.9976
7751.0487,412,1,"Application Render",0.222
7751.446,412,1,"Application Compose",0.3815
7751.9922,412,1,"SubmitCommandLists",0.5384
7752.0091,412,1,"Shadowmap packing",0.000199999995
7752.012,412,1,"Render",0.221799999
7752.0138,412,1,"Procedural Animations",0.000500000024
7752.016,412,1,"Script Components",9.99999975e-05
7752.0189,412,1,"CPU Frame",10.7854996
7752.0211,412,1,"Input",0.112899996
7752.0231,412,1,"GUI Update",0.0187999997
7752.0252,412,1,"Frustum Culling",0.0509000011
7752.027,412,1,"Animations",0
7752.029,412,1,"Spring Dependencies",0.000199999995
7752.059,412,1,"GUI Render",0.0337000005
7752.0608,412,1,"Physics",0.00490000006
7752.0627,412,1,"Update",9.99730015
7752.0646,412,1,"Fixed Update",0.00170000002
7752.0665,412,1,"Spline Update",9.99999975e-05
7752.0684,412,1,"Compose",0.381300002
7752.0704,412,1,"Update Buffers (CPU)",0.0373000018
7763.7191,413,1,"SetVSync",11.534
7763.8268,413,1,"RenderPath3D Update",0.0961
7763.8321,413,1,"Application Update",11.6585
7764.0734,413,1,"Application Render",0.2384
7764.4759,413,1,"Application Compose",0.3844
7765.0437,413,1,"SubmitCommandLists",0.5597
7765.0604,413,1,"Shadowmap packing",9.99999975e-05
7765.0634,413,1,"Render",0.238000005
7765.0653,413,1,"Procedural Animations",0.00039999999
7765.0675,413,1,"Script Components",9.99999975e-05
7765.0698,413,1,"CPU Frame",12.4798002
7765.0717,413,1,"Input",0.0979999974
7765.0737,413,1,"GUI Update",0.0186000001
7765.0756,413,1,"Frustum Culling",0.0423999988
7765.0776,413,1,"Animations",9.99999975e-05
7765.0794,413,1,"Spring Dependencies",0.000199999995
7765.0815,413,1,"GUI Render",0.0344000012
7765.0832,413,1,"Physics",0.00410000002
7765.085,413,1,"Update",11.6582003
7765.087,413,1,"Fixed Update",9.99999975e-05
7765.0888,413,1,"Spline Update",0.000300000014
7765.0906,413,1,"Compose",0.38409999
7765.0925,413,1,"Update Buffers (CPU)",0.0606000014
7774.822,414,1,"SetVSync",9.6121
7774.9788,414,1,"RenderPath3D Update",0.1444
7774.9837,414,1,"Application Update",9.784
7775.2295,414,1,"Application Render",0.2433
7775.6307,414,1,"Application Compose",0.3827
7776.1575,414,1,"SubmitCommandLists",0.5186
7776.1749,414,1,"Shadowmap packing",0.000199999995
7776.1778,414,1,"Render",0.243100002
7776.1799,414,1,"Procedural Animations",0.000699999975
7776.1821,414,1,"Script Components",9.99999975e-05
7776.1847,414,1,"CPU Frame",10.5830002
7776.1868,414,1,"Input",0.101300001
7776.1889,414,1,"GUI Update",0.0184000004
7776.1908,414,1,"Frustum Culling",0.0425999984
7776.1926,414,1,"Animations",9.99999975e-05
7776.1943,414,1,"Spring Dependencies",9.99999975e-05
7776.1964,414,1,"GUI Render",0.0344999991
7776.1982,414,1,"Physics",0.00329999998
7776.2,414,1,"Update",9.78380013
7776.2019,414,1,"Fixed Update",0.0013
7776.2038,414,1,"Spline Update",0.000199999995
7776.2058,414,1,"Compose",0.382499993
7776.2079,414,1,"Update Buffers (CPU)",0.0423000008
7786.2299,415,1,"SetVSync",9.8933
7786.3865,415,1,"RenderPath3D Update",0.1453
7786.3924,415,1,"Application Update",10.0657
7786.6266,415,1,"Application Render",0.2306
7787.0363,415,1,"Application Compose",0.3838
7787.539,415,1,"SubmitCommandLists",0.4942
7787.5551,415,1,"Shadowmap packing",9.99999975e-05
7787.5583,415,1,"Render",0.230299994
7787.5603,415,1,"Procedural Animations",0.000500000024
7787.5626,415,1,"Script Components",9.99999975e-05
7787.5649,415,1,"CPU Frame",10.8751001
7787.5667,415,1,"Input",0.112800002
7787.5687,415,1,"GUI Update",0.0176999997
7787.5707,415,1,"Frustum Culling",0.0542000011
7787.5727,415,1,"Animations",9.99999975e-05
7787.5745,415,1,"Spring Dependencies",0.000199999995
7787.5765,415,1,"GUI Render",0.0340999998
7787.5782,415,1,"Physics",0.00350000011
7787.5801,415,1,"Update",10.0654001
7787.5819,415,1,"Fixed Update",0.0013
7787.5837,415,1,"Spline Update",0.000199999995
7787.5856,415,1,"Compose",0.38350001
7787.5876,415,1,"Update Buffers (CPU)",0.0346999988
7799.4777,416,1,"SetVSync",11.7726
7799.6092,416,1,"RenderPath3D Update",0.1187
7799.613,416,1,"Application Update",11.9185
7799.8427,416,1,"Application Render",0.2268
7800.2487,416,1,"Application Compose",0.388
7800.8224,416,1,"SubmitCommandLists",0.5648
7800.8399,416,1,"Shadowmap packing",0.000199999995
7800.8432,416,1,"Render",0.226500005
7800.8453,416,1,"Procedural Animations",0.000699999975
7800.8476,416,1,"Script Components",9.99999975e-05
7800.8505,416,1,"CPU Frame",12.7066002
7800.8525,416,1,"Input",0.102399997
7800.8545,416,1,"GUI Update",0.0185000002
7800.8566,416,1,"Frustum Culling",0.0377000012
7800.8584,416,1,"Animations",9.99999975e-05
7800.8602,416,1,"Spring Dependencies",0.000300000014
7800.8622,416,1,"GUI Render",0.0348000005
7800.864,416,1,"Physics",0.000699999975
7800.8923,416,1,"Update",11.9182997
7800.8943,416,1,"Fixed Update",0
7800.8963,416,1,"Spline Update",9.99999975e-05
7800.8982,416,1,"Compose",0.387699991
7800.9001,416,1,"Update Buffers (CPU)",0.0417000018
7810.5112,417,1,"SetVSync",9.4854
7810.6824,417,1,"RenderPath3D Update",0.1575
7810.6868,417,1,"Application Update",9.6713
7810.9537,417,1,"Application Render",0.2646
7811.3579,417,1,"Application Compose",0.385
7811.8888,417,1,"SubmitCommandLists",0.5224
7811.9069,417,1,"Shadowmap packing",9.99999975e-05
7811.9102,417,1,"Render",0.264299989
7811.9123,417,1,"Procedural Animations",0.000699999975
7811.9147,417,1,"Script Components",9.99999975e-05
7811.917,417,1,"CPU Frame",10.5317001
7811.919,417,1,"Input",0.108599998
7811.9212,417,1,"GUI Update",0.0197999999
7811.9233,417,1,"Frustum Culling",0.0555999987
7811.9252,417,1,"Animations",9.99999975e-05
7811.9269,417,1,"Spring Dependencies",0.000199999995
7811.929,417,1,"GUI Render",0.0348999985
7811.931,417,1,"Physics",0.00430000015
7811.9329,417,1,"Update",9.6711998
7811.9349,417,1,"Fixed Update",0.00170000002
7811.9368,417,1,"Spline Update",9.99999975e-05
7811.9386,417,1,"Compose",0.384799987
7811.9404,417,1,"Update Buffers (CPU)",0.0487999991
7823.7403,418,1,"SetVSync",11.6787
7823.8846,418,1,"RenderPath3D Update",0.1338
7823.8897,418,1,"Application Update",11.8384
7824.1328,418,1,"Application Render",0.2405
7824.5424,418,1,"Application Compose",0.3907
7825.1207,418,1,"SubmitCommandLists",0.5695
7825.1399,418,1,"Shadowmap packing",0.000199999995
7825.1432,418,1,"Render",0.240400001
7825.1451,418,1,"Procedural Animations",0.00079999998
7825.1473,418,1,"Script Components",9.99999975e-05
7825.1499,418,1,"CPU Frame",12.6498003
7825.1519,418,1,"Input",0.104599997
7825.1539,418,1,"GUI Update",0.0185000002
7825.1559,418,1,"Frustum Culling",0.053199999
7825.1578,418,1,"Animations",9.99999975e-05
7825.1596,418,1,"Spring Dependencies",0.000199999995
7825.1616,418,1,"GUI Render",0.0472999997
7825.1633,418,1,"Physics",0.00359999994
7825.1653,418,1,"Update",11.8381004
7825.167,418,1,"Fixed Update",0.00150000001
7825.169,418,1,"Spline Update",9.99999975e-05
7825.1708,418,1,"Compose",0.390300006
7825.1727,418,1,"Update Buffers (CPU)",0.0362999998
7834.6376,419,1,"SetVSync",9.3432
7834.8031,419,1,"RenderPath3D Update",0.1546
7834.8075,419,1,"Application Update",9.5229
7835.028,419,1,"Application Render",0.2182
7835.4268,419,1,"Application Compose",0.3819
7835.9002,419,1,"SubmitCommandLists",0.4655
7835.9164,419,1,"Shadowmap packing",0.000199999995
7835.9192,419,1,"Render",0.217899993
7835.9213,419,1,"Procedural Animations",0.00039999999
7835.9235,419,1,"Script Components",9.99999975e-05
7835.926,419,1,"CPU Frame",10.3008003
7835.928,419,1,"Input",0.105499998
7835.9301,419,1,"GUI Update",0.0176999997
7835.932,419,1,"Frustum Culling",0.0410999991
7835.9338,419,1,"Animations",0.000199999995
7835.9356,419,1,"Spring Dependencies",0.000199999995
7835.9375,419,1,"GUI Render",0.0458000004
7835.9393,419,1,"Physics",0.00350000011
7835.9411,419,1,"Update",9.52270031
7835.943,419,1,"Fixed Update",0.00159999996
7835.9447,419,1,"Spline Update",0.000199999995
7835.9466,419,1,"Compose",0.381700009
7835.9485,419,1,"Update Buffers (CPU)",0.0395000018
7846.5537,420,1,"SetVSync",10.4855
7846.652,420,1,"RenderPath3D Update",0.0831
7846.6574,420,1,"Application Update",10.5993
7846.952,420,1,"Application Render",0.2914
7847.3724,420,1,"Application Compose",0.3822
7847.9807,420,1,"SubmitCommandLists",0.5988
7847.9984,420,1,"Shadowmap packing",9.99999975e-05
7848.0016,420,1,"Render",0.291200012
7848.0036,420,1,"Procedural Animations",0.00109999999
7848.0059,420,1,"Script Components",9.99999975e-05
7848.0082,420,1,"CPU Frame",11.4693003
7848.0102,420,1,"Input",0.105099998
7848.0124,420,1,"GUI Update",0.0206000004
7848.0144,420,1,"Frustum Culling",0.0366999991
7848.0162,420,1,"Animations",0
7848.0181,420,1,"Spring Dependencies",0
7848.0201,420,1,"GUI Render",0.0366999991
7848.0218,420,1,"Physics",0.00100000005
7848.0236,420,1,"Update",10.5991001
7848.0254,420,1,"Fixed Update",9.99999975e-05
7848.0668,420,1,"Spline Update",0.000199999995
7848.069,420,1,"Compose",0.381799996
7848.0711,420,1,"Update Buffers (CPU)",0.0522999987
7858.1082,421,1,"SetVSync",9.9038
7858.1882,421,1,"RenderPath3D Update",0.0679
7858.1934,421,1,"Application Update",9.9992
7858.4111,421,1,"Application Render",0.2143
7858.8272,421,1,"Application Compose",0.3874
7859.3783,421,1,"SubmitCommandLists",0.542
7859.3952,421,1,"Shadowmap packing",9.99999975e-05
7859.3987,421,1,"Render",0.214000002
7859.4006,421,1,"Procedural Animations",0.000500000024
7859.4028,421,1,"Script Components",9.99999975e-05
7859.405,421,1,"CPU Frame",10.8430004
7859.4071,421,1,"Input",0.116700001
7859.4091,421,1,"GUI Update",0.0194000006
7859.411,421,1,"Frustum Culling",0.0333000012
7859.4129,421,1,"Animations",0
7859.4147,421,1,"Spring Dependencies",0.000199999995
7859.4169,421,1,"GUI Render",0.0344000012
7859.4187,421,1,"Physics",0.00430000015
7859.4206,421,1,"Update",9.9989996
7859.4224,421,1,"Fixed Update",0.00150000001
7859.4243,421,1,"Spline Update",9.99999975e-05
7859.4261,421,1,"Compose",0.386999995
7859.4279,421,1,"Update Buffers (CPU)",0.0377000012
7869.1595,422,1,"SetVSync",9.6105
7869.3221,422,1,"RenderPath3D Update",0.1498
7869.326,422,1,"Application Update",9.7867
7869.5649,422,1,"Application Render",0.2363
7869.9627,422,1,"Application Compose",0.3821
7870.5209,422,1,"SubmitCommandLists",0.5497
7870.5375,422,1,"Shadowmap packing",9.99999975e-05
7870.5406,422,1,"Render",0.236000001
7870.5424,422,1,"Procedural Animations",0.000600000028
7870.5448,422,1,"Script Components",9.99999975e-05
7870.5471,422,1,"CPU Frame",10.5806999
7870.5491,422,1,"Input",0.104900002
7870.5512,422,1,"GUI Update",0.0197000001
7870.5532,422,1,"Frustum Culling",0.056499999
7870.5555,422,1,"Animations",9.99999975e-05
7870.5573,422,1,"Spring Dependencies",9.99999975e-05
7870.5593,422,1,"GUI Render",0.0359999985
7870.5611,422,1,"Physics",0.00439999998
7870.5629,422,1,"Update",9.78660011
7870.5648,422,1,"Fixed Update",0.00150000001
7870.5666,422,1,"Spline Update",0.000199999995
7870.5686,422,1,"Compose",0.381900012
7870.5709,422,1,"Update Buffers (CPU)",0.0414000005
7881.4432,423,1,"SetVSync",10.7516
7881.5829,423,1,"RenderPath3D Update",0.1288
7881.5872,423,1,"Application Update",10.9069
7881.8154,423,1,"Application Render",0.2259
7882.2175,423,1,"Application Compose",0.3855
7882.7673,423,1,"SubmitCommandLists",0.5421
7882.7839,423,1,"Shadowmap packing",0.000199999995
7882.7867,423,1,"Render",0.225600004
7882.7887,423,1,"Procedural Animations",0.000600000028
7882.7909,423,1,"Script Components",9.99999975e-05
7882.7935,423,1,"CPU Frame",11.6929998
7882.7954,423,1,"Input",0.1043
7882.7976,423,1,"GUI Update",0.0178999994
7882.7995,423,1,"Frustum Culling",0.0436999984
7882.8015,423,1,"Animations",9.99999975e-05
7882.8033,423,1,"Spring Dependencies",9.99999975e-05
7882.8054,423,1,"GUI Render",0.0458000004
7882.8072,423,1,"Physics",0.000500000024
7882.809,423,1,"Update",10.9066
7882.811,423,1,"Fixed Update",0
7882.8129,423,1,"Spline Update",0.000199999995
7882.8148,423,1,"Compose",0.385199994
7882.8167,423,1,"Update Buffers (CPU)",0.0348000005
7892.4618,424,1,"SetVSync",9.5287
7892.626,424,1,"RenderPath3D Update",0.153
7892.6305,424,1,"Application Update",9.7068
7892.8508,424,1,"Application Render",0.2179
7893.2504,424,1,"Application Compose",0.3823
7893.7719,424,1,"SubmitCommandLists",0.5131
7893.7883,424,1,"Shadowmap packing",0.000199999995
7893.7912,424,1,"Render",0.217600003
7893.7931,424,1,"Procedural Animations",0.000500000024
7893.7953,424,1,"Script Components",0
7893.798,424,1,"CPU Frame",10.4793997
7893.8,424,1,"Input",0.101199999
7893.8022,424,1,"GUI Update",0.0181000009
7893.8042,424,1,"Frustum Culling",0.0403000005
7893.806,424,1,"Animations",9.99999975e-05
7893.8081,424,1,"Spring Dependencies",9.99999975e-05
7893.8102,424,1,"GUI Render",0.0450000018
7893.8119,424,1,"Physics",0.00389999989
7893.8138,424,1,"Update",9.70660019
7893.8157,424,1,"Fixed Update",0.00139999995
7893.8175,424,1,"Spline Update",9.99999975e-05
7893.8194,424,1,"Compose",0.382099986
7893.8215,424,1,"Update Buffers (CPU)",0.0421999991
7905.2232,425,1,"SetVSync",11.2522
7905.3819,425,1,"RenderPath3D Update",0.1442
7905.3863,425,1,"Application Update",11.425
7905.6611,425,1,"Application Render",0.2723
7906.0637,425,1,"Application Compose",0.3835
7906.608,425,1,"SubmitCommandLists",0.5356
7906.6256,425,1,"Shadowmap packing",0.000199999995
7906.6286,425,1,"Render",0.272199988
7906.6306,425,1,"Procedural Animations",0.000600000028
7906.6329,425,1,"Script Components",9.99999975e-05
7906.6357,425,1,"CPU Frame",12.2889004
7906.6376,425,1,"Input",0.105099998
7906.6398,425,1,"GUI Update",0.0197999999
7906.6417,425,1,"Frustum Culling",0.0500999987
7906.6436,425,1,"Animations",9.99999975e-05
7906.6453,425,1,"Spring Dependencies",9.99999975e-05
7906.6473,425,1,"GUI Render",0.0500999987
7906.649,425,1,"Physics",0.00380000006
7906.6509,425,1,"Update",11.4247999
7906.6526,425,1,"Fixed Update",0.0013
7906.6545,425,1,"Spline Update",0.000199999995
7906.6564,425,1,"Compose",0.383300006
7906.6582,425,1,"Update Buffers (CPU)",0.0406999998
7916.16,426,1,"SetVSync",9.3777
7916.2906,426,1,"RenderPath3D Update",0.1198
7916.2943,426,1,"Application Update",9.5225
7916.5242,426,1,"Application Render",0.2275
7916.9345,426,1,"Application Compose",0.3826
7917.4716,426,1,"SubmitCommandLists",0.5285
7917.4895,426,1,"Shadowmap packing",0.000199999995
7917.4925,426,1,"Render",0.227200001
7917.4944,426,1,"Procedural Animations",0.00079999998
7917.4966,426,1,"Script Components",0
7917.4989,426,1,"CPU Frame",10.3232002
7917.5008,426,1,"Input",0.1074
7917.5029,426,1,"GUI Update",0.0182000007
7917.5049,426,1,"Frustum Culling",0.0447000004
7917.5068,426,1,"Animations",9.99999975e-05
7917.509,426,1,"Spring Dependencies",9.99999975e-05
7917.5111,426,1,"GUI Render",0.0335000008
7917.5129,426,1,"Physics",0.000600000028
7917.5147,426,1,"Update",9.52219963
7917.5165,426,1,"Fixed Update",0.00170000002
7917.5183,426,1,"Spline Update",9.99999975e-05
7917.5201,426,1,"Compose",0.382200003
7917.522,426,1,"Update Buffers (CPU)",0.0348999985
7928.7073,427,1,"SetVSync",11.0582
7928.8778,427,1,"RenderPath3D Update",0.1579
7928.8825,427,1,"Application Update",11.2446
7929.1305,427,1,"Application Render",0.2456
7929.555,427,1,"Application Compose",0.3948
7930.0987,427,1,"SubmitCommandLists",0.5347
7930.1158,427,1,"Shadowmap packing",0.000199999995
7930.1188,427,1,"Render",0.245299995
7930.1207,427,1,"Procedural Animations",0.00079999998
7930.1232,427,1,"Script Components",9.99999975e-05
7930.126,427,1,"CPU Frame",12.0805998
7930.1281,427,1,"Input",0.111000001
7930.1302,427,1,"GUI Update",0.0194000006
7930.1322,427,1,"Frustum Culling",0.0423000008
7930.1341,427,1,"Animations",9.99999975e-05
7930.136,427,1,"Spring Dependencies",9.99999975e-05
7930.138,427,1,"GUI Render",0.0364999995
7930.1398,427,1,"Physics",0.00319999992
7930.1416,427,1,"Update",11.2444
7930.1435,427,1,"Fixed Update",0
7930.1455,427,1,"Spline Update",0.000199999995
7930.1474,427,1,"Compose",0.394400001
7930.1494,427,1,"Update Buffers (CPU)",0.0373999998
7939.9833,428,1,"SetVSync",9.71
7940.1395,428,1,"RenderPath3D Update",0.1433
7940.1438,428,1,"Application Update",9.8806
7940.4268,428,1,"Application Render",0.2805
7940.8299,428,1,"Application Compose",0.3836
7941.374,428,1,"SubmitCommandLists",0.5353
7941.3907,428,1,"Shadowmap packing",9.99999975e-05
7941.3943,428,1,"Render",0.280200005
7941.3963,428,1,"Procedural Animations",0.000600000028
7941.3986,428,1,"Script Components",0.000199999995
7941.4011,428,1,"CPU Frame",10.7276001
7941.4032,428,1,"Input",0.107699998
7941.4053,428,1,"GUI Update",0.0197999999
7941.4073,428,1,"Frustum Culling",0.0553000011
7941.4091,428,1,"Animations",9.99999975e-05
7941.4109,428,1,"Spring Dependencies",9.99999975e-05
7941.4129,428,1,"GUI Render",0.0469999984
7941.4146,428,1,"Physics",0.0046000001
7941.4164,428,1,"Update",9.8803997
7941.4182,428,1,"Fixed Update",0.00150000001
7941.4201,428,1,"Spline Update",9.99999975e-05
7941.4219,428,1,"Compose",0.383300006
7941.4237,428,1,"Update Buffers (CPU)",0.0388000011
7952.1798,429,1,"SetVSync",10.6339
7952.3473,429,1,"RenderPath3D Update",0.1555
7952.3806,429,1,"Application Update",10.8442
7952.6573,429,1,"Application Render",0.2741
7953.074,429,1,"Application Compose",0.3889
7953.6816,429,1,"SubmitCommandLists",0.5986
7953.7002,429,1,"Shadowmap packing",0.000199999995
7953.7033,429,1,"Render",0.273799986
7953.7052,429,1,"Procedural Animations",0.000600000028
7953.7074,429,1,"Script Components",9.99999975e-05
7953.71,429,1,"CPU Frame",11.6969004
7953.7123,429,1,"Input",0.106200002
7953.7143,429,1,"GUI Update",0.0186999999
7953.7162,429,1,"Frustum Culling",0.0524999984
7953.718,429,1,"Animations",9.99999975e-05
7953.7199,429,1,"Spring Dependencies",9.99999975e-05
7953.7222,429,1,"GUI Render",0.0339000002
7953.7239,429,1,"Physics",0.00380000006
7953.7258,429,1,"Update",10.8438997
7953.7276,429,1,"Fixed Update",0.00159999996
7953.7294,429,1,"Spline Update",9.99999975e-05
7953.7312,429,1,"Compose",0.388500005
7953.7331,429,1,"Update Buffers (CPU)",0.0465000011
7963.5322,430,1,"SetVSync",9.6752
7963.6575,430,1,"RenderPath3D Update",0.1135
7963.6618,430,1,"Application Update",9.8166
7963.8955,430,1,"Application Render",0.2314
7964.2952,430,1,"Application Compose",0.3819
7964.8481,430,1,"SubmitCommandLists",0.5447
7964.8662,430,1,"Shadowmap packing",0.000199999995
7964.869,430,1,"Render",0.231099993
7964.871,430,1,"Procedural Animations",0.000500000024
7964.8732,430,1,"Script Components",0
7964.8755,430,1,"CPU Frame",10.6087999
7964.8775,430,1,"Input",0.107100002
7964.8795,430,1,"GUI Update",0.0184000004
7964.8816,430,1,"Frustum Culling",0.0487999991
7964.8834,430,1,"Animations",9.99999975e-05
7964.8857,430,1,"Spring Dependencies",9.99999975e-05
7964.8878,430,1,"GUI Render",0.0333999991
7964.8907,430,1,"Physics",0.000600000028
7964.8926,430,1,"Update",9.81630039
7964.8944,430,1,"Fixed Update",9.99999975e-05
7964.8962,430,1,"Spline Update",0.000199999995
7964.898,430,1,"Compose",0.381599993
7964.8999,430,1,"Update Buffers (CPU)",0.0390000008
7975.4103,431,1,"SetVSync",10.3893
7975.7563,431,1,"RenderPath3D Update",0.3012
7975.7617,431,1,"Application Update",10.7511
7976.5009,431,1,"Application Render",0.7351
7977.021,431,1,"Application Compose",0.4693
7978.3397,431,1,"SubmitCommandLists",1.3009
7978.3711,431,1,"Shadowmap packing",9.99999975e-05
7978.3749,431,1,"Render",0.734700024
7978.3793,431,1,"Procedural Animations",0.00109999999
7978.382,431,1,"Script Components",0.000199999995
7978.3859,431,1,"CPU Frame",12.1694002
7978.388,431,1,"Input",0.104599997
7978.3908,431,1,"GUI Update",0.060899999
7978.3937,431,1,"Frustum Culling",0.0546000004
7978.3959,431,1,"Animations",9.99999975e-05
7978.3979,431,1,"Spring Dependencies",0.000300000014
7978.4014,431,1,"GUI Render",0.112599999
7978.4035,431,1,"Physics",0.0120999999
7978.4055,431,1,"Update",10.7509003
7978.4081,431,1,"Fixed Update",0.0013
7978.4101,431,1,"Spline Update",0.000300000014
7978.4124,431,1,"Compose",0.469000012
7978.4155,431,1,"Update Buffers (CPU)",0.194600001
7990.2744,432,1,"SetVSync",11.6166
7990.4127,432,1,"RenderPath3D Update",0.1205
7990.4175,432,1,"Application Update",11.7923
7990.8197,432,1,"Application Render",0.386
7991.2326,432,1,"Application Compose",0.3925
7992.0002,432,1,"SubmitCommandLists",0.7589
7992.0199,432,1,"Shadowmap packing",0.000199999995
7992.0227,432,1,"Render",0.385699987
7992.0246,432,1,"Procedural Animations",0.00190000003
7992.0269,432,1,"Script Components",0.000199999995
7992.0292,432,1,"CPU Frame",12.8823004
7992.0311,432,1,"Input",0.198400006
7992.0334,432,1,"GUI Update",0.0419999994
7992.0353,432,1,"Frustum Culling",0.0320999995
7992.0372,432,1,"Animations",9.99999975e-05
7992.0393,432,1,"Spring Dependencies",0.000199999995
7992.0415,432,1,"GUI Render",0.0414999984
7992.0432,432,1,"Physics",0.00480000023
7992.0451,432,1,"Update",11.7918997
7992.0469,432,1,"Fixed Update",0.00209999993
7992.0486,432,1,"Spline Update",0.000199999995
7992.0503,432,1,"Compose",0.392100006
7992.0521,432,1,"Update Buffers (CPU)",0.0777999982
8001.8796,433,1,"SetVSync",9.6855
8002.0457,433,1,"RenderPath3D Update",0.1541
8002.0501,433,1,"Application Update",9.8682
8002.3073,433,1,"Application Render",0.2548
8002.7423,433,1,"Application Compose",0.3852
8003.2882,433,1,"SubmitCommandLists",0.5369
