elapsed_ms,frame,scene,event,ms
2732.069,1,1,"Scene switch",1713.1001
2735.5562,1,1,"RenderPath3D Update",3.4441
2735.5796,1,1,"Application Update",1716.6761
2741.7621,1,1,"Application Render",6.1785
2742.283,1,1,"Application Compose",0.2712
2747.6284,1,1,"SubmitCommandLists",5.326
2748.3612,1,1,"CPU Frame",0
2752.0079,2,1,"RenderPath3D Update",0.2119
2752.0156,2,1,"Application Update",0.2478
2753.7894,2,1,"Application Render",1.7703
2754.6062,2,1,"Application Compose",0.2928
2757.6947,2,1,"SubmitCommandLists",3.0623
2768.7137,2,1,"Shadowmap packing",0.000199999995
2768.7409,2,1,"Render",1.76999998
2768.7431,2,1,"Procedural Animations",0.00120000006
2768.7455,2,1,"Script Components",0.000199999995
2768.7479,2,1,"CPU Frame",6.38019991
2768.75,2,1,"Input",0.139200002
2768.7532,2,1,"GUI Update",0.0331999995
2768.7554,2,1,"Frustum Culling",0.0469999984
2768.7575,2,1,"Animations",0
2768.7601,2,1,"Spring Dependencies",0.000199999995
2768.7632,2,1,"GUI Render",0.149900004
2768.7653,2,1,"Physics",0.0092000002
2768.7673,2,1,"Update",0.247500002
2768.769,2,1,"Fixed Update",0.00639999984
2768.7709,2,1,"Spline Update",0.000199999995
2768.7727,2,1,"Compose",0.291999996
2768.7746,2,1,"Update Buffers (CPU)",0.128399998
2769.3728,3,1,"RenderPath3D Update",0.2852
2769.3779,3,1,"Application Update",0.3465
2770.858,3,1,"Application Render",1.4764
2771.4062,3,1,"Application Compose",0.4623
2773.0697,3,1,"SubmitCommandLists",1.6522
2773.7438,3,1,"Shadowmap packing",0.000300000014
2773.7549,3,1,"Render",1.47570002
2773.7591,3,1,"Procedural Animations",0.00310000009
2773.7631,3,1,"Script Components",0.000199999995
2773.7669,3,1,"CPU Frame",2.76349998
2773.769,3,1,"Input",0.210999995
2773.772,3,1,"GUI Update",0.0414000005
2773.7739,3,1,"Frustum Culling",0.0403000005
2773.7758,3,1,"Animations",9.99999975e-05
2773.7782,3,1,"Spring Dependencies",0.000899999985
2773.7812,3,1,"GUI Render",0.159899995
2773.7842,3,1,"Physics",0.0126999998
2773.7871,3,1,"Update",0.345800012
2773.7898,3,1,"Fixed Update",0.0121999998
2773.794,3,1,"Spline Update",0.00120000006
2773.7968,3,1,"Compose",0.461699992
2773.7993,3,1,"Update Buffers (CPU)",0.206799999
2774.2203,4,1,"RenderPath3D Update",0.172
2774.2272,4,1,"Application Update",0.2133
2774.6196,4,1,"Application Render",0.3889
2775.0659,4,1,"Application Compose",0.4233
2777.1453,4,1,"SubmitCommandLists",2.0693
2777.1829,4,1,"Shadowmap packing",0.000199999995
2777.186,4,1,"Render",0.388399988
2777.1881,4,1,"Procedural Animations",0.00200000009
2777.1903,4,1,"Script Components",0.000199999995
2777.1929,4,1,"CPU Frame",1.34969997
2777.1948,4,1,"Input",0.202800006
2777.1971,4,1,"GUI Update",0.0298999995
2777.1991,4,1,"Frustum Culling",0.058600001
2777.2011,4,1,"Animations",9.99999975e-05
2777.2034,4,1,"Spring Dependencies",0.00100000005
2777.2059,4,1,"GUI Render",0.0956000015
2777.2078,4,1,"Physics",0.00109999999
2777.2097,4,1,"Update",0.213200003
2777.2115,4,1,"Fixed Update",9.99999975e-05
2777.2133,4,1,"Spline Update",0.000300000014
2777.2153,4,1,"Compose",0.423000008
2777.217,4,1,"Update Buffers (CPU)",0.0786999986
2777.5599,5,1,"RenderPath3D Update",0.1765
2777.5637,5,1,"Application Update",0.2056
2777.9893,5,1,"Application Render",0.4235
2778.422,5,1,"Application Compose",0.4089
2782.1556,5,1,"SubmitCommandLists",3.7243
2782.2255,5,1,"Shadowmap packing",0.000300000014
2782.2288,5,1,"Render",0.423200011
2782.2313,5,1,"Procedural Animations",0.000899999985
2782.2334,5,1,"Script Components",0.000199999995
2782.2361,5,1,"CPU Frame",1.26310003
2782.2381,5,1,"Input",0.131400004
2782.241,5,1,"GUI Update",0.0241
2782.2436,5,1,"Frustum Culling",0.0447999984
2782.2458,5,1,"Animations",9.99999975e-05
2782.2481,5,1,"Spring Dependencies",0.000300000014
2782.2502,5,1,"GUI Render",0.0507999994
2782.2521,5,1,"Physics",0.00120000006
2782.2539,5,1,"Update",0.205400005
2782.2557,5,1,"Fixed Update",0
2782.2579,5,1,"Spline Update",0.000199999995
2782.2598,5,1,"Compose",0.408600003
2782.2617,5,1,"Update Buffers (CPU)",0.0926999971
2782.5854,6,1,"RenderPath3D Update",0.1556
2782.59,6,1,"Application Update",0.182
2783,6,1,"Application Render",0.4076
2783.6038,6,1,"Application Compose",0.4212
2785.8822,6,1,"SubmitCommandLists",2.268
2785.9111,6,1,"Shadowmap packing",0.000199999995
2785.9139,6,1,"Render",0.407299995
2785.9157,6,1,"Procedural Animations",0.00120000006
2785.9181,6,1,"Script Components",9.99999975e-05
2785.9209,6,1,"CPU Frame",1.41240001
2785.9229,6,1,"Input",0.1294
2785.925,6,1,"GUI Update",0.0255999994
2785.9272,6,1,"Frustum Culling",0.0458999984
2785.929,6,1,"Animations",9.99999975e-05
2785.9308,6,1,"Spring Dependencies",0.000199999995
2785.9329,6,1,"GUI Render",0.0544000007
2785.9347,6,1,"Physics",0.00590000022
2785.9365,6,1,"Update",0.181799993
2785.9386,6,1,"Fixed Update",0.00430000015
2785.9404,6,1,"Spline Update",0.000199999995
2785.9422,6,1,"Compose",0.4208
2785.9441,6,1,"Update Buffers (CPU)",0.0755999982
2786.29,7,1,"RenderPath3D Update",0.1689
2786.2952,7,1,"Application Update",0.2053
2786.6545,7,1,"Application Render",0.3569
2787.0877,7,1,"Application Compose",0.4095
2790.5713,7,1,"SubmitCommandLists",3.4741
2790.6088,7,1,"Shadowmap packing",0.000199999995
2790.6118,7,1,"Render",0.356700003
2790.6138,7,1,"Procedural Animations",0.00109999999
2790.6161,7,1,"Script Components",9.99999975e-05
2790.619,7,1,"CPU Frame",1.19780004
2790.621,7,1,"Input",0.138500005
2790.6234,7,1,"GUI Update",0.0245999992
2790.6254,7,1,"Frustum Culling",0.0566000007
2790.6273,7,1,"Animations",0
2790.6293,7,1,"Spring Dependencies",9.99999975e-05
2790.6316,7,1,"GUI Render",0.0483999997
2790.6333,7,1,"Physics",0.000699999975
2790.6351,7,1,"Update",0.2051
2790.6369,7,1,"Fixed Update",9.99999975e-05
2790.6387,7,1,"Spline Update",0.000199999995
2790.6405,7,1,"Compose",0.409299999
2790.6423,7,1,"Update Buffers (CPU)",0.0599999987
2790.9961,8,1,"RenderPath3D Update",0.1944
2791.0005,8,1,"Application Update",0.224
2791.3776,8,1,"Application Render",0.3749
2791.9591,8,1,"Application Compose",0.5572
2795.4254,8,1,"SubmitCommandLists",3.4491
2795.4802,8,1,"Shadowmap packing",0.000199999995
2795.4842,8,1,"Render",0.374599993
2795.4866,8,1,"Procedural Animations",0.00150000001
2795.4889,8,1,"Script Components",0.000199999995
2795.4914,8,1,"CPU Frame",1.38339996
2795.4933,8,1,"Input",0.122599997
2795.496,8,1,"GUI Update",0.0239000004
2795.4981,8,1,"Frustum Culling",0.0450000018
2795.5001,8,1,"Animations",9.99999975e-05
2795.5026,8,1,"Spring Dependencies",0.000199999995
2795.505,8,1,"GUI Render",0.058600001
2795.5069,8,1,"Physics",0.00139999995
2795.5087,8,1,"Update",0.223800004
2795.5105,8,1,"Fixed Update",0
2795.5124,8,1,"Spline Update",9.99999975e-05
2795.5144,8,1,"Compose",0.556900024
2795.5163,8,1,"Update Buffers (CPU)",0.0797000006
2796.049,9,1,"RenderPath3D Update",0.2586
2796.0551,9,1,"Application Update",0.2935
2796.4426,9,1,"Application Render",0.3851
2796.9952,9,1,"Application Compose",0.5194
2800.1358,9,1,"SubmitCommandLists",3.1286
2800.1873,9,1,"Shadowmap packing",0.00039999999
2800.1922,9,1,"Render",0.384799987
2800.1956,9,1,"Procedural Animations",0.0013
2800.1994,9,1,"Script Components",0.000199999995
2800.2032,9,1,"CPU Frame",1.55320001
2800.2064,9,1,"Input",0.232899994
2800.2099,9,1,"GUI Update",0.0287999995
2800.2131,9,1,"Frustum Culling",0.0632999986
2800.2164,9,1,"Animations",9.99999975e-05
2800.22,9,1,"Spring Dependencies",0.000500000024
2800.2239,9,1,"GUI Render",0.0773999989
2800.2273,9,1,"Physics",0.00120000006
2800.2304,9,1,"Update",0.293199986
2800.2337,9,1,"Fixed Update",9.99999975e-05
2800.2363,9,1,"Spline Update",0.00039999999
2800.2389,9,1,"Compose",0.51910001
2800.2416,9,1,"Update Buffers (CPU)",0.0904999971
2800.796,10,1,"RenderPath3D Update",0.3181
2800.8085,10,1,"Application Update",0.3626
2801.4201,10,1,"Application Render",0.6076
2802.0898,10,1,"Application Compose",0.6326
2804.6262,10,1,"SubmitCommandLists",2.5151
2804.6922,10,1,"Shadowmap packing",0.00039999999
2804.697,10,1,"Render",0.607200027
2804.7003,10,1,"Procedural Animations",0.00120000006
2804.7037,10,1,"Script Components",0.000199999995
2804.7072,10,1,"CPU Frame",1.94430006
2804.7106,10,1,"Input",0.185299993
2804.7138,10,1,"GUI Update",0.0362999998
2804.7166,10,1,"Frustum Culling",0.129600003
2804.8642,10,1,"Animations",9.99999975e-05
2804.8688,10,1,"Spring Dependencies",0.000600000028
2804.8736,10,1,"GUI Render",0.0763999969
2804.8769,10,1,"Physics",0.00719999988
2804.8807,10,1,"Update",0.362300009
2804.8847,10,1,"Fixed Update",0.00669999979
2804.8882,10,1,"Spline Update",0.000500000024
2804.8917,10,1,"Compose",0.632300019
2804.8953,10,1,"Update Buffers (CPU)",0.121600002
2805.5213,11,1,"RenderPath3D Update",0.3154
2805.5306,11,1,"Application Update",0.3822
2806.1299,11,1,"Application Render",0.5955
2806.5823,11,1,"Application Compose",0.4197
2809.9909,11,1,"SubmitCommandLists",3.397
2810.1339,11,1,"Shadowmap packing",0.000300000014
2810.1401,11,1,"Render",0.595000029
2810.1436,11,1,"Procedural Animations",0.00209999993
2810.1463,11,1,"Script Components",0.000300000014
2810.1508,11,1,"CPU Frame",1.93599999
2810.1532,11,1,"Input",0.230700001
2810.1575,11,1,"GUI Update",0.0498999991
2810.1598,11,1,"Frustum Culling",0.0584999993
2810.1617,11,1,"Animations",9.99999975e-05
2810.1644,11,1,"Spring Dependencies",0.000300000014
2810.1678,11,1,"GUI Render",0.067900002
2810.1696,11,1,"Physics",0.00139999995
2810.1717,11,1,"Update",0.381500006
2810.1744,11,1,"Fixed Update",9.99999975e-05
2810.1762,11,1,"Spline Update",0.000600000028
2810.178,11,1,"Compose",0.41929999
2810.1805,11,1,"Update Buffers (CPU)",0.136299998
2810.8166,12,1,"RenderPath3D Update",0.2923
2810.8221,12,1,"Application Update",0.3835
2811.7114,12,1,"Application Render",0.8869
2812.5511,12,1,"Application Compose",0.7168
2816.8831,12,1,"SubmitCommandLists",4.3032
2816.9699,12,1,"Shadowmap packing",0.00120000006
2816.9762,12,1,"Render",0.886500001
2816.9802,12,1,"Procedural Animations",0.0046000001
2816.9849,12,1,"Script Components",0.000600000028
2816.9891,12,1,"CPU Frame",2.52749991
2816.9931,12,1,"Input",0.226099998
2816.9969,12,1,"GUI Update",0.0644000024
2817.0005,12,1,"Frustum Culling",0.057
2817.0038,12,1,"Animations",0
2817.0074,12,1,"Spring Dependencies",0.000600000028
2817.0112,12,1,"GUI Render",0.125799999
2817.0144,12,1,"Physics",0.00449999981
2817.0176,12,1,"Update",0.381599993
2817.0217,12,1,"Fixed Update",9.99999975e-05
2817.0271,12,1,"Spline Update",0.000600000028
2817.0306,12,1,"Compose",0.71450001
2817.034,12,1,"Update Buffers (CPU)",0.2139
2817.5284,13,1,"RenderPath3D Update",0.2499
2817.5347,13,1,"Application Update",0.2895
2817.9942,13,1,"Application Render",0.456
2818.6417,13,1,"Application Compose",0.615
2823.8205,13,1,"SubmitCommandLists",5.1609
2823.8844,13,1,"Shadowmap packing",0.000199999995
2823.8884,13,1,"Render",0.45570001
2823.8908,13,1,"Procedural Animations",0.00209999993
2823.8934,13,1,"Script Components",9.99999975e-05
2823.8976,13,1,"CPU Frame",1.74100006
2823.8996,13,1,"Input",0.177599996
2823.9021,13,1,"GUI Update",0.0516999997
2823.9041,13,1,"Frustum Culling",0.0631999969
2823.906,13,1,"Animations",9.99999975e-05
2823.908,13,1,"Spring Dependencies",0.00150000001
2823.9103,13,1,"GUI Render",0.0738999993
2823.9122,13,1,"Physics",0.0125000002
2823.9141,13,1,"Update",0.289299995
2823.916,13,1,"Fixed Update",0.00870000012
2823.9179,13,1,"Spline Update",0.00109999999
2823.9196,13,1,"Compose",0.614600003
2823.9214,13,1,"Update Buffers (CPU)",0.109099999
2824.2696,14,1,"RenderPath3D Update",0.1859
2824.2744,14,1,"Application Update",0.2181
2824.6655,14,1,"Application Render",0.389
2825.1118,14,1,"Application Compose",0.4218
2830.6464,14,1,"SubmitCommandLists",5.5251
2830.7271,14,1,"Shadowmap packing",9.99999975e-05
2830.7312,14,1,"Render",0.388700008
2830.7333,14,1,"Procedural Animations",0.00100000005
2830.7357,14,1,"Script Components",9.99999975e-05
2830.7384,14,1,"CPU Frame",1.27209997
2830.7404,14,1,"Input",0.123599999
2830.7429,14,1,"GUI Update",0.0274
2830.7448,14,1,"Frustum Culling",0.0562000014
2830.7468,14,1,"Animations",9.99999975e-05
2830.7486,14,1,"Spring Dependencies",0.000199999995
2830.7508,14,1,"GUI Render",0.0538999997
2830.7527,14,1,"Physics",0.00109999999
2830.7546,14,1,"Update",0.217800006
2830.7564,14,1,"Fixed Update",9.99999975e-05
2830.7582,14,1,"Spline Update",0.000199999995
2830.76,14,1,"Compose",0.421499997
2830.8084,14,1,"Update Buffers (CPU)",0.0895000026
2831.1633,15,1,"RenderPath3D Update",0.183
2831.1677,15,1,"Application Update",0.2163
2831.8771,15,1,"Application Render",0.7071
2832.4832,15,1,"Application Compose",0.549
2837.6847,15,1,"SubmitCommandLists",5.1829
2837.7821,15,1,"Shadowmap packing",0.000199999995
2837.7867,15,1,"Render",0.706799984
2837.79,15,1,"Procedural Animations",0.00120000006
2837.7937,15,1,"Script Components",0.000199999995
2837.7972,15,1,"CPU Frame",1.8319
2837.7997,15,1,"Input",0.129700005
2837.8032,15,1,"GUI Update",0.0255999994
2837.8064,15,1,"Frustum Culling",0.0537
2837.8091,15,1,"Animations",9.99999975e-05
2837.8126,15,1,"Spring Dependencies",0.000199999995
2837.8158,15,1,"GUI Render",0.369800001
2837.8188,15,1,"Physics",0.00100000005
2837.8218,15,1,"Update",0.216000006
2837.825,15,1,"Fixed Update",0
2837.8283,15,1,"Spline Update",0.000199999995
2837.8315,15,1,"Compose",0.548600018
2837.8348,15,1,"Update Buffers (CPU)",0.135499999
2838.415,16,1,"RenderPath3D Update",0.2912
2838.4237,16,1,"Application Update",0.3664
2839.0583,16,1,"Application Render",0.6314
2839.5403,16,1,"Application Compose",0.4341
2844.6459,16,1,"SubmitCommandLists",5.0949
2844.7487,16,1,"Shadowmap packing",0.000300000014
2844.7534,16,1,"Render",0.631099999
2844.7569,16,1,"Procedural Animations",0.00219999999
2844.7606,16,1,"Script Components",0.000300000014
2844.7647,16,1,"CPU Frame",1.83200002
2844.7677,16,1,"Input",0.192200005
2844.7712,16,1,"GUI Update",0.060899999
2844.7745,16,1,"Frustum Culling",0.0612999983
2844.7781,16,1,"Animations",9.99999975e-05
2844.782,16,1,"Spring Dependencies",0.00100000005
2844.7861,16,1,"GUI Render",0.0828000009
2844.7888,16,1,"Physics",0.00949999969
2844.7925,16,1,"Update",0.365999997
2844.7953,16,1,"Fixed Update",0.00850000046
2844.7981,16,1,"Spline Update",0.000899999985
2844.801,16,1,"Compose",0.433699995
2844.804,16,1,"Update Buffers (CPU)",0.138899997
2845.5144,17,1,"RenderPath3D Update",0.3555
2845.5238,17,1,"Application Update",0.433
2846.2246,17,1,"Application Render",0.6974
2846.9384,17,1,"Application Compose",0.6684
2851.5891,17,1,"SubmitCommandLists",4.6086
2851.6791,17,1,"Shadowmap packing",0.000300000014
2851.6836,17,1,"Render",0.697099984
2851.6856,17,1,"Procedural Animations",0.00469999993
2851.6881,17,1,"Script Components",0.000300000014
2851.6906,17,1,"CPU Frame",2.28439999
2851.6927,17,1,"Input",0.256999999
2851.6954,17,1,"GUI Update",0.067400001
2851.6974,17,1,"Frustum Culling",0.0694999993
2851.6995,17,1,"Animations",9.99999975e-05
2851.7021,17,1,"Spring Dependencies",0.000699999975
2851.7046,17,1,"GUI Render",0.107900001
2851.7066,17,1,"Physics",0.00350000011
2851.7084,17,1,"Update",0.432200015
2851.7104,17,1,"Fixed Update",0.000199999995
2851.7122,17,1,"Spline Update",0.000899999985
2851.7143,17,1,"Compose",0.667900026
2851.7164,17,1,"Update Buffers (CPU)",0.1699
2852.1287,18,1,"RenderPath3D Update",0.2134
2852.1358,18,1,"Application Update",0.2513
2852.7057,18,1,"Application Render",0.5664
2853.4763,18,1,"Application Compose",0.6801
2858.5406,18,1,"SubmitCommandLists",5.0391
2858.604,18,1,"Shadowmap packing",0.00039999999
2858.6081,18,1,"Render",0.566100001
2858.6103,18,1,"Procedural Animations",0.00159999996
2858.6126,18,1,"Script Components",9.99999975e-05
2858.6162,18,1,"CPU Frame",1.87020004
2858.6185,18,1,"Input",0.147599995
2858.6213,18,1,"GUI Update",0.0353000015
2858.6236,18,1,"Frustum Culling",0.054299999
2858.6255,18,1,"Animations",0
2858.6276,18,1,"Spring Dependencies",0.000300000014
2858.6304,18,1,"GUI Render",0.0904999971
2858.6323,18,1,"Physics",0.00650000013
2858.6341,18,1,"Update",0.250999987
2858.6365,18,1,"Fixed Update",0.00579999993
2858.6384,18,1,"Spline Update",0.000199999995
2858.6402,18,1,"Compose",0.679400027
2858.6427,18,1,"Update Buffers (CPU)",0.139799997
2859.0251,19,1,"RenderPath3D Update",0.1955
2859.0291,19,1,"Application Update",0.2316
2859.5705,19,1,"Application Render",0.5391
2860.0306,19,1,"Application Compose",0.4259
2865.348,19,1,"SubmitCommandLists",5.306
2865.425,19,1,"Shadowmap packing",0.000300000014
2865.563,19,1,"Render",0.538900018
2865.5671,19,1,"Procedural Animations",0.00139999995
2865.5698,19,1,"Script Components",0.000199999995
2865.5728,19,1,"CPU Frame",1.47370005
2865.5749,19,1,"Input",0.135399997
2865.5773,19,1,"GUI Update",0.0281000007
2865.5797,19,1,"Frustum Culling",0.0588000007
2865.5816,19,1,"Animations",0
2865.5841,19,1,"Spring Dependencies",0.000199999995
2865.5865,19,1,"GUI Render",0.0681999996
2865.5884,19,1,"Physics",0.000699999975
2865.5902,19,1,"Update",0.231099993
2865.5923,19,1,"Fixed Update",9.99999975e-05
2865.5946,19,1,"Spline Update",0.000300000014
2865.5966,19,1,"Compose",0.425599992
2865.5984,19,1,"Update Buffers (CPU)",0.111400001
2866.0921,20,1,"RenderPath3D Update",0.2835
2866.1004,20,1,"Application Update",0.3272
2866.7136,20,1,"Application Render",0.6097
2867.3963,20,1,"Application Compose",0.6458
2872.6359,20,1,"SubmitCommandLists",5.2154
2872.8072,20,1,"Shadowmap packing",0.000300000014
2872.8138,20,1,"Render",0.609399974
2872.8166,20,1,"Procedural Animations",0.00139999995
2872.8209,20,1,"Script Components",0.000199999995
2872.8255,20,1,"CPU Frame",2.0322001
2872.8285,20,1,"Input",0.152799994
2872.832,20,1,"GUI Update",0.0299999993
2872.8356,20,1,"Frustum Culling",0.064000003
2872.8388,20,1,"Animations",0.000199999995
2872.8418,20,1,"Spring Dependencies",0.000300000014
2872.8461,20,1,"GUI Render",0.0676999986
2872.8495,20,1,"Physics",0.00579999993
2872.8523,20,1,"Update",0.326999992
2872.8551,20,1,"Fixed Update",0.00639999984
2872.8584,20,1,"Spline Update",0.000199999995
2872.8618,20,1,"Compose",0.645500004
2872.8657,20,1,"Update Buffers (CPU)",0.140400007
2873.5883,21,1,"RenderPath3D Update",0.3707
2873.5985,21,1,"Application Update",0.4603
2874.5572,21,1,"Application Render",0.9544
2875.3358,21,1,"Application Compose",0.6916
2879.4286,21,1,"SubmitCommandLists",4.0692
2879.5253,21,1,"Shadowmap packing",0.000500000024
2879.531,21,1,"Render",0.953700006
2879.5359,21,1,"Procedural Animations",0.00419999985
2879.5394,21,1,"Script Components",0.000500000024
2879.5446,21,1,"CPU Frame",2.6559
2879.5473,21,1,"Input",0.236100003
2879.5526,21,1,"GUI Update",0.0593999997
2879.556,21,1,"Frustum Culling",0.0886999965
2879.5594,21,1,"Animations",9.99999975e-05
2879.5631,21,1,"Spring Dependencies",0.000600000028
2879.5679,21,1,"GUI Render",0.125699997
2879.5708,21,1,"Physics",0.00340000005
2879.5734,21,1,"Update",0.460099995
2879.5768,21,1,"Fixed Update",0
2879.5794,21,1,"Spline Update",0.00120000006
2879.582,21,1,"Compose",0.690299988
2879.5853,21,1,"Update Buffers (CPU)",0.271699995
2880.2409,22,1,"RenderPath3D Update",0.3183
2880.2536,22,1,"Application Update",0.4247
2881.3129,22,1,"Application Render",1.0543
2882.0724,22,1,"Application Compose",0.6994
2886.4279,22,1,"SubmitCommandLists",4.3306
2886.5547,22,1,"Shadowmap packing",0.000300000014
2886.5607,22,1,"Render",1.05379999
2886.5651,22,1,"Procedural Animations",0.00150000001
2886.5696,22,1,"Script Components",0.000199999995
2886.5748,22,1,"CPU Frame",2.62199998
2886.5781,22,1,"Input",0.217700005
2886.584,22,1,"GUI Update",0.0676999986
2886.5875,22,1,"Frustum Culling",0.128399998
2886.5906,22,1,"Animations",0.000199999995
2886.594,22,1,"Spring Dependencies",0.000199999995
2886.5973,22,1,"GUI Render",0.104699999
2886.6007,22,1,"Physics",0.00200000009
2886.6044,22,1,"Update",0.424299985
2886.6096,22,1,"Fixed Update",9.99999975e-05
2886.6147,22,1,"Spline Update",0.000699999975
2886.6177,22,1,"Compose",0.698899984
2886.6214,22,1,"Update Buffers (CPU)",0.214699998
2887.2308,23,1,"RenderPath3D Update",0.2978
2887.2395,23,1,"Application Update",0.3528
2888.1165,23,1,"Application Render",0.8728
2888.8513,23,1,"Application Compose",0.675
2893.4158,23,1,"SubmitCommandLists",4.5413
2893.5245,23,1,"Shadowmap packing",0.00039999999
2893.5311,23,1,"Render",0.872099996
2893.5344,23,1,"Procedural Animations",0.00150000001
2893.538,23,1,"Script Components",0.000300000014
2893.5422,23,1,"CPU Frame",2.38409996
2893.5456,23,1,"Input",0.230800003
2893.5494,23,1,"GUI Update",0.0410999991
2893.5533,23,1,"Frustum Culling",0.0966999978
2893.5566,23,1,"Animations",9.99999975e-05
2893.6123,23,1,"Spring Dependencies",0.00079999998
2893.616,23,1,"GUI Render",0.101300001
2893.6185,23,1,"Physics",0.00829999987
2893.6216,23,1,"Update",0.352400005
2893.6249,23,1,"Fixed Update",0.0104999999
2893.6279,23,1,"Spline Update",0.00139999995
2893.6305,23,1,"Compose",0.674199998
2893.6337,23,1,"Update Buffers (CPU)",0.157600001
2894.3156,24,1,"RenderPath3D Update",0.3469
2894.3266,24,1,"Application Update",0.423
2895.0533,24,1,"Application Render",0.7219
2895.825,24,1,"Application Compose",0.7084
2900.2985,24,1,"SubmitCommandLists",4.4507
2900.4199,24,1,"Shadowmap packing",0.000300000014
2900.4263,24,1,"Render",0.720700026
2900.4304,24,1,"Procedural Animations",0.00230000005
2900.4345,24,1,"Script Components",0.000500000024
2900.439,24,1,"CPU Frame",2.37859988
2900.4429,24,1,"Input",0.231099993
2900.4492,24,1,"GUI Update",0.0634000003
2900.4531,24,1,"Frustum Culling",0.0804999992
2900.4571,24,1,"Animations",0
2900.4607,24,1,"Spring Dependencies",0.000500000024
2900.4649,24,1,"GUI Render",0.0829999968
2900.4682,24,1,"Physics",0.00190000003
2900.4718,24,1,"Update",0.422500014
2900.4753,24,1,"Fixed Update",0.000199999995
2900.4789,24,1,"Spline Update",0.00120000006
2900.4824,24,1,"Compose",0.707599998
2900.4858,24,1,"Update Buffers (CPU)",0.166999996
2901.1754,25,1,"RenderPath3D Update",0.3814
2901.1924,25,1,"Application Update",0.46
2901.904,25,1,"Application Render",0.7078
2902.6158,25,1,"Application Compose",0.6518
2907.2923,25,1,"SubmitCommandLists",4.6496
2907.4385,25,1,"Shadowmap packing",0.00079999998
2907.4464,25,1,"Render",0.707499981
2907.4494,25,1,"Procedural Animations",0.00359999994
2907.4532,25,1,"Script Components",0.000199999995
2907.457,25,1,"CPU Frame",2.28600001
2907.4603,25,1,"Input",0.209299996
2907.4646,25,1,"GUI Update",0.0533999987
2907.469,25,1,"Frustum Culling",0.0899000019
2907.4722,25,1,"Animations",0.000199999995
2907.4753,25,1,"Spring Dependencies",0.000699999975
2907.479,25,1,"GUI Render",0.0834000036
2907.4823,25,1,"Physics",0.0163000003
2907.4855,25,1,"Update",0.459699988
2907.4889,25,1,"Fixed Update",0.00980000012
2907.4927,25,1,"Spline Update",0.00109999999
2907.4963,25,1,"Compose",0.65109998
2907.5002,25,1,"Update Buffers (CPU)",0.173500001
2908.0828,26,1,"RenderPath3D Update",0.3071
2908.1002,26,1,"Application Update",0.3703
2909.0774,26,1,"Application Render",0.9728
2909.9275,26,1,"Application Compose",0.7695
2914.3078,26,1,"SubmitCommandLists",4.3269
2914.5363,26,1,"Shadowmap packing",0.000699999975
2914.5442,26,1,"Render",0.972000003
2914.5494,26,1,"Procedural Animations",0.0027999999
2914.5539,26,1,"Script Components",0.000300000014
2914.5608,26,1,"CPU Frame",2.61619997
2914.5651,26,1,"Input",0.201100007
2914.5717,26,1,"GUI Update",0.0401000008
2914.5771,26,1,"Frustum Culling",0.0882999972
2914.5804,26,1,"Animations",0.000199999995
2914.5845,26,1,"Spring Dependencies",9.99999975e-05
2914.591,26,1,"GUI Render",0.121100001
2914.5943,26,1,"Physics",0.00270000007
2914.5983,26,1,"Update",0.370099992
2914.6024,26,1,"Fixed Update",9.99999975e-05
2914.6059,26,1,"Spline Update",0.00039999999
2914.6096,26,1,"Compose",0.768599987
2914.6142,26,1,"Update Buffers (CPU)",0.146899998
2915.7845,27,1,"RenderPath3D Update",0.5164
2915.8128,27,1,"Application Update",0.6788
2916.761,27,1,"Application Render",0.9407
2917.3331,27,1,"Application Compose",0.516
2921.3615,27,1,"SubmitCommandLists",4.0125
2921.5349,27,1,"Shadowmap packing",0.00039999999
2921.5429,27,1,"Render",0.939199984
2921.5482,27,1,"Procedural Animations",0.00310000009
2921.5524,27,1,"Script Components",0.00120000006
2921.5582,27,1,"CPU Frame",2.94300008
2921.5616,27,1,"Input",0.470299989
2921.5678,27,1,"GUI Update",0.111199997
2921.5729,27,1,"Frustum Culling",0.109399997
2921.5767,27,1,"Animations",9.99999975e-05
2921.581,27,1,"Spring Dependencies",9.99999975e-05
2921.5855,27,1,"GUI Render",0.124300003
2921.5895,27,1,"Physics",0.0027999999
2921.5931,27,1,"Update",0.678200006
2921.5975,27,1,"Fixed Update",9.99999975e-05
2921.6011,27,1,"Spline Update",0.00150000001
2921.6056,27,1,"Compose",0.515600026
2921.8132,27,1,"Update Buffers (CPU)",0.244900003
2923.3022,28,1,"RenderPath3D Update",0.4586
2923.3168,28,1,"Application Update",0.553
2924.1089,28,1,"Application Render",0.7884
2924.9561,28,1,"Application Compose",0.7822
2928.1126,28,1,"SubmitCommandLists",3.1227
2928.2368,28,1,"Shadowmap packing",0.000300000014
2928.2482,28,1,"Render",0.787699997
2928.2514,28,1,"Procedural Animations",0.00209999993
2928.2555,28,1,"Script Components",0.000600000028
2928.2601,28,1,"CPU Frame",3.53929996
2928.264,28,1,"Input",0.892700016
2928.27,28,1,"GUI Update",0.248300001
2928.2738,28,1,"Frustum Culling",0.0627000034
2928.277,28,1,"Animations",0
2928.28,28,1,"Spring Dependencies",0.000300000014
2928.2846,28,1,"GUI Render",0.0754999965
2928.2954,28,1,"Physics",0.00930000003
2928.299,28,1,"Update",0.552699983
2928.3021,28,1,"Fixed Update",0.0201999992
2928.3058,28,1,"Spline Update",0.0013
2928.3095,28,1,"Compose",0.781400025
2928.3138,28,1,"Update Buffers (CPU)",0.172700003
2928.9933,29,1,"RenderPath3D Update",0.3166
2929.0014,29,1,"Application Update",0.4047
2929.6007,29,1,"Application Render",0.5952
2930.2437,29,1,"Application Compose",0.5941
2935.2195,29,1,"SubmitCommandLists",4.955
2935.3833,29,1,"Shadowmap packing",0.000300000014
2935.3879,29,1,"Render",0.594900012
2935.3901,29,1,"Procedural Animations",0.00240000011
2935.3922,29,1,"Script Components",0.00109999999
2935.3967,29,1,"CPU Frame",2.11019993
2935.3992,29,1,"Input",0.257099986
2935.4034,29,1,"GUI Update",0.0693999976
2935.4057,29,1,"Frustum Culling",0.0606000014
2935.4077,29,1,"Animations",0.000199999995
2935.4099,29,1,"Spring Dependencies",0.00150000001
2935.4146,29,1,"GUI Render",0.0936999992
2935.4165,29,1,"Physics",0.00249999994
2935.419,29,1,"Update",0.404500008
2935.4214,29,1,"Fixed Update",9.99999975e-05
2935.425,29,1,"Spline Update",0.00170000002
2935.4274,29,1,"Compose",0.593800008
2935.4296,29,1,"Update Buffers (CPU)",0.174799994
2936.4268,30,1,"RenderPath3D Update",0.3579
2936.439,30,1,"Application Update",0.6055
2937.4794,30,1,"Application Render",1.0346
2938.4256,30,1,"Application Compose",0.8935
2941.9542,30,1,"SubmitCommandLists",3.4661
2942.0689,30,1,"Shadowmap packing",0.00039999999
2942.0747,30,1,"Render",1.03369999
2942.0779,30,1,"Procedural Animations",0.00289999996
2942.0833,30,1,"Script Components",0.000899999985
2942.0892,30,1,"CPU Frame",3.17709994
2942.0932,30,1,"Input",0.346700013
2942.0977,30,1,"GUI Update",0.069600001
2942.1011,30,1,"Frustum Culling",0.0804999992
2942.1051,30,1,"Animations",0
2942.1088,30,1,"Spring Dependencies",0.000600000028
2942.1133,30,1,"GUI Render",0.106399998
2942.1163,30,1,"Physics",0.0141000003
2942.1196,30,1,"Update",0.605300009
2942.123,30,1,"Fixed Update",0.0148999998
2942.1269,30,1,"Spline Update",0.000899999985
2942.1298,30,1,"Compose",0.8926
2942.134,30,1,"Update Buffers (CPU)",0.305799991
2942.7498,31,1,"RenderPath3D Update",0.2639
2942.7593,31,1,"Application Update",0.3472
2943.3438,31,1,"Application Render",0.5807
2944.0198,31,1,"Application Compose",0.6226
2948.9319,31,1,"SubmitCommandLists",4.8869
2949.1393,31,1,"Shadowmap packing",0.000199999995
2949.1578,31,1,"Render",0.5801
2949.1632,31,1,"Procedural Animations",0.00340000005
2949.1682,31,1,"Script Components",0.00120000006
2949.1735,31,1,"CPU Frame",2.0308001
2949.177,31,1,"Input",0.247500002
2949.1855,31,1,"GUI Update",0.0666999966
2949.1895,31,1,"Frustum Culling",0.0498999991
2949.1947,31,1,"Animations",9.99999975e-05
2949.1995,31,1,"Spring Dependencies",0.000300000014
2949.2045,31,1,"GUI Render",0.0865999982
2949.2094,31,1,"Physics",0.00159999996
2949.2121,31,1,"Update",0.346700013
2949.2153,31,1,"Fixed Update",9.99999975e-05
2949.2185,31,1,"Spline Update",0.00109999999
2949.2214,31,1,"Compose",0.622099996
2949.2249,31,1,"Update Buffers (CPU)",0.148300007
2949.8354,32,1,"RenderPath3D Update",0.2264
2949.8432,32,1,"Application Update",0.3013
2950.4992,32,1,"Application Render",0.6524
2951.2606,32,1,"Application Compose",0.6809
2955.7857,32,1,"SubmitCommandLists",4.4836
2955.9288,32,1,"Shadowmap packing",0.000600000028
2955.9352,32,1,"Render",0.65200001
2956.0255,32,1,"Procedural Animations",0.00350000011
2956.0297,32,1,"Script Components",0.000600000028
2956.0341,32,1,"CPU Frame",2.28839993
2956.0371,32,1,"Input",0.267199993
2956.042,32,1,"GUI Update",0.0500000007
2956.0459,32,1,"Frustum Culling",0.0474000014
2956.0493,32,1,"Animations",9.99999975e-05
2956.0525,32,1,"Spring Dependencies",0.000600000028
2956.0577,32,1,"GUI Render",0.0930999964
2956.0606,32,1,"Physics",0.0104
2956.0632,32,1,"Update",0.300799996
2956.066,32,1,"Fixed Update",0.0121999998
2956.0691,32,1,"Spline Update",0.00139999995
2956.0718,32,1,"Compose",0.680100024
2956.0751,32,1,"Update Buffers (CPU)",0.208100006
2956.8032,33,1,"RenderPath3D Update",0.2634
2956.8126,33,1,"Application Update",0.3581
2957.5401,33,1,"Application Render",0.7229
2958.2349,33,1,"Application Compose",0.6362
2962.7914,33,1,"SubmitCommandLists",4.528
2962.8887,33,1,"Shadowmap packing",0.000199999995
2962.8925,33,1,"Render",0.721700013
2962.8944,33,1,"Procedural Animations",0.00230000005
2962.897,33,1,"Script Components",0.000699999975
2962.9005,33,1,"CPU Frame",2.41560006
2962.9025,33,1,"Input",0.341600001
2962.905,33,1,"GUI Update",0.0487999991
2962.9075,33,1,"Frustum Culling",0.0658000037
2962.9097,33,1,"Animations",0.000199999995
2962.9117,33,1,"Spring Dependencies",0.00039999999
2962.9141,33,1,"GUI Render",0.1065
2962.9162,33,1,"Physics",0.00549999997
2962.918,33,1,"Update",0.356299996
2962.9199,33,1,"Fixed Update",9.99999975e-05
2962.9223,33,1,"Spline Update",0.000899999985
2962.9242,33,1,"Compose",0.634899974
2962.9262,33,1,"Update Buffers (CPU)",0.200299993
2963.6524,34,1,"RenderPath3D Update",0.3164
2963.662,34,1,"Application Update",0.4168
2964.38,34,1,"Application Render",0.7136
2964.8949,34,1,"Application Compose",0.4611
2970.0015,34,1,"SubmitCommandLists",5.0939
2970.2254,34,1,"Shadowmap packing",0.00039999999
2970.2323,34,1,"Render",0.71329999
2970.236,34,1,"Procedural Animations",0.00419999985
2970.24,34,1,"Script Components",0.0027999999
2970.244,34,1,"CPU Frame",2.06850004
2970.2466,34,1,"Input",0.290199995
2970.2513,34,1,"GUI Update",0.0819000006
2970.2547,34,1,"Frustum Culling",0.0476000011
2970.2573,34,1,"Animations",9.99999975e-05
2970.3166,34,1,"Spring Dependencies",0.000500000024
2970.3337,34,1,"GUI Render",0.106799997
2970.3363,34,1,"Physics",0.00329999998
2970.3393,34,1,"Update",0.416500002
2970.3424,34,1,"Fixed Update",9.99999975e-05
2970.3445,34,1,"Spline Update",0.0013
2970.3472,34,1,"Compose",0.460700005
2970.351,34,1,"Update Buffers (CPU)",0.224099994
2971.5808,35,1,"RenderPath3D Update",0.5493
2971.5892,35,1,"Application Update",0.6862
2972.7071,35,1,"Application Render",1.1141
2973.2257,35,1,"Application Compose",0.4775
2976.5281,35,1,"SubmitCommandLists",3.2661
2976.5866,35,1,"Shadowmap packing",0.000500000024
2976.5909,35,1,"Render",1.11339998
2976.5937,35,1,"Procedural Animations",0.00350000011
2976.5969,35,1,"Script Components",0.00150000001
2976.6006,35,1,"CPU Frame",3.16779995
2976.6035,35,1,"Input",0.486900002
2976.6072,35,1,"GUI Update",0.123899996
2976.6101,35,1,"Frustum Culling",0.120899998
2976.6127,35,1,"Animations",9.99999975e-05
2976.6158,35,1,"Spring Dependencies",0.00079999998
2976.619,35,1,"GUI Render",0.0873000026
2976.6217,35,1,"Physics",0.0190999992
2976.6248,35,1,"Update",0.685299993
2976.6276,35,1,"Fixed Update",0.0254999995
2976.6302,35,1,"Spline Update",0.00219999999
2976.6328,35,1,"Compose",0.476700008
2976.6358,35,1,"Update Buffers (CPU)",0.201299995
2977.2637,36,1,"RenderPath3D Update",0.3438
2977.2696,36,1,"Application Update",0.3958
2977.7303,36,1,"Application Render",0.4585
2978.3904,36,1,"Application Compose",0.6254
2983.487,36,1,"SubmitCommandLists",5.0706
2983.5893,36,1,"Shadowmap packing",0.000199999995
2983.5949,36,1,"Render",0.458000004
2983.5983,36,1,"Procedural Animations",0.00120000006
2983.6022,36,1,"Script Components",0.000199999995
2983.6066,36,1,"CPU Frame",1.85389996
2983.6103,36,1,"Input",0.216299996
2983.618,36,1,"GUI Update",0.0379999988
2983.6217,36,1,"Frustum Culling",0.101099998
2983.6251,36,1,"Animations",9.99999975e-05
2983.6287,36,1,"Spring Dependencies",0.000699999975
2983.8109,36,1,"GUI Render",0.0617000014
2983.8144,36,1,"Physics",0.00079999998
2983.8172,36,1,"Update",0.395200014
2983.8203,36,1,"Fixed Update",9.99999975e-05
2983.8231,36,1,"Spline Update",0.000199999995
2983.8263,36,1,"Compose",0.625
2983.8297,36,1,"Update Buffers (CPU)",0.109499998
2984.3537,37,1,"RenderPath3D Update",0.2991
2984.3651,37,1,"Application Update",0.3462
2984.9279,37,1,"Application Render",0.5586
2985.4373,37,1,"Application Compose",0.4627
2990.7819,37,1,"SubmitCommandLists",5.3301
2991.0225,37,1,"Shadowmap packing",0.000300000014
2991.0336,37,1,"Render",0.558000028
2991.038,37,1,"Procedural Animations",0.00120000006
2991.0415,37,1,"Script Components",0.000199999995
2991.0491,37,1,"CPU Frame",1.92369998
2991.054,37,1,"Input",0.162300006
2991.0593,37,1,"GUI Update",0.0357000008
2991.0634,37,1,"Frustum Culling",0.0734999999
2991.0663,37,1,"Animations",9.99999975e-05
2991.0721,37,1,"Spring Dependencies",0.000300000014
2991.0959,37,1,"GUI Render",0.0753000006
2991.0987,37,1,"Physics",0.00639999984
2991.1017,37,1,"Update",0.345899999
2991.1065,37,1,"Fixed Update",0.00669999979
2991.1103,37,1,"Spline Update",0.00079999998
2991.1131,37,1,"Compose",0.462300003
2991.1172,37,1,"Update Buffers (CPU)",0.109499998
2992.346,38,1,"RenderPath3D Update",0.6342
2992.3758,38,1,"Application Update",0.7941
2993.0492,38,1,"Application Render",0.6676
2993.7567,38,1,"Application Compose",0.6732
2997.2283,38,1,"SubmitCommandLists",3.4518
2997.2727,38,1,"Shadowmap packing",0.000199999995
2997.2759,38,1,"Render",0.666700006
2997.2781,38,1,"Procedural Animations",0.00520000001
2997.2805,38,1,"Script Components",0.00120000006
2997.2831,38,1,"CPU Frame",2.91829991
2997.2851,38,1,"Input",0.400999993
2997.2875,38,1,"GUI Update",0.102899998
2997.2893,38,1,"Frustum Culling",0.0971999988
2997.2914,38,1,"Animations",0
2997.2935,38,1,"Spring Dependencies",0.00079999998
2997.296,38,1,"GUI Render",0.101800002
2997.2981,38,1,"Physics",0.00410000002
2997.301,38,1,"Update",0.793099999
2997.3042,38,1,"Fixed Update",0.000300000014
2997.307,38,1,"Spline Update",0.00179999997
2997.3104,38,1,"Compose",0.672900021
2997.3138,38,1,"Update Buffers (CPU)",0.156200007
2997.7675,39,1,"RenderPath3D Update",0.2747
2997.7793,39,1,"Application Update",0.3218
2998.379,39,1,"Application Render",0.5958
2998.9328,39,1,"Application Compose",0.5142
3004.3147,39,1,"SubmitCommandLists",5.3619
3004.4125,39,1,"Shadowmap packing",0.00039999999
3004.4168,39,1,"Render",0.595300019
3004.4189,39,1,"Procedural Animations",0.00150000001
3004.4215,39,1,"Script Components",0.000199999995
3004.424,39,1,"CPU Frame",1.69659996
3004.4262,39,1,"Input",0.134200007
3004.4293,39,1,"GUI Update",0.0273000002
3004.4314,39,1,"Frustum Culling",0.111699998
3004.4334,39,1,"Animations",0.000199999995
3004.4354,39,1,"Spring Dependencies",9.99999975e-05
3004.4385,39,1,"GUI Render",0.0815000013
3004.4406,39,1,"Physics",0.00150000001
3004.4424,39,1,"Update",0.321500003
3004.4449,39,1,"Fixed Update",9.99999975e-05
3004.4467,39,1,"Spline Update",0.000300000014
3004.4487,39,1,"Compose",0.513700008
3004.4512,39,1,"Update Buffers (CPU)",0.129700005
3004.9435,40,1,"RenderPath3D Update",0.3032
3004.9506,40,1,"Application Update",0.336
3005.4336,40,1,"Application Render",0.4803
3005.8735,40,1,"Application Compose",0.4159
3011.7422,40,1,"SubmitCommandLists",5.857
3011.9661,40,1,"Shadowmap packing",0.000500000024
3011.9757,40,1,"Render",0.479999989
3011.9817,40,1,"Procedural Animations",0.00109999999
3011.986,40,1,"Script Components",0.000300000014
3011.9917,40,1,"CPU Frame",1.53380001
3011.9962,40,1,"Input",0.138699993
3012.0027,40,1,"GUI Update",0.0276999995
3012.0069,40,1,"Frustum Culling",0.0872000009
3012.0112,40,1,"Animations",0.000199999995
3012.0151,40,1,"Spring Dependencies",0.000300000014
3012.0196,40,1,"GUI Render",0.0546000004
3012.0233,40,1,"Physics",0.00650000013
3012.0266,40,1,"Update",0.335799992
3012.0303,40,1,"Fixed Update",0.0055999998
3012.0346,40,1,"Spline Update",0.00039999999
3012.04,40,1,"Compose",0.415499985
3012.0439,40,1,"Update Buffers (CPU)",0.0948999971
3013.3346,41,1,"RenderPath3D Update",0.2895
3013.3471,41,1,"Application Update",0.4235
3014.227,41,1,"Application Render",0.876
3014.9979,41,1,"Application Compose",0.7058
3017.4331,41,1,"SubmitCommandLists",2.3854
3017.5241,41,1,"Shadowmap packing",0.00039999999
3017.5305,41,1,"Render",0.875100017
3017.5334,41,1,"Procedural Animations",0.00410000002
3017.5366,41,1,"Script Components",0.00150000001
3017.5412,41,1,"CPU Frame",3.20110011
3017.5447,41,1,"Input",0.549399972
3017.5484,41,1,"GUI Update",0.0993999988
3017.5518,41,1,"Frustum Culling",0.0366000012
3017.5551,41,1,"Animations",9.99999975e-05
3017.5584,41,1,"Spring Dependencies",0.000899999985
3017.5636,41,1,"GUI Render",0.118900001
3017.5666,41,1,"Physics",0.00240000011
3017.5692,41,1,"Update",0.422899991
3017.5715,41,1,"Fixed Update",0.00039999999
3017.574,41,1,"Spline Update",0.00139999995
3017.5777,41,1,"Compose",0.704999983
3017.5814,41,1,"Update Buffers (CPU)",0.203899994
3018.2402,42,1,"RenderPath3D Update",0.2763
3018.2487,42,1,"Application Update",0.3592
3018.7897,42,1,"Application Render",0.5386
3019.2814,42,1,"Application Compose",0.4441
3024.4344,42,1,"SubmitCommandLists",5.141
3024.5115,42,1,"Shadowmap packing",0.000699999975
3024.5165,42,1,"Render",0.538299978
3024.5194,42,1,"Procedural Animations",0.00159999996
3024.5224,42,1,"Script Components",0.000699999975
3024.5263,42,1,"CPU Frame",1.81359994
3024.529,42,1,"Input",0.262300014
3024.5326,42,1,"GUI Update",0.0527999997
3024.5357,42,1,"Frustum Culling",0.066200003
3024.5384,42,1,"Animations",9.99999975e-05
3024.5415,42,1,"Spring Dependencies",9.99999975e-05
3024.5447,42,1,"GUI Render",0.0676999986
3024.5473,42,1,"Physics",0.0186000001
3024.5498,42,1,"Update",0.358999997
3024.5527,42,1,"Fixed Update",0.0194000006
3024.5552,42,1,"Spline Update",0.00170000002
3024.558,42,1,"Compose",0.443500012
3024.5616,42,1,"Update Buffers (CPU)",0.144199997
3025.1581,43,1,"RenderPath3D Update",0.2812
3025.1657,43,1,"Application Update",0.3442
3025.6003,43,1,"Application Render",0.4319
3026.0428,43,1,"Application Compose",0.4151
3031.518,43,1,"SubmitCommandLists",5.4613
3031.6712,43,1,"Shadowmap packing",0.000500000024
3031.7227,43,1,"Render",0.431699991
3031.7258,43,1,"Procedural Animations",0.00319999992
3031.7281,43,1,"Script Components",0.000600000028
3031.7318,43,1,"CPU Frame",1.58490002
3031.7339,43,1,"Input",0.232700005
3031.7378,43,1,"GUI Update",0.0533999987
3031.7402,43,1,"Frustum Culling",0.0577999987
3031.7421,43,1,"Animations",9.99999975e-05
3031.7448,43,1,"Spring Dependencies",0.000199999995
3031.7476,43,1,"GUI Render",0.0549000017
3031.7493,43,1,"Physics",0.00209999993
3031.7515,43,1,"Update",0.344000012
3031.7533,43,1,"Fixed Update",9.99999975e-05
3031.7551,43,1,"Spline Update",0.000500000024
3031.757,43,1,"Compose",0.414799988
3031.7593,43,1,"Update Buffers (CPU)",0.0993999988
3032.5341,44,1,"RenderPath3D Update",0.4169
3032.5425,44,1,"Application Update",0.4719
3033.2009,44,1,"Application Render",0.6557
3033.7355,44,1,"Application Compose",0.4785
3038.339,44,1,"SubmitCommandLists",4.5873
3038.4985,44,1,"Shadowmap packing",0.00039999999
3038.5053,44,1,"Render",0.655300021
3038.5081,44,1,"Procedural Animations",0.00179999997
3038.5123,44,1,"Script Components",0.000300000014
3038.5176,44,1,"CPU Frame",2.18790007
3038.5223,44,1,"Input",0.279300004
3038.525,44,1,"GUI Update",0.0734999999
3038.5275,44,1,"Frustum Culling",0.0445000008
3038.5298,44,1,"Animations",9.99999975e-05
3038.5326,44,1,"Spring Dependencies",0.00039999999
3038.5358,44,1,"GUI Render",0.0837000012
3038.5377,44,1,"Physics",0.00650000013
3038.5396,44,1,"Update",0.471100003
3038.5414,44,1,"Fixed Update",0.00870000012
3038.5431,44,1,"Spline Update",0.000300000014
3038.545,44,1,"Compose",0.477899998
3038.5474,44,1,"Update Buffers (CPU)",0.148000002
3039.5174,45,1,"RenderPath3D Update",0.4107
3039.5292,45,1,"Application Update",0.5435
3040.3266,45,1,"Application Render",0.7942
3040.8115,45,1,"Application Compose",0.4422
3045.1725,45,1,"SubmitCommandLists",4.3509
3045.2626,45,1,"Shadowmap packing",0.000300000014
3045.2685,45,1,"Render",0.793900013
3045.3227,45,1,"Procedural Animations",0.00329999998
3045.3273,45,1,"Script Components",0.00109999999
3045.333,45,1,"CPU Frame",2.42420006
3045.3368,45,1,"Input",0.382699996
3045.3413,45,1,"GUI Update",0.0957999974
3045.3454,45,1,"Frustum Culling",0.0670000017
3045.3492,45,1,"Animations",0.000199999995
3045.3545,45,1,"Spring Dependencies",9.99999975e-05
3045.3606,45,1,"GUI Render",0.0688000023
3045.364,45,1,"Physics",0.00190000003
3045.3681,45,1,"Update",0.542900026
3045.3722,45,1,"Fixed Update",9.99999975e-05
3045.3756,45,1,"Spline Update",0.00190000003
3045.3791,45,1,"Compose",0.442000002
3045.3825,45,1,"Update Buffers (CPU)",0.145500004
3046.0217,46,1,"RenderPath3D Update",0.3035
3046.0358,46,1,"Application Update",0.3845
3046.5323,46,1,"Application Render",0.4924
3046.9874,46,1,"Application Compose",0.4197
3052.099,46,1,"SubmitCommandLists",5.101
3052.1516,46,1,"Shadowmap packing",0.000300000014
3052.1551,46,1,"Render",0.491899997
3052.1573,46,1,"Procedural Animations",0.00159999996
3052.1596,46,1,"Script Components",0.000300000014
3052.1621,46,1,"CPU Frame",1.79149997
3052.1641,46,1,"Input",0.234500006
3052.1666,46,1,"GUI Update",0.0454999991
3052.1687,46,1,"Frustum Culling",0.0710999966
3052.1708,46,1,"Animations",9.99999975e-05
3052.1732,46,1,"Spring Dependencies",0.000199999995
3052.1764,46,1,"GUI Render",0.0826999992
3052.1786,46,1,"Physics",0.00150000001
3052.1808,46,1,"Update",0.384299994
3052.1829,46,1,"Fixed Update",0.000500000024
3052.1854,46,1,"Spline Update",0.000500000024
3052.1872,46,1,"Compose",0.419400007
3052.1895,46,1,"Update Buffers (CPU)",0.0952999964
3052.6528,47,1,"RenderPath3D Update",0.2392
3052.6647,47,1,"Application Update",0.2912
3053.2563,47,1,"Application Render",0.5891
3053.7617,47,1,"Application Compose",0.4804
3059.0596,47,1,"SubmitCommandLists",5.2865
3059.1179,47,1,"Shadowmap packing",0.000300000014
3059.1215,47,1,"Render",0.588800013
3059.1239,47,1,"Procedural Animations",0.00120000006
3059.1262,47,1,"Script Components",0.000199999995
3059.1293,47,1,"CPU Frame",1.65020001
3059.1311,47,1,"Input",0.157900006
3059.1336,47,1,"GUI Update",0.0364999995
3059.1357,47,1,"Frustum Culling",0.158899993
3059.1376,47,1,"Animations",9.99999975e-05
3059.1399,47,1,"Spring Dependencies",0.000300000014
3059.1423,47,1,"GUI Render",0.122000001
3059.1441,47,1,"Physics",0.00970000029
3059.146,47,1,"Update",0.290600002
3059.1479,47,1,"Fixed Update",0.0102000004
3059.1498,47,1,"Spline Update",0.000300000014
3059.1516,47,1,"Compose",0.480199993
3059.1535,47,1,"Update Buffers (CPU)",0.0837000012
3059.8014,48,1,"RenderPath3D Update",0.4111
3059.8117,48,1,"Application Update",0.4808
3060.3692,48,1,"Application Render",0.555
3060.8942,48,1,"Application Compose",0.4958
3066.1221,48,1,"SubmitCommandLists",5.2152
3066.2746,48,1,"Shadowmap packing",0.0438000001
3066.281,48,1,"Render",0.5546
3066.2852,48,1,"Procedural Animations",0.00150000001
3066.2884,48,1,"Script Components",0.00039999999
3066.2938,48,1,"CPU Frame",1.81959999
3066.2981,48,1,"Input",0.154100001
3066.3006,48,1,"GUI Update",0.0463000014
3066.3045,48,1,"Frustum Culling",0.101400003
3066.307,48,1,"Animations",9.99999975e-05
3066.3101,48,1,"Spring Dependencies",0.00039999999
3066.3154,48,1,"GUI Render",0.050999999
3066.3172,48,1,"Physics",0.00270000007
3066.3197,48,1,"Update",0.480500013
3066.323,48,1,"Fixed Update",9.99999975e-05
3066.3248,48,1,"Spline Update",0.000600000028
3066.3267,48,1,"Compose",0.495400012
3066.3307,48,1,"Update Buffers (CPU)",0.108499996
3067.2931,49,1,"RenderPath3D Update",0.5239
3067.3009,49,1,"Application Update",0.69
3068.2187,49,1,"Application Render",0.9146
3068.8521,49,1,"Application Compose",0.5487
3073.3916,49,1,"SubmitCommandLists",4.5154
3073.4574,49,1,"Shadowmap packing",0.00100000005
3073.4611,49,1,"Render",0.914399981
3073.463,49,1,"Procedural Animations",0.00789999962
3073.4654,49,1,"Script Components",0.00350000011
3073.4683,49,1,"CPU Frame",2.68899989
3073.4703,49,1,"Input",0.213100001
3073.473,49,1,"GUI Update",0.147200003
3073.4751,49,1,"Frustum Culling",0.0573000014
3073.477,49,1,"Animations",9.99999975e-05
3073.5722,49,1,"Spring Dependencies",0.00179999997
3073.5755,49,1,"GUI Render",0.118799999
3073.5775,49,1,"Physics",0.0209999997
3073.5793,49,1,"Update",0.689800024
3073.5813,49,1,"Fixed Update",0.0261000004
3073.5831,49,1,"Spline Update",0.0027999999
3073.5853,49,1,"Compose",0.548600018
3073.5878,49,1,"Update Buffers (CPU)",0.254200011
3074.1038,50,1,"RenderPath3D Update",0.2625
3074.109,50,1,"Application Update",0.3232
3074.6485,50,1,"Application Render",0.5369
3075.0992,50,1,"Application Compose",0.4253
3079.9296,50,1,"SubmitCommandLists",4.819
3080.016,50,1,"Shadowmap packing",0.000300000014
3080.0201,50,1,"Render",0.536599994
3080.0226,50,1,"Procedural Animations",0.00159999996
3080.025,50,1,"Script Components",0.000300000014
3080.028,50,1,"CPU Frame",1.69149995
3080.0302,50,1,"Input",0.174199998
3080.0325,50,1,"GUI Update",0.0388000011
3080.0347,50,1,"Frustum Culling",0.0520000011
3080.0366,50,1,"Animations",9.99999975e-05
3080.0424,50,1,"Spring Dependencies",0.00039999999
3080.0451,50,1,"GUI Render",0.061900001
3080.0471,50,1,"Physics",0.00310000009
3080.0489,50,1,"Update",0.322899997
3080.0527,50,1,"Fixed Update",0
3080.0549,50,1,"Spline Update",0.000899999985
3080.0571,50,1,"Compose",0.425000012
3080.0594,50,1,"Update Buffers (CPU)",0.170100003
3080.6289,51,1,"RenderPath3D Update",0.2575
3080.6379,51,1,"Application Update",0.3542
3081.2868,51,1,"Application Render",0.6461
3081.7769,51,1,"Application Compose",0.4362
3087.3071,51,1,"SubmitCommandLists",5.5141
3087.6166,51,1,"Shadowmap packing",0.000300000014
3087.6291,51,1,"Render",0.645799994
3087.6359,51,1,"Procedural Animations",0.00350000011
3087.6423,51,1,"Script Components",0.000500000024
3087.6541,51,1,"CPU Frame",1.82449996
3087.6573,51,1,"Input",0.2104
3087.6663,51,1,"GUI Update",0.0474999994
3087.6695,51,1,"Frustum Culling",0.0313000008
3087.6722,51,1,"Animations",9.99999975e-05
3087.6812,51,1,"Spring Dependencies",0.000500000024
3087.6882,51,1,"GUI Render",0.105499998
3087.69,51,1,"Physics",0.00179999997
3087.6926,51,1,"Update",0.353799999
3087.6963,51,1,"Fixed Update",9.99999975e-05
3087.6987,51,1,"Spline Update",0.00139999995
3087.7014,51,1,"Compose",0.435799986
3087.7087,51,1,"Update Buffers (CPU)",0.155900002
3088.9143,52,1,"RenderPath3D Update",0.4087
3088.923,52,1,"Application Update",0.5276
3089.803,52,1,"Application Render",0.8765
3090.3712,52,1,"Application Compose",0.5003
3093.8573,52,1,"SubmitCommandLists",3.4759
3093.9358,52,1,"Shadowmap packing",0.000699999975
3093.9414,52,1,"Render",0.875999987
3093.9442,52,1,"Procedural Animations",0.0046000001
3093.9482,52,1,"Script Components",0.00109999999
3093.9533,52,1,"CPU Frame",2.97970009
3093.956,52,1,"Input",0.591000021
3093.9612,52,1,"GUI Update",0.0896999985
3093.9646,52,1,"Frustum Culling",0.0648000017
3093.9676,52,1,"Animations",0.00079999998
3093.9705,52,1,"Spring Dependencies",0.00139999995
3093.9741,52,1,"GUI Render",0.109499998
3093.9768,52,1,"Physics",0.0231999997
3093.9799,52,1,"Update",0.527400017
3093.983,52,1,"Fixed Update",0.0270000007
3093.9855,52,1,"Spline Update",0.00109999999
3093.9882,52,1,"Compose",0.499199986
3093.9917,52,1,"Update Buffers (CPU)",0.2509
3094.756,53,1,"RenderPath3D Update",0.2427
3094.763,53,1,"Application Update",0.4045
3095.2643,53,1,"Application Render",0.4985
3095.7585,53,1,"Application Compose",0.4511
3100.8777,53,1,"SubmitCommandLists",5.101
3101.0907,53,1,"Shadowmap packing",0.000300000014
3101.0972,53,1,"Render",0.498100013
3101.101,53,1,"Procedural Animations",0.00300000003
3101.1057,53,1,"Script Components",0.00039999999
3101.1118,53,1,"CPU Frame",1.8793
3101.1141,53,1,"Input",0.343800008
3101.1192,53,1,"GUI Update",0.0595999993
3101.1241,53,1,"Frustum Culling",0.0399999991
3101.1259,53,1,"Animations",9.99999975e-05
3101.1296,53,1,"Spring Dependencies",0.0013
3101.1341,53,1,"GUI Render",0.0776999965
3101.1367,53,1,"Physics",0.00139999995
3101.1389,53,1,"Update",0.404100001
3101.1428,53,1,"Fixed Update",9.99999975e-05
3101.1447,53,1,"Spline Update",0.00120000006
3101.1465,53,1,"Compose",0.450800002
3101.1494,53,1,"Update Buffers (CPU)",0.125699997
3102.1037,54,1,"RenderPath3D Update",0.3443
3102.1138,54,1,"Application Update",0.4361
3102.9619,54,1,"Application Render",0.8451
3103.5778,54,1,"Application Compose",0.5659
3108.1287,54,1,"SubmitCommandLists",4.5296
3108.418,54,1,"Shadowmap packing",0.00039999999
3108.4333,54,1,"Render",0.844399989
3108.4392,54,1,"Procedural Animations",0.00540000014
3108.4473,54,1,"Script Components",0.00150000001
3108.4581,54,1,"CPU Frame",2.64829993
3108.4653,54,1,"Input",0.31400001
3108.4713,54,1,"GUI Update",0.0731000006
3108.4785,54,1,"Frustum Culling",0.0560000017
3108.4811,54,1,"Animations",9.99999975e-05
3108.4876,54,1,"Spring Dependencies",0.00109999999
3108.4904,54,1,"GUI Render",0.0925000012
3108.4934,54,1,"Physics",0.0178999994
3108.4951,54,1,"Update",0.435699999
3108.5008,54,1,"Fixed Update",0.0240000002
3108.5035,54,1,"Spline Update",0.00120000006
3108.5064,54,1,"Compose",0.565599978
3108.5096,54,1,"Update Buffers (CPU)",0.225500003
3109.5591,55,1,"RenderPath3D Update",0.3521
3109.566,55,1,"Application Update",0.4622
3109.9942,55,1,"Application Render",0.4253
3110.4495,55,1,"Application Compose",0.4275
3114.5864,55,1,"SubmitCommandLists",4.1267
3114.6387,55,1,"Shadowmap packing",0.000300000014
3114.6419,55,1,"Render",0.424899995
3114.644,55,1,"Procedural Animations",0.00520000001
3114.6466,55,1,"Script Components",0.00109999999
3114.6506,55,1,"CPU Frame",2.2263999
3114.6526,55,1,"Input",0.55430001
3114.6547,55,1,"GUI Update",0.0680999979
3114.6569,55,1,"Frustum Culling",0.0837000012
3114.6587,55,1,"Animations",9.99999975e-05
3114.6611,55,1,"Spring Dependencies",0.000699999975
3114.6636,55,1,"GUI Render",0.068400003
3114.6654,55,1,"Physics",0.0146000003
3114.6672,55,1,"Update",0.462000012
3114.6688,55,1,"Fixed Update",0
3114.6708,55,1,"Spline Update",0.00109999999
3114.6727,55,1,"Compose",0.427100003
3114.6746,55,1,"Update Buffers (CPU)",0.0756999999
3115.1254,56,1,"RenderPath3D Update",0.185
3115.132,56,1,"Application Update",0.2333
3115.6441,56,1,"Application Render",0.5087
3116.1008,56,1,"Application Compose",0.4151
3121.5558,56,1,"SubmitCommandLists",5.4439
3121.6246,56,1,"Shadowmap packing",0.000300000014
3121.6282,56,1,"Render",0.508000016
3121.6306,56,1,"Procedural Animations",0.00200000009
3121.6331,56,1,"Script Components",0.000199999995
3121.636,56,1,"CPU Frame",1.49820006
3121.638,56,1,"Input",0.212599993
3121.6406,56,1,"GUI Update",0.0272000004
3121.6428,56,1,"Frustum Culling",0.0417000018
3121.6448,56,1,"Animations",9.99999975e-05
3121.6472,56,1,"Spring Dependencies",0.000199999995
3121.6495,56,1,"GUI Render",0.059799999
3121.6514,56,1,"Physics",0.00350000011
3121.6533,56,1,"Update",0.232999995
3121.6552,56,1,"Fixed Update",9.99999975e-05
3121.657,56,1,"Spline Update",0.000500000024
3121.6589,56,1,"Compose",0.414799988
3121.6608,56,1,"Update Buffers (CPU)",0.136199996
3122.0661,57,1,"RenderPath3D Update",0.2081
3122.0712,57,1,"Application Update",0.2439
3122.4963,57,1,"Application Render",0.423
3122.9362,57,1,"Application Compose",0.4134
3128.6121,57,1,"SubmitCommandLists",5.6646
3128.6946,57,1,"Shadowmap packing",0.000199999995
3128.6985,57,1,"Render",0.422600001
3128.7008,57,1,"Procedural Animations",0.00179999997
3128.7036,57,1,"Script Components",0.000600000028
3128.7063,57,1,"CPU Frame",1.36160004
3128.7084,57,1,"Input",0.146300003
3128.7109,57,1,"GUI Update",0.0368000008
3128.7129,57,1,"Frustum Culling",0.0441000015
3128.715,57,1,"Animations",9.99999975e-05
3128.7181,57,1,"Spring Dependencies",0.000199999995
3128.7208,57,1,"GUI Render",0.0601999983
3128.7227,57,1,"Physics",0.00949999969
3128.7245,57,1,"Update",0.243599996
3128.7266,57,1,"Fixed Update",0.00879999995
3128.7286,57,1,"Spline Update",0.00039999999
3128.7304,57,1,"Compose",0.412999988
3128.733,57,1,"Update Buffers (CPU)",0.151099995
3129.2198,58,1,"RenderPath3D Update",0.2213
3129.2274,58,1,"Application Update",0.2814
3129.6647,58,1,"Application Render",0.4346
3130.1212,58,1,"Application Compose",0.4186
3135.3911,58,1,"SubmitCommandLists",5.259
3135.545,58,1,"Shadowmap packing",0.000300000014
3135.5511,58,1,"Render",0.434300005
3135.5547,58,1,"Procedural Animations",0.00200000009
3135.7272,58,1,"Script Components",0.000500000024
3135.7342,58,1,"CPU Frame",1.48730004
3135.7367,58,1,"Input",0.194000006
3135.7413,58,1,"GUI Update",0.0461999997
3135.7445,58,1,"Frustum Culling",0.0568000004
3135.7474,58,1,"Animations",9.99999975e-05
3135.7526,58,1,"Spring Dependencies",9.99999975e-05
3135.756,58,1,"GUI Render",0.0582000017
3135.7579,58,1,"Physics",0.00200000009
3135.7597,58,1,"Update",0.281100005
3135.7634,58,1,"Fixed Update",9.99999975e-05
3135.7652,58,1,"Spline Update",0.00139999995
3135.7681,58,1,"Compose",0.418199986
3135.7708,58,1,"Update Buffers (CPU)",0.0948000029
3136.4754,59,1,"RenderPath3D Update",0.2391
3136.4806,59,1,"Application Update",0.3471
3136.9775,59,1,"Application Render",0.4941
3137.5049,59,1,"Application Compose",0.4917
3142.3706,59,1,"SubmitCommandLists",4.8463
3142.4291,59,1,"Shadowmap packing",0.00079999998
3142.4329,59,1,"Render",0.493800014
3142.4351,59,1,"Procedural Animations",0.00389999989
3142.4376,59,1,"Script Components",0.00039999999
3142.4403,59,1,"CPU Frame",2.07920003
3142.4422,59,1,"Input",0.301099986
3142.4446,59,1,"GUI Update",0.0463999994
3142.4468,59,1,"Frustum Culling",0.0568000004
3142.4487,59,1,"Animations",9.99999975e-05
3142.4511,59,1,"Spring Dependencies",0.000600000028
3142.4535,59,1,"GUI Render",0.0733999982
3142.4555,59,1,"Physics",0.00999999978
3142.4573,59,1,"Update",0.346300006
3142.4592,59,1,"Fixed Update",0.0261000004
3142.461,59,1,"Spline Update",0.00150000001
3142.463,59,1,"Compose",0.491299987
3142.4649,59,1,"Update Buffers (CPU)",0.135800004
3142.8514,60,1,"RenderPath3D Update",0.1625
3142.8554,60,1,"Application Update",0.1998
3143.2928,60,1,"Application Render",0.4352
3143.7304,60,1,"Application Compose",0.4118
3149.3027,60,1,"SubmitCommandLists",5.5615
3149.3544,60,1,"Shadowmap packing",0.000199999995
3149.3577,60,1,"Render",0.435000002
3149.36,60,1,"Procedural Animations",0.00120000006
3149.3624,60,1,"Script Components",0.000300000014
3149.3651,60,1,"CPU Frame",1.34300005
3149.367,60,1,"Input",0.181700006
3149.3695,60,1,"GUI Update",0.0286999997
3149.3715,60,1,"Frustum Culling",0.0544000007
3149.3734,60,1,"Animations",9.99999975e-05
3149.3757,60,1,"Spring Dependencies",0.000699999975
3149.3779,60,1,"GUI Render",0.058600001
3149.3798,60,1,"Physics",0.0013
3149.3816,60,1,"Update",0.199599996
3149.3835,60,1,"Fixed Update",9.99999975e-05
3149.3853,60,1,"Spline Update",0.000699999975
3149.3872,60,1,"Compose",0.411599994
3149.3891,60,1,"Update Buffers (CPU)",0.108900003
3149.7903,61,1,"RenderPath3D Update",0.1966
3149.796,61,1,"Application Update",0.2328
3150.2182,61,1,"Application Render",0.4196
3150.6563,61,1,"Application Compose",0.4109
3156.2458,61,1,"SubmitCommandLists",5.5799
3156.3102,61,1,"Shadowmap packing",0.000300000014
3156.3137,61,1,"Render",0.41929999
3156.3159,61,1,"Procedural Animations",0.00150000001
3156.3182,61,1,"Script Components",0.000300000014
3156.321,61,1,"CPU Frame",1.33930004
3156.3231,61,1,"Input",0.155399993
3156.3258,61,1,"GUI Update",0.0310999993
3156.3288,61,1,"Frustum Culling",0.0399000011
3156.3309,61,1,"Animations",9.99999975e-05
3156.3337,61,1,"Spring Dependencies",0.000699999975
3156.3359,61,1,"GUI Render",0.0702999979
3156.338,61,1,"Physics",0.00769999996
3156.34,61,1,"Update",0.232500002
3156.342,61,1,"Fixed Update",0.0074
3156.3444,61,1,"Spline Update",0.000199999995
3156.3464,61,1,"Compose",0.41049999
3156.3483,61,1,"Update Buffers (CPU)",0.141100004
3156.7774,62,1,"RenderPath3D Update",0.1892
3156.7826,62,1,"Application Update",0.241
3157.2676,62,1,"Application Render",0.4825
3157.7202,62,1,"Application Compose",0.4159
3163.2382,62,1,"SubmitCommandLists",5.5073
3163.3388,62,1,"Shadowmap packing",0.000300000014
3163.3431,62,1,"Render",0.48210001
3163.3456,62,1,"Procedural Animations",0.00159999996
3163.3484,62,1,"Script Components",0.00039999999
3163.3527,62,1,"CPU Frame",1.45560002
3163.3552,62,1,"Input",0.182899997
3163.3596,62,1,"GUI Update",0.0331999995
3163.3627,62,1,"Frustum Culling",0.0549999997
3163.3647,62,1,"Animations",9.99999975e-05
3163.3673,62,1,"Spring Dependencies",0.000300000014
3163.4469,62,1,"GUI Render",0.0733999982
3163.4494,62,1,"Physics",0.00150000001
3163.4512,62,1,"Update",0.240600005
3163.4536,62,1,"Fixed Update",9.99999975e-05
3163.4554,62,1,"Spline Update",0.000199999995
3163.4574,62,1,"Compose",0.415499985
3163.4607,62,1,"Update Buffers (CPU)",0.119499996
3164.0297,63,1,"RenderPath3D Update",0.2568
3164.0352,63,1,"Application Update",0.3188
3164.5344,63,1,"Application Render",0.4964
3165.0211,63,1,"Application Compose",0.4371
3170.1412,63,1,"SubmitCommandLists",5.1091
3170.2182,63,1,"Shadowmap packing",0.000199999995
3170.2246,63,1,"Render",0.496100008
3170.2282,63,1,"Procedural Animations",0.00170000002
3170.2319,63,1,"Script Components",0.000300000014
3170.2347,63,1,"CPU Frame",1.74800003
3170.2366,63,1,"Input",0.236100003
3170.2393,63,1,"GUI Update",0.0454999991
3170.2415,63,1,"Frustum Culling",0.0557999983
3170.2435,63,1,"Animations",9.99999975e-05
3170.2459,63,1,"Spring Dependencies",0.000899999985
3170.2487,63,1,"GUI Render",0.0590000004
3170.2504,63,1,"Physics",0.00410000002
3170.2522,63,1,"Update",0.318399996
3170.2541,63,1,"Fixed Update",9.99999975e-05
3170.2561,63,1,"Spline Update",0.000600000028
3170.2581,63,1,"Compose",0.436800003
3170.2601,63,1,"Update Buffers (CPU)",0.119400002
3170.6642,64,1,"RenderPath3D Update",0.1886
3170.6759,64,1,"Application Update",0.2382
3171.1814,64,1,"Application Render",0.5025
3171.6457,64,1,"Application Compose",0.4188
3177.2699,64,1,"SubmitCommandLists",5.613
3177.3486,64,1,"Shadowmap packing",0.00039999999
3177.3525,64,1,"Render",0.501900017
3177.3546,64,1,"Procedural Animations",0.00159999996
3177.3579,64,1,"Script Components",0.000300000014
3177.3613,64,1,"CPU Frame",1.48570001
3177.3633,64,1,"Input",0.154799998
3177.3662,64,1,"GUI Update",0.0441999994
3177.3683,64,1,"Frustum Culling",0.132100001
3177.3703,64,1,"Animations",9.99999975e-05
3177.3733,64,1,"Spring Dependencies",0.00079999998
3177.3757,64,1,"GUI Render",0.0593000017
3177.3778,64,1,"Physics",0.00749999983
3177.3807,64,1,"Update",0.237800002
3177.3825,64,1,"Fixed Update",0.0115
3177.3843,64,1,"Spline Update",0.000699999975
3177.3863,64,1,"Compose",0.41839999
3177.389,64,1,"Update Buffers (CPU)",0.0751999989
3178.116,65,1,"RenderPath3D Update",0.2928
3178.1241,65,1,"Application Update",0.4226
3178.756,65,1,"Application Render",0.6292
3179.2455,65,1,"Application Compose",0.455
3183.9797,65,1,"SubmitCommandLists",4.7219
3184.0189,65,1,"Shadowmap packing",0.00120000006
3184.023,65,1,"Render",0.629000008
3184.0258,65,1,"Procedural Animations",0.0013
3184.0292,65,1,"Script Components",9.99999975e-05
3184.0329,65,1,"CPU Frame",1.95500004
3184.0356,65,1,"Input",0.289200008
3184.0385,65,1,"GUI Update",0.0670000017
3184.0412,65,1,"Frustum Culling",0.058600001
3184.0439,65,1,"Animations",9.99999975e-05
3184.0463,65,1,"Spring Dependencies",0.00039999999
3184.0493,65,1,"GUI Render",0.0898000002
3184.0519,65,1,"Physics",0.00109999999
3184.0548,65,1,"Update",0.422399998
3184.0573,65,1,"Fixed Update",9.99999975e-05
3184.0598,65,1,"Spline Update",0.00159999996
3184.0623,65,1,"Compose",0.454600006
3184.0649,65,1,"Update Buffers (CPU)",0.131999999
3184.5925,66,1,"RenderPath3D Update",0.2753
3184.6022,66,1,"Application Update",0.3286
3185.0825,66,1,"Application Render",0.4775
3185.5619,66,1,"Application Compose",0.4435
3190.9313,66,1,"SubmitCommandLists",5.3579
3190.9813,66,1,"Shadowmap packing",0.000199999995
3190.9842,66,1,"Render",0.477299988
3190.9861,66,1,"Procedural Animations",0.000899999985
3190.9883,66,1,"Script Components",0.000300000014
3190.9905,66,1,"CPU Frame",1.57280004
3190.9923,66,1,"Input",0.1831
3190.9947,66,1,"GUI Update",0.0372000001
3190.9967,66,1,"Frustum Culling",0.0724000037
3190.9985,66,1,"Animations",9.99999975e-05
3191.0007,66,1,"Spring Dependencies",9.99999975e-05
3191.0027,66,1,"GUI Render",0.0670000017
3191.0045,66,1,"Physics",0.00749999983
3191.0063,66,1,"Update",0.328500003
3191.008,66,1,"Fixed Update",0.0138999997
3191.0099,66,1,"Spline Update",0.0013
3191.0119,66,1,"Compose",0.443300009
3191.0137,66,1,"Update Buffers (CPU)",0.129099995
3191.3444,67,1,"RenderPath3D Update",0.1427
3191.3486,67,1,"Application Update",0.1678
3191.7048,67,1,"Application Render",0.3539
3192.1286,67,1,"Application Compose",0.3942
3197.801,67,1,"SubmitCommandLists",5.6641
3197.8681,67,1,"Shadowmap packing",0.000199999995
3197.8718,67,1,"Render",0.353799999
3197.8738,67,1,"Procedural Animations",0.00120000006
3197.8763,67,1,"Script Components",9.99999975e-05
3197.8797,67,1,"CPU Frame",1.18599999
3197.8817,67,1,"Input",0.109999999
3197.8843,67,1,"GUI Update",0.0194000006
3197.8866,67,1,"Frustum Culling",0.0430000015
3197.8887,67,1,"Animations",9.99999975e-05
3197.8904,67,1,"Spring Dependencies",0.00039999999
3197.8927,67,1,"GUI Render",0.052099999
3197.8947,67,1,"Physics",0.00159999996
3197.8967,67,1,"Update",0.167600006
3197.8984,67,1,"Fixed Update",0
3197.9008,67,1,"Spline Update",0.000199999995
3197.9028,67,1,"Compose",0.393900007
3197.9046,67,1,"Update Buffers (CPU)",0.0851999968
3198.4349,68,1,"RenderPath3D Update",0.2079
3198.4406,68,1,"Application Update",0.2632
3198.974,68,1,"Application Render",0.5298
3199.4519,68,1,"Application Compose",0.4482
3204.8363,68,1,"SubmitCommandLists",5.3685
3204.8845,68,1,"Shadowmap packing",0.000199999995
3204.8876,68,1,"Render",0.529500008
3204.8896,68,1,"Procedural Animations",0.00289999996
3204.8919,68,1,"Script Components",9.99999975e-05
3204.8949,68,1,"CPU Frame",1.62360001
3204.8968,68,1,"Input",0.254700005
3204.8998,68,1,"GUI Update",0.0353999995
3204.902,68,1,"Frustum Culling",0.0414000005
3204.9041,68,1,"Animations",0.000199999995
3204.9059,68,1,"Spring Dependencies",0.00079999998
3204.9083,68,1,"GUI Render",0.0654999986
3204.91,68,1,"Physics",0.00270000007
3204.9119,68,1,"Update",0.263099998
3204.9136,68,1,"Fixed Update",0
3204.9157,68,1,"Spline Update",0.000699999975
3204.9176,68,1,"Compose",0.447899997
3204.9201,68,1,"Update Buffers (CPU)",0.178399995
3205.2262,69,1,"RenderPath3D Update",0.1409
3205.2316,69,1,"Application Update",0.1696
3205.7575,69,1,"Application Render",0.5238
3206.1913,69,1,"Application Compose",0.4094
3211.7222,69,1,"SubmitCommandLists",5.5218
3211.7655,69,1,"Shadowmap packing",0.000300000014
3211.7681,69,1,"Render",0.523500025
3211.7701,69,1,"Procedural Animations",0.00170000002
3211.7722,69,1,"Script Components",0.000199999995
3211.7747,69,1,"CPU Frame",1.34159994
3211.7765,69,1,"Input",0.1285
3211.7786,69,1,"GUI Update",0.0247000009
3211.7805,69,1,"Frustum Culling",0.0769999996
3211.7823,69,1,"Animations",0.000300000014
3211.7841,69,1,"Spring Dependencies",0.000199999995
3211.7862,69,1,"GUI Render",0.0820000023
3211.788,69,1,"Physics",0.00630000001
3211.7898,69,1,"Update",0.169300005
3211.7915,69,1,"Fixed Update",0.00469999993
3211.7934,69,1,"Spline Update",0.000300000014
3211.7952,69,1,"Compose",0.409099996
3211.797,69,1,"Update Buffers (CPU)",0.1778
3212.092,70,1,"RenderPath3D Update",0.1519
3212.0968,70,1,"Application Update",0.1758
3212.4588,70,1,"Application Render",0.3505
3212.9205,70,1,"Application Compose",0.421
3218.6736,70,1,"SubmitCommandLists",5.7447
3218.7072,70,1,"Shadowmap packing",0.000199999995
3218.7099,70,1,"Render",0.350199997
3218.7117,70,1,"Procedural Animations",0.000600000028
3218.7138,70,1,"Script Components",9.99999975e-05
3218.7165,70,1,"CPU Frame",1.19319999
3218.7183,70,1,"Input",0.116700001
3218.7203,70,1,"GUI Update",0.0215000007
3218.7222,70,1,"Frustum Culling",0.0516999997
3218.7242,70,1,"Animations",0
3218.7261,70,1,"Spring Dependencies",0.000199999995
3218.7281,70,1,"GUI Render",0.0628999993
3218.7299,70,1,"Physics",0.000899999985
3218.7317,70,1,"Update",0.175600007
3218.7334,70,1,"Fixed Update",9.99999975e-05
3218.7352,70,1,"Spline Update",0.000199999995
3218.7371,70,1,"Compose",0.420700014
3218.7388,70,1,"Update Buffers (CPU)",0.0731000006
3218.977,71,1,"RenderPath3D Update",0.1167
3218.981,71,1,"Application Update",0.1346
3219.3675,71,1,"Application Render",0.3841
3219.7818,71,1,"Application Compose",0.386
3225.5708,71,1,"SubmitCommandLists",5.781
3225.5928,71,1,"Shadowmap packing",0.000199999995
3225.5955,71,1,"Render",0.383899987
3225.5974,71,1,"Procedural Animations",0.000500000024
3225.8305,71,1,"Script Components",9.99999975e-05
3225.8336,71,1,"CPU Frame",1.09490001
3225.8356,71,1,"Input",0.0986000001
3225.8376,71,1,"GUI Update",0.0175999999
3225.8393,71,1,"Frustum Culling",0.0465999991
3225.8411,71,1,"Animations",9.99999975e-05
3225.8428,71,1,"Spring Dependencies",9.99999975e-05
3225.8447,71,1,"GUI Render",0.0368999988
3225.8464,71,1,"Physics",0.00579999993
3225.8481,71,1,"Update",0.134399995
3225.8498,71,1,"Fixed Update",0.0027999999
3225.8516,71,1,"Spline Update",9.99999975e-05
3225.8533,71,1,"Compose",0.385699987
3225.855,71,1,"Update Buffers (CPU)",0.0780000016
3226.08,72,1,"RenderPath3D Update",0.0934
3226.0847,72,1,"Application Update",0.1125
3226.437,72,1,"Application Render",0.3492
3226.8427,72,1,"Application Compose",0.3856
3232.6312,72,1,"SubmitCommandLists",5.7805
3232.7543,72,1,"Shadowmap packing",0.000199999995
3232.7585,72,1,"Render",0.349000007
3232.7612,72,1,"Procedural Animations",0.000500000024
3232.7638,72,1,"Script Components",0
3232.769,72,1,"CPU Frame",1.26810002
3232.7711,72,1,"Input",0.110600002
3232.7758,72,1,"GUI Update",0.0170000009
3232.779,72,1,"Frustum Culling",0.0320000015
3232.7808,72,1,"Animations",9.99999975e-05
3232.7831,72,1,"Spring Dependencies",9.99999975e-05
3232.7857,72,1,"GUI Render",0.0791999996
3232.7875,72,1,"Physics",0.000500000024
3232.7899,72,1,"Update",0.112199999
3232.7922,72,1,"Fixed Update",0
3232.7939,72,1,"Spline Update",0.000199999995
3232.7958,72,1,"Compose",0.385399997
3232.7986,72,1,"Update Buffers (CPU)",0.0637999997
3233.369,73,1,"RenderPath3D Update",0.2617
3233.375,73,1,"Application Update",0.3209
3233.9257,73,1,"Application Render",0.5478
3234.4578,73,1,"Application Compose",0.4593
3239.6536,73,1,"SubmitCommandLists",5.1765
3239.7372,73,1,"Shadowmap packing",0.00039999999
3239.7432,73,1,"Render",0.547500014
3239.7467,73,1,"Procedural Animations",0.0037
3239.7497,73,1,"Script Components",0.00079999998
3239.7538,73,1,"CPU Frame",1.78639996
3239.7568,73,1,"Input",0.215299994
3239.7627,73,1,"GUI Update",0.0551000014
3239.766,73,1,"Frustum Culling",0.0513999984
3239.7694,73,1,"Animations",9.99999975e-05
3239.7732,73,1,"Spring Dependencies",0.00079999998
3239.7762,73,1,"GUI Render",0.0822999999
3239.7782,73,1,"Physics",0.0144999996
3239.7802,73,1,"Update",0.320800006
3239.7822,73,1,"Fixed Update",0.0209999997
3239.7841,73,1,"Spline Update",0.000899999985
3239.786,73,1,"Compose",0.458799988
3239.7884,73,1,"Update Buffers (CPU)",0.123099998
3240.1893,74,1,"RenderPath3D Update",0.1789
3240.1952,74,1,"Application Update",0.226
3240.7285,74,1,"Application Render",0.5306
3241.201,74,1,"Application Compose",0.4304
3246.6008,74,1,"SubmitCommandLists",5.3876
3246.7191,74,1,"Shadowmap packing",0.000300000014
3246.7276,74,1,"Render",0.530300021
3246.7311,74,1,"Procedural Animations",0.00260000001
3246.7346,74,1,"Script Components",0.000300000014
3246.7384,74,1,"CPU Frame",1.52709997
3246.7419,74,1,"Input",0.162400007
3246.746,74,1,"GUI Update",0.0390999988
3246.7497,74,1,"Frustum Culling",0.0476000011
3246.7534,74,1,"Animations",9.99999975e-05
3246.7576,74,1,"Spring Dependencies",0.000199999995
3246.7604,74,1,"GUI Render",0.0697999969
3246.7623,74,1,"Physics",0.00120000006
3246.7642,74,1,"Update",0.225299999
3246.7662,74,1,"Fixed Update",9.99999975e-05
3246.768,74,1,"Spline Update",0.000600000028
3246.7699,74,1,"Compose",0.429800004
3246.7733,74,1,"Update Buffers (CPU)",0.184499994
3247.446,75,1,"RenderPath3D Update",0.2644
3247.4565,75,1,"Application Update",0.356
3247.9488,75,1,"Application Render",0.4883
3248.4219,75,1,"Application Compose",0.437
3253.4949,75,1,"SubmitCommandLists",5.0617
3253.6216,75,1,"Shadowmap packing",0.000300000014
3253.6301,75,1,"Render",0.488000005
3253.6343,75,1,"Procedural Animations",0.00380000006
3253.6384,75,1,"Script Components",0.000300000014
3253.6479,75,1,"CPU Frame",1.77349997
3253.6517,75,1,"Input",0.28639999
3253.6582,75,1,"GUI Update",0.0769999996
3253.6624,75,1,"Frustum Culling",0.0544999987
3253.6656,75,1,"Animations",9.99999975e-05
3253.6701,75,1,"Spring Dependencies",0.000199999995
3253.6764,75,1,"GUI Render",0.067400001
3253.7749,75,1,"Physics",0.0013
3253.7792,75,1,"Update",0.354099989
3253.7853,75,1,"Fixed Update",9.99999975e-05
3253.8041,75,1,"Spline Update",0.00039999999
3253.8071,75,1,"Compose",0.436500013
3253.8116,75,1,"Update Buffers (CPU)",0.1294
3254.6184,76,1,"RenderPath3D Update",0.3063
3254.6259,76,1,"Application Update",0.4039
3255.3517,76,1,"Application Render",0.7216
3256.0821,76,1,"Application Compose",0.6288
3260.4252,76,1,"SubmitCommandLists",4.3216
3260.4931,76,1,"Shadowmap packing",0.000300000014
3260.4968,76,1,"Render",0.721300006
3260.4991,76,1,"Procedural Animations",0.00300000003
3260.5015,76,1,"Script Components",0.000300000014
3260.5041,76,1,"CPU Frame",2.56559992
3260.5062,76,1,"Input",0.325500011
3260.5089,76,1,"GUI Update",0.0997999981
3260.5137,76,1,"Frustum Culling",0.0524000004
3260.517,76,1,"Animations",9.99999975e-05
3260.522,76,1,"Spring Dependencies",0.000199999995
3260.5249,76,1,"GUI Render",0.133100003
3260.5273,76,1,"Physics",0.00970000029
3260.5298,76,1,"Update",0.403499991
3260.5316,76,1,"Fixed Update",0.0287999995
3260.5334,76,1,"Spline Update",0.00039999999
3260.5353,76,1,"Compose",0.628099978
3260.5373,76,1,"Update Buffers (CPU)",0.164499998
3260.9644,77,1,"RenderPath3D Update",0.2043
3260.9695,77,1,"Application Update",0.2605
3261.4566,77,1,"Application Render",0.4849
3261.9596,77,1,"Application Compose",0.4509
3267.3429,77,1,"SubmitCommandLists",5.3693
3267.4237,77,1,"Shadowmap packing",0.000300000014
3267.4275,77,1,"Render",0.484600008
3267.4297,77,1,"Procedural Animations",0.0013
3267.432,77,1,"Script Components",0.000600000028
3267.4348,77,1,"CPU Frame",1.51730001
3267.4368,77,1,"Input",0.153400004
3267.4391,77,1,"GUI Update",0.0452000014
3267.4412,77,1,"Frustum Culling",0.0527999997
3267.4431,77,1,"Animations",9.99999975e-05
3267.4456,77,1,"Spring Dependencies",0.000199999995
3267.4484,77,1,"GUI Render",0.0555000007
3267.4503,77,1,"Physics",0.00150000001
3267.4522,77,1,"Update",0.260199994
3267.4542,77,1,"Fixed Update",9.99999975e-05
3267.4562,77,1,"Spline Update",0.0013
3267.458,77,1,"Compose",0.450300008
3267.4599,77,1,"Update Buffers (CPU)",0.120099999
3267.8935,78,1,"RenderPath3D Update",0.2142
3267.9046,78,1,"Application Update",0.2643
3268.3946,78,1,"Application Render",0.4862
3268.8387,78,1,"Application Compose",0.4158
3274.3734,78,1,"SubmitCommandLists",5.5228
3274.545,78,1,"Shadowmap packing",0.000300000014
3274.553,78,1,"Render",0.485900015
3274.5573,78,1,"Procedural Animations",0.0013
3274.5598,78,1,"Script Components",9.99999975e-05
3274.5661,78,1,"CPU Frame",1.4727
3274.569,78,1,"Input",0.153500006
3274.575,78,1,"GUI Update",0.0458999984
3274.5773,78,1,"Frustum Culling",0.0625
3274.5798,78,1,"Animations",9.99999975e-05
3274.5817,78,1,"Spring Dependencies",0.00039999999
3274.5853,78,1,"GUI Render",0.055399999
3274.5875,78,1,"Physics",0.00650000013
3274.5894,78,1,"Update",0.264200002
3274.5922,78,1,"Fixed Update",0.00970000029
3274.5943,78,1,"Spline Update",0.000600000028
3274.5962,78,1,"Compose",0.415399998
3274.5983,78,1,"Update Buffers (CPU)",0.141800001
3275.3858,79,1,"RenderPath3D Update",0.4113
3275.3963,79,1,"Application Update",0.5082
3275.9967,79,1,"Application Render",0.5968
3276.4904,79,1,"Application Compose",0.4453
3281.2233,79,1,"SubmitCommandLists",4.7212
3281.2889,79,1,"Shadowmap packing",0.000699999975
3281.2922,79,1,"Render",0.595700026
3281.2948,79,1,"Procedural Animations",0.00270000007
3281.2974,79,1,"Script Components",0.00079999998
3281.3006,79,1,"CPU Frame",2.08060002
3281.3028,79,1,"Input",0.254500002
3281.3065,79,1,"GUI Update",0.059700001
3281.3087,79,1,"Frustum Culling",0.072300002
3281.3107,79,1,"Animations",0.000199999995
3281.3125,79,1,"Spring Dependencies",0.000600000028
3281.3151,79,1,"GUI Render",0.0807999969
3281.3171,79,1,"Physics",0.00289999996
3281.319,79,1,"Update",0.5079
3281.321,79,1,"Fixed Update",0.000199999995
3281.3229,79,1,"Spline Update",0.00179999997
3281.3255,79,1,"Compose",0.445100009
3281.3284,79,1,"Update Buffers (CPU)",0.152500004
3282.057,80,1,"RenderPath3D Update",0.4229
3282.0698,80,1,"Application Update",0.4852
3282.7678,80,1,"Application Render",0.6382
3283.2442,80,1,"Application Compose",0.4406
3288.3046,80,1,"SubmitCommandLists",5.0421
3288.4238,80,1,"Shadowmap packing",0.00039999999
3288.4283,80,1,"Render",0.637700021
3288.4313,80,1,"Procedural Animations",0.00319999992
3288.4337,80,1,"Script Components",0.000300000014
3288.4379,80,1,"CPU Frame",2.00219989
3288.4403,80,1,"Input",0.241999999
3288.4438,80,1,"GUI Update",0.0595999993
3288.4467,80,1,"Frustum Culling",0.0900000036
3288.4489,80,1,"Animations",0.000199999995
3288.4512,80,1,"Spring Dependencies",0.00120000006
3288.454,80,1,"GUI Render",0.0703999996
3288.4566,80,1,"Physics",0.00240000011
3288.4584,80,1,"Update",0.484800011
3288.4614,80,1,"Fixed Update",9.99999975e-05
3288.4649,80,1,"Spline Update",0.000899999985
3288.4672,80,1,"Compose",0.440100014
3288.4697,80,1,"Update Buffers (CPU)",0.158999994
3289.222,81,1,"RenderPath3D Update",0.3387
3289.2279,81,1,"Application Update",0.4143
3289.8268,81,1,"Application Render",0.5958
3290.3284,81,1,"Application Compose",0.4463
3295.1033,81,1,"SubmitCommandLists",4.7636
3295.2186,81,1,"Shadowmap packing",0.000300000014
3295.2238,81,1,"Render",0.595499992
3295.2258,81,1,"Procedural Animations",0.00240000011
3295.228,81,1,"Script Components",0.000899999985
3295.2343,81,1,"CPU Frame",1.98790002
3295.2366,81,1,"Input",0.297899991
3295.2402,81,1,"GUI Update",0.0688999966
3295.2439,81,1,"Frustum Culling",0.0515000001
3295.2464,81,1,"Animations",0
3295.2487,81,1,"Spring Dependencies",0.000899999985
3295.2519,81,1,"GUI Render",0.0771000013
3295.2537,81,1,"Physics",0.0187999997
3295.256,81,1,"Update",0.414099991
3295.2578,81,1,"Fixed Update",0.0176999997
3295.2596,81,1,"Spline Update",0.00190000003
3295.2619,81,1,"Compose",0.445800006
3295.2665,81,1,"Update Buffers (CPU)",0.151800007
3295.8953,82,1,"RenderPath3D Update",0.2825
3295.9015,82,1,"Application Update",0.3692
3296.4931,82,1,"Application Render",0.5896
3296.9516,82,1,"Application Compose",0.4206
3302.1141,82,1,"SubmitCommandLists",5.151
3302.2167,82,1,"Shadowmap packing",0.000199999995
3302.2211,82,1,"Render",0.588999987
3302.2233,82,1,"Procedural Animations",0.0046000001
3302.226,82,1,"Script Components",0.00100000005
3302.2305,82,1,"CPU Frame",1.81309998
3302.2327,82,1,"Input",0.227699995
3302.2363,82,1,"GUI Update",0.0628999993
3302.2388,82,1,"Frustum Culling",0.0412000008
3302.2413,82,1,"Animations",9.99999975e-05
3302.2453,82,1,"Spring Dependencies",0.000899999985
3302.2485,82,1,"GUI Render",0.059799999
3302.2508,82,1,"Physics",0.00209999993
3302.2527,82,1,"Update",0.368499994
3302.2553,82,1,"Fixed Update",9.99999975e-05
3302.2571,82,1,"Spline Update",0.00139999995
3302.2591,82,1,"Compose",0.420100003
3302.2612,82,1,"Update Buffers (CPU)",0.166500002
3302.9962,83,1,"RenderPath3D Update",0.3107
3303.0015,83,1,"Application Update",0.3896
3303.5711,83,1,"Application Render",0.5673
3304.0419,83,1,"Application Compose",0.4269
3309.0144,83,1,"SubmitCommandLists",4.9625
3309.1024,83,1,"Shadowmap packing",0.00039999999
3309.1063,83,1,"Render",0.567099988
3309.109,83,1,"Procedural Animations",0.00430000015
3309.1116,83,1,"Script Components",0.00150000001
3309.1148,83,1,"CPU Frame",1.89119995
3309.1172,83,1,"Input",0.313300014
3309.1198,83,1,"GUI Update",0.0891000032
3309.1221,83,1,"Frustum Culling",0.0408999994
3309.1243,83,1,"Animations",9.99999975e-05
3309.1271,83,1,"Spring Dependencies",0.000600000028
3309.13,83,1,"GUI Render",0.0710999966
3309.1319,83,1,"Physics",0.0168999992
3309.1338,83,1,"Update",0.389400005
3309.1355,83,1,"Fixed Update",0.0179999992
3309.1372,83,1,"Spline Update",0.000899999985
3309.14,83,1,"Compose",0.426600009
3309.1426,83,1,"Update Buffers (CPU)",0.158000007
3309.8319,84,1,"RenderPath3D Update",0.2807
3309.8379,84,1,"Application Update",0.3724
3310.3644,84,1,"Application Render",0.524
3310.8324,84,1,"Application Compose",0.4346
3315.9735,84,1,"SubmitCommandLists",5.1299
3316.066,84,1,"Shadowmap packing",0.00079999998
3316.0724,84,1,"Render",0.523299992
3316.0758,84,1,"Procedural Animations",0.00270000007
3316.0791,84,1,"Script Components",0.00100000005
3316.17,84,1,"CPU Frame",1.78729999
3316.1737,84,1,"Input",0.299899995
3316.1811,84,1,"GUI Update",0.0653000027
3316.1844,84,1,"Frustum Culling",0.0518000014
3316.1879,84,1,"Animations",9.99999975e-05
3316.1928,84,1,"Spring Dependencies",0.000600000028
3316.1997,84,1,"GUI Render",0.0755999982
3316.2016,84,1,"Physics",0.00260000001
3316.2041,84,1,"Update",0.371699989
3316.2074,84,1,"Fixed Update",9.99999975e-05
3316.2092,84,1,"Spline Update",0.00200000009
3316.211,84,1,"Compose",0.433999985
3316.215,84,1,"Update Buffers (CPU)",0.171100006
3316.8782,85,1,"RenderPath3D Update",0.2872
3316.885,85,1,"Application Update",0.3672
3317.4434,85,1,"Application Render",0.5555
3317.9676,85,1,"Application Compose",0.4596
3323.0843,85,1,"SubmitCommandLists",5.0971
3323.1862,85,1,"Shadowmap packing",0.000300000014
3323.19,85,1,"Render",0.555000007
3323.1931,85,1,"Procedural Animations",0.00609999988
3323.1959,85,1,"Script Components",0.000300000014
3323.1996,85,1,"CPU Frame",1.96720004
3323.2024,85,1,"Input",0.247500002
3323.2051,85,1,"GUI Update",0.0383000001
3323.2069,85,1,"Frustum Culling",0.0480000004
3323.209,85,1,"Animations",9.99999975e-05
3323.2125,85,1,"Spring Dependencies",0.000500000024
3323.2168,85,1,"GUI Render",0.0848999992
3323.2198,85,1,"Physics",0.0221999995
3323.2221,85,1,"Update",0.367000014
3323.2249,85,1,"Fixed Update",0.0275999997
3323.2278,85,1,"Spline Update",0.000500000024
3323.2296,85,1,"Compose",0.459300011
3323.2324,85,1,"Update Buffers (CPU)",0.147499993
3323.8594,86,1,"RenderPath3D Update",0.2908
3323.8658,86,1,"Application Update",0.3802
3324.4573,86,1,"Application Render",0.5892
3324.9119,86,1,"Application Compose",0.4176
3330.0128,86,1,"SubmitCommandLists",5.0915
3330.0808,86,1,"Shadowmap packing",0.000300000014
3330.0857,86,1,"Render",0.58890003
3330.0897,86,1,"Procedural Animations",0.0046000001
3330.0925,86,1,"Script Components",0.00079999998
3330.0954,86,1,"CPU Frame",1.79219997
3330.0981,86,1,"Input",0.223000005
3330.1013,86,1,"GUI Update",0.0799999982
3330.1032,86,1,"Frustum Culling",0.0522999987
3330.1052,86,1,"Animations",0
3330.1077,86,1,"Spring Dependencies",0.00079999998
3330.1123,86,1,"GUI Render",0.0700000003
3330.1143,86,1,"Physics",0.00329999998
3330.1161,86,1,"Update",0.379999995
3330.1186,86,1,"Fixed Update",9.99999975e-05
3330.121,86,1,"Spline Update",0.00170000002
3330.123,86,1,"Compose",0.417100012
3330.125,86,1,"Update Buffers (CPU)",0.149100006
3330.7431,87,1,"RenderPath3D Update",0.2331
3330.7496,87,1,"Application Update",0.3159
3331.2834,87,1,"Application Render",0.5318
3331.7269,87,1,"Application Compose",0.4132
3336.9468,87,1,"SubmitCommandLists",5.21
3337.0946,87,1,"Shadowmap packing",0.00039999999
3337.0995,87,1,"Render",0.531599998
3337.1021,87,1,"Procedural Animations",0.00469999993
3337.1058,87,1,"Script Components",0.000699999975
3337.1104,87,1,"CPU Frame",1.69579995
3337.1129,87,1,"Input",0.293099999
3337.118,87,1,"GUI Update",0.0450000018
3337.12,87,1,"Frustum Culling",0.0450000018
3337.1219,87,1,"Animations",9.99999975e-05
3337.1252,87,1,"Spring Dependencies",0.000199999995
3337.1285,87,1,"GUI Render",0.0837000012
3337.1307,87,1,"Physics",0.00389999989
3337.1331,87,1,"Update",0.315699995
3337.1368,87,1,"Fixed Update",0
3337.1392,87,1,"Spline Update",0.00159999996
3337.1411,87,1,"Compose",0.412200004
3337.1435,87,1,"Update Buffers (CPU)",0.128099993
3337.8241,88,1,"RenderPath3D Update",0.2679
3337.8289,88,1,"Application Update",0.3502
3338.4433,88,1,"Application Render",0.6121
3338.9034,88,1,"Application Compose",0.4105
3343.7659,88,1,"SubmitCommandLists",4.8434
3343.8458,88,1,"Shadowmap packing",0.000300000014
3343.8519,88,1,"Render",0.611599982
3343.855,88,1,"Procedural Animations",0.00200000009
3343.8579,88,1,"Script Components",0.00079999998
3343.8606,88,1,"CPU Frame",1.90750003
3343.8629,88,1,"Input",0.284399986
3343.8658,88,1,"GUI Update",0.0612000003
3343.8685,88,1,"Frustum Culling",0.0436000004
3343.8708,88,1,"Animations",0
3343.8735,88,1,"Spring Dependencies",0.000199999995
3343.8766,88,1,"GUI Render",0.0675999969
3343.8785,88,1,"Physics",0.0186999999
3343.9686,88,1,"Update",0.349299997
3343.9719,88,1,"Fixed Update",0.0212999992
3343.9741,88,1,"Spline Update",0.0013
3343.9769,88,1,"Compose",0.409700006
3343.9791,88,1,"Update Buffers (CPU)",0.163599998
3344.5521,89,1,"RenderPath3D Update",0.2532
3344.5568,89,1,"Application Update",0.335
3345.0505,89,1,"Application Render",0.4914
3345.5946,89,1,"Application Compose",0.4996
3350.7574,89,1,"SubmitCommandLists",5.1502
3350.9039,89,1,"Shadowmap packing",0.000300000014
3350.9118,89,1,"Render",0.491100013
3350.9149,89,1,"Procedural Animations",0.00200000009
3350.9184,89,1,"Script Components",0.000300000014
3350.9239,89,1,"CPU Frame",1.8089
3350.9273,89,1,"Input",0.221599996
3350.9313,89,1,"GUI Update",0.0430999994
3350.935,89,1,"Frustum Culling",0.0447999984
3350.9373,89,1,"Animations",9.99999975e-05
3350.9411,89,1,"Spring Dependencies",0.00100000005
3350.9444,89,1,"GUI Render",0.105999999
3350.9468,89,1,"Physics",0.0027999999
3350.9486,89,1,"Update",0.334600002
3350.9521,89,1,"Fixed Update",9.99999975e-05
3350.9539,89,1,"Spline Update",0.000699999975
3350.9557,89,1,"Compose",0.499300003
3350.96,89,1,"Update Buffers (CPU)",0.1149
3351.9697,90,1,"RenderPath3D Update",0.4383
3351.9862,90,1,"Application Update",0.5458
3352.9461,90,1,"Application Render",0.9512
3353.6613,90,1,"Application Compose",0.6832
3357.7422,90,1,"SubmitCommandLists",4.0543
3357.8379,90,1,"Shadowmap packing",0.00109999999
3357.8419,90,1,"Render",0.950399995
3357.8445,90,1,"Procedural Animations",0.00200000009
3357.8468,90,1,"Script Components",0.000899999985
3357.8501,90,1,"CPU Frame",2.86330009
3357.8526,90,1,"Input",0.416500002
3357.8557,90,1,"GUI Update",0.0947000012
3357.858,90,1,"Frustum Culling",0.0983000025
3357.8603,90,1,"Animations",0.00039999999
3357.8623,90,1,"Spring Dependencies",0.000500000024
3357.8653,90,1,"GUI Render",0.105300002
3357.8671,90,1,"Physics",0.0178999994
3357.8694,90,1,"Update",0.545599997
3357.8718,90,1,"Fixed Update",0.0284000002
3357.8737,90,1,"Spline Update",0.00100000005
3357.8756,90,1,"Compose",0.682600021
3357.8787,90,1,"Update Buffers (CPU)",0.156399995
3358.835,91,1,"RenderPath3D Update",0.3985
3358.8479,91,1,"Application Update",0.5294
3359.5428,91,1,"Application Render",0.6905
3360.2031,91,1,"Application Compose",0.6014
3364.5702,91,1,"SubmitCommandLists",4.3418
3364.6293,91,1,"Shadowmap packing",0.000300000014
3364.6331,91,1,"Render",0.689899981
3364.6357,91,1,"Procedural Animations",0.0027999999
3364.6382,91,1,"Script Components",0.000699999975
3364.6421,91,1,"CPU Frame",2.43059993
3364.6444,91,1,"Input",0.416200012
3364.6484,91,1,"GUI Update",0.0776000023
3364.6511,91,1,"Frustum Culling",0.0993999988
3364.6535,91,1,"Animations",9.99999975e-05
3364.6567,91,1,"Spring Dependencies",0.00039999999
3364.6593,91,1,"GUI Render",0.0731000006
3364.662,91,1,"Physics",0.00219999999
3364.6641,91,1,"Update",0.528500021
3364.6665,91,1,"Fixed Update",9.99999975e-05
3364.6683,91,1,"Spline Update",0.00150000001
3364.6712,91,1,"Compose",0.601199985
3364.6736,91,1,"Update Buffers (CPU)",0.116400003
3365.2673,92,1,"RenderPath3D Update",0.2367
3365.272,92,1,"Application Update",0.3231
3365.8175,92,1,"Application Render",0.5427
3366.2919,92,1,"Application Compose",0.4363
3371.5305,92,1,"SubmitCommandLists",5.2276
3371.6395,92,1,"Shadowmap packing",0.000500000024
3371.6453,92,1,"Render",0.542299986
3371.6487,92,1,"Procedural Animations",0.00680000009
3371.651,92,1,"Script Components",0.000899999985
3371.6549,92,1,"CPU Frame",1.70200002
3371.6571,92,1,"Input",0.257800013
3371.6615,92,1,"GUI Update",0.0533999987
3371.6639,92,1,"Frustum Culling",0.0469000004
3371.6667,92,1,"Animations",0
3371.6692,92,1,"Spring Dependencies",0.000199999995
3371.6716,92,1,"GUI Render",0.0798000023
3371.6736,92,1,"Physics",0.00249999994
3371.6758,92,1,"Update",0.32280001
3371.6788,92,1,"Fixed Update",9.99999975e-05
3371.6816,92,1,"Spline Update",0.00039999999
3371.6835,92,1,"Compose",0.43599999
3371.6859,92,1,"Update Buffers (CPU)",0.143399999
3372.4077,93,1,"RenderPath3D Update",0.3092
3372.4137,93,1,"Application Update",0.3812
3372.9893,93,1,"Application Render",0.5736
3373.5464,93,1,"Application Compose",0.4256
3378.4707,93,1,"SubmitCommandLists",4.9135
3378.5613,93,1,"Shadowmap packing",0.00039999999
3378.5683,93,1,"Render",0.573199987
3378.5714,93,1,"Procedural Animations",0.0037
3378.5757,93,1,"Script Components",0.000199999995
3378.5796,93,1,"CPU Frame",1.98450005
3378.5822,93,1,"Input",0.304100007
3378.5863,93,1,"GUI Update",0.0606999993
3378.5893,93,1,"Frustum Culling",0.0498999991
3378.5917,93,1,"Animations",9.99999975e-05
3378.595,93,1,"Spring Dependencies",0.00120000006
3378.5973,93,1,"GUI Render",0.067900002
3378.5993,93,1,"Physics",0.0248000007
3378.601,93,1,"Update",0.381000012
3378.603,93,1,"Fixed Update",0.0178999994
3378.6048,93,1,"Spline Update",0.0013
3378.607,93,1,"Compose",0.424400002
3378.6105,93,1,"Update Buffers (CPU)",0.1567
3379.4503,94,1,"RenderPath3D Update",0.2636
3379.4575,94,1,"Application Update",0.3952
3380.0885,94,1,"Application Render",0.6273
3380.5609,94,1,"Application Compose",0.4243
3385.4419,94,1,"SubmitCommandLists",4.8682
3385.5374,94,1,"Shadowmap packing",0.000300000014
3385.5417,94,1,"Render",0.626999974
3385.5437,94,1,"Procedural Animations",0.00230000005
3385.5461,94,1,"Script Components",0.00100000005
3385.5499,94,1,"CPU Frame",2.05940008
3385.5519,94,1,"Input",0.426600009
3385.5552,94,1,"GUI Update",0.0702999979
3385.5572,94,1,"Frustum Culling",0.0518000014
3385.559,94,1,"Animations",9.99999975e-05
3385.5617,94,1,"Spring Dependencies",0.00100000005
3385.5639,94,1,"GUI Render",0.065700002
3385.5657,94,1,"Physics",0.00170000002
3385.568,94,1,"Update",0.39410001
3385.57,94,1,"Fixed Update",9.99999975e-05
3385.5718,94,1,"Spline Update",0.000500000024
3385.5738,94,1,"Compose",0.423400015
3385.5755,94,1,"Update Buffers (CPU)",0.165099993
3386.186,95,1,"RenderPath3D Update",0.2363
3386.1913,95,1,"Application Update",0.3001
3386.7168,95,1,"Application Render",0.5232
3387.1871,95,1,"Application Compose",0.4313
3392.3423,95,1,"SubmitCommandLists",5.1446
3392.4024,95,1,"Shadowmap packing",0.00039999999
3392.4057,95,1,"Render",0.522899985
3392.4085,95,1,"Procedural Animations",0.00240000011
3392.4108,95,1,"Script Components",0.00079999998
3392.4133,95,1,"CPU Frame",1.71790004
3392.4153,95,1,"Input",0.270099998
3392.418,95,1,"GUI Update",0.0498000011
3392.4204,95,1,"Frustum Culling",0.0498999991
3392.4222,95,1,"Animations",9.99999975e-05
3392.4254,95,1,"Spring Dependencies",0.00139999995
3392.4288,95,1,"GUI Render",0.0794999972
3392.431,95,1,"Physics",0.0170000009
3392.4328,95,1,"Update",0.299899995
3392.4344,95,1,"Fixed Update",0.0214000009
3392.4363,95,1,"Spline Update",0.00100000005
3392.4381,95,1,"Compose",0.430599988
3392.4406,95,1,"Update Buffers (CPU)",0.137400001
3393.0579,96,1,"RenderPath3D Update",0.2368
3393.0626,96,1,"Application Update",0.305
3393.5881,96,1,"Application Render",0.5233
3394.0315,96,1,"Application Compose",0.4127
3399.3596,96,1,"SubmitCommandLists",5.318
3399.4582,96,1,"Shadowmap packing",0.00039999999
3399.464,96,1,"Render",0.523199975
3399.4669,96,1,"Procedural Animations",0.00480000023
3399.4711,96,1,"Script Components",0.000199999995
3399.4739,96,1,"CPU Frame",1.66840005
3399.4757,96,1,"Input",0.295599997
3399.4803,96,1,"GUI Update",0.0439999998
3399.4842,96,1,"Frustum Culling",0.0476999991
3399.4865,96,1,"Animations",9.99999975e-05
3399.4899,96,1,"Spring Dependencies",0.000300000014
3399.4936,96,1,"GUI Render",0.0643000007
3399.4956,96,1,"Physics",0.00400000019
3399.4977,96,1,"Update",0.304699987
3399.4994,96,1,"Fixed Update",9.99999975e-05
3399.5012,96,1,"Spline Update",0.00120000006
3399.503,96,1,"Compose",0.412400007
3399.5056,96,1,"Update Buffers (CPU)",0.134399995
3400.1275,97,1,"RenderPath3D Update",0.2604
3400.1333,97,1,"Application Update",0.3207
3400.7908,97,1,"Application Render",0.6551
3401.2474,97,1,"Application Compose",0.4202
3406.3196,97,1,"SubmitCommandLists",5.0622
3406.4166,97,1,"Shadowmap packing",0.000199999995
3406.4217,97,1,"Render",0.654999971
3406.4242,97,1,"Procedural Animations",0.00439999998
3406.4276,97,1,"Script Components",0.000600000028
3406.4324,97,1,"CPU Frame",1.85650003
3406.5474,97,1,"Input",0.259799987
3406.5513,97,1,"GUI Update",0.0507000014
3406.5538,97,1,"Frustum Culling",0.0478999987
3406.5557,97,1,"Animations",9.99999975e-05
3406.5585,97,1,"Spring Dependencies",0.00120000006
3406.5607,97,1,"GUI Render",0.0599000007
3406.5631,97,1,"Physics",0.0136000002
3406.5652,97,1,"Update",0.320499986
3406.5674,97,1,"Fixed Update",0.0187999997
3406.5698,97,1,"Spline Update",0.00100000005
3406.5716,97,1,"Compose",0.419699997
3406.5736,97,1,"Update Buffers (CPU)",0.148000002
3407.1403,98,1,"RenderPath3D Update",0.234
3407.1445,98,1,"Application Update",0.3119
3407.6063,98,1,"Application Render",0.4597
3408.0567,98,1,"Application Compose",0.4202
3413.2178,98,1,"SubmitCommandLists",5.1469
3413.3243,98,1,"Shadowmap packing",0.000199999995
3413.3286,98,1,"Render",0.459399998
3413.331,98,1,"Procedural Animations",0.00289999996
3413.3334,98,1,"Script Components",0.000199999995
3413.3359,98,1,"CPU Frame",1.70990002
3413.3381,98,1,"Input",0.241899997
3413.3405,98,1,"GUI Update",0.0478000008
3413.3425,98,1,"Frustum Culling",0.0375000015
3413.3445,98,1,"Animations",9.99999975e-05
3413.3469,98,1,"Spring Dependencies",0.000699999975
3413.3495,98,1,"GUI Render",0.0797000006
3413.3513,98,1,"Physics",0.00419999985
3413.3538,98,1,"Update",0.311399996
3413.3559,98,1,"Fixed Update",9.99999975e-05
3413.3578,98,1,"Spline Update",0.000699999975
3413.3597,98,1,"Compose",0.4199
3413.3621,98,1,"Update Buffers (CPU)",0.146300003
3414.0974,99,1,"RenderPath3D Update",0.2907
3414.1087,99,1,"Application Update",0.3802
3414.651,99,1,"Application Render",0.5391
3415.1474,99,1,"Application Compose",0.4555
3420.2326,99,1,"SubmitCommandLists",5.0734
3420.3458,99,1,"Shadowmap packing",0.00039999999
3420.3513,99,1,"Render",0.538800001
3420.3538,99,1,"Procedural Animations",0.00260000001
3420.3561,99,1,"Script Components",0.00079999998
3420.3586,99,1,"CPU Frame",1.90409994
3420.3608,99,1,"Input",0.344099998
3420.3653,99,1,"GUI Update",0.0658000037
3420.3676,99,1,"Frustum Culling",0.0452000014
3420.37,99,1,"Animations",9.99999975e-05
3420.3729,99,1,"Spring Dependencies",0.00100000005
3420.3769,99,1,"GUI Render",0.0851999968
3420.379,99,1,"Physics",0.00380000006
3420.3817,99,1,"Update",0.379500002
3420.3846,99,1,"Fixed Update",9.99999975e-05
3420.3865,99,1,"Spline Update",0.000600000028
3420.3886,99,1,"Compose",0.455199987
3420.3912,99,1,"Update Buffers (CPU)",0.128099993
3421.166,100,1,"RenderPath3D Update",0.3811
3421.175,100,1,"Application Update",0.4563
3421.9275,100,1,"Application Render",0.7406
3422.383,100,1,"Application Compose",0.4172
3427.0875,100,1,"SubmitCommandLists",4.6922
3427.2519,100,1,"Shadowmap packing",0.000300000014
3427.2602,100,1,"Render",0.7403
3427.2655,100,1,"Procedural Animations",0.00410000002
3427.2717,100,1,"Script Components",0.00170000002
3427.2792,100,1,"CPU Frame",2.11739993
3427.2828,100,1,"Input",0.286000013
3427.289,100,1,"GUI Update",0.0666000023
3427.2935,100,1,"Frustum Culling",0.0644999966
3427.297,100,1,"Animations",9.99999975e-05
3427.3021,100,1,"Spring Dependencies",0.000500000024
3427.3078,100,1,"GUI Render",0.156000003
3427.3116,100,1,"Physics",0.0153999999
3427.3158,100,1,"Update",0.456099987
3427.3209,100,1,"Fixed Update",0.0166999996
3427.3238,100,1,"Spline Update",0.00230000005
3427.3267,100,1,"Compose",0.416999996
3427.3301,100,1,"Update Buffers (CPU)",0.226799995
3428.3734,101,1,"RenderPath3D Update",0.4378
3428.3892,101,1,"Application Update",0.606
3429.1963,101,1,"Application Render",0.8037
3429.6617,101,1,"Application Compose",0.4255
3434.038,101,1,"SubmitCommandLists",4.3527
3434.1463,101,1,"Shadowmap packing",0.00039999999
3434.1524,101,1,"Render",0.802999973
3434.1572,101,1,"Procedural Animations",0.00400000019
3434.1626,101,1,"Script Components",0.000500000024
3434.1721,101,1,"CPU Frame",2.52279997
3434.1767,101,1,"Input",0.418000013
3434.184,101,1,"GUI Update",0.0758000016
3434.1891,101,1,"Frustum Culling",0.105599999
3434.1927,101,1,"Animations",9.99999975e-05
3434.1984,101,1,"Spring Dependencies",0.000600000028
3434.2047,101,1,"GUI Render",0.100599997
3434.2077,101,1,"Physics",0.00190000003
3434.2766,101,1,"Update",0.604799986
3434.2805,101,1,"Fixed Update",9.99999975e-05
3434.2847,101,1,"Spline Update",0.00139999995
3434.2886,101,1,"Compose",0.425099999
3434.2936,101,1,"Update Buffers (CPU)",0.161699995
3435.1493,102,1,"RenderPath3D Update",0.3648
3435.1605,102,1,"Application Update",0.4714
3435.817,102,1,"Application Render",0.6536
3436.2486,102,1,"Application Compose",0.4066
3441.0129,102,1,"SubmitCommandLists",4.7497
3441.0972,102,1,"Shadowmap packing",0.000199999995
3441.1023,102,1,"Render",0.653299987
3441.1045,102,1,"Procedural Animations",0.00240000011
3441.1067,102,1,"Script Components",0.000699999975
3441.1105,102,1,"CPU Frame",2.17770004
3441.1127,102,1,"Input",0.345499992
3441.117,102,1,"GUI Update",0.0719000027
3441.1194,102,1,"Frustum Culling",0.111400001
3441.1212,102,1,"Animations",0.000199999995
3441.1231,102,1,"Spring Dependencies",0.00039999999
3441.1262,102,1,"GUI Render",0.106299996
3441.1282,102,1,"Physics",0.0109000001
3441.13,102,1,"Update",0.471199989
3441.1332,102,1,"Fixed Update",0.0198999997
3441.1355,102,1,"Spline Update",0.000600000028
3441.1374,102,1,"Compose",0.406300008
3441.1397,102,1,"Update Buffers (CPU)",0.153200001
3441.8816,103,1,"RenderPath3D Update",0.4072
3441.8922,103,1,"Application Update",0.4858
3442.4362,103,1,"Application Render",0.5412
3442.8952,103,1,"Application Compose",0.4219
3448.0423,103,1,"SubmitCommandLists",5.1366
3448.1237,103,1,"Shadowmap packing",0.000300000014
3448.1278,103,1,"Render",0.540799975
3448.1298,103,1,"Procedural Animations",0.0046000001
3448.1321,103,1,"Script Components",0.000199999995
3448.1354,103,1,"CPU Frame",1.85769999
3448.1377,103,1,"Input",0.244200006
3448.1414,103,1,"GUI Update",0.0493000001
3448.1437,103,1,"Frustum Culling",0.0908999965
3448.1459,103,1,"Animations",0.000199999995
3448.1477,103,1,"Spring Dependencies",0.000500000024
3448.151,103,1,"GUI Render",0.0649000034
3448.1529,103,1,"Physics",0.00270000007
3448.1553,103,1,"Update",0.485199988
3448.1571,103,1,"Fixed Update",9.99999975e-05
3448.16,103,1,"Spline Update",0.00120000006
3448.1621,103,1,"Compose",0.421400011
3448.1647,103,1,"Update Buffers (CPU)",0.129700005
3448.8663,104,1,"RenderPath3D Update",0.2678
3448.8763,104,1,"Application Update",0.3722
3449.5584,104,1,"Application Render",0.6793
3450.019,104,1,"Application Compose",0.4239
3454.8694,104,1,"SubmitCommandLists",4.8393
3454.9351,104,1,"Shadowmap packing",0.000199999995
3454.9394,104,1,"Render",0.678900003
3454.9417,104,1,"Procedural Animations",0.00419999985
3454.944,104,1,"Script Components",0.000500000024
3454.9481,104,1,"CPU Frame",1.95019996
3454.9507,104,1,"Input",0.312099993
3454.955,104,1,"GUI Update",0.0573000014
3454.958,104,1,"Frustum Culling",0.0502999984
3454.9609,104,1,"Animations",9.99999975e-05
3454.9645,104,1,"Spring Dependencies",0.00120000006
3454.9666,104,1,"GUI Render",0.0610999987
3454.9684,104,1,"Physics",0.00340000005
3454.9705,104,1,"Update",0.371499985
3454.9729,104,1,"Fixed Update",9.99999975e-05
3454.9747,104,1,"Spline Update",0.0013
3454.9768,104,1,"Compose",0.423500001
3454.9795,104,1,"Update Buffers (CPU)",0.160400003
3455.6316,105,1,"RenderPath3D Update",0.2797
3455.6368,105,1,"Application Update",0.3509
3456.2212,105,1,"Application Render",0.5814
3456.6848,105,1,"Application Compose",0.4269
3461.7879,105,1,"SubmitCommandLists",5.0928
3461.8672,105,1,"Shadowmap packing",0.000500000024
3461.8717,105,1,"Render",0.581099987
3461.8742,105,1,"Procedural Animations",0.00590000022
3461.8766,105,1,"Script Components",0.00109999999
3461.8809,105,1,"CPU Frame",1.79630005
3461.8832,105,1,"Input",0.272199988
3461.8876,105,1,"GUI Update",0.0555999987
3461.8898,105,1,"Frustum Culling",0.0579999983
3461.8922,105,1,"Animations",9.99999975e-05
3461.896,105,1,"Spring Dependencies",0.000600000028
3461.9,105,1,"GUI Render",0.0702999979
3461.9018,105,1,"Physics",0.0271000005
3461.9049,105,1,"Update",0.350699991
3461.907,105,1,"Fixed Update",0.0168999992
3461.9087,105,1,"Spline Update",0.00179999997
3461.9106,105,1,"Compose",0.425900012
3461.9128,105,1,"Update Buffers (CPU)",0.136000007
3462.6896,106,1,"RenderPath3D Update",0.2704
3462.6944,106,1,"Application Update",0.3491
3463.2202,106,1,"Application Render",0.5231
3463.6744,106,1,"Application Compose",0.4168
3468.653,106,1,"SubmitCommandLists",4.9659
3468.7205,106,1,"Shadowmap packing",0.000300000014
3468.7243,106,1,"Render",0.522800028
3468.7265,106,1,"Procedural Animations",0.00359999994
3468.7291,106,1,"Script Components",0.000899999985
3468.7326,106,1,"CPU Frame",1.85979998
3468.7346,106,1,"Input",0.282700002
3468.7382,106,1,"GUI Update",0.0513999984
3468.7405,106,1,"Frustum Culling",0.0507000014
3468.7425,106,1,"Animations",9.99999975e-05
3468.7452,106,1,"Spring Dependencies",0.00100000005
3468.7478,106,1,"GUI Render",0.0636000037
3468.75,106,1,"Physics",0.00400000019
3468.7518,106,1,"Update",0.348500013
3468.7539,106,1,"Fixed Update",9.99999975e-05
3468.7557,106,1,"Spline Update",0.00209999993
3468.7578,106,1,"Compose",0.416500002
3468.7603,106,1,"Update Buffers (CPU)",0.1219
3469.3821,107,1,"RenderPath3D Update",0.265
3469.3884,107,1,"Application Update",0.3218
3469.885,107,1,"Application Render",0.4939
3470.3237,107,1,"Application Compose",0.4123
3475.7189,107,1,"SubmitCommandLists",5.3848
3475.8199,107,1,"Shadowmap packing",0.000300000014
3475.8243,107,1,"Render",0.493699998
3475.8275,107,1,"Procedural Animations",0.00400000019
3475.8297,107,1,"Script Components",0.000199999995
3475.8332,107,1,"CPU Frame",1.65059996
3475.8351,107,1,"Input",0.2764
3475.8387,107,1,"GUI Update",0.0491999984
3475.8418,107,1,"Frustum Culling",0.0485000014
3475.8439,107,1,"Animations",9.99999975e-05
3475.8467,107,1,"Spring Dependencies",0.000899999985
3475.8503,107,1,"GUI Render",0.0709000006
3475.8524,107,1,"Physics",0.0138999997
3475.8542,107,1,"Update",0.321399987
3475.8574,107,1,"Fixed Update",0.0131999999
3475.8592,107,1,"Spline Update",0.00039999999
3475.8611,107,1,"Compose",0.412
3475.8634,107,1,"Update Buffers (CPU)",0.121399999
3476.4702,108,1,"RenderPath3D Update",0.2343
3476.4852,108,1,"Application Update",0.33
3477.0935,108,1,"Application Render",0.6059
3477.5591,108,1,"Application Compose",0.4176
3482.568,108,1,"SubmitCommandLists",4.9976
3482.6503,108,1,"Shadowmap packing",0.00120000006
3482.6554,108,1,"Render",0.605799973
3482.6591,108,1,"Procedural Animations",0.0037
3482.6619,108,1,"Script Components",0.000600000028
3482.6657,108,1,"CPU Frame",1.81130004
3482.6681,108,1,"Input",0.274399996
3482.6714,108,1,"GUI Update",0.0759999976
3482.6737,108,1,"Frustum Culling",0.0562000014
3482.6761,108,1,"Animations",0
3482.6787,108,1,"Spring Dependencies",0.000699999975
3482.6828,108,1,"GUI Render",0.0746999979
3482.6853,108,1,"Physics",0.00289999996
3482.6871,108,1,"Update",0.329299986
3482.6906,108,1,"Fixed Update",9.99999975e-05
3482.6944,108,1,"Spline Update",0.000699999975
3482.6963,108,1,"Compose",0.417400002
3482.6986,108,1,"Update Buffers (CPU)",0.172600001
3483.317,109,1,"RenderPath3D Update",0.2583
3483.3218,109,1,"Application Update",0.3241
3483.8493,109,1,"Application Render",0.5247
3484.316,109,1,"Application Compose",0.4288
3489.5605,109,1,"SubmitCommandLists",5.2332
3489.6893,109,1,"Shadowmap packing",0.000300000014
3489.6963,109,1,"Render",0.524399996
3489.6998,109,1,"Procedural Animations",0.00310000009
3489.7048,109,1,"Script Components",0.00039999999
3489.7105,109,1,"CPU Frame",1.7155
3489.7145,109,1,"Input",0.258599997
3489.7224,109,1,"GUI Update",0.0494999997
3489.7265,109,1,"Frustum Culling",0.0375999995
3489.7308,109,1,"Animations",0
3489.738,109,1,"Spring Dependencies",0.000500000024
3489.7443,109,1,"GUI Render",0.0799999982
3489.7491,109,1,"Physics",0.0132999998
3489.7554,109,1,"Update",0.323799998
3489.7606,109,1,"Fixed Update",0.0200999994
3489.7642,109,1,"Spline Update",0.00159999996
3489.7677,109,1,"Compose",0.42840001
3489.7726,109,1,"Update Buffers (CPU)",0.119900003
3490.7082,110,1,"RenderPath3D Update",0.3137
3490.7148,110,1,"Application Update",0.4566
3491.3856,110,1,"Application Render",0.6684
3491.8583,110,1,"Application Compose",0.4263
3496.5222,110,1,"SubmitCommandLists",4.6523
3496.6297,110,1,"Shadowmap packing",0.000300000014
3496.7434,110,1,"Render",0.667900026
3496.7471,110,1,"Procedural Animations",0.00249999994
3496.7504,110,1,"Script Components",0.000500000024
3496.7553,110,1,"CPU Frame",2.26099992
3496.7575,110,1,"Input",0.444499999
3496.7613,110,1,"GUI Update",0.107799999
3496.7641,110,1,"Frustum Culling",0.0557000004
3496.766,110,1,"Animations",0.00039999999
3496.7688,110,1,"Spring Dependencies",0.000600000028
3496.7724,110,1,"GUI Render",0.106899999
3496.7741,110,1,"Physics",0.00310000009
3496.7768,110,1,"Update",0.455500007
3496.7801,110,1,"Fixed Update",9.99999975e-05
3496.7839,110,1,"Spline Update",0.00100000005
3496.786,110,1,"Compose",0.425500005
3496.7879,110,1,"Update Buffers (CPU)",0.202000007
3497.5574,111,1,"RenderPath3D Update",0.4125
3497.568,111,1,"Application Update",0.498
3498.4036,111,1,"Application Render",0.8323
3498.8638,111,1,"Application Compose",0.4295
3503.4557,111,1,"SubmitCommandLists",4.5721
3503.5294,111,1,"Shadowmap packing",0.000500000024
3503.5334,111,1,"Render",0.831700027
3503.5356,111,1,"Procedural Animations",0.00190000003
3503.5381,111,1,"Script Components",0.0013
3503.5409,111,1,"CPU Frame",2.31929994
3503.543,111,1,"Input",0.260100007
3503.5456,111,1,"GUI Update",0.0562000014
3503.5478,111,1,"Frustum Culling",0.117600001
3503.5499,111,1,"Animations",0.000199999995
3503.552,111,1,"Spring Dependencies",0.000500000024
3503.5548,111,1,"GUI Render",0.0755999982
3503.5568,111,1,"Physics",0.00139999995
3503.5587,111,1,"Update",0.497299999
3503.5607,111,1,"Fixed Update",9.99999975e-05
3503.5632,111,1,"Spline Update",0.000699999975
3503.5652,111,1,"Compose",0.429100007
3503.5673,111,1,"Update Buffers (CPU)",0.1175
3504.2569,112,1,"RenderPath3D Update",0.4325
3504.2677,112,1,"Application Update",0.4858
3504.7463,112,1,"Application Render",0.476
3505.2818,112,1,"Application Compose",0.5095
3510.3532,112,1,"SubmitCommandLists",5.0574
3510.4504,112,1,"Shadowmap packing",0.000300000014
3510.4548,112,1,"Render",0.475699991
3510.4578,112,1,"Procedural Animations",0.00249999994
3510.46,112,1,"Script Components",9.99999975e-05
3510.4646,112,1,"CPU Frame",1.80400002
3510.467,112,1,"Input",0.189500004
3510.4706,112,1,"GUI Update",0.0384000018
3510.4729,112,1,"Frustum Culling",0.0577999987
3510.4747,112,1,"Animations",9.99999975e-05
3510.4773,112,1,"Spring Dependencies",0.00039999999
3510.4805,112,1,"GUI Render",0.0666999966
3510.4833,112,1,"Physics",0.00630000001
3510.4858,112,1,"Update",0.485599995
3510.4885,112,1,"Fixed Update",0.00999999978
3510.4903,112,1,"Spline Update",0.000500000024
3510.4927,112,1,"Compose",0.509199977
3510.4958,112,1,"Update Buffers (CPU)",0.100299999
3511.3938,113,1,"RenderPath3D Update",0.4241
3511.4043,113,1,"Application Update",0.563
3512.1269,113,1,"Application Render",0.7199
3512.6057,113,1,"Application Compose",0.4231
3517.3071,113,1,"SubmitCommandLists",4.6908
3517.3838,113,1,"Shadowmap packing",0.000300000014
3517.389,113,1,"Render",0.719600022
3517.3928,113,1,"Procedural Animations",0.00389999989
3517.3966,113,1,"Script Components",0.00079999998
3517.4191,113,1,"CPU Frame",2.22460008
3517.4227,113,1,"Input",0.313600004
3517.4269,113,1,"GUI Update",0.0649000034
3517.4301,113,1,"Frustum Culling",0.0912000015
3517.433,113,1,"Animations",9.99999975e-05
3517.4368,113,1,"Spring Dependencies",0.00100000005
3517.4414,113,1,"GUI Render",0.0644999966
3517.4448,113,1,"Physics",0.00219999999
3517.4481,113,1,"Update",0.562399983
3517.4513,113,1,"Fixed Update",9.99999975e-05
3517.4542,113,1,"Spline Update",0.00139999995
3517.4573,113,1,"Compose",0.422800004
3517.4615,113,1,"Update Buffers (CPU)",0.134200007
3518.1008,114,1,"RenderPath3D Update",0.2015
3518.1094,114,1,"Application Update",0.3754
3518.5184,114,1,"Application Render",0.4066
3518.9661,114,1,"Application Compose",0.4106
3524.2086,114,1,"SubmitCommandLists",5.2295
3524.2628,114,1,"Shadowmap packing",0.000699999975
3524.2662,114,1,"Render",0.405400008
3524.2683,114,1,"Procedural Animations",0.00389999989
3524.2706,114,1,"Script Components",0.000300000014
3524.2732,114,1,"CPU Frame",1.63950002
3524.275,114,1,"Input",0.238399997
3524.3176,114,1,"GUI Update",0.0461999997
3524.3203,114,1,"Frustum Culling",0.0241
3524.3226,114,1,"Animations",9.99999975e-05
3524.3253,114,1,"Spring Dependencies",0.000300000014
3524.3289,114,1,"GUI Render",0.0601999983
3524.3306,114,1,"Physics",0.0131000001
3524.3324,114,1,"Update",0.375200003
3524.3341,114,1,"Fixed Update",0.0138999997
3524.336,114,1,"Spline Update",0.000699999975
3524.3379,114,1,"Compose",0.410100013
3524.3401,114,1,"Update Buffers (CPU)",0.1039
3524.7486,115,1,"RenderPath3D Update",0.1769
3524.7538,115,1,"Application Update",0.2519
3525.188,115,1,"Application Render",0.4317
3525.6695,115,1,"Application Compose",0.425
3531.0883,115,1,"SubmitCommandLists",5.4084
3531.1254,115,1,"Shadowmap packing",0.000199999995
3531.1285,115,1,"Render",0.431600004
3531.1308,115,1,"Procedural Animations",0.00209999993
3531.133,115,1,"Script Components",0.000199999995
3531.1354,115,1,"CPU Frame",1.44579995
3531.1373,115,1,"Input",0.149700001
3531.1396,115,1,"GUI Update",0.0335999988
3531.1415,115,1,"Frustum Culling",0.0502000004
3531.1435,115,1,"Animations",9.99999975e-05
3531.1461,115,1,"Spring Dependencies",0.000300000014
3531.1483,115,1,"GUI Render",0.066399999
3531.1501,115,1,"Physics",0.00150000001
3531.152,115,1,"Update",0.251700014
3531.1539,115,1,"Fixed Update",9.99999975e-05
3531.1557,115,1,"Spline Update",0.000199999995
3531.1575,115,1,"Compose",0.424299985
3531.1595,115,1,"Update Buffers (CPU)",0.114600003
3531.5474,116,1,"RenderPath3D Update",0.1594
3531.5516,116,1,"Application Update",0.2286
3531.9316,116,1,"Application Render",0.3779
3532.3519,116,1,"Application Compose",0.3931
3538.0519,116,1,"SubmitCommandLists",5.6905
3538.0948,116,1,"Shadowmap packing",0.000199999995
3538.0979,116,1,"Render",0.377600014
3538.1,116,1,"Procedural Animations",0.00079999998
3538.1022,116,1,"Script Components",0.000300000014
3538.1046,116,1,"CPU Frame",1.255
3538.1065,116,1,"Input",0.155300006
3538.1088,116,1,"GUI Update",0.0306000002
3538.1109,116,1,"Frustum Culling",0.0375000015
3538.1128,116,1,"Animations",0
3538.1148,116,1,"Spring Dependencies",0.000300000014
3538.1169,116,1,"GUI Render",0.0472999997
3538.1186,116,1,"Physics",0.00200000009
3538.1204,116,1,"Update",0.228400007
3538.1222,116,1,"Fixed Update",9.99999975e-05
3538.1244,116,1,"Spline Update",0.000500000024
3538.1264,116,1,"Compose",0.392800003
3538.1288,116,1,"Update Buffers (CPU)",0.0878999978
3538.5362,117,1,"RenderPath3D Update",0.1688
3538.5403,117,1,"Application Update",0.1977
3538.9473,117,1,"Application Render",0.4049
3539.3709,117,1,"Application Compose",0.3994
3544.9842,117,1,"SubmitCommandLists",5.6039
3545.0178,117,1,"Shadowmap packing",0.000199999995
3545.0211,117,1,"Render",0.404700011
3545.0233,117,1,"Procedural Animations",0.00079999998
3545.0257,117,1,"Script Components",0.000199999995
3545.0285,117,1,"CPU Frame",1.3075
3545.0307,117,1,"Input",0.199300006
3545.033,117,1,"GUI Update",0.0302000009
3545.0352,117,1,"Frustum Culling",0.0351999998
3545.0371,117,1,"Animations",0.000199999995
3545.039,117,1,"Spring Dependencies",0.000600000028
3545.0411,117,1,"GUI Render",0.0647
3545.043,117,1,"Physics",0.00820000004
3545.0449,117,1,"Update",0.197500005
3545.0467,117,1,"Fixed Update",0.00529999984
3545.0486,117,1,"Spline Update",0.000199999995
3545.0505,117,1,"Compose",0.399199992
3545.0525,117,1,"Update Buffers (CPU)",0.111400001
3545.4265,118,1,"RenderPath3D Update",0.1418
3545.4314,118,1,"Application Update",0.1931
3545.8338,118,1,"Application Render",0.4002
3546.2497,118,1,"Application Compose",0.3945
3551.9517,118,1,"SubmitCommandLists",5.6927
3551.996,118,1,"Shadowmap packing",0.000300000014
3551.9995,118,1,"Render",0.400099993
3552.0017,118,1,"Procedural Animations",0.00120000006
3552.0039,118,1,"Script Components",0.000199999995
3552.0066,118,1,"CPU Frame",1.25730002
3552.0085,118,1,"Input",0.178599998
3552.0106,118,1,"GUI Update",0.0261000004
3552.0126,118,1,"Frustum Culling",0.0496999994
3552.0146,118,1,"Animations",0
3552.0167,118,1,"Spring Dependencies",0.000300000014
3552.0187,118,1,"GUI Render",0.0518999994
3552.0205,118,1,"Physics",0.00230000005
3552.0701,118,1,"Update",0.193000004
3552.0722,118,1,"Fixed Update",9.99999975e-05
3552.0744,118,1,"Spline Update",0.000500000024
3552.0764,118,1,"Compose",0.394199997
3552.0787,118,1,"Update Buffers (CPU)",0.0803000033
3552.5431,119,1,"RenderPath3D Update",0.1856
3552.5494,119,1,"Application Update",0.2163
3552.9249,119,1,"Application Render",0.3732
3553.601,119,1,"Application Compose",0.6274
3558.913,119,1,"SubmitCommandLists",5.2957
3558.9749,119,1,"Shadowmap packing",0.00039999999
3558.9789,119,1,"Render",0.372999996
3558.9809,119,1,"Procedural Animations",0.0013
3558.9831,119,1,"Script Components",0.000199999995
3558.9856,119,1,"CPU Frame",1.64300001
3558.9874,119,1,"Input",0.239800006
3558.9899,119,1,"GUI Update",0.0337000005
3558.9919,119,1,"Frustum Culling",0.0496000014
3558.9938,119,1,"Animations",9.99999975e-05
3558.9962,119,1,"Spring Dependencies",0.000699999975
3558.9985,119,1,"GUI Render",0.0736000016
3559.0003,119,1,"Physics",0.00600000005
3559.0022,119,1,"Update",0.216000006
3559.004,119,1,"Fixed Update",0.00590000022
3559.0057,119,1,"Spline Update",0.000500000024
3559.0076,119,1,"Compose",0.627099991
3559.0095,119,1,"Update Buffers (CPU)",0.0706999972
3559.4681,120,1,"RenderPath3D Update",0.2508
3559.4818,120,1,"Application Update",0.3072
3559.9129,120,1,"Application Render",0.4267
3560.5454,120,1,"Application Compose",0.5996
3565.8942,120,1,"SubmitCommandLists",5.3304
3565.9633,120,1,"Shadowmap packing",0.000300000014
3565.9673,120,1,"Render",0.426400006
3565.9694,120,1,"Procedural Animations",0.00300000003
3565.9717,120,1,"Script Components",0.00249999994
3565.9744,120,1,"CPU Frame",1.61099994
3565.9762,120,1,"Input",0.156399995
3565.9788,120,1,"GUI Update",0.0746999979
3565.9808,120,1,"Frustum Culling",0.0399000011
3565.9826,120,1,"Animations",0.000199999995
3565.9846,120,1,"Spring Dependencies",0.000199999995
3565.987,120,1,"GUI Render",0.0764999986
3565.9889,120,1,"Physics",0.0027999999
3565.9912,120,1,"Update",0.307000011
3565.9931,120,1,"Fixed Update",0
3565.9958,120,1,"Spline Update",0.000600000028
3565.9978,120,1,"Compose",0.599399984
3565.9998,120,1,"Update Buffers (CPU)",0.104699999
3566.5668,121,1,"RenderPath3D Update",0.2093
3566.575,121,1,"Application Update",0.3606
3567.0028,121,1,"Application Render",0.4254
3567.4588,121,1,"Application Compose",0.4102
3572.8644,121,1,"SubmitCommandLists",5.3952
3572.9753,121,1,"Shadowmap packing",0.000300000014
3572.9807,121,1,"Render",0.425199986
3572.9843,121,1,"Procedural Animations",0.00480000023
3572.9879,121,1,"Script Components",9.99999975e-05
3572.9937,121,1,"CPU Frame",1.54579997
3572.997,121,1,"Input",0.188099995
3573.0038,121,1,"GUI Update",0.0443999991
3573.0081,121,1,"Frustum Culling",0.0551000014
3573.0115,121,1,"Animations",9.99999975e-05
3573.0143,121,1,"Spring Dependencies",0.000600000028
3573.0193,121,1,"GUI Render",0.0566000007
3573.0225,121,1,"Physics",0.00970000029
3573.0256,121,1,"Update",0.360399991
3573.0294,121,1,"Fixed Update",0.00999999978
3573.0329,121,1,"Spline Update",0.00100000005
3573.0359,121,1,"Compose",0.409799993
3573.0394,121,1,"Update Buffers (CPU)",0.0810000002
3573.8683,122,1,"RenderPath3D Update",0.1977
3573.8738,122,1,"Application Update",0.3632
3574.3101,122,1,"Application Render",0.4337
3574.8059,122,1,"Application Compose",0.4619
3579.7959,122,1,"SubmitCommandLists",4.9786
3579.8574,122,1,"Shadowmap packing",0.000300000014
3579.8615,122,1,"Render",0.433400005
3579.8639,122,1,"Procedural Animations",0.0013
3579.8663,122,1,"Script Components",0.000899999985
3579.8688,122,1,"CPU Frame",1.9152
3579.8707,122,1,"Input",0.451599985
3579.8733,122,1,"GUI Update",0.0538999997
3579.8754,122,1,"Frustum Culling",0.0306000002
3579.8773,122,1,"Animations",9.99999975e-05
3579.8797,122,1,"Spring Dependencies",0.000300000014
3579.882,122,1,"GUI Render",0.0588000007
3579.8839,122,1,"Physics",0.00100000005
3579.886,122,1,"Update",0.362399995
3579.8883,122,1,"Fixed Update",9.99999975e-05
3579.8901,122,1,"Spline Update",0.0013
3579.892,122,1,"Compose",0.461600006
3579.894,122,1,"Update Buffers (CPU)",0.101800002
3580.4808,123,1,"RenderPath3D Update",0.3127
3580.4923,123,1,"Application Update",0.369
3580.9522,123,1,"Application Render",0.457
3581.3884,123,1,"Application Compose",0.4044
3586.6962,123,1,"SubmitCommandLists",5.2977
3586.7447,123,1,"Shadowmap packing",0.00039999999
3586.7483,123,1,"Render",0.456499994
3586.7506,123,1,"Procedural Animations",0.00179999997
3586.7529,123,1,"Script Components",0.00039999999
3586.7555,123,1,"CPU Frame",1.57599998
3586.7574,123,1,"Input",0.180299997
3586.7598,123,1,"GUI Update",0.0456999987
3586.7617,123,1,"Frustum Culling",0.067400001
3586.7637,123,1,"Animations",0
3586.7658,123,1,"Spring Dependencies",0.000199999995
3586.7682,123,1,"GUI Render",0.0756999999
3586.7702,123,1,"Physics",0.00170000002
3586.7723,123,1,"Update",0.368600011
3586.7746,123,1,"Fixed Update",0
3586.7762,123,1,"Spline Update",0.000300000014
3586.7781,123,1,"Compose",0.404199988
3586.78,123,1,"Update Buffers (CPU)",0.0979999974
3587.1876,124,1,"RenderPath3D Update",0.1851
3587.1947,124,1,"Application Update",0.2207
3587.6294,124,1,"Application Render",0.4325
3588.0621,124,1,"Application Compose",0.4023
3593.6644,124,1,"SubmitCommandLists",5.5924
3593.7107,124,1,"Shadowmap packing",0.000300000014
3593.7142,124,1,"Render",0.432300001
3593.7167,124,1,"Procedural Animations",0.00209999993
3593.719,124,1,"Script Components",0.000199999995
3593.7217,124,1,"CPU Frame",1.35300004
3593.7236,124,1,"Input",0.174099997
3593.7261,124,1,"GUI Update",0.0366000012
3593.7281,124,1,"Frustum Culling",0.0397000015
3593.73,124,1,"Animations",0.000199999995
3593.7319,124,1,"Spring Dependencies",0.000300000014
3593.7343,124,1,"GUI Render",0.0645999983
3593.7361,124,1,"Physics",0.00980000012
3593.7379,124,1,"Update",0.220400006
3593.7397,124,1,"Fixed Update",0.00989999995
3593.7414,124,1,"Spline Update",0.000199999995
3593.7432,124,1,"Compose",0.401899993
3593.7455,124,1,"Update Buffers (CPU)",0.139799997
3594.1362,125,1,"RenderPath3D Update",0.191
3594.1406,125,1,"Application Update",0.2332
3594.5672,125,1,"Application Render",0.4238
3595.1684,125,1,"Application Compose",0.5743
3600.7556,125,1,"SubmitCommandLists",5.5693
3600.8095,125,1,"Shadowmap packing",0.000199999995
3600.8133,125,1,"Render",0.423599988
3600.8157,125,1,"Procedural Animations",0.00170000002
3600.8181,125,1,"Script Components",0.000199999995
3600.8211,125,1,"CPU Frame",1.49730003
3600.8232,125,1,"Input",0.152700007
3600.8256,125,1,"GUI Update",0.0353000015
3600.828,125,1,"Frustum Culling",0.0395999998
3600.8308,125,1,"Animations",9.99999975e-05
3600.8345,125,1,"Spring Dependencies",9.99999975e-05
3600.8389,125,1,"GUI Render",0.0764999986
3600.8418,125,1,"Physics",0.00260000001
3600.8445,125,1,"Update",0.232999995
3600.847,125,1,"Fixed Update",9.99999975e-05
3600.8495,125,1,"Spline Update",0.000500000024
3600.8529,125,1,"Compose",0.574000001
3600.8561,125,1,"Update Buffers (CPU)",0.100500003
3601.5678,126,1,"RenderPath3D Update",0.2322
3601.5759,126,1,"Application Update",0.461
3601.9845,126,1,"Application Render",0.4054
3602.443,126,1,"Application Compose",0.4244
3607.575,126,1,"SubmitCommandLists",5.1222
3607.6197,126,1,"Shadowmap packing",0.000199999995
3607.6233,126,1,"Render",0.405099988
3607.6252,126,1,"Procedural Animations",0.00100000005
3607.6288,126,1,"Script Components",0.000199999995
3607.6459,126,1,"CPU Frame",1.6717
3607.6477,126,1,"Input",0.223100007
3607.6501,126,1,"GUI Update",0.0487000011
3607.6525,126,1,"Frustum Culling",0.0410999991
3607.6543,126,1,"Animations",0.000199999995
3607.6561,126,1,"Spring Dependencies",0.000699999975
3607.6582,126,1,"GUI Render",0.0505999997
3607.66,126,1,"Physics",0.0104999999
3607.6619,126,1,"Update",0.460700005
3607.6639,126,1,"Fixed Update",0.0253999997
3607.6656,126,1,"Spline Update",0.000500000024
3607.6675,126,1,"Compose",0.424100012
3607.6694,126,1,"Update Buffers (CPU)",0.0795999989
3608.1274,127,1,"RenderPath3D Update",0.2129
3608.1339,127,1,"Application Update",0.2817
3608.6115,127,1,"Application Render",0.4736
3609.074,127,1,"Application Compose",0.4085
3614.7305,127,1,"SubmitCommandLists",5.6455
3614.8621,127,1,"Shadowmap packing",0.000500000024
3614.8687,127,1,"Render",0.473399997
3614.873,127,1,"Procedural Animations",0.00150000001
3614.8771,127,1,"Script Components",0.000199999995
3614.8806,127,1,"CPU Frame",1.48899996
3614.8833,127,1,"Input",0.174799994
3614.8872,127,1,"GUI Update",0.0307
3614.8901,127,1,"Frustum Culling",0.0590000004
3614.8927,127,1,"Animations",0.000199999995
3614.8953,127,1,"Spring Dependencies",9.99999975e-05
3614.9003,127,1,"GUI Render",0.0553000011
3614.9027,127,1,"Physics",0.00209999993
3614.9054,127,1,"Update",0.281300008
3614.9081,127,1,"Fixed Update",9.99999975e-05
3614.9107,127,1,"Spline Update",0.000699999975
3614.9136,127,1,"Compose",0.408199996
3614.9164,127,1,"Update Buffers (CPU)",0.124499999
3615.7505,128,1,"RenderPath3D Update",0.2202
3615.7567,128,1,"Application Update",0.569
3616.2046,128,1,"Application Render",0.4455
3616.6566,128,1,"Application Compose",0.4106
3621.6349,128,1,"SubmitCommandLists",4.9668
3621.675,128,1,"Shadowmap packing",0.000300000014
3621.6782,128,1,"Render",0.445199996
3621.6803,128,1,"Procedural Animations",0.00179999997
3621.6827,128,1,"Script Components",0.000500000024
3621.6852,128,1,"CPU Frame",1.84860003
3621.687,128,1,"Input",0.256799996
3621.6893,128,1,"GUI Update",0.0471000001
3621.6914,128,1,"Frustum Culling",0.0452999994
3621.6934,128,1,"Animations",9.99999975e-05
3621.6957,128,1,"Spring Dependencies",0.000199999995
3621.6979,128,1,"GUI Render",0.0511000007
3621.6997,128,1,"Physics",0.00150000001
3621.7015,128,1,"Update",0.568700016
3621.7034,128,1,"Fixed Update",9.99999975e-05
3621.7052,128,1,"Spline Update",0.000899999985
3621.7071,128,1,"Compose",0.4102
3621.7092,128,1,"Update Buffers (CPU)",0.126100004
3622.1396,129,1,"RenderPath3D Update",0.2016
3622.1443,129,1,"Application Update",0.231
3622.6073,129,1,"Application Render",0.4608
3623.0392,129,1,"Application Compose",0.3983
3628.5376,129,1,"SubmitCommandLists",5.4884
3628.5756,129,1,"Shadowmap packing",0.000199999995
3628.5789,129,1,"Render",0.460700005
3628.5809,129,1,"Procedural Animations",0.0013
3628.5833,129,1,"Script Components",9.99999975e-05
3628.5863,129,1,"CPU Frame",1.39520001
3628.5882,129,1,"Input",0.190599993
3628.5906,129,1,"GUI Update",0.0412999988
3628.5925,129,1,"Frustum Culling",0.0474000014
3628.5944,129,1,"Animations",0
3628.597,129,1,"Spring Dependencies",9.99999975e-05
3628.5998,129,1,"GUI Render",0.0631000027
3628.6017,129,1,"Physics",0.00659999996
3628.6036,129,1,"Update",0.230800003
3628.6053,129,1,"Fixed Update",0.00609999988
3628.6072,129,1,"Spline Update",0.000600000028
3628.6094,129,1,"Compose",0.398099989
3628.6113,129,1,"Update Buffers (CPU)",0.114699997
3629.0933,130,1,"RenderPath3D Update",0.1392
3629.0987,130,1,"Application Update",0.2991
3629.4342,130,1,"Application Render",0.3331
3629.8712,130,1,"Application Compose",0.4017
3635.7319,130,1,"SubmitCommandLists",5.8499
3635.7962,130,1,"Shadowmap packing",0.000199999995
3635.7995,130,1,"Render",0.332800001
3635.8016,130,1,"Procedural Animations",0.000899999985
3635.8042,130,1,"Script Components",0.000199999995
3635.8067,130,1,"CPU Frame",1.32690001
3635.8085,130,1,"Input",0.181500003
3635.8133,130,1,"GUI Update",0.0242999997
3635.8159,130,1,"Frustum Culling",0.0390999988
3635.8182,130,1,"Animations",9.99999975e-05
3635.8219,130,1,"Spring Dependencies",0.000300000014
3635.8251,130,1,"GUI Render",0.0408000015
3635.8271,130,1,"Physics",0.00100000005
3635.8295,130,1,"Update",0.298900008
3635.8316,130,1,"Fixed Update",0
3635.8336,130,1,"Spline Update",0.000600000028
3635.8356,130,1,"Compose",0.401300013
3635.8377,130,1,"Update Buffers (CPU)",0.0810000002
3636.2683,131,1,"RenderPath3D Update",0.2006
3636.2733,131,1,"Application Update",0.2307
3636.7362,131,1,"Application Render",0.4603
3637.1597,131,1,"Application Compose",0.3986
3642.4951,131,1,"SubmitCommandLists",5.3249
3642.5837,131,1,"Shadowmap packing",0.000300000014
3642.5881,131,1,"Render",0.460099995
3642.5904,131,1,"Procedural Animations",0.0013
3642.5933,131,1,"Script Components",9.99999975e-05
3642.597,131,1,"CPU Frame",1.41190004
3642.5996,131,1,"Input",0.168599993
3642.6393,131,1,"GUI Update",0.0274999999
3642.6417,131,1,"Frustum Culling",0.0412999988
3642.6437,131,1,"Animations",9.99999975e-05
3642.6455,131,1,"Spring Dependencies",0.000300000014
3642.6482,131,1,"GUI Render",0.0623999983
3642.6504,131,1,"Physics",0.00650000013
3642.6531,131,1,"Update",0.230499998
3642.6554,131,1,"Fixed Update",0.0234999992
3642.6575,131,1,"Spline Update",0.000199999995
3642.6594,131,1,"Compose",0.398400009
3642.6619,131,1,"Update Buffers (CPU)",0.144800007
3643.2529,132,1,"RenderPath3D Update",0.2007
3643.2599,132,1,"Application Update",0.3255
3643.7093,132,1,"Application Render",0.4469
3644.1731,132,1,"Application Compose",0.4189
3649.4865,132,1,"SubmitCommandLists",5.3008
3649.5798,132,1,"Shadowmap packing",0.00039999999
3649.5855,132,1,"Render",0.44659999
3649.5889,132,1,"Procedural Animations",0.00200000009
3649.5935,132,1,"Script Components",0.000600000028
3649.5991,132,1,"CPU Frame",1.65799999
3649.6022,132,1,"Input",0.241799995
3649.6061,132,1,"GUI Update",0.0661000013
3649.609,132,1,"Frustum Culling",0.0315999985
3649.6125,132,1,"Animations",9.99999975e-05
3649.6167,132,1,"Spring Dependencies",0.000199999995
3649.6205,132,1,"GUI Render",0.059700001
3649.6236,132,1,"Physics",0.00209999993
3649.6265,132,1,"Update",0.324400008
3649.6304,132,1,"Fixed Update",9.99999975e-05
3649.6338,132,1,"Spline Update",0.00039999999
3649.6373,132,1,"Compose",0.418500006
3649.6424,132,1,"Update Buffers (CPU)",0.1237
3650.2555,133,1,"RenderPath3D Update",0.2534
3650.2625,133,1,"Application Update",0.3403
3650.7261,133,1,"Application Render",0.4612
3651.1611,133,1,"Application Compose",0.4014
3656.394,133,1,"SubmitCommandLists",5.221
3656.4844,133,1,"Shadowmap packing",0.000300000014
3656.4905,133,1,"Render",0.460900009
3656.4944,133,1,"Procedural Animations",0.00340000005
3656.4981,133,1,"Script Components",0.00200000009
3656.5027,133,1,"CPU Frame",1.64719999
3656.5051,133,1,"Input",0.241999999
3656.5083,133,1,"GUI Update",0.063699998
3656.5105,133,1,"Frustum Culling",0.0480999984
3656.5128,133,1,"Animations",0
3656.5159,133,1,"Spring Dependencies",0.000500000024
3656.5185,133,1,"GUI Render",0.0644999966
3656.5204,133,1,"Physics",0.0126
3656.5228,133,1,"Update",0.340000004
3656.5246,133,1,"Fixed Update",0.0163000003
3656.5269,133,1,"Spline Update",0.00079999998
3656.5288,133,1,"Compose",0.400900006
3656.5315,133,1,"Update Buffers (CPU)",0.0936999992
3657.1013,134,1,"RenderPath3D Update",0.1802
3657.1107,134,1,"Application Update",0.2272
3657.5884,134,1,"Application Render",0.4737
3658.055,134,1,"Application Compose",0.4158
3663.367,134,1,"SubmitCommandLists",5.2996
3663.4619,134,1,"Shadowmap packing",0.000300000014
3663.4671,134,1,"Render",0.473399997
3663.4705,134,1,"Procedural Animations",0.00209999993
3663.4742,134,1,"Script Components",0.000500000024
3663.4786,134,1,"CPU Frame",1.63829994
3663.4822,134,1,"Input",0.335500002
3663.4863,134,1,"GUI Update",0.0350000001
3663.4898,134,1,"Frustum Culling",0.0362999998
3663.4943,134,1,"Animations",9.99999975e-05
3663.5074,134,1,"Spring Dependencies",0.000199999995
3663.5156,134,1,"GUI Render",0.0590999983
3663.5185,134,1,"Physics",0.00200000009
3663.5231,134,1,"Update",0.226899996
3663.5263,134,1,"Fixed Update",9.99999975e-05
3663.5294,134,1,"Spline Update",0.000500000024
3663.5325,134,1,"Compose",0.415300012
3663.5357,134,1,"Update Buffers (CPU)",0.111500002
3664.0557,135,1,"RenderPath3D Update",0.195
3664.0612,135,1,"Application Update",0.2458
3664.5548,135,1,"Application Render",0.4913
3665.0371,135,1,"Application Compose",0.4316
3670.3744,135,1,"SubmitCommandLists",5.3226
3670.4812,135,1,"Shadowmap packing",0.00039999999
3670.4867,135,1,"Render",0.490999997
3670.4899,135,1,"Procedural Animations",0.00260000001
3670.493,135,1,"Script Components",0.000300000014
3670.4974,135,1,"CPU Frame",1.64699996
3670.4993,135,1,"Input",0.255299985
3670.5022,135,1,"GUI Update",0.0395999998
3670.5049,135,1,"Frustum Culling",0.0355999991
3670.5248,135,1,"Animations",9.99999975e-05
3670.5277,135,1,"Spring Dependencies",0.000500000024
3670.5304,135,1,"GUI Render",0.0636000037
3670.6148,135,1,"Physics",0.00209999993
3670.6178,135,1,"Update",0.245299995
3670.6202,135,1,"Fixed Update",9.99999975e-05
3670.6234,135,1,"Spline Update",0.00039999999
3670.6253,135,1,"Compose",0.431100011
3670.6288,135,1,"Update Buffers (CPU)",0.131400004
3671.3105,136,1,"RenderPath3D Update",0.3087
3671.3157,136,1,"Application Update",0.3896
3672.1794,136,1,"Application Render",0.8603
3672.9136,136,1,"Application Compose",0.6344
3677.1949,136,1,"SubmitCommandLists",4.262
3677.2742,136,1,"Shadowmap packing",0.00039999999
3677.2779,136,1,"Render",0.860000014
3677.2801,136,1,"Procedural Animations",0.00230000005
3677.3011,136,1,"Script Components",0.00109999999
3677.3043,136,1,"CPU Frame",2.50390005
3677.3063,136,1,"Input",0.250400007
3677.3091,136,1,"GUI Update",0.0599999987
3677.3111,136,1,"Frustum Culling",0.0566999987
3677.3132,136,1,"Animations",9.99999975e-05
3677.3159,136,1,"Spring Dependencies",0.000699999975
3677.319,136,1,"GUI Render",0.0684999973
3677.3209,136,1,"Physics",0.0162000004
3677.3227,136,1,"Update",0.389299989
3677.3246,136,1,"Fixed Update",0.0221999995
3677.3263,136,1,"Spline Update",0.000600000028
3677.3283,136,1,"Compose",0.63380003
3677.3307,136,1,"Update Buffers (CPU)",0.209700003
3677.931,137,1,"RenderPath3D Update",0.3241
3677.9411,137,1,"Application Update",0.3704
3678.3498,137,1,"Application Render",0.4059
3678.7745,137,1,"Application Compose",0.3988
3684.4485,137,1,"SubmitCommandLists",5.661
3684.6993,137,1,"Shadowmap packing",0.000199999995
3684.7223,137,1,"Render",0.405400008
3684.7285,137,1,"Procedural Animations",0.00209999993
3684.7346,137,1,"Script Components",0.000199999995
3684.7456,137,1,"CPU Frame",1.5539
3684.7503,137,1,"Input",0.221100003
3684.7571,137,1,"GUI Update",0.0373999998
3684.7618,137,1,"Frustum Culling",0.0838999972
3684.7651,137,1,"Animations",0.000199999995
3684.7676,137,1,"Spring Dependencies",0.000300000014
3684.7736,137,1,"GUI Render",0.0546000004
3684.7775,137,1,"Physics",0.0013
3684.7802,137,1,"Update",0.370099992
3684.7844,137,1,"Fixed Update",0
3684.7889,137,1,"Spline Update",0.00079999998
3684.7918,137,1,"Compose",0.398699999
3684.7956,137,1,"Update Buffers (CPU)",0.100199997
3685.7361,138,1,"RenderPath3D Update",0.2914
3685.746,138,1,"Application Update",0.3548
3686.4934,138,1,"Application Render",0.7435
3687.1815,138,1,"Application Compose",0.629
3691.181,138,1,"SubmitCommandLists",3.9631
3691.2478,138,1,"Shadowmap packing",0.000300000014
3691.2512,138,1,"Render",0.743200004
3691.2531,138,1,"Procedural Animations",0.00230000005
3691.2568,138,1,"Script Components",0.00109999999
3691.276,138,1,"CPU Frame",2.68829989
3691.2782,138,1,"Input",0.527899981
3691.2806,138,1,"GUI Update",0.0553000011
3691.2827,138,1,"Frustum Culling",0.0168999992
3691.2846,138,1,"Animations",0.000199999995
3691.2865,138,1,"Spring Dependencies",0.000500000024
3691.2888,138,1,"GUI Render",0.0763000026
3691.2906,138,1,"Physics",0.0121999998
3691.2925,138,1,"Update",0.354499996
3691.2943,138,1,"Fixed Update",0.0195000004
3691.2961,138,1,"Spline Update",0.00079999998
3691.298,138,1,"Compose",0.628499985
3691.2999,138,1,"Update Buffers (CPU)",0.172199994
3691.6673,139,1,"RenderPath3D Update",0.1687
3691.6731,139,1,"Application Update",0.2049
3692.0881,139,1,"Application Render",0.4125
3692.5067,139,1,"Application Compose",0.3956
3698.029,139,1,"SubmitCommandLists",5.5122
3698.1057,139,1,"Shadowmap packing",0.000300000014
3698.1112,139,1,"Render",0.412200004
3698.1154,139,1,"Procedural Animations",0.00190000003
3698.12,139,1,"Script Components",0.000199999995
3698.1266,139,1,"CPU Frame",1.30579996
3698.1303,139,1,"Input",0.159999996
3698.1352,139,1,"GUI Update",0.0278999992
3698.1394,139,1,"Frustum Culling",0.0579999983
3698.1436,139,1,"Animations",0
3698.1476,139,1,"Spring Dependencies",0.000300000014
3698.1518,139,1,"GUI Render",0.0527000017
3698.1552,139,1,"Physics",0.00139999995
3698.1593,139,1,"Update",0.204600006
3698.1628,139,1,"Fixed Update",0
3698.1656,139,1,"Spline Update",0.000199999995
3698.1693,139,1,"Compose",0.395300001
3698.1727,139,1,"Update Buffers (CPU)",0.0974000022
3698.8813,140,1,"RenderPath3D Update",0.1653
3698.8871,140,1,"Application Update",0.1971
3699.233,140,1,"Application Render",0.3436
3699.6582,140,1,"Application Compose",0.3969
3704.909,140,1,"SubmitCommandLists",5.2413
3704.9597,140,1,"Shadowmap packing",0.000300000014
3704.9641,140,1,"Render",0.343400002
3704.9662,140,1,"Procedural Animations",0.00159999996
3704.9687,140,1,"Script Components",0.000199999995
3704.971,140,1,"CPU Frame",1.61029994
3704.973,140,1,"Input",0.173600003
3704.9757,140,1,"GUI Update",0.0275999997
3704.9778,140,1,"Frustum Culling",0.057599999
3704.9797,140,1,"Animations",9.99999975e-05
3704.9819,140,1,"Spring Dependencies",0.000300000014
3704.984,140,1,"GUI Render",0.0623000003
3704.9857,140,1,"Physics",0.00719999988
3704.9875,140,1,"Update",0.196799994
3704.9896,140,1,"Fixed Update",0.00490000006
3704.9915,140,1,"Spline Update",0.000199999995
3704.9934,140,1,"Compose",0.396600008
3704.9952,140,1,"Update Buffers (CPU)",0.0700000003
3705.3136,141,1,"RenderPath3D Update",0.1714
3705.3181,141,1,"Application Update",0.2001
3705.7093,141,1,"Application Render",0.389
3706.149,141,1,"Application Compose",0.3934
3712.0431,141,1,"SubmitCommandLists",5.8822
3712.3281,141,1,"Shadowmap packing",0.000199999995
3712.3366,141,1,"Render",0.388700008
3712.3405,141,1,"Procedural Animations",0.000699999975
3712.3454,141,1,"Script Components",9.99999975e-05
3712.3533,141,1,"CPU Frame",1.21780002
3712.3567,141,1,"Input",0.116400003
3712.3638,141,1,"GUI Update",0.023
3712.3673,141,1,"Frustum Culling",0.0432999991
3712.3702,141,1,"Animations",9.99999975e-05
3712.3742,141,1,"Spring Dependencies",9.99999975e-05
3712.38,141,1,"GUI Render",0.0505000018
3712.3852,141,1,"Physics",0.000899999985
3712.3887,141,1,"Update",0.1998
3712.3933,141,1,"Fixed Update",9.99999975e-05
3712.3964,141,1,"Spline Update",0.000199999995
3712.3995,141,1,"Compose",0.39289999
3712.404,141,1,"Update Buffers (CPU)",0.0628999993
3713.0481,142,1,"RenderPath3D Update",0.2027
3713.063,142,1,"Application Update",0.3051
3713.5677,142,1,"Application Render",0.5004
3714.013,142,1,"Application Compose",0.4075
3718.9347,142,1,"SubmitCommandLists",4.91
3719.0921,142,1,"Shadowmap packing",0.00039999999
3719.104,142,1,"Render",0.5
3719.1078,142,1,"Procedural Animations",0.00179999997
3719.1143,142,1,"Script Components",0.00039999999
3719.1205,142,1,"CPU Frame",1.87049997
3719.1242,142,1,"Input",0.329100013
3719.1289,142,1,"GUI Update",0.066399999
3719.1411,142,1,"Frustum Culling",0.0463999994
3719.1469,142,1,"Animations",9.99999975e-05
3719.1512,142,1,"Spring Dependencies",0.000300000014
3719.1582,142,1,"GUI Render",0.0568999983
3719.1779,142,1,"Physics",0.00219999999
3719.1825,142,1,"Update",0.304800004
3719.1863,142,1,"Fixed Update",9.99999975e-05
3719.1897,142,1,"Spline Update",0.00190000003
3719.1939,142,1,"Compose",0.407099992
3719.1978,142,1,"Update Buffers (CPU)",0.134900004
3719.7587,143,1,"RenderPath3D Update",0.2253
3719.7818,143,1,"Application Update",0.3228
3720.7502,143,1,"Application Render",0.9635
3721.2281,143,1,"Application Compose",0.4238
3725.893,143,1,"SubmitCommandLists",4.6496
3726.0973,143,1,"Shadowmap packing",0.00039999999
3726.1052,143,1,"Render",0.963199973
3726.1072,143,1,"Procedural Animations",0.00230000005
3726.1095,143,1,"Script Components",0.000600000028
3726.1126,143,1,"CPU Frame",2.27460003
3726.1161,143,1,"Input",0.231099993
3726.1365,143,1,"GUI Update",0.0542000011
3726.1389,143,1,"Frustum Culling",0.0390999988
3726.1413,143,1,"Animations",0
3726.1446,143,1,"Spring Dependencies",0.000500000024
3726.1473,143,1,"GUI Render",0.0868000016
3726.1501,143,1,"Physics",0.0142000001
3726.1518,143,1,"Update",0.322699994
3726.1539,143,1,"Fixed Update",0.00870000012
3726.1558,143,1,"Spline Update",0.000600000028
3726.1577,143,1,"Compose",0.423299998
3726.1602,143,1,"Update Buffers (CPU)",0.144999996
3726.937,144,1,"RenderPath3D Update",0.19
3726.9442,144,1,"Application Update",0.5046
3727.4836,144,1,"Application Render",0.5359
3728.0237,144,1,"Application Compose",0.4954
3732.7299,144,1,"SubmitCommandLists",4.695
3732.7684,144,1,"Shadowmap packing",0.000300000014
3732.9147,144,1,"Render",0.535700023
3732.9171,144,1,"Procedural Animations",0.00139999995
3732.92,144,1,"Script Components",9.99999975e-05
3732.9237,144,1,"CPU Frame",2.06509995
3732.9258,144,1,"Input",0.264200002
3732.928,144,1,"GUI Update",0.0390000008
3732.9301,144,1,"Frustum Culling",0.0384999998
3732.932,144,1,"Animations",9.99999975e-05
3732.9339,144,1,"Spring Dependencies",0.000199999995
3732.936,144,1,"GUI Render",0.0566000007
3732.9379,144,1,"Physics",0.00120000006
3732.9396,144,1,"Update",0.504199982
3732.9416,144,1,"Fixed Update",0
3732.9436,144,1,"Spline Update",0.000199999995
3732.9455,144,1,"Compose",0.495200008
3732.9475,144,1,"Update Buffers (CPU)",0.128900006
3733.2951,145,1,"RenderPath3D Update",0.1704
3733.3006,145,1,"Application Update",0.2026
3733.6904,145,1,"Application Render",0.3873
3734.1076,145,1,"Application Compose",0.395
3739.6172,145,1,"SubmitCommandLists",5.5001
3739.6839,145,1,"Shadowmap packing",0.000199999995
3739.6877,145,1,"Render",0.387100011
3739.6911,145,1,"Procedural Animations",0.00100000005
3739.6947,145,1,"Script Components",0.000199999995
3739.6983,145,1,"CPU Frame",1.36899996
3739.7016,145,1,"Input",0.1373
3739.7057,145,1,"GUI Update",0.0280000009
3739.7089,145,1,"Frustum Culling",0.0511999987
3739.7109,145,1,"Animations",9.99999975e-05
3739.7137,145,1,"Spring Dependencies",9.99999975e-05
3739.7158,145,1,"GUI Render",0.0483999997
3739.7176,145,1,"Physics",0.00879999995
3739.7195,145,1,"Update",0.202299997
3739.7214,145,1,"Fixed Update",0.0057000001
3739.7234,145,1,"Spline Update",0.000199999995
3739.7253,145,1,"Compose",0.394699991
3739.7273,145,1,"Update Buffers (CPU)",0.0860000029
3740.0787,146,1,"RenderPath3D Update",0.163
3740.083,146,1,"Application Update",0.1982
3740.5319,146,1,"Application Render",0.4465
3740.9768,146,1,"Application Compose",0.406
3746.6628,146,1,"SubmitCommandLists",5.675
3746.7362,146,1,"Shadowmap packing",0.00039999999
3746.7398,146,1,"Render",0.446200013
3746.7419,146,1,"Procedural Animations",0.00159999996
3746.7441,146,1,"Script Components",9.99999975e-05
3746.7476,146,1,"CPU Frame",1.34259999
3746.75,146,1,"Input",0.147799999
3746.7529,146,1,"GUI Update",0.0305000003
3746.7553,146,1,"Frustum Culling",0.0423999988
3746.7572,146,1,"Animations",9.99999975e-05
3746.759,146,1,"Spring Dependencies",0.000199999995
3746.7617,146,1,"GUI Render",0.0480000004
3746.7636,146,1,"Physics",0.00170000002
3746.7659,146,1,"Update",0.197999999
3746.7677,146,1,"Fixed Update",9.99999975e-05
3746.7694,146,1,"Spline Update",0.000300000014
3746.7715,146,1,"Compose",0.405699998
3746.7735,146,1,"Update Buffers (CPU)",0.1171
3747.2533,147,1,"RenderPath3D Update",0.208
3747.2594,147,1,"Application Update",0.2741
3747.7519,147,1,"Application Render",0.49
3748.2161,147,1,"Application Compose",0.4228
3753.5165,147,1,"SubmitCommandLists",5.2897
3753.5599,147,1,"Shadowmap packing",0.000300000014
3753.5631,147,1,"Render",0.489600003
3753.5653,147,1,"Procedural Animations",0.00150000001
3753.5676,147,1,"Script Components",0.000500000024
3753.57,147,1,"CPU Frame",1.53359997
3753.5718,147,1,"Input",0.194499999
3753.5742,147,1,"GUI Update",0.0527000017
3753.5762,147,1,"Frustum Culling",0.0522999987
3753.5781,147,1,"Animations",9.99999975e-05
3753.5803,147,1,"Spring Dependencies",0.000199999995
3753.5826,147,1,"GUI Render",0.0731000006
3753.5844,147,1,"Physics",0.00190000003
3753.5861,147,1,"Update",0.272500008
3753.588,147,1,"Fixed Update",0.000199999995
3753.5898,147,1,"Spline Update",0.00079999998
3753.5916,147,1,"Compose",0.422300011
3753.5935,147,1,"Update Buffers (CPU)",0.116599999
3753.9607,148,1,"RenderPath3D Update",0.1903
3753.9665,148,1,"Application Update",0.2185
3754.342,148,1,"Application Render",0.3726
3754.7707,148,1,"Application Compose",0.3978
3760.4282,148,1,"SubmitCommandLists",5.6471
3760.4545,148,1,"Shadowmap packing",0.0173000004
3760.4574,148,1,"Render",0.372299999
3760.4594,148,1,"Procedural Animations",0.00109999999
3760.4617,148,1,"Script Components",0.000199999995
3760.4644,148,1,"CPU Frame",1.24349999
3760.4664,148,1,"Input",0.1417
3760.6129,148,1,"GUI Update",0.0237000007
3760.6152,148,1,"Frustum Culling",0.0590000004
3760.6173,148,1,"Animations",9.99999975e-05
3760.6198,148,1,"Spring Dependencies",0.000300000014
3760.622,148,1,"GUI Render",0.0644999966
3760.6239,148,1,"Physics",0.00820000004
3760.6258,148,1,"Update",0.2183
3760.6277,148,1,"Fixed Update",0.00529999984
3760.6296,148,1,"Spline Update",0.00039999999
3760.6315,148,1,"Compose",0.397300005
3760.6335,148,1,"Update Buffers (CPU)",0.0716999993
3760.9831,149,1,"RenderPath3D Update",0.1994
3760.9925,149,1,"Application Update",0.2269
3761.4494,149,1,"Application Render",0.4545
3761.8572,149,1,"Application Compose",0.3876
3767.434,149,1,"SubmitCommandLists",5.5673
3767.4689,149,1,"Shadowmap packing",0.000300000014
3767.4718,149,1,"Render",0.454100013
3767.4752,149,1,"Procedural Animations",0.00120000006
3767.4908,149,1,"Script Components",9.99999975e-05
3767.4936,149,1,"CPU Frame",1.42340004
3767.4956,149,1,"Input",0.126399994
3767.4977,149,1,"GUI Update",0.0173000004
3767.4996,149,1,"Frustum Culling",0.0869999975
3767.5028,149,1,"Animations",9.99999975e-05
3767.5086,149,1,"Spring Dependencies",9.99999975e-05
3767.5219,149,1,"GUI Render",0.0386000015
3767.5236,149,1,"Physics",0.00150000001
3767.5254,149,1,"Update",0.226600006
3767.5272,149,1,"Fixed Update",9.99999975e-05
3767.529,149,1,"Spline Update",0.000300000014
3767.531,149,1,"Compose",0.387400001
3767.5328,149,1,"Update Buffers (CPU)",0.0648000017
3768.0077,150,1,"RenderPath3D Update",0.2888
3768.0182,150,1,"Application Update",0.3193
3768.4832,150,1,"Application Render",0.4624
3768.9076,150,1,"Application Compose",0.3938
3774.321,150,1,"SubmitCommandLists",5.4036
3774.3625,150,1,"Shadowmap packing",0.000199999995
3774.3653,150,1,"Render",0.462199986
3774.3672,150,1,"Procedural Animations",0.00109999999
3774.3694,150,1,"Script Components",9.99999975e-05
3774.3719,150,1,"CPU Frame",1.4648
3774.3738,150,1,"Input",0.156200007
3774.3759,150,1,"GUI Update",0.0216000006
3774.3778,150,1,"Frustum Culling",0.152500004
3774.3797,150,1,"Animations",9.99999975e-05
3774.3815,150,1,"Spring Dependencies",0.000199999995
3774.3834,150,1,"GUI Render",0.0430000015
3774.3852,150,1,"Physics",0.00449999981
3774.387,150,1,"Update",0.319099993
3774.3887,150,1,"Fixed Update",0.00359999994
3774.3905,150,1,"Spline Update",0.000199999995
3774.3923,150,1,"Compose",0.393299997
3774.394,150,1,"Update Buffers (CPU)",0.063500002
3774.6378,151,1,"RenderPath3D Update",0.1236
3774.6429,151,1,"Application Update",0.1438
3774.901,151,1,"Application Render",0.2547
3775.3036,151,1,"Application Compose",0.3833
3781.3304,151,1,"SubmitCommandLists",6.0187
3781.3597,151,1,"Shadowmap packing",0.000199999995
3781.3629,151,1,"Render",0.254400015
3781.3651,151,1,"Procedural Animations",0.000500000024
3781.3673,151,1,"Script Components",9.99999975e-05
3781.3699,151,1,"CPU Frame",0.960399985
3781.3719,151,1,"Input",0.0998999998
3781.374,151,1,"GUI Update",0.0175999999
3781.3759,151,1,"Frustum Culling",0.0416000001
3781.3778,151,1,"Animations",9.99999975e-05
3781.3797,151,1,"Spring Dependencies",0.000199999995
3781.3818,151,1,"GUI Render",0.0392999984
3781.3835,151,1,"Physics",0.00039999999
3781.3853,151,1,"Update",0.143600002
3781.387,151,1,"Fixed Update",9.99999975e-05
3781.3888,151,1,"Spline Update",0.000199999995
3781.3906,151,1,"Compose",0.3829
3781.3925,151,1,"Update Buffers (CPU)",0.0397999994
3781.6696,152,1,"RenderPath3D Update",0.1337
3781.6734,152,1,"Application Update",0.159
3781.9741,152,1,"Application Render",0.2986
3782.3854,152,1,"Application Compose",0.3749
3788.1444,152,1,"SubmitCommandLists",5.75
3788.1719,152,1,"Shadowmap packing",0.000199999995
3788.1748,152,1,"Render",0.298299998
3788.1767,152,1,"Procedural Animations",0.000500000024
3788.1789,152,1,"Script Components",9.99999975e-05
3788.1813,152,1,"CPU Frame",1.04939997
3788.1832,152,1,"Input",0.116999999
3788.1866,152,1,"GUI Update",0.0198999997
3788.1884,152,1,"Frustum Culling",0.0329000019
3788.1941,152,1,"Animations",9.99999975e-05
3788.1959,152,1,"Spring Dependencies",0.000300000014
3788.2048,152,1,"GUI Render",0.0375000015
3788.39,152,1,"Physics",0.000600000028
3788.392,152,1,"Update",0.158800006
3788.3939,152,1,"Fixed Update",0
3788.3958,152,1,"Spline Update",0.000300000014
3788.3978,152,1,"Compose",0.374599993
3788.3998,152,1,"Update Buffers (CPU)",0.0577999987
3788.6761,153,1,"RenderPath3D Update",0.144
3788.6813,153,1,"Application Update",0.1652
3789.0235,153,1,"Application Render",0.3401
3789.4338,153,1,"Application Compose",0.3877
3795.1153,153,1,"SubmitCommandLists",5.6729
3795.145,153,1,"Shadowmap packing",0.000199999995
3795.1479,153,1,"Render",0.339899987
3795.15,153,1,"Procedural Animations",0.000500000024
3795.1523,153,1,"Script Components",9.99999975e-05
3795.1549,153,1,"CPU Frame",1.28359997
3795.1569,153,1,"Input",0.106700003
3795.1593,153,1,"GUI Update",0.0190999992
3795.1613,153,1,"Frustum Culling",0.0456999987
3795.1632,153,1,"Animations",9.99999975e-05
3795.1649,153,1,"Spring Dependencies",0.000199999995
3795.1671,153,1,"GUI Render",0.0680999979
3795.169,153,1,"Physics",0.00520000001
3795.1708,153,1,"Update",0.165000007
3795.1727,153,1,"Fixed Update",0.00350000011
3795.1746,153,1,"Spline Update",0.000199999995
3795.1765,153,1,"Compose",0.387499988
3795.1785,153,1,"Update Buffers (CPU)",0.0795999989
3795.469,154,1,"RenderPath3D Update",0.1536
3795.4741,154,1,"Application Update",0.1808
3795.8535,154,1,"Application Render",0.376
3796.3418,154,1,"Application Compose",0.435
3802.1692,154,1,"SubmitCommandLists",5.8169
3802.1987,154,1,"Shadowmap packing",0.000199999995
3802.2015,154,1,"Render",0.375699997
3802.2048,154,1,"Procedural Animations",0.000600000028
3802.207,154,1,"Script Components",9.99999975e-05
3802.2244,154,1,"CPU Frame",1.22179997
3802.2264,154,1,"Input",0.108999997
3802.2285,154,1,"GUI Update",0.0207000002
3802.2305,154,1,"Frustum Culling",0.0412000008
3802.2323,154,1,"Animations",0
3802.2342,154,1,"Spring Dependencies",0.00079999998
3802.2366,154,1,"GUI Render",0.058600001
3802.2384,154,1,"Physics",0.00039999999
3802.2403,154,1,"Update",0.180700004
3802.242,154,1,"Fixed Update",9.99999975e-05
3802.2438,154,1,"Spline Update",0.000600000028
3802.2456,154,1,"Compose",0.434599996
3802.2476,154,1,"Update Buffers (CPU)",0.060899999
3802.5807,155,1,"RenderPath3D Update",0.1899
3802.5885,155,1,"Application Update",0.2143
3802.9592,155,1,"Application Render",0.3579
3803.371,155,1,"Application Compose",0.3907
3809.045,155,1,"SubmitCommandLists",5.6649
3809.088,155,1,"Shadowmap packing",0.000300000014
3809.0909,155,1,"Render",0.35769999
3809.0928,155,1,"Procedural Animations",0.0107000005
3809.0949,155,1,"Script Components",9.99999975e-05
3809.0976,155,1,"CPU Frame",1.19480002
3809.0995,155,1,"Input",0.117399998
3809.1015,155,1,"GUI Update",0.0368000008
3809.1036,155,1,"Frustum Culling",0.0480999984
3809.1055,155,1,"Animations",9.99999975e-05
3809.1073,155,1,"Spring Dependencies",0.000300000014
3809.1093,155,1,"GUI Render",0.0471000001
3809.111,155,1,"Physics",0.00540000014
3809.1128,155,1,"Update",0.214100003
3809.1146,155,1,"Fixed Update",0.00380000006
3809.1164,155,1,"Spline Update",0.000199999995
3809.1183,155,1,"Compose",0.390399992
3809.1201,155,1,"Update Buffers (CPU)",0.0846000016
3809.4029,156,1,"RenderPath3D Update",0.145
3809.4078,156,1,"Application Update",0.1665
3809.7202,156,1,"Application Render",0.3088
3810.1234,156,1,"Application Compose",0.3838
3815.9572,156,1,"SubmitCommandLists",5.8255
3815.9972,156,1,"Shadowmap packing",0.000199999995
3816.0009,156,1,"Render",0.308600008
3816.0032,156,1,"Procedural Animations",0.000600000028
3816.0062,156,1,"Script Components",0
3816.0099,156,1,"CPU Frame",1.07260001
3816.0128,156,1,"Input",0.116099998
3816.016,156,1,"GUI Update",0.0186999999
3816.0192,156,1,"Frustum Culling",0.0653999969
3816.0223,156,1,"Animations",9.99999975e-05
3816.0254,156,1,"Spring Dependencies",0.000300000014
3816.0286,156,1,"GUI Render",0.0439999998
3816.0314,156,1,"Physics",0.000699999975
3816.0345,156,1,"Update",0.166299999
3816.037,156,1,"Fixed Update",0
3816.0395,156,1,"Spline Update",0.000300000014
3816.0422,156,1,"Compose",0.38350001
3816.0447,156,1,"Update Buffers (CPU)",0.0555000007
3816.6867,157,1,"RenderPath3D Update",0.223
3816.6932,157,1,"Application Update",0.2787
3817.0087,157,1,"Application Render",0.3119
3817.4411,157,1,"Application Compose",0.3984
3822.9474,157,1,"SubmitCommandLists",5.496
3823.0078,157,1,"Shadowmap packing",0.000199999995
3823.0118,157,1,"Render",0.3116
3823.0142,157,1,"Procedural Animations",0.00109999999
3823.017,157,1,"Script Components",0.000500000024
3823.0196,157,1,"CPU Frame",1.47510004
3823.0217,157,1,"Input",0.193800002
3823.0241,157,1,"GUI Update",0.0568000004
3823.0263,157,1,"Frustum Culling",0.0465999991
3823.0281,157,1,"Animations",9.99999975e-05
3823.0305,157,1,"Spring Dependencies",0.000199999995
3823.0332,157,1,"GUI Render",0.0544000007
3823.036,157,1,"Physics",0.00760000013
3823.0391,157,1,"Update",0.278299987
3823.042,157,1,"Fixed Update",0.00639999984
3823.0445,157,1,"Spline Update",0.0013
3823.0481,157,1,"Compose",0.398000002
3823.0518,157,1,"Update Buffers (CPU)",0.067400001
3823.4558,158,1,"RenderPath3D Update",0.174
3823.4614,158,1,"Application Update",0.218
3823.8947,158,1,"Application Render",0.4308
3824.3208,158,1,"Application Compose",0.3988
3829.9923,158,1,"SubmitCommandLists",5.6602
3830.0718,158,1,"Shadowmap packing",0.000300000014
3830.0757,158,1,"Render",0.430500001
3830.0779,158,1,"Procedural Animations",0.00200000009
3830.0805,158,1,"Script Components",0.000300000014
3830.0831,158,1,"CPU Frame",1.35699999
3830.0853,158,1,"Input",0.178499997
3830.0877,158,1,"GUI Update",0.0366000012
3830.0898,158,1,"Frustum Culling",0.0476999991
3830.0919,158,1,"Animations",0
3830.0945,158,1,"Spring Dependencies",0.000500000024
3830.0967,158,1,"GUI Render",0.0579999983
3830.0986,158,1,"Physics",0.00190000003
3830.1007,158,1,"Update",0.217600003
3830.1028,158,1,"Fixed Update",0.000199999995
3830.1056,158,1,"Spline Update",0.00039999999
3830.1075,158,1,"Compose",0.398600012
3830.1102,158,1,"Update Buffers (CPU)",0.123999998
3830.5228,159,1,"RenderPath3D Update",0.1666
3830.5281,159,1,"Application Update",0.2197
3831.0753,159,1,"Application Render",0.5448
3831.5661,159,1,"Application Compose",0.4507
3837.0727,159,1,"SubmitCommandLists",5.4933
3837.1788,159,1,"Shadowmap packing",0.000300000014
3837.1848,159,1,"Render",0.54460001
3837.19,159,1,"Procedural Animations",0.00150000001
3837.1943,159,1,"Script Components",0.000300000014
3837.199,159,1,"CPU Frame",1.55610001
3837.2022,159,1,"Input",0.180600002
3837.2065,159,1,"GUI Update",0.0337000005
3837.2111,159,1,"Frustum Culling",0.0472999997
3837.2149,159,1,"Animations",9.99999975e-05
3837.2194,159,1,"Spring Dependencies",0.00079999998
3837.2249,159,1,"GUI Render",0.0675000027
3837.2279,159,1,"Physics",0.00209999993
3837.2315,159,1,"Update",0.219300002
3837.2352,159,1,"Fixed Update",9.99999975e-05
3837.2389,159,1,"Spline Update",0.000300000014
3837.2421,159,1,"Compose",0.450399995
3837.2465,159,1,"Update Buffers (CPU)",0.148800001
3837.7603,160,1,"RenderPath3D Update",0.2133
3837.7658,160,1,"Application Update",0.2618
3838.2573,160,1,"Application Render",0.4882
3838.9311,160,1,"Application Compose",0.6337
3843.7987,160,1,"SubmitCommandLists",4.8478
3843.8527,160,1,"Shadowmap packing",0.00039999999
3843.8564,160,1,"Render",0.487800002
3843.8586,160,1,"Procedural Animations",0.00260000001
3843.8614,160,1,"Script Components",0.000699999975
3843.864,160,1,"CPU Frame",1.83529997
3843.8661,160,1,"Input",0.2227
3843.869,160,1,"GUI Update",0.0474999994
3843.8713,160,1,"Frustum Culling",0.0571000017
3843.8731,160,1,"Animations",9.99999975e-05
3843.8754,160,1,"Spring Dependencies",0.000300000014
3843.8779,160,1,"GUI Render",0.0802000016
3843.8797,160,1,"Physics",0.0108000003
3843.8815,160,1,"Update",0.261700004
3843.8837,160,1,"Fixed Update",0.0104
3843.8855,160,1,"Spline Update",0.000699999975
3843.8873,160,1,"Compose",0.633099973
3843.8891,160,1,"Update Buffers (CPU)",0.0865999982
3844.2543,161,1,"RenderPath3D Update",0.1803
3844.2601,161,1,"Application Update",0.2191
3844.6714,161,1,"Application Render",0.4089
3845.0943,161,1,"Application Compose",0.3967
3850.7606,161,1,"SubmitCommandLists",5.6561
3851.2006,161,1,"Shadowmap packing",0.000199999995
3851.2069,161,1,"Render",0.408600003
3851.2089,161,1,"Procedural Animations",0.0013
3851.2116,161,1,"Script Components",0.000199999995
3851.2144,161,1,"CPU Frame",1.28120005
3851.2167,161,1,"Input",0.142199993
3851.2211,161,1,"GUI Update",0.0293000005
3851.2235,161,1,"Frustum Culling",0.0454999991
3851.2256,161,1,"Animations",9.99999975e-05
3851.2288,161,1,"Spring Dependencies",0.000199999995
3851.2315,161,1,"GUI Render",0.065200001
3851.2337,161,1,"Physics",0.00170000002
3851.2365,161,1,"Update",0.218899995
3851.2384,161,1,"Fixed Update",9.99999975e-05
3851.2402,161,1,"Spline Update",0.000300000014
3851.2424,161,1,"Compose",0.396400005
3851.2452,161,1,"Update Buffers (CPU)",0.108400002
3851.6741,162,1,"RenderPath3D Update",0.1601
3851.6804,162,1,"Application Update",0.2068
3852.0697,162,1,"Application Render",0.3864
3852.5236,162,1,"Application Compose",0.4096
3857.7551,162,1,"SubmitCommandLists",5.2205
3857.8198,162,1,"Shadowmap packing",0.000300000014
3857.8235,162,1,"Render",0.386099994
3857.8258,162,1,"Procedural Animations",0.0013
3857.8283,162,1,"Script Components",0.00039999999
3857.8315,162,1,"CPU Frame",1.44739997
3857.8335,162,1,"Input",0.203400001
3857.836,162,1,"GUI Update",0.0383000001
3857.8386,162,1,"Frustum Culling",0.0351000018
3857.8405,162,1,"Animations",9.99999975e-05
3857.8431,162,1,"Spring Dependencies",0.000199999995
3857.8454,162,1,"GUI Render",0.0549000017
3857.8472,162,1,"Physics",0.00659999996
3857.8494,162,1,"Update",0.206499994
3857.8512,162,1,"Fixed Update",0.0115
3857.8529,162,1,"Spline Update",0.000500000024
3857.8549,162,1,"Compose",0.409000009
3857.8574,162,1,"Update Buffers (CPU)",0.104599997
3858.2872,163,1,"RenderPath3D Update",0.2
3858.2932,163,1,"Application Update",0.2548
3858.8294,163,1,"Application Render",0.5332
3859.2782,163,1,"Application Compose",0.4065
3865.0143,163,1,"SubmitCommandLists",5.7233
3865.2567,163,1,"Shadowmap packing",0.000199999995
3865.2668,163,1,"Render",0.532999992
3865.2724,163,1,"Procedural Animations",0.00219999999
3865.2767,163,1,"Script Components",0.000699999975
3865.2828,163,1,"CPU Frame",1.50650001
3865.2873,163,1,"Input",0.166999996
3865.2935,163,1,"GUI Update",0.0458000004
3865.2988,163,1,"Frustum Culling",0.0313000008
3865.3032,163,1,"Animations",9.99999975e-05
3865.3245,163,1,"Spring Dependencies",0.00109999999
3865.3308,163,1,"GUI Render",0.052099999
3865.3343,163,1,"Physics",0.00230000005
3865.3381,163,1,"Update",0.254299998
3865.3422,163,1,"Fixed Update",9.99999975e-05
3865.3465,163,1,"Spline Update",0.000699999975
3865.3499,163,1,"Compose",0.406199992
3865.3537,163,1,"Update Buffers (CPU)",0.155399993
3866.4007,164,1,"RenderPath3D Update",0.3509
3866.4153,164,1,"Application Update",0.5749
3867.0625,164,1,"Application Render",0.6428
3867.6522,164,1,"Application Compose",0.5377
3871.8573,164,1,"SubmitCommandLists",4.1828
3871.9711,164,1,"Shadowmap packing",0.000300000014
3871.9783,164,1,"Render",0.64230001
3871.9819,164,1,"Procedural Animations",0.00300000003
3871.9852,164,1,"Script Components",0.00159999996
3871.9899,164,1,"CPU Frame",2.57990003
3871.9927,164,1,"Input",0.42019999
3871.9971,164,1,"GUI Update",0.0639000013
3872.0013,164,1,"Frustum Culling",0.1008
3872.0041,164,1,"Animations",9.99999975e-05
3872.0075,164,1,"Spring Dependencies",0.000500000024
3872.0125,164,1,"GUI Render",0.107000001
3872.021,164,1,"Physics",0.00820000004
3872.0276,164,1,"Update",0.574599981
3872.0304,164,1,"Fixed Update",0.0266999993
3872.033,164,1,"Spline Update",0.0013
3872.0356,164,1,"Compose",0.537100017
3872.039,164,1,"Update Buffers (CPU)",0.1149
3872.7853,165,1,"RenderPath3D Update",0.373
3872.7998,165,1,"Application Update",0.4405
3873.459,165,1,"Application Render",0.6552
3873.9574,165,1,"Application Compose",0.4456
3878.6689,165,1,"SubmitCommandLists",4.6961
3878.837,165,1,"Shadowmap packing",0.00039999999
3878.845,165,1,"Render",0.654799998
3878.8476,165,1,"Procedural Animations",0.00350000011
3878.8511,165,1,"Script Components",0.000699999975
3878.8552,165,1,"CPU Frame",2.06360006
3878.858,165,1,"Input",0.298700005
3878.916,165,1,"GUI Update",0.0877000019
3878.9195,165,1,"Frustum Culling",0.0763000026
3878.9219,165,1,"Animations",0.000199999995
3878.9237,165,1,"Spring Dependencies",0.000600000028
3878.9262,165,1,"GUI Render",0.0650999993
3878.928,165,1,"Physics",0.00289999996
3878.9299,165,1,"Update",0.438699991
3878.9321,165,1,"Fixed Update",9.99999975e-05
3878.9345,165,1,"Spline Update",0.00079999998
3878.9375,165,1,"Compose",0.444900006
3878.9413,165,1,"Update Buffers (CPU)",0.1285
3879.6294,166,1,"RenderPath3D Update",0.2113
3879.6371,166,1,"Application Update",0.296
3880.242,166,1,"Application Render",0.6011
3880.934,166,1,"Application Compose",0.612
3885.6655,166,1,"SubmitCommandLists",4.7066
3885.9692,166,1,"Shadowmap packing",0.00039999999
3885.9898,166,1,"Render",0.600600004
3885.9958,166,1,"Procedural Animations",0.00159999996
3886,166,1,"Script Components",0.000199999995
3886.0071,166,1,"CPU Frame",2.22779989
3886.0112,166,1,"Input",0.376700014
3886.017,166,1,"GUI Update",0.0403999984
3886.0205,166,1,"Frustum Culling",0.0595999993
3886.0234,166,1,"Animations",0
3886.0297,166,1,"Spring Dependencies",0.000300000014
3886.0375,166,1,"GUI Render",0.0873000026
3886.0407,166,1,"Physics",0.00170000002
3886.0434,166,1,"Update",0.294999987
3886.0478,166,1,"Fixed Update",9.99999975e-05
3886.052,166,1,"Spline Update",0.00039999999
3886.0593,166,1,"Compose",0.611199975
3886.0646,166,1,"Update Buffers (CPU)",0.156399995
3886.7421,167,1,"RenderPath3D Update",0.239
3886.7485,167,1,"Application Update",0.3019
3887.355,167,1,"Application Render",0.6024
3888.0182,167,1,"Application Compose",0.6113
3892.5518,167,1,"SubmitCommandLists",4.509
3892.6424,167,1,"Shadowmap packing",0.000300000014
3892.651,167,1,"Render",0.601199985
3892.6562,167,1,"Procedural Animations",0.00240000011
3892.6602,167,1,"Script Components",0.0013
3892.6662,167,1,"CPU Frame",2.24780011
3892.6688,167,1,"Input",0.315400004
3892.6746,167,1,"GUI Update",0.0579999983
3892.6782,167,1,"Frustum Culling",0.0511000007
3892.6814,167,1,"Animations",9.99999975e-05
3892.6848,167,1,"Spring Dependencies",0.000300000014
3892.6907,167,1,"GUI Render",0.102799997
3892.6947,167,1,"Physics",0.00710000005
3892.6978,167,1,"Update",0.301600009
3892.7009,167,1,"Fixed Update",0.0245999992
3892.7044,167,1,"Spline Update",0.000600000028
3892.7079,167,1,"Compose",0.610800028
3892.7118,167,1,"Update Buffers (CPU)",0.145199999
3893.571,168,1,"RenderPath3D Update",0.1463
3893.5794,168,1,"Application Update",0.4587
3893.9855,168,1,"Application Render",0.4019
3894.5294,168,1,"Application Compose",0.5106
3899.4975,168,1,"SubmitCommandLists",4.9496
3899.5866,168,1,"Shadowmap packing",0.000300000014
3899.5925,168,1,"Render",0.401499987
3899.5949,168,1,"Procedural Animations",0.00120000006
3899.5974,168,1,"Script Components",0.000300000014
3899.6008,168,1,"CPU Frame",1.95589995
3899.603,168,1,"Input",0.359800011
3899.6063,168,1,"GUI Update",0.0513999984
3899.6084,168,1,"Frustum Culling",0.0162000004
3899.6106,168,1,"Animations",9.99999975e-05
3899.6131,168,1,"Spring Dependencies",0.000300000014
3899.6157,168,1,"GUI Render",0.0791999996
3899.6175,168,1,"Physics",0.00170000002
3899.6195,168,1,"Update",0.457599998
3899.6228,168,1,"Fixed Update",9.99999975e-05
3899.6246,168,1,"Spline Update",0.000500000024
3899.6265,168,1,"Compose",0.510200024
3899.6302,168,1,"Update Buffers (CPU)",0.106799997
3900.1184,169,1,"RenderPath3D Update",0.207
3900.1247,169,1,"Application Update",0.2674
3900.6122,169,1,"Application Render",0.485
3901.0782,169,1,"Application Compose",0.4306
3906.4936,169,1,"SubmitCommandLists",5.3854
3906.6053,169,1,"Shadowmap packing",0.00039999999
3906.6093,169,1,"Render",0.483999997
3906.62,169,1,"Procedural Animations",0.00230000005
3906.6224,169,1,"Script Components",0.00109999999
3906.6251,169,1,"CPU Frame",1.55900002
3906.6271,169,1,"Input",0.189999998
3906.6297,169,1,"GUI Update",0.0496999994
3906.6316,169,1,"Frustum Culling",0.0355999991
3906.6334,169,1,"Animations",9.99999975e-05
3906.6359,169,1,"Spring Dependencies",0.000300000014
3906.6384,169,1,"GUI Render",0.0952999964
3906.6722,169,1,"Physics",0.00889999978
3906.6741,169,1,"Update",0.267199993
3906.6761,169,1,"Fixed Update",0.0142999999
3906.6779,169,1,"Spline Update",0.00120000006
3906.6798,169,1,"Compose",0.430299997
3906.6817,169,1,"Update Buffers (CPU)",0.122299999
3907.0612,170,1,"RenderPath3D Update",0.1792
3907.066,170,1,"Application Update",0.2249
3907.4701,170,1,"Application Render",0.4014
3907.9388,170,1,"Application Compose",0.4211
3913.3932,170,1,"SubmitCommandLists",5.4404
3913.6225,170,1,"Shadowmap packing",0.000500000024
3913.6374,170,1,"Render",0.401199996
3913.6436,170,1,"Procedural Animations",0.00209999993
3913.6506,170,1,"Script Components",0.000300000014
3913.6575,170,1,"CPU Frame",1.41400003
3913.6623,170,1,"Input",0.148300007
3913.6689,170,1,"GUI Update",0.0291000009
3913.6741,170,1,"Frustum Culling",0.0412000008
3913.6786,170,1,"Animations",9.99999975e-05
3913.6829,170,1,"Spring Dependencies",0.000300000014
3913.6877,170,1,"GUI Render",0.0520000011
3913.6912,170,1,"Physics",0.00170000002
3913.696,170,1,"Update",0.2245
3913.7002,170,1,"Fixed Update",9.99999975e-05
3913.7035,170,1,"Spline Update",0.000500000024
3913.7067,170,1,"Compose",0.404399991
3913.7104,170,1,"Update Buffers (CPU)",0.122100003
3914.4567,171,1,"RenderPath3D Update",0.2843
3914.4655,171,1,"Application Update",0.3878
3915.0463,171,1,"Application Render",0.5751
3915.7814,171,1,"Application Compose",0.6802
3920.674,171,1,"SubmitCommandLists",4.863
3920.8249,171,1,"Shadowmap packing",0.000300000014
3920.8307,171,1,"Render",0.574500024
3920.8334,171,1,"Procedural Animations",0.00209999993
3920.8387,171,1,"Script Components",0.000500000024
3920.8462,171,1,"CPU Frame",2.3348
3920.8493,171,1,"Input",0.337599993
3920.8555,171,1,"GUI Update",0.0951000005
3920.8577,171,1,"Frustum Culling",0.0392999984
3920.8602,171,1,"Animations",9.99999975e-05
3920.8663,171,1,"Spring Dependencies",0.000500000024
3920.8719,171,1,"GUI Render",0.0903000012
3920.8745,171,1,"Physics",0.00230000005
3920.8762,171,1,"Update",0.386999995
3920.8784,171,1,"Fixed Update",9.99999975e-05
3920.8815,171,1,"Spline Update",0.00109999999
3920.8848,171,1,"Compose",0.679799974
3920.8881,171,1,"Update Buffers (CPU)",0.122000001
3921.7203,172,1,"RenderPath3D Update",0.2489
3921.7286,172,1,"Application Update",0.3648
3922.2538,172,1,"Application Render",0.5207
3922.9479,172,1,"Application Compose",0.6475
3927.2399,172,1,"SubmitCommandLists",4.2546
3927.3204,172,1,"Shadowmap packing",0.000300000014
3927.3243,172,1,"Render",0.520299971
3927.3267,172,1,"Procedural Animations",0.00159999996
3927.3296,172,1,"Script Components",0.00120000006
3927.3324,172,1,"CPU Frame",2.2414999
3927.3346,172,1,"Input",0.409200013
3927.337,172,1,"GUI Update",0.0773999989
3927.3392,172,1,"Frustum Culling",0.00879999995
3927.3412,172,1,"Animations",9.99999975e-05
3927.3441,172,1,"Spring Dependencies",0.000600000028
3927.3473,172,1,"GUI Render",0.0868000016
3927.3492,172,1,"Physics",0.0111999996
3927.3511,172,1,"Update",0.364499986
3927.3532,172,1,"Fixed Update",0.0295000002
3927.3551,172,1,"Spline Update",0.000600000028
3927.357,172,1,"Compose",0.647099972
3927.3608,172,1,"Update Buffers (CPU)",0.156200007
3927.7982,173,1,"RenderPath3D Update",0.1993
3927.8111,173,1,"Application Update",0.2584
3928.5158,173,1,"Application Render",0.6852
3929.0685,173,1,"Application Compose",0.5274
3934.1747,173,1,"SubmitCommandLists",5.0942
3934.2413,173,1,"Shadowmap packing",0.00039999999
3934.2452,173,1,"Render",0.684899986
3934.2473,173,1,"Procedural Animations",0.00150000001
3934.2498,173,1,"Script Components",0.00039999999
3934.253,173,1,"CPU Frame",1.80780005
3934.2551,173,1,"Input",0.175899997
3934.2583,173,1,"GUI Update",0.0406999998
3934.2606,173,1,"Frustum Culling",0.0754000023
3934.2625,173,1,"Animations",0.000199999995
3934.2644,173,1,"Spring Dependencies",0.000600000028
3934.2672,173,1,"GUI Render",0.120800003
3934.269,173,1,"Physics",0.0013
3934.2708,173,1,"Update",0.258100003
3934.2727,173,1,"Fixed Update",0
3934.2749,173,1,"Spline Update",0.00079999998
3934.2768,173,1,"Compose",0.527100027
3934.2787,173,1,"Update Buffers (CPU)",0.0930999964
3934.7933,174,1,"RenderPath3D Update",0.3082
3934.8053,174,1,"Application Update",0.3458
3935.2953,174,1,"Application Render",0.4861
3935.7448,174,1,"Application Compose",0.4145
3941.0852,174,1,"SubmitCommandLists",5.329
3941.1544,174,1,"Shadowmap packing",0.000199999995
3941.1586,174,1,"Render",0.485599995
3941.1608,174,1,"Procedural Animations",0.0013
3941.1633,174,1,"Script Components",0.000199999995
3941.1663,174,1,"CPU Frame",1.55359995
3941.1683,174,1,"Input",0.129899994
3941.1711,174,1,"GUI Update",0.0271000005
3941.1735,174,1,"Frustum Culling",0.0932999998
3941.1757,174,1,"Animations",0.000199999995
3941.1775,174,1,"Spring Dependencies",9.99999975e-05
3941.1807,174,1,"GUI Render",0.0522000007
3941.1827,174,1,"Physics",0.00590000022
3941.1845,174,1,"Update",0.345600009
3941.1869,174,1,"Fixed Update",0.00650000013
3941.1887,174,1,"Spline Update",0.00039999999
3941.1906,174,1,"Compose",0.414000005
3941.1926,174,1,"Update Buffers (CPU)",0.1043
3941.6808,175,1,"RenderPath3D Update",0.284
3941.6911,175,1,"Application Update",0.3332
3942.288,175,1,"Application Render",0.5773
3942.8775,175,1,"Application Compose",0.5568
3948.0152,175,1,"SubmitCommandLists",5.1186
3948.1103,175,1,"Shadowmap packing",0.000199999995
3948.1165,175,1,"Render",0.577000022
3948.1191,175,1,"Procedural Animations",0.00159999996
3948.1215,175,1,"Script Components",0.000199999995
3948.1246,175,1,"CPU Frame",1.78009999
3948.1268,175,1,"Input",0.152199998
3948.1296,175,1,"GUI Update",0.0326999985
3948.1322,175,1,"Frustum Culling",0.0885000005
3948.1344,175,1,"Animations",0
3948.1369,175,1,"Spring Dependencies",9.99999975e-05
3948.1395,175,1,"GUI Render",0.0540000014
3948.1416,175,1,"Physics",0.00150000001
3948.1439,175,1,"Update",0.332899988
3948.1464,175,1,"Fixed Update",9.99999975e-05
3948.1483,175,1,"Spline Update",0.000300000014
3948.1504,175,1,"Compose",0.556400001
3948.1531,175,1,"Update Buffers (CPU)",0.114299998
3948.6247,176,1,"RenderPath3D Update",0.2123
3948.6296,176,1,"Application Update",0.2856
3949.0616,176,1,"Application Render",0.4293
3949.5746,176,1,"Application Compose",0.4794
3954.8876,176,1,"SubmitCommandLists",5.2982
3954.9548,176,1,"Shadowmap packing",0.000300000014
3954.9591,176,1,"Render",0.429199994
3954.9615,176,1,"Procedural Animations",0.00150000001
3954.9639,176,1,"Script Components",0.000300000014
3954.9664,176,1,"CPU Frame",1.53869998
3954.9689,176,1,"Input",0.172399998
3954.9714,176,1,"GUI Update",0.0606999993
3954.9734,176,1,"Frustum Culling",0.0373999998
3954.9756,176,1,"Animations",9.99999975e-05
3954.9782,176,1,"Spring Dependencies",0.000600000028
3954.9806,176,1,"GUI Render",0.0665000007
3954.9826,176,1,"Physics",0.00170000002
3954.9844,176,1,"Update",0.2852
3954.9864,176,1,"Fixed Update",9.99999975e-05
3954.9884,176,1,"Spline Update",0.0013
3954.9903,176,1,"Compose",0.479099989
3954.9922,176,1,"Update Buffers (CPU)",0.1171
3955.3704,177,1,"RenderPath3D Update",0.176
3955.3761,177,1,"Application Update",0.2168
3955.7892,177,1,"Application Render",0.4108
3956.2144,177,1,"Application Compose",0.3989
3961.832,177,1,"SubmitCommandLists",5.6074
3961.9023,177,1,"Shadowmap packing",0.000199999995
3961.9061,177,1,"Render",0.410400003
3961.908,177,1,"Procedural Animations",0.0013
3961.9107,177,1,"Script Components",0.000300000014
3961.9134,177,1,"CPU Frame",1.30780005
3961.9155,177,1,"Input",0.146599993
3961.9183,177,1,"GUI Update",0.0351000018
3961.9204,177,1,"Frustum Culling",0.0414999984
3961.9222,177,1,"Animations",9.99999975e-05
3961.9246,177,1,"Spring Dependencies",0.00120000006
3961.927,177,1,"GUI Render",0.0621999986
3961.9291,177,1,"Physics",0.00590000022
3961.9319,177,1,"Update",0.216600001
3961.9354,177,1,"Fixed Update",0.00730000017
3961.9389,177,1,"Spline Update",0.000600000028
3961.9423,177,1,"Compose",0.398699999
3961.9455,177,1,"Update Buffers (CPU)",0.118699998
3962.4865,178,1,"RenderPath3D Update",0.1558
3962.4932,178,1,"Application Update",0.3153
3962.877,178,1,"Application Render",0.3802
3963.5219,178,1,"Application Compose",0.5999
3968.7733,178,1,"SubmitCommandLists",5.2351
3968.8649,178,1,"Shadowmap packing",0.000300000014
3968.8689,178,1,"Render",0.379900008
3968.8711,178,1,"Procedural Animations",0.00179999997
3968.8741,178,1,"Script Components",0.000300000014
3968.8769,178,1,"CPU Frame",1.67400002
3968.879,178,1,"Input",0.217500001
3968.8817,178,1,"GUI Update",0.0326999985
3968.8839,178,1,"Frustum Culling",0.0392000005
3968.8859,178,1,"Animations",9.99999975e-05
3968.8885,178,1,"Spring Dependencies",0.000500000024
3968.8911,178,1,"GUI Render",0.0722000003
3968.8929,178,1,"Physics",0.0013
3968.895,178,1,"Update",0.314999998
3968.8973,178,1,"Fixed Update",9.99999975e-05
3968.8991,178,1,"Spline Update",0.000300000014
3968.901,178,1,"Compose",0.599300027
3968.903,178,1,"Update Buffers (CPU)",0.0820999965
3969.2555,179,1,"RenderPath3D Update",0.1802
3969.2606,179,1,"Application Update",0.2083
3969.6382,179,1,"Application Render",0.3755
3970.066,179,1,"Application Compose",0.4024
3975.7991,179,1,"SubmitCommandLists",5.723
3975.8827,179,1,"Shadowmap packing",0.000199999995
3975.8872,179,1,"Render",0.375200003
3975.8893,179,1,"Procedural Animations",0.00120000006
3975.8921,179,1,"Script Components",0.000300000014
3975.8951,179,1,"CPU Frame",1.25160003
3975.8975,179,1,"Input",0.133699998
3975.9002,179,1,"GUI Update",0.0303000007
3975.9023,179,1,"Frustum Culling",0.0509000011
3975.9041,179,1,"Animations",9.99999975e-05
3975.9068,179,1,"Spring Dependencies",0.00039999999
3975.9097,179,1,"GUI Render",0.0491999984
3975.9116,179,1,"Physics",0.00609999988
3975.9135,179,1,"Update",0.208199993
3975.9156,179,1,"Fixed Update",0.00549999997
3975.9174,179,1,"Spline Update",0.00039999999
3975.9193,179,1,"Compose",0.402099997
3975.9212,179,1,"Update Buffers (CPU)",0.113700002
3976.3557,180,1,"RenderPath3D Update",0.1971
3976.3647,180,1,"Application Update",0.2601
3976.8717,180,1,"Application Render",0.5035
3977.5044,180,1,"Application Compose",0.5783
3982.7441,180,1,"SubmitCommandLists",5.2194
3982.8388,180,1,"Shadowmap packing",0.000300000014
3982.8439,180,1,"Render",0.503199995
3982.8464,180,1,"Procedural Animations",0.00200000009
3982.849,180,1,"Script Components",0.00109999999
3982.8526,180,1,"CPU Frame",1.68939996
3982.8552,180,1,"Input",0.169499993
3982.858,180,1,"GUI Update",0.0680999979
3982.8606,180,1,"Frustum Culling",0.0304000005
3982.8624,180,1,"Animations",9.99999975e-05
3982.8651,180,1,"Spring Dependencies",0.000899999985
3982.8693,180,1,"GUI Render",0.0711999983
3982.8711,180,1,"Physics",0.00139999995
3982.8731,180,1,"Update",0.259200007
3982.8752,180,1,"Fixed Update",0
3982.8773,180,1,"Spline Update",0.00109999999
3982.8793,180,1,"Compose",0.577700019
3982.8815,180,1,"Update Buffers (CPU)",0.1228
3983.3692,181,1,"RenderPath3D Update",0.2073
3983.3744,181,1,"Application Update",0.2663
3983.8005,181,1,"Application Render",0.4236
3984.2522,181,1,"Application Compose",0.4071
3989.649,181,1,"SubmitCommandLists",5.3851
3989.7227,181,1,"Shadowmap packing",0.000300000014
3989.7263,181,1,"Render",0.423400015
3989.7287,181,1,"Procedural Animations",0.00190000003
3989.7312,181,1,"Script Components",0.000500000024
3989.7342,181,1,"CPU Frame",1.48189998
3989.7366,181,1,"Input",0.197300002
3989.7389,181,1,"GUI Update",0.0421000011
3989.7413,181,1,"Frustum Culling",0.0342999995
3989.7434,181,1,"Animations",9.99999975e-05
3989.7459,181,1,"Spring Dependencies",0.000300000014
3989.7483,181,1,"GUI Render",0.0562000014
3989.7501,181,1,"Physics",0.0092000002
3989.7521,181,1,"Update",0.266200006
3989.7544,181,1,"Fixed Update",0.0122999996
3989.7562,181,1,"Spline Update",0.000300000014
3989.7581,181,1,"Compose",0.406599998
3989.7605,181,1,"Update Buffers (CPU)",0.112199999
3990.2193,182,1,"RenderPath3D Update",0.1701
3990.3321,182,1,"Application Update",0.3175
3990.7521,182,1,"Application Render",0.4171
3991.1971,182,1,"Application Compose",0.4052
3996.5909,182,1,"SubmitCommandLists",5.3827
3996.6743,182,1,"Shadowmap packing",0.000300000014
3996.6788,182,1,"Render",0.416700006
3996.6811,182,1,"Procedural Animations",0.00209999993
3996.6839,182,1,"Script Components",0.000199999995
3996.6871,182,1,"CPU Frame",1.52789998
3996.7309,182,1,"Input",0.241799995
3996.735,182,1,"GUI Update",0.0329000019
3996.7374,182,1,"Frustum Culling",0.0480999984
3996.7397,182,1,"Animations",0.000199999995
3996.7415,182,1,"Spring Dependencies",0.000300000014
3996.7439,182,1,"GUI Render",0.050999999
3996.7458,182,1,"Physics",0.00120000006
3996.7478,182,1,"Update",0.317099988
3996.7498,182,1,"Fixed Update",9.99999975e-05
3996.7523,182,1,"Spline Update",0.000300000014
3996.7542,182,1,"Compose",0.404700011
3996.7562,182,1,"Update Buffers (CPU)",0.0913000032
3997.1183,183,1,"RenderPath3D Update",0.1742
3997.1246,183,1,"Application Update",0.2235
3997.5606,183,1,"Application Render",0.4337
3998.0472,183,1,"Application Compose",0.4537
4003.5252,183,1,"SubmitCommandLists",5.465
4003.5732,183,1,"Shadowmap packing",0.000300000014
4003.577,183,1,"Render",0.433499992
4003.5793,183,1,"Procedural Animations",0.00159999996
4003.5818,183,1,"Script Components",0.000199999995
4003.5844,183,1,"CPU Frame",1.43700004
4003.5864,183,1,"Input",0.1303
4003.5887,183,1,"GUI Update",0.0315999985
4003.5908,183,1,"Frustum Culling",0.0441000015
4003.5927,183,1,"Animations",9.99999975e-05
4003.5951,183,1,"Spring Dependencies",0.000500000024
4003.5974,183,1,"GUI Render",0.0759000033
4003.5993,183,1,"Physics",0.00200000009
4003.6012,183,1,"Update",0.223000005
4003.6031,183,1,"Fixed Update",9.99999975e-05
4003.6049,183,1,"Spline Update",0.000600000028
4003.6068,183,1,"Compose",0.453200012
4003.6089,183,1,"Update Buffers (CPU)",0.102700002
4003.9702,184,1,"RenderPath3D Update",0.1657
4003.9776,184,1,"Application Update",0.1981
4004.3939,184,1,"Application Render",0.4112
4004.8358,184,1,"Application Compose",0.404
4010.4517,184,1,"SubmitCommandLists",5.6048
4010.4929,184,1,"Shadowmap packing",0.000300000014
4010.4965,184,1,"Render",0.410699993
4010.4987,184,1,"Procedural Animations",0.00170000002
4010.501,184,1,"Script Components",0.000199999995
4010.5037,184,1,"CPU Frame",1.29840004
4010.5057,184,1,"Input",0.153799996
4010.5079,184,1,"GUI Update",0.0263
4010.5101,184,1,"Frustum Culling",0.0335999988
4010.5121,184,1,"Animations",0.000300000014
4010.514,184,1,"Spring Dependencies",0.000300000014
4010.5161,184,1,"GUI Render",0.0498000011
4010.518,184,1,"Physics",0.00549999997
4010.52,184,1,"Update",0.197999999
4010.522,184,1,"Fixed Update",0.00889999978
4010.5239,184,1,"Spline Update",0.000500000024
4010.5258,184,1,"Compose",0.403400004
4010.5277,184,1,"Update Buffers (CPU)",0.1021
4010.8372,185,1,"RenderPath3D Update",0.1515
4010.8421,185,1,"Application Update",0.1798
4011.2219,185,1,"Application Render",0.3775
4011.6427,185,1,"Application Compose",0.3962
4017.2969,185,1,"SubmitCommandLists",5.6452
4017.3459,185,1,"Shadowmap packing",0.000199999995
4017.3497,185,1,"Render",0.377400011
4017.352,185,1,"Procedural Animations",0.00100000005
4017.3547,185,1,"Script Components",0.000199999995
4017.3572,185,1,"CPU Frame",1.18009996
4017.3593,185,1,"Input",0.127599999
4017.3617,185,1,"GUI Update",0.0221999995
4017.3637,185,1,"Frustum Culling",0.0548
4017.3657,185,1,"Animations",9.99999975e-05
4017.3681,185,1,"Spring Dependencies",0.000199999995
4017.3703,185,1,"GUI Render",0.0676999986
4017.3722,185,1,"Physics",0.00109999999
4017.374,185,1,"Update",0.1796
4017.3759,185,1,"Fixed Update",9.99999975e-05
4017.3778,185,1,"Spline Update",0.00039999999
4017.3798,185,1,"Compose",0.395999998
4017.3821,185,1,"Update Buffers (CPU)",0.25150001
4017.7516,186,1,"RenderPath3D Update",0.1807
4017.7566,186,1,"Application Update",0.2076
4018.2277,186,1,"Application Render",0.4685
4018.673,186,1,"Application Compose",0.4087
4024.3329,186,1,"SubmitCommandLists",5.6489
4024.3711,186,1,"Shadowmap packing",0.000300000014
4024.3743,186,1,"Render",0.468199998
4024.3761,186,1,"Procedural Animations",0.00209999993
4024.3786,186,1,"Script Components",0.000600000028
4024.3809,186,1,"CPU Frame",1.36150002
4024.3829,186,1,"Input",0.149299994
4024.3853,186,1,"GUI Update",0.0357999988
4024.3874,186,1,"Frustum Culling",0.0449000001
4024.3892,186,1,"Animations",9.99999975e-05
4024.3915,186,1,"Spring Dependencies",0.00100000005
4024.423,186,1,"GUI Render",0.0557000004
4024.4254,186,1,"Physics",0.00820000004
4024.4273,186,1,"Update",0.207399994
4024.4292,186,1,"Fixed Update",0.00760000013
4024.4311,186,1,"Spline Update",0.00079999998
4024.433,186,1,"Compose",0.408199996
4024.435,186,1,"Update Buffers (CPU)",0.112499997
4024.7712,187,1,"RenderPath3D Update",0.1805
4024.7808,187,1,"Application Update",0.2137
4025.2092,187,1,"Application Render",0.4257
4025.6824,187,1,"Application Compose",0.4524
4031.2337,187,1,"SubmitCommandLists",5.5062
4031.2609,187,1,"Shadowmap packing",0.000199999995
4031.2636,187,1,"Render",0.425300002
4031.2656,187,1,"Procedural Animations",0.00109999999
4031.2677,187,1,"Script Components",0.000199999995
4031.27,187,1,"CPU Frame",1.34099996
4031.2721,187,1,"Input",0.124600001
4031.2742,187,1,"GUI Update",0.0238000005
4031.2761,187,1,"Frustum Culling",0.119099997
4031.2779,187,1,"Animations",9.99999975e-05
4031.2802,187,1,"Spring Dependencies",0.000199999995
4031.2823,187,1,"GUI Render",0.0467000008
4031.2842,187,1,"Physics",0.00079999998
4031.286,187,1,"Update",0.213499993
4031.2878,187,1,"Fixed Update",0
4031.2897,187,1,"Spline Update",0.000199999995
4031.2916,187,1,"Compose",0.452199996
4031.2935,187,1,"Update Buffers (CPU)",0.0680999979
4031.6651,188,1,"RenderPath3D Update",0.2508
4031.6739,188,1,"Application Update",0.2748
4032.0326,188,1,"Application Render",0.356
4032.5496,188,1,"Application Compose",0.4984
4038.154,188,1,"SubmitCommandLists",5.5903
4038.2326,188,1,"Shadowmap packing",9.99999975e-05
4038.2372,188,1,"Render",0.355699986
4038.2397,188,1,"Procedural Animations",0.000699999975
4038.2422,188,1,"Script Components",0
4038.2467,188,1,"CPU Frame",1.31330001
4038.249,188,1,"Input",0.100000001
4038.2521,188,1,"GUI Update",0.0186000001
4038.2542,188,1,"Frustum Culling",0.128199995
4038.2564,188,1,"Animations",0.000199999995
4038.2583,188,1,"Spring Dependencies",0.000199999995
4038.2608,188,1,"GUI Render",0.0450000018
4038.2627,188,1,"Physics",0.000600000028
4038.2646,188,1,"Update",0.274599999
4038.2665,188,1,"Fixed Update",0
4038.2682,188,1,"Spline Update",9.99999975e-05
4038.2702,188,1,"Compose",0.498100013
4038.2722,188,1,"Update Buffers (CPU)",0.058600001
4038.6843,189,1,"RenderPath3D Update",0.2208
4038.6938,189,1,"Application Update",0.2554
4039.2242,189,1,"Application Render",0.5276
4039.7508,189,1,"Application Compose",0.4953
4045.1039,189,1,"SubmitCommandLists",5.3424
4045.1336,189,1,"Shadowmap packing",0.000199999995
4045.1366,189,1,"Render",0.527199984
4045.1387,189,1,"Procedural Animations",0.00150000001
4045.1412,189,1,"Script Components",0.000199999995
4045.1438,189,1,"CPU Frame",1.58060002
4045.1459,189,1,"Input",0.144299999
4045.148,189,1,"GUI Update",0.0303000007
4045.1502,189,1,"Frustum Culling",0.0460000001
4045.152,189,1,"Animations",9.99999975e-05
4045.1544,189,1,"Spring Dependencies",0.00079999998
4045.1566,189,1,"GUI Render",0.0662999973
4045.1584,189,1,"Physics",0.00689999992
4045.1606,189,1,"Update",0.255100012
4045.1624,189,1,"Fixed Update",0.00700000022
4045.1642,189,1,"Spline Update",0.00039999999
4045.1661,189,1,"Compose",0.495000005
4045.1679,189,1,"Update Buffers (CPU)",0.106399998
4045.5544,190,1,"RenderPath3D Update",0.2315
4045.5624,190,1,"Application Update",0.2647
4045.9948,190,1,"Application Render",0.4301
4046.4655,190,1,"Application Compose",0.4485
4052.1162,190,1,"SubmitCommandLists",5.64
4052.197,190,1,"Shadowmap packing",0.00039999999
4052.2035,190,1,"Render",0.429899991
4052.2074,190,1,"Procedural Animations",0.000699999975
4052.2111,190,1,"Script Components",0
4052.2141,190,1,"CPU Frame",1.35749996
4052.2165,190,1,"Input",0.124399997
4052.2196,190,1,"GUI Update",0.0326000005
4052.2223,190,1,"Frustum Culling",0.0432000011
4052.2241,190,1,"Animations",9.99999975e-05
4052.2265,190,1,"Spring Dependencies",9.99999975e-05
4052.2288,190,1,"GUI Render",0.0640999973
4052.2307,190,1,"Physics",0.0379000008
4052.2326,190,1,"Update",0.264499992
4052.2348,190,1,"Fixed Update",0
4052.2365,190,1,"Spline Update",0.000199999995
4052.2385,190,1,"Compose",0.448199987
4052.2404,190,1,"Update Buffers (CPU)",0.0650999993
4052.7773,191,1,"RenderPath3D Update",0.3214
4052.7878,191,1,"Application Update",0.3557
4053.1704,191,1,"Application Render",0.3799
4053.6928,191,1,"Application Compose",0.4749
4059.027,191,1,"SubmitCommandLists",5.3226
4059.0767,191,1,"Shadowmap packing",0.000300000014
4059.08,191,1,"Render",0.379400015
4059.0823,191,1,"Procedural Animations",0.00120000006
4059.0846,191,1,"Script Components",0.000199999995
4059.0871,191,1,"CPU Frame",1.55789995
4059.0892,191,1,"Input",0.139699996
4059.0917,191,1,"GUI Update",0.0318000019
4059.0939,191,1,"Frustum Culling",0.0504000001
4059.0957,191,1,"Animations",0.000199999995
4059.0975,191,1,"Spring Dependencies",0.000199999995
4059.0998,191,1,"GUI Render",0.0907000005
4059.1017,191,1,"Physics",0.00579999993
4059.1035,191,1,"Update",0.355500013
4059.1055,191,1,"Fixed Update",0.00860000029
4059.1074,191,1,"Spline Update",0.000500000024
4059.1093,191,1,"Compose",0.4745
4059.1116,191,1,"Update Buffers (CPU)",0.0793000013
4059.5592,192,1,"RenderPath3D Update",0.25
4059.5647,192,1,"Application Update",0.282
4059.9607,192,1,"Application Render",0.3935
4060.3989,192,1,"Application Compose",0.4035
4065.8854,192,1,"SubmitCommandLists",5.476
4065.9207,192,1,"Shadowmap packing",0.000300000014
4065.9239,192,1,"Render",0.39320001
4065.926,192,1,"Procedural Animations",0.00150000001
4065.9284,192,1,"Script Components",0.000199999995
4065.931,192,1,"CPU Frame",1.3592
4065.9333,192,1,"Input",0.162900001
4065.9356,192,1,"GUI Update",0.0267999992
4065.9376,192,1,"Frustum Culling",0.0931999981
4065.9396,192,1,"Animations",9.99999975e-05
4065.9419,192,1,"Spring Dependencies",0.000199999995
4065.9442,192,1,"GUI Render",0.0509000011
4065.946,192,1,"Physics",0.00079999998
4065.9479,192,1,"Update",0.281899989
4065.9497,192,1,"Fixed Update",0
4065.9517,192,1,"Spline Update",0.000300000014
4065.9537,192,1,"Compose",0.402999997
4065.9558,192,1,"Update Buffers (CPU)",0.0595000014
4066.353,193,1,"RenderPath3D Update",0.2405
4066.3621,193,1,"Application Update",0.2773
4066.8102,193,1,"Application Render",0.4456
4067.2903,193,1,"Application Compose",0.4517
4072.9585,193,1,"SubmitCommandLists",5.6557
4073.035,193,1,"Shadowmap packing",0.000300000014
4073.0397,193,1,"Render",0.445300013
4073.0422,193,1,"Procedural Animations",0.00139999995
4073.0457,193,1,"Script Components",0.000199999995
4073.049,193,1,"CPU Frame",1.39839995
4073.051,193,1,"Input",0.1171
4073.0535,193,1,"GUI Update",0.0232999995
4073.0555,193,1,"Frustum Culling",0.0425999984
4073.0574,193,1,"Animations",0.000199999995
4073.0593,193,1,"Spring Dependencies",0.000199999995
4073.0615,193,1,"GUI Render",0.0511999987
4073.0646,193,1,"Physics",0.00449999981
4073.0676,193,1,"Update",0.277099997
4073.0725,193,1,"Fixed Update",0.00549999997
4073.0755,193,1,"Spline Update",0.00039999999
4073.0792,193,1,"Compose",0.451299995
4073.0827,193,1,"Update Buffers (CPU)",0.0568000004
4073.5791,194,1,"RenderPath3D Update",0.2006
4073.5854,194,1,"Application Update",0.2636
4074.0072,194,1,"Application Render",0.4191
4074.4354,194,1,"Application Compose",0.4008
4079.8632,194,1,"SubmitCommandLists",5.417
4079.961,194,1,"Shadowmap packing",0.000300000014
4079.9652,194,1,"Render",0.418900013
4079.9675,194,1,"Procedural Animations",0.00159999996
4079.9699,194,1,"Script Components",0.000199999995
4079.9732,194,1,"CPU Frame",1.45529997
4079.9753,194,1,"Input",0.220899999
4079.978,194,1,"GUI Update",0.0351000018
4079.9805,194,1,"Frustum Culling",0.0559
4079.9826,194,1,"Animations",9.99999975e-05
4079.985,194,1,"Spring Dependencies",0.000300000014
4079.9875,194,1,"GUI Render",0.0593999997
4079.9897,194,1,"Physics",0.00200000009
4079.9916,194,1,"Update",0.263200015
4079.9934,194,1,"Fixed Update",9.99999975e-05
4079.9952,194,1,"Spline Update",0.000300000014
4079.9971,194,1,"Compose",0.400400013
4079.9991,194,1,"Update Buffers (CPU)",0.115400001
4080.4429,195,1,"RenderPath3D Update",0.2345
4080.4492,195,1,"Application Update",0.2849
4080.9627,195,1,"Application Render",0.5105
4081.4072,195,1,"Application Compose",0.4051
4086.9966,195,1,"SubmitCommandLists",5.5783
4087.0788,195,1,"Shadowmap packing",0.000199999995
4087.0822,195,1,"Render",0.510100007
4087.0843,195,1,"Procedural Animations",0.00159999996
4087.0866,195,1,"Script Components",0.0013
4087.0891,195,1,"CPU Frame",1.52339995
4087.0911,195,1,"Input",0.153999999
4087.0938,195,1,"GUI Update",0.0421000011
4087.0964,195,1,"Frustum Culling",0.0560999997
4087.0985,195,1,"Animations",9.99999975e-05
4087.1009,195,1,"Spring Dependencies",0.000300000014
4087.1033,195,1,"GUI Render",0.0623000003
4087.1052,195,1,"Physics",0.0013
4087.1069,195,1,"Update",0.284500003
4087.1089,195,1,"Fixed Update",9.99999975e-05
4087.1108,195,1,"Spline Update",0.00120000006
4087.1127,195,1,"Compose",0.404599994
4087.115,195,1,"Update Buffers (CPU)",0.140799999
4087.4721,196,1,"RenderPath3D Update",0.175
4087.4773,196,1,"Application Update",0.2071
4087.8914,196,1,"Application Render",0.4114
4088.312,196,1,"Application Compose",0.3989
4093.7458,196,1,"SubmitCommandLists",5.4244
4093.8014,196,1,"Shadowmap packing",0.000199999995
4093.8049,196,1,"Render",0.4111
4093.8071,196,1,"Procedural Animations",0.0013
4093.8094,196,1,"Script Components",0.000199999995
4093.8117,196,1,"CPU Frame",1.26779997
4093.8138,196,1,"Input",0.139400005
4093.8166,196,1,"GUI Update",0.0222999994
4093.8187,196,1,"Frustum Culling",0.0450000018
4093.8206,196,1,"Animations",9.99999975e-05
4093.823,196,1,"Spring Dependencies",0.000199999995
4093.8252,196,1,"GUI Render",0.0604999997
4093.8272,196,1,"Physics",0.0055999998
4093.8289,196,1,"Update",0.206900001
4093.8309,196,1,"Fixed Update",0.00490000006
4093.8327,196,1,"Spline Update",0.000300000014
4093.8347,196,1,"Compose",0.398499995
4093.8366,196,1,"Update Buffers (CPU)",0.139300004
4094.5911,197,1,"RenderPath3D Update",0.1633
4094.5984,197,1,"Application Update",0.5131
4094.9598,197,1,"Application Render",0.359
4095.6191,197,1,"Application Compose",0.5993
4100.9979,197,1,"SubmitCommandLists",5.3527
4101.2901,197,1,"Shadowmap packing",0.000300000014
4101.2971,197,1,"Render",0.358700007
4101.3023,197,1,"Procedural Animations",0.00120000006
4101.3049,197,1,"Script Components",9.99999975e-05
4101.3189,197,1,"CPU Frame",1.86749995
4101.3233,197,1,"Input",0.238399997
4101.3307,197,1,"GUI Update",0.0377999991
4101.3359,197,1,"Frustum Culling",0.0511999987
4101.3377,197,1,"Animations",0.000199999995
4101.3419,197,1,"Spring Dependencies",0.000199999995
4101.3448,197,1,"GUI Render",0.0531000011
4101.3486,197,1,"Physics",0.00120000006
4101.3551,197,1,"Update",0.512899995
4101.3588,197,1,"Fixed Update",9.99999975e-05
4101.3608,197,1,"Spline Update",0.000199999995
4101.3627,197,1,"Compose",0.59890002
4101.369,197,1,"Update Buffers (CPU)",0.0812000036
4102.3572,198,1,"RenderPath3D Update",0.3723
4102.3662,198,1,"Application Update",0.4582
4103.1634,198,1,"Application Render",0.7941
4103.5944,198,1,"Application Compose",0.4027
4107.6827,198,1,"SubmitCommandLists",4.0775
4107.7325,198,1,"Shadowmap packing",0.00139999995
4107.7359,198,1,"Render",0.79369998
4107.738,198,1,"Procedural Animations",0.00669999979
4107.7405,198,1,"Script Components",0.00109999999
4107.7433,198,1,"CPU Frame",2.52069998
4107.7453,198,1,"Input",0.470400006
4107.7478,198,1,"GUI Update",0.0710000023
4107.7499,198,1,"Frustum Culling",0.0692000017
4107.7518,198,1,"Animations",0
4107.7541,198,1,"Spring Dependencies",0.0013
4107.7565,198,1,"GUI Render",0.106399998
4107.7583,198,1,"Physics",0.0174000002
4107.7602,198,1,"Update",0.458099991
4107.7619,198,1,"Fixed Update",0.0200999994
4107.7638,198,1,"Spline Update",0.00079999998
4107.766,198,1,"Compose",0.4023
4107.7684,198,1,"Update Buffers (CPU)",0.226799995
4108.1544,199,1,"RenderPath3D Update",0.1862
4108.1612,199,1,"Application Update",0.2256
4108.551,199,1,"Application Render",0.3847
4108.9866,199,1,"Application Compose",0.4007
4114.6068,199,1,"SubmitCommandLists",5.6092
4114.7065,199,1,"Shadowmap packing",0.000300000014
4114.7114,199,1,"Render",0.38409999
4114.7134,199,1,"Procedural Animations",0.00230000005
4114.7162,199,1,"Script Components",0.000300000014
4114.7212,199,1,"CPU Frame",1.29089999
4114.7231,199,1,"Input",0.152999997
4114.7936,199,1,"GUI Update",0.0406999998
4114.7978,199,1,"Frustum Culling",0.0395999998
4114.8005,199,1,"Animations",9.99999975e-05
4114.8044,199,1,"Spring Dependencies",9.99999975e-05
4114.8067,199,1,"GUI Render",0.0500000007
4114.809,199,1,"Physics",0.00219999999
4114.8113,199,1,"Update",0.225299999
4114.8135,199,1,"Fixed Update",9.99999975e-05
4114.8153,199,1,"Spline Update",0.0013
4114.8172,199,1,"Compose",0.400299996
4114.8206,199,1,"Update Buffers (CPU)",0.0829999968
4115.3294,200,1,"RenderPath3D Update",0.2439
4115.3341,200,1,"Application Update",0.3154
4115.8339,200,1,"Application Render",0.497
4116.2802,200,1,"Application Compose",0.4073
4121.5762,200,1,"SubmitCommandLists",5.284
4121.6734,200,1,"Shadowmap packing",0.000300000014
4121.6815,200,1,"Render",0.496699989
4121.6848,200,1,"Procedural Animations",0.00200000009
4121.6889,200,1,"Script Components",0.000300000014
4121.6932,200,1,"CPU Frame",1.64719999
4121.6969,200,1,"Input",0.178100005
4121.7021,200,1,"GUI Update",0.0423000008
4121.707,200,1,"Frustum Culling",0.0436000004
4121.7105,200,1,"Animations",9.99999975e-05
4121.7166,200,1,"Spring Dependencies",9.99999975e-05
4121.7208,200,1,"GUI Render",0.0601000004
4121.7247,200,1,"Physics",0.0027999999
4121.7282,200,1,"Update",0.314599991
4121.7318,200,1,"Fixed Update",0
4121.7355,200,1,"Spline Update",0.000699999975
4121.7387,200,1,"Compose",0.406800002
4121.7416,200,1,"Update Buffers (CPU)",0.136099994
4122.3358,201,1,"RenderPath3D Update",0.2891
4122.3489,201,1,"Application Update",0.3483
4122.7918,201,1,"Application Render",0.44
4123.2895,201,1,"Application Compose",0.4714
4128.4913,201,1,"SubmitCommandLists",5.1886
4128.5457,201,1,"Shadowmap packing",0.00039999999
4128.5495,201,1,"Render",0.439500004
4128.5517,201,1,"Procedural Animations",0.00139999995
4128.554,201,1,"Script Components",0.000199999995
4128.5567,201,1,"CPU Frame",1.68659997
4128.5587,201,1,"Input",0.223100007
4128.5611,201,1,"GUI Update",0.0392999984
4128.5634,201,1,"Frustum Culling",0.0719000027
4128.5655,201,1,"Animations",0.00039999999
4128.5673,201,1,"Spring Dependencies",0.000500000024
4128.5698,201,1,"GUI Render",0.0778999999
4128.5716,201,1,"Physics",0.00960000046
4128.5734,201,1,"Update",0.34799999
4128.5753,201,1,"Fixed Update",0.0141000003
4128.5771,201,1,"Spline Update",0.00039999999
4128.5789,201,1,"Compose",0.470999986
4128.5809,201,1,"Update Buffers (CPU)",0.0731000006
4128.9578,202,1,"RenderPath3D Update",0.2002
4128.9664,202,1,"Application Update",0.2399
4129.4394,202,1,"Application Render",0.4705
4129.8772,202,1,"Application Compose",0.4017
4135.4146,202,1,"SubmitCommandLists",5.5268
4135.4705,202,1,"Shadowmap packing",0.000300000014
4135.4744,202,1,"Render",0.470099986
4135.4764,202,1,"Procedural Animations",0.00159999996
4135.479,202,1,"Script Components",9.99999975e-05
4135.4821,202,1,"CPU Frame",1.37269998
4135.4842,202,1,"Input",0.137899995
4135.4866,202,1,"GUI Update",0.0274999999
4135.4888,202,1,"Frustum Culling",0.0593999997
4135.4908,202,1,"Animations",9.99999975e-05
4135.4927,202,1,"Spring Dependencies",0.000500000024
4135.4951,202,1,"GUI Render",0.0688000023
4135.4969,202,1,"Physics",0.00109999999
4135.4988,202,1,"Update",0.239700004
4135.5007,202,1,"Fixed Update",9.99999975e-05
4135.5025,202,1,"Spline Update",0.000199999995
4135.5044,202,1,"Compose",0.401300013
4135.5064,202,1,"Update Buffers (CPU)",0.074000001
4135.8272,203,1,"RenderPath3D Update",0.1556
4135.8324,203,1,"Application Update",0.1839
4136.2089,203,1,"Application Render",0.3742
4136.6311,203,1,"Application Compose",0.3975
4142.2965,203,1,"SubmitCommandLists",5.6549
4142.3516,203,1,"Shadowmap packing",0.00039999999
4142.355,203,1,"Render",0.373899996
4142.3571,203,1,"Procedural Animations",0.00120000006
4142.3597,203,1,"Script Components",0.000199999995
4142.3621,203,1,"CPU Frame",1.20229995
4142.3642,203,1,"Input",0.130099997
4142.3665,203,1,"GUI Update",0.0263
4142.3685,203,1,"Frustum Culling",0.0509000011
4142.3705,203,1,"Animations",9.99999975e-05
4142.3728,203,1,"Spring Dependencies",0.000500000024
4142.375,203,1,"GUI Render",0.0535000004
4142.4146,203,1,"Physics",0.00719999988
4142.4167,203,1,"Update",0.183699995
4142.419,203,1,"Fixed Update",0.0046000001
4142.4209,203,1,"Spline Update",0.000300000014
4142.4228,203,1,"Compose",0.397199988
4142.4248,203,1,"Update Buffers (CPU)",0.0864999965
4142.7505,204,1,"RenderPath3D Update",0.1591
4142.7549,204,1,"Application Update",0.193
4143.1256,204,1,"Application Render",0.3685
4143.5652,204,1,"Application Compose",0.4023
4149.3028,204,1,"SubmitCommandLists",5.727
4149.3653,204,1,"Shadowmap packing",0.000300000014
4149.3692,204,1,"Render",0.368200004
4149.3713,204,1,"Procedural Animations",0.00100000005
4149.3737,204,1,"Script Components",0.000199999995
4149.3763,204,1,"CPU Frame",1.25339997
4149.3783,204,1,"Input",0.128299996
4149.3807,204,1,"GUI Update",0.0263
4149.3829,204,1,"Frustum Culling",0.0439000018
4149.3848,204,1,"Animations",0
4149.387,204,1,"Spring Dependencies",0.000199999995
4149.3894,204,1,"GUI Render",0.0551999994
4149.3914,204,1,"Physics",0.00109999999
4149.3935,204,1,"Update",0.192900002
4149.3953,204,1,"Fixed Update",0
4149.3971,204,1,"Spline Update",0.000300000014
4149.399,204,1,"Compose",0.401800007
4149.4009,204,1,"Update Buffers (CPU)",0.0918999985
4149.791,205,1,"RenderPath3D Update",0.1767
4149.795,205,1,"Application Update",0.2081
4150.1903,205,1,"Application Render",0.3929
4150.6298,205,1,"Application Compose",0.4008
4156.2425,205,1,"SubmitCommandLists",5.6015
4156.3153,205,1,"Shadowmap packing",0.000300000014
4156.3196,205,1,"Render",0.392500013
4156.3223,205,1,"Procedural Animations",0.00310000009
4156.3247,205,1,"Script Components",0.00039999999
4156.3277,205,1,"CPU Frame",1.31200004
4156.3297,205,1,"Input",0.170499995
4156.3325,205,1,"GUI Update",0.0308999997
4156.3346,205,1,"Frustum Culling",0.0434000008
4156.3367,205,1,"Animations",0
4156.3391,205,1,"Spring Dependencies",0.000199999995
4156.3416,205,1,"GUI Render",0.0496000014
4156.3434,205,1,"Physics",0.00749999983
4156.3456,205,1,"Update",0.207900003
4156.3481,205,1,"Fixed Update",0.00630000001
4156.3501,205,1,"Spline Update",0.000300000014
4156.3521,205,1,"Compose",0.400400013
4156.3543,205,1,"Update Buffers (CPU)",0.112599999
4156.7856,206,1,"RenderPath3D Update",0.1717
4156.7912,206,1,"Application Update",0.2161
4157.2522,206,1,"Application Render",0.4585
4157.6842,206,1,"Application Compose",0.4026
4163.2162,206,1,"SubmitCommandLists",5.5211
4163.2995,206,1,"Shadowmap packing",0.00039999999
4163.3035,206,1,"Render",0.458099991
4163.3058,206,1,"Procedural Animations",0.00150000001
4163.3087,206,1,"Script Components",0.000199999995
4163.3114,206,1,"CPU Frame",1.42159998
4163.3133,206,1,"Input",0.206100002
4163.3158,206,1,"GUI Update",0.0333999991
4163.318,206,1,"Frustum Culling",0.0377000012
4163.3202,206,1,"Animations",0.000199999995
4163.3222,206,1,"Spring Dependencies",0.000199999995
4163.3254,206,1,"GUI Render",0.0697000027
4163.3273,206,1,"Physics",0.0013
4163.3294,206,1,"Update",0.216000006
4163.3313,206,1,"Fixed Update",9.99999975e-05
4163.3339,206,1,"Spline Update",0.000300000014
4163.3359,206,1,"Compose",0.4023
4163.339,206,1,"Update Buffers (CPU)",0.131999999
4164.2349,207,1,"RenderPath3D Update",0.3074
4164.2507,207,1,"Application Update",0.5143
4164.9309,207,1,"Application Render",0.676
4165.6222,207,1,"Application Compose",0.6101
4170.2372,207,1,"SubmitCommandLists",4.5909
4170.3388,207,1,"Shadowmap packing",0.00039999999
4170.3464,207,1,"Render",0.675300002
4170.3666,207,1,"Procedural Animations",0.00430000015
4170.3711,207,1,"Script Components",0.00079999998
4170.3756,207,1,"CPU Frame",2.38860011
4170.3784,207,1,"Input",0.370900005
4170.384,207,1,"GUI Update",0.116300002
4170.3893,207,1,"Frustum Culling",0.0212999992
4170.3919,207,1,"Animations",0.000199999995
4170.3956,207,1,"Spring Dependencies",0.000600000028
4170.4004,207,1,"GUI Render",0.104900002
4170.4033,207,1,"Physics",0.00380000006
4170.4073,207,1,"Update",0.513300002
4170.411,207,1,"Fixed Update",9.99999975e-05
4170.4149,207,1,"Spline Update",0.00159999996
4170.4178,207,1,"Compose",0.609399974
4170.4311,207,1,"Update Buffers (CPU)",0.168599993
4171.1224,208,1,"RenderPath3D Update",0.2099
4171.1302,208,1,"Application Update",0.259
4171.5542,208,1,"Application Render",0.4214
4172.0155,208,1,"Application Compose",0.4077
4177.6288,208,1,"SubmitCommandLists",5.6003
4177.7754,208,1,"Shadowmap packing",0.000300000014
4177.7834,208,1,"Render",0.421099991
4177.7879,208,1,"Procedural Animations",0.00319999992
4177.794,208,1,"Script Components",0.00120000006
4177.7992,208,1,"CPU Frame",1.74679995
4177.8031,208,1,"Input",0.320899993
4177.8099,208,1,"GUI Update",0.0502999984
4177.8139,208,1,"Frustum Culling",0.0377999991
4177.8173,208,1,"Animations",9.99999975e-05
4177.8225,208,1,"Spring Dependencies",0.000699999975
4177.8284,208,1,"GUI Render",0.0527000017
4177.8311,208,1,"Physics",0.00769999996
4177.8344,208,1,"Update",0.258700013
4177.8379,208,1,"Fixed Update",0.00879999995
4177.8414,208,1,"Spline Update",0.000699999975
4177.8443,208,1,"Compose",0.407400012
4177.8491,208,1,"Update Buffers (CPU)",0.106899999
4178.6047,209,1,"RenderPath3D Update",0.2652
4178.6133,209,1,"Application Update",0.3517
4179.1908,209,1,"Application Render",0.5748
4179.8262,209,1,"Application Compose",0.5831
4184.2913,209,1,"SubmitCommandLists",4.4402
4184.4646,209,1,"Shadowmap packing",0.00139999995
4184.4703,209,1,"Render",0.574500024
4184.4743,209,1,"Procedural Animations",0.00480000023
4184.4786,209,1,"Script Components",0.000699999975
4184.485,209,1,"CPU Frame",2.1552
4184.4894,209,1,"Input",0.388000011
4184.4969,209,1,"GUI Update",0.066200003
4184.5021,209,1,"Frustum Culling",0.0381999984
4184.5055,209,1,"Animations",0
4184.5113,209,1,"Spring Dependencies",0.00039999999
4184.5185,209,1,"GUI Render",0.0844999999
4184.5228,209,1,"Physics",0.00310000009
4184.5255,209,1,"Update",0.351200014
4184.5297,209,1,"Fixed Update",9.99999975e-05
4184.5338,209,1,"Spline Update",0.0013
4184.5376,209,1,"Compose",0.582099974
4184.5422,209,1,"Update Buffers (CPU)",0.1241
4185.4837,210,1,"RenderPath3D Update",0.3058
4185.4927,210,1,"Application Update",0.4318
4186.1469,210,1,"Application Render",0.6515
4186.7473,210,1,"Application Compose",0.5105
4191.056,210,1,"SubmitCommandLists",4.2788
4191.1347,210,1,"Shadowmap packing",0.000300000014
4191.1385,210,1,"Render",0.650900006
4191.1406,210,1,"Procedural Animations",0.00200000009
4191.1428,210,1,"Script Components",0.00100000005
4191.1452,210,1,"CPU Frame",2.4289999
4191.1472,210,1,"Input",0.452499986
4191.1497,210,1,"GUI Update",0.0910999998
4191.1517,210,1,"Frustum Culling",0.0489999987
4191.1535,210,1,"Animations",9.99999975e-05
4191.1559,210,1,"Spring Dependencies",0.000600000028
4191.1582,210,1,"GUI Render",0.136399999
4191.16,210,1,"Physics",0.00680000009
4191.1619,210,1,"Update",0.430999994
4191.1638,210,1,"Fixed Update",0.0281000007
4191.1655,210,1,"Spline Update",0.00179999997
4191.1674,210,1,"Compose",0.50999999
4191.1696,210,1,"Update Buffers (CPU)",0.153600007
4191.6543,211,1,"RenderPath3D Update",0.2189
4191.669,211,1,"Application Update",0.2759
4192.1972,211,1,"Application Render",0.5254
4192.6537,211,1,"Application Compose",0.416
4198.0645,211,1,"SubmitCommandLists",5.3989
4198.1941,211,1,"Shadowmap packing",0.000300000014
4198.2041,211,1,"Render",0.525300026
4198.2087,211,1,"Procedural Animations",0.00179999997
4198.2139,211,1,"Script Components",0.000199999995
4198.2205,211,1,"CPU Frame",1.58350003
4198.2252,211,1,"Input",0.213599995
4198.2325,211,1,"GUI Update",0.0392000005
4198.2363,211,1,"Frustum Culling",0.0529000014
4198.2394,211,1,"Animations",9.99999975e-05
4198.2439,211,1,"Spring Dependencies",0.000199999995
4198.2481,211,1,"GUI Render",0.0768000036
4198.2508,211,1,"Physics",0.00240000011
4198.2542,211,1,"Update",0.275599986
4198.2576,211,1,"Fixed Update",9.99999975e-05
4198.261,211,1,"Spline Update",0.000899999985
4198.2648,211,1,"Compose",0.415600002
4198.2699,211,1,"Update Buffers (CPU)",0.157399997
4198.9278,212,1,"RenderPath3D Update",0.2863
4198.9399,212,1,"Application Update",0.3814
4199.4627,212,1,"Application Render",0.5199
4199.9175,212,1,"Application Compose",0.4106
4204.968,212,1,"SubmitCommandLists",5.0389
4205.066,212,1,"Shadowmap packing",0.000300000014
4205.1451,212,1,"Render",0.519500017
4205.1494,212,1,"Procedural Animations",0.00179999997
4205.154,212,1,"Script Components",0.000300000014
4205.1581,212,1,"CPU Frame",1.81900001
4205.1603,212,1,"Input",0.263900012
4205.164,212,1,"GUI Update",0.0560999997
4205.1668,212,1,"Frustum Culling",0.0979000032
4205.1686,212,1,"Animations",0.000300000014
4205.1704,212,1,"Spring Dependencies",0.000699999975
4205.1742,212,1,"GUI Render",0.0601999983
4205.1761,212,1,"Physics",0.00209999993
4205.178,212,1,"Update",0.381099999
4205.1806,212,1,"Fixed Update",9.99999975e-05
4205.1834,212,1,"Spline Update",0.00109999999
4205.1859,212,1,"Compose",0.410299987
4205.1888,212,1,"Update Buffers (CPU)",0.100299999
4205.612,213,1,"RenderPath3D Update",0.1955
4205.6174,213,1,"Application Update",0.2356
4206.1666,213,1,"Application Render",0.5467
4206.8288,213,1,"Application Compose",0.6244
4211.9741,213,1,"SubmitCommandLists",5.1239
4212.1732,213,1,"Shadowmap packing",0.000300000014
4212.185,213,1,"Render",0.546400011
4212.1901,213,1,"Procedural Animations",0.00170000002
4212.197,213,1,"Script Components",0.000300000014
4212.2031,213,1,"CPU Frame",1.83840001
4212.2061,213,1,"Input",0.164700001
4212.2115,213,1,"GUI Update",0.0331999995
4212.2172,213,1,"Frustum Culling",0.0254999995
4212.2209,213,1,"Animations",9.99999975e-05
4212.2265,213,1,"Spring Dependencies",0.000300000014
4212.2322,213,1,"GUI Render",0.0795999989
4212.235,213,1,"Physics",0.00620000018
4212.2388,213,1,"Update",0.235200003
4212.2419,213,1,"Fixed Update",0.0121999998
4212.2453,213,1,"Spline Update",0.000300000014
4212.2484,213,1,"Compose",0.624000013
4212.2529,213,1,"Update Buffers (CPU)",0.138999999
4212.9723,214,1,"RenderPath3D Update",0.1976
4212.9791,214,1,"Application Update",0.3548
4213.4913,214,1,"Application Render",0.5085
4213.9781,214,1,"Application Compose",0.4398
4218.8461,214,1,"SubmitCommandLists",4.8488
4218.9474,214,1,"Shadowmap packing",0.000300000014
4218.9532,214,1,"Render",0.508000016
4218.9569,214,1,"Procedural Animations",0.00139999995
4218.9693,214,1,"Script Components",0.00039999999
4218.9743,214,1,"CPU Frame",1.96000004
4218.9783,214,1,"Input",0.336499989
4218.9818,214,1,"GUI Update",0.0898000002
4218.985,214,1,"Frustum Culling",0.0183000006
4218.9881,214,1,"Animations",9.99999975e-05
4218.9916,214,1,"Spring Dependencies",0.00039999999
4218.995,214,1,"GUI Render",0.068599999
4218.9982,214,1,"Physics",0.00200000009
4219.0011,214,1,"Update",0.354400009
4219.004,214,1,"Fixed Update",0.000199999995
4219.0071,214,1,"Spline Update",0.000899999985
4219.0103,214,1,"Compose",0.439399987
4219.0134,214,1,"Update Buffers (CPU)",0.154200003
4219.5786,215,1,"RenderPath3D Update",0.2205
4219.5919,215,1,"Application Update",0.276
4220.0149,215,1,"Application Render",0.4191
4220.4615,215,1,"Application Compose",0.4128
4225.7382,215,1,"SubmitCommandLists",5.263
4225.842,215,1,"Shadowmap packing",0.000300000014
4225.8507,215,1,"Render",0.418799996
4225.8552,215,1,"Procedural Animations",0.00310000009
4225.8592,215,1,"Script Components",0.000699999975
4225.8651,215,1,"CPU Frame",1.57790005
4225.868,215,1,"Input",0.250800014
4225.873,215,1,"GUI Update",0.0653000027
4225.8759,215,1,"Frustum Culling",0.0196000002
4225.8795,215,1,"Animations",0.000199999995
4225.8831,215,1,"Spring Dependencies",0.000300000014
4225.8872,215,1,"GUI Render",0.0725999996
4225.891,215,1,"Physics",0.0105999997
4225.8941,215,1,"Update",0.275700003
4225.8985,215,1,"Fixed Update",0.0104
4225.9015,215,1,"Spline Update",0.000699999975
4225.9318,215,1,"Compose",0.412499994
4225.941,215,1,"Update Buffers (CPU)",0.0974000022
4226.5316,216,1,"RenderPath3D Update",0.1785
4226.5384,216,1,"Application Update",0.3052
4227.1386,216,1,"Application Render",0.5967
4227.7883,216,1,"Application Compose",0.6006
4232.7439,216,1,"SubmitCommandLists",4.9357
4232.8306,216,1,"Shadowmap packing",0.000300000014
4232.8349,216,1,"Render",0.596400023
4232.8373,216,1,"Procedural Animations",0.00190000003
4232.8398,216,1,"Script Components",0.000699999975
4232.8424,216,1,"CPU Frame",2.02900004
4232.8924,216,1,"Input",0.265399992
4232.8962,216,1,"GUI Update",0.0632999986
4232.8984,216,1,"Frustum Culling",0.0126
4232.9007,216,1,"Animations",9.99999975e-05
4232.9034,216,1,"Spring Dependencies",0.000899999985
4232.9064,216,1,"GUI Render",0.0790000036
4232.9084,216,1,"Physics",0.00200000009
4232.9101,216,1,"Update",0.305000007
4232.912,216,1,"Fixed Update",9.99999975e-05
4232.9141,216,1,"Spline Update",0.00100000005
4232.916,216,1,"Compose",0.600199997
4232.9179,216,1,"Update Buffers (CPU)",0.0987000018
4233.7804,217,1,"RenderPath3D Update",0.16
4233.7886,217,1,"Application Update",0.6844
4234.1735,217,1,"Application Render",0.3817
4234.6289,217,1,"Application Compose",0.4237
4239.688,217,1,"SubmitCommandLists",5.0462
4239.8198,217,1,"Shadowmap packing",0.000300000014
4239.8287,217,1,"Render",0.381500006
4239.8333,217,1,"Procedural Animations",0.0013
4239.838,217,1,"Script Components",0.000300000014
4239.8436,217,1,"CPU Frame",1.85839999
4239.848,217,1,"Input",0.160500005
4239.8537,217,1,"GUI Update",0.0456000008
4239.8591,217,1,"Frustum Culling",0.0205000006
4239.8622,217,1,"Animations",9.99999975e-05
4239.8687,217,1,"Spring Dependencies",0.000199999995
4239.8725,217,1,"GUI Render",0.0577999987
4239.8755,217,1,"Physics",0.00700000022
4239.8794,217,1,"Update",0.684199989
4239.8846,217,1,"Fixed Update",0.00870000012
4239.8884,217,1,"Spline Update",0.00039999999
4239.8917,217,1,"Compose",0.423299998
4239.8962,217,1,"Update Buffers (CPU)",0.0918999985
4240.6154,218,1,"RenderPath3D Update",0.2191
4240.6235,218,1,"Application Update",0.3708
4241.1765,218,1,"Application Render",0.5494
4241.8779,218,1,"Application Compose",0.6228
4246.6107,218,1,"SubmitCommandLists",4.7104
4246.7092,218,1,"Shadowmap packing",0.00039999999
4246.7156,218,1,"Render",0.549000025
4246.7191,218,1,"Procedural Animations",0.00200000009
4246.7231,218,1,"Script Components",0.000699999975
4246.7274,218,1,"CPU Frame",2.16170001
4246.7315,218,1,"Input",0.326999992
4246.7358,218,1,"GUI Update",0.0734999999
4246.7394,218,1,"Frustum Culling",0.0288999993
4246.7424,218,1,"Animations",9.99999975e-05
4246.7459,218,1,"Spring Dependencies",0.000300000014
4246.7513,218,1,"GUI Render",0.101099998
4246.7548,218,1,"Physics",0.00219999999
4246.7582,218,1,"Update",0.370299995
4246.7615,218,1,"Fixed Update",0.00039999999
4246.7641,218,1,"Spline Update",0.00219999999
4246.7685,218,1,"Compose",0.622399986
4246.7743,218,1,"Update Buffers (CPU)",0.150399998
4247.6108,219,1,"RenderPath3D Update",0.1967
4247.6201,219,1,"Application Update",0.4212
4248.1087,219,1,"Application Render",0.4849
4248.7601,219,1,"Application Compose",0.5977
4253.5648,219,1,"SubmitCommandLists",4.7865
4253.8097,219,1,"Shadowmap packing",0.00039999999
4253.8286,219,1,"Render",0.484400004
4253.8338,219,1,"Procedural Animations",0.00170000002
4253.8388,219,1,"Script Components",0.00039999999
4253.8427,219,1,"CPU Frame",2.12459993
4253.8461,219,1,"Input",0.394800007
4253.8511,219,1,"GUI Update",0.0465000011
4253.8558,219,1,"Frustum Culling",0.0388999991
4253.8602,219,1,"Animations",0
4253.8648,219,1,"Spring Dependencies",0.000199999995
4253.8698,219,1,"GUI Render",0.0764999986
4253.8729,219,1,"Physics",0.00490000006
4253.878,219,1,"Update",0.4208
4253.8818,219,1,"Fixed Update",9.99999975e-05
4253.8854,219,1,"Spline Update",0.00100000005
4253.8886,219,1,"Compose",0.597199976
4253.8923,219,1,"Update Buffers (CPU)",0.123099998
4255.0066,220,1,"RenderPath3D Update",0.3503
4255.0274,220,1,"Application Update",0.6295
4258.3109,220,1,"Application Render",3.278
4258.9415,220,1,"Application Compose",0.523
4262.6346,220,1,"SubmitCommandLists",3.655
4262.7247,220,1,"Shadowmap packing",0.000699999975
4262.7302,220,1,"Render",3.27579999
4262.7336,220,1,"Procedural Animations",0.00249999994
4262.7376,220,1,"Script Components",0.00039999999
4262.7437,220,1,"CPU Frame",5.28520012
4262.747,220,1,"Input",0.44690001
4262.751,220,1,"GUI Update",0.0531000011
4262.755,220,1,"Frustum Culling",0.0408999994
4262.7583,220,1,"Animations",9.99999975e-05
4262.762,220,1,"Spring Dependencies",0.000300000014
4262.7661,220,1,"GUI Render",0.338099986
4262.8092,220,1,"Physics",0.00779999979
4262.813,220,1,"Update",0.629000008
4262.8162,220,1,"Fixed Update",0.0264999997
4262.8196,220,1,"Spline Update",0.000500000024
4262.8232,220,1,"Compose",0.521700025
4262.8268,220,1,"Update Buffers (CPU)",0.0907000005
4263.3982,221,1,"RenderPath3D Update",0.1227
4263.5393,221,1,"Application Update",0.3047
4267.357,221,1,"Application Render",3.8121
4268.4819,221,1,"Application Compose",0.9982
4270.499,221,1,"SubmitCommandLists",1.9749
4270.5363,221,1,"Shadowmap packing",0.000300000014
4270.5397,221,1,"Render",3.81139994
4270.5419,221,1,"Procedural Animations",0.00150000001
4270.5445,221,1,"Script Components",0.00039999999
4270.547,221,1,"CPU Frame",5.84719992
4270.5491,221,1,"Input",0.390799999
4270.5519,221,1,"GUI Update",0.0414999984
4270.554,221,1,"Frustum Culling",0.0438000001
4270.556,221,1,"Animations",9.99999975e-05
4270.5586,221,1,"Spring Dependencies",0.000199999995
4270.5699,221,1,"GUI Render",0.1505
4270.5718,221,1,"Physics",0.00139999995
4270.5736,221,1,"Update",0.304199994
4270.5756,221,1,"Fixed Update",0.00039999999
4270.5774,221,1,"Spline Update",0.00039999999
4270.5791,221,1,"Compose",0.997300029
4270.5811,221,1,"Update Buffers (CPU)",0.410100013
4270.9574,222,1,"RenderPath3D Update",0.185
4270.9622,222,1,"Application Update",0.224
4271.4785,222,1,"Application Render",0.5141
4271.9505,222,1,"Application Compose",0.4182
4274.6212,222,1,"SubmitCommandLists",2.6587
4274.7068,222,1,"Shadowmap packing",0.000199999995
4274.7113,222,1,"Render",0.513800025
4274.7138,222,1,"Procedural Animations",0.00120000006
4274.7166,222,1,"Script Components",9.99999975e-05
4274.7204,222,1,"CPU Frame",1.44070005
4274.723,222,1,"Input",0.143900007
4274.7272,222,1,"GUI Update",0.0439999998
4274.7296,222,1,"Frustum Culling",0.0219000001
4274.7315,222,1,"Animations",9.99999975e-05
4274.7334,222,1,"Spring Dependencies",0.000300000014
4274.7359,222,1,"GUI Render",0.0781000033
4274.7379,222,1,"Physics",0.0236000009
4274.7398,222,1,"Update",0.223900005
4274.7426,222,1,"Fixed Update",0.00490000006
4274.7446,222,1,"Spline Update",0.000199999995
4274.7467,222,1,"Compose",0.417899996
4274.7505,222,1,"Update Buffers (CPU)",0.128199995
4275.5603,223,1,"RenderPath3D Update",0.1999
4275.5707,223,1,"Application Update",0.3992
4276.0638,223,1,"Application Render",0.49
4276.6897,223,1,"Application Compose",0.5735
4281.2406,223,1,"SubmitCommandLists",4.5283
4281.3255,223,1,"Shadowmap packing",0.00039999999
4281.3309,223,1,"Render",0.489499986
4281.3345,223,1,"Procedural Animations",0.00230000005
4281.3388,223,1,"Script Components",0.00039999999
4281.3423,223,1,"CPU Frame",2.0460999
4281.3454,223,1,"Input",0.400099993
4281.3499,223,1,"GUI Update",0.0825000033
4281.353,223,1,"Frustum Culling",0.0154999997
4281.3558,223,1,"Animations",0.000199999995
4281.3587,223,1,"Spring Dependencies",0.00039999999
4281.3618,223,1,"GUI Render",0.0816999972
4281.365,223,1,"Physics",0.00139999995
4281.3681,223,1,"Update",0.398699999
4281.3714,223,1,"Fixed Update",0.000199999995
4281.3744,223,1,"Spline Update",0.000500000024
4281.3772,223,1,"Compose",0.572899997
4281.3809,223,1,"Update Buffers (CPU)",0.135100007
4282.0359,224,1,"RenderPath3D Update",0.2142
4282.0445,224,1,"Application Update",0.3835
4282.691,224,1,"Application Render",0.6438
4283.3932,224,1,"Application Compose",0.6298
4288.4206,224,1,"SubmitCommandLists",4.9901
4288.6602,224,1,"Shadowmap packing",0.00039999999
4288.6752,224,1,"Render",0.643299997
4288.681,224,1,"Procedural Animations",0.00310000009
4288.6871,224,1,"Script Components",0.000300000014
4288.6948,224,1,"CPU Frame",2.13630009
4288.6993,224,1,"Input",0.260500014
4288.7081,224,1,"GUI Update",0.0491000004
4288.714,224,1,"Frustum Culling",0.0252999999
4288.7183,224,1,"Animations",9.99999975e-05
4288.7258,224,1,"Spring Dependencies",0.000300000014
4288.7323,224,1,"GUI Render",0.0938000008
4288.7376,224,1,"Physics",0.00389999989
4288.741,224,1,"Update",0.38319999
4288.7445,224,1,"Fixed Update",9.99999975e-05
4288.7494,224,1,"Spline Update",0.000500000024
4288.7544,224,1,"Compose",0.629199982
4288.8803,224,1,"Update Buffers (CPU)",0.168799996
4289.8304,225,1,"RenderPath3D Update",0.2058
4289.8377,225,1,"Application Update",0.4363
4290.4454,225,1,"Application Render",0.604
4290.9198,225,1,"Application Compose",0.4246
4295.3299,225,1,"SubmitCommandLists",4.397
4295.5279,225,1,"Shadowmap packing",0.000300000014
4295.5373,225,1,"Render",0.603399992
4295.5423,225,1,"Procedural Animations",0.00219999999
4295.5459,225,1,"Script Components",0.000300000014
4295.552,225,1,"CPU Frame",2.43910003
4295.5559,225,1,"Input",0.460799992
4295.562,225,1,"GUI Update",0.0615999997
4295.5678,225,1,"Frustum Culling",0.0176999997
4295.5719,225,1,"Animations",9.99999975e-05
4295.5807,225,1,"Spring Dependencies",0.00079999998
4295.5875,225,1,"GUI Render",0.0786999986
4295.5923,225,1,"Physics",0.0100999996
4295.5974,225,1,"Update",0.43599999
4295.6039,225,1,"Fixed Update",0.0176999997
4295.607,225,1,"Spline Update",0.00079999998
4295.6107,225,1,"Compose",0.423799992
4295.6154,225,1,"Update Buffers (CPU)",0.157499999
4296.499,226,1,"RenderPath3D Update",0.2618
4296.5133,226,1,"Application Update",0.407
4297.1409,226,1,"Application Render",0.6239
4297.7884,226,1,"Application Compose",0.5595
4302.1375,226,1,"SubmitCommandLists",4.3221
4302.2496,226,1,"Shadowmap packing",0.000300000014
4302.2583,226,1,"Render",0.623300016
4302.2625,226,1,"Procedural Animations",0.0046000001
4302.2672,226,1,"Script Components",0.00190000003
4302.2752,226,1,"CPU Frame",2.42070007
4302.2787,226,1,"Input",0.440800011
4302.2846,226,1,"GUI Update",0.0829000026
4302.2884,226,1,"Frustum Culling",0.0206000004
4302.2918,226,1,"Animations",9.99999975e-05
4302.2971,226,1,"Spring Dependencies",0.00100000005
4302.3045,226,1,"GUI Render",0.0992999971
4302.3088,226,1,"Physics",0.00139999995
4302.3119,226,1,"Update",0.405699998
4302.3144,226,1,"Fixed Update",9.99999975e-05
4302.3164,226,1,"Spline Update",0.000899999985
4302.3202,226,1,"Compose",0.559000015
4302.324,226,1,"Update Buffers (CPU)",0.158199996
4302.9949,227,1,"RenderPath3D Update",0.3212
4303.0013,227,1,"Application Update",0.3772
4303.7045,227,1,"Application Render",0.7009
4304.1584,227,1,"Application Compose",0.4114
4309.1003,227,1,"SubmitCommandLists",4.928
4309.1749,227,1,"Shadowmap packing",0.000300000014
4309.1779,227,1,"Render",0.700500011
4309.1799,227,1,"Procedural Animations",0.00200000009
4309.182,227,1,"Script Components",0.000500000024
4309.1849,227,1,"CPU Frame",1.98210001
4309.1868,227,1,"Input",0.255800009
4309.1898,227,1,"GUI Update",0.0445999987
4309.192,227,1,"Frustum Culling",0.0873000026
4309.194,227,1,"Animations",9.99999975e-05
4309.1966,227,1,"Spring Dependencies",0.000300000014
4309.1991,227,1,"GUI Render",0.0829000026
4309.2011,227,1,"Physics",0.00989999995
4309.2029,227,1,"Update",0.376800001
4309.2053,227,1,"Fixed Update",0.0175000001
4309.2072,227,1,"Spline Update",0.0013
4309.2091,227,1,"Compose",0.411000013
4309.211,227,1,"Update Buffers (CPU)",0.177000001
4309.7499,228,1,"RenderPath3D Update",0.305
4309.7618,228,1,"Application Update",0.3755
4310.2716,228,1,"Application Render",0.5069
4310.7122,228,1,"Application Compose",0.4084
4315.8823,228,1,"SubmitCommandLists",5.1598
4315.9297,228,1,"Shadowmap packing",0.000500000024
4315.9329,228,1,"Render",0.506500006
4315.935,228,1,"Procedural Animations",0.00179999997
4315.9374,228,1,"Script Components",0.000199999995
4315.9403,228,1,"CPU Frame",1.5891
4315.9423,228,1,"Input",0.160400003
4315.9447,228,1,"GUI Update",0.0410000011
4315.9467,228,1,"Frustum Culling",0.0944999978
4315.9487,228,1,"Animations",0.000500000024
4315.9505,228,1,"Spring Dependencies",9.99999975e-05
4315.9532,228,1,"GUI Render",0.0680000037
4315.9551,228,1,"Physics",0.00209999993
4315.9569,228,1,"Update",0.375400007
4315.9589,228,1,"Fixed Update",9.99999975e-05
4315.9607,228,1,"Spline Update",0.00100000005
4315.9625,228,1,"Compose",0.408100009
4315.9643,228,1,"Update Buffers (CPU)",0.0777999982
4316.4247,229,1,"RenderPath3D Update",0.2698
4316.4298,229,1,"Application Update",0.3102
4316.8255,229,1,"Application Render",0.3936
4317.2522,229,1,"Application Compose",0.3987
4322.8442,229,1,"SubmitCommandLists",5.5519
4322.8754,229,1,"Shadowmap packing",0.00039999999
4322.8785,229,1,"Render",0.393299997
4322.8806,229,1,"Procedural Animations",0.00200000009
4322.8829,229,1,"Script Components",0.000300000014
4322.8856,229,1,"CPU Frame",1.38849998
4322.8875,229,1,"Input",0.137700006
4322.8898,229,1,"GUI Update",0.0324000008
4322.8917,229,1,"Frustum Culling",0.1021
4322.8937,229,1,"Animations",9.99999975e-05
4322.8959,229,1,"Spring Dependencies",9.99999975e-05
4322.898,229,1,"GUI Render",0.0493000001
4322.9001,229,1,"Physics",0.00769999996
4322.902,229,1,"Update",0.310000002
4322.9039,229,1,"Fixed Update",0.00659999996
4322.9058,229,1,"Spline Update",0.00039999999
4322.9077,229,1,"Compose",0.398299992
4322.9097,229,1,"Update Buffers (CPU)",0.0715000033
4323.2754,230,1,"RenderPath3D Update",0.204
4323.2864,230,1,"Application Update",0.2354
4323.6526,230,1,"Application Render",0.3634
4324.0716,230,1,"Application Compose",0.3921
4336.8453,230,1,"SubmitCommandLists",12.764
4336.9016,230,1,"Shadowmap packing",0.000300000014
4336.905,230,1,"Render",0.363200009
4336.9073,230,1,"Procedural Animations",0.000899999985
4336.9097,230,1,"Script Components",9.99999975e-05
4336.9127,230,1,"CPU Frame",1.22099996
4336.9146,230,1,"Input",0.135299996
4336.9172,230,1,"GUI Update",0.0204000007
4336.9194,230,1,"Frustum Culling",0.0443000011
4336.9213,230,1,"Animations",9.99999975e-05
4336.9231,230,1,"Spring Dependencies",0.000199999995
4336.9259,230,1,"GUI Render",0.0469000004
4336.9276,230,1,"Physics",0.000699999975
4336.9294,230,1,"Update",0.235100001
4336.9311,230,1,"Fixed Update",9.99999975e-05
4336.9329,230,1,"Spline Update",0.000199999995
4336.9347,230,1,"Compose",0.391799986
4336.9365,230,1,"Update Buffers (CPU)",0.0465000011
4337.2528,231,1,"RenderPath3D Update",0.1649
4337.2587,231,1,"Application Update",0.1898
4337.611,231,1,"Application Render",0.35
4338.0455,231,1,"Application Compose",0.4
4343.7105,231,1,"SubmitCommandLists",5.6551
4343.76,231,1,"Shadowmap packing",0.000300000014
4343.7634,231,1,"Render",0.349900007
4343.7656,231,1,"Procedural Animations",0.00109999999
4343.7679,231,1,"Script Components",0
4343.7709,231,1,"CPU Frame",1.1846
4343.7729,231,1,"Input",0.119099997
4343.7755,231,1,"GUI Update",0.0240000002
4343.7776,231,1,"Frustum Culling",0.0522999987
4343.7795,231,1,"Animations",9.99999975e-05
4343.7819,231,1,"Spring Dependencies",9.99999975e-05
4343.784,231,1,"GUI Render",0.0582000017
4343.786,231,1,"Physics",0.00510000018
4343.7879,231,1,"Update",0.189600006
4343.7898,231,1,"Fixed Update",0.00430000015
4343.7916,231,1,"Spline Update",0.000300000014
4343.7935,231,1,"Compose",0.399500012
4343.7957,231,1,"Update Buffers (CPU)",0.0671000034
4344.0948,232,1,"RenderPath3D Update",0.1402
4344.099,232,1,"Application Update",0.1717
4344.4256,232,1,"Application Render",0.3243
4344.8407,232,1,"Application Compose",0.3905
4350.7488,232,1,"SubmitCommandLists",5.8988
4350.7781,232,1,"Shadowmap packing",0.000300000014
4350.781,232,1,"Render",0.324099988
4350.783,232,1,"Procedural Animations",0.00120000006
4350.7852,232,1,"Script Components",9.99999975e-05
4350.7882,232,1,"CPU Frame",1.11769998
4350.7902,232,1,"Input",0.124700002
4350.7924,232,1,"GUI Update",0.0230999999
4350.7944,232,1,"Frustum Culling",0.0331999995
4350.7962,232,1,"Animations",9.99999975e-05
4350.798,232,1,"Spring Dependencies",0.000500000024
4350.8002,232,1,"GUI Render",0.0626000017
4350.802,232,1,"Physics",0.0013
4350.8038,232,1,"Update",0.171299994
4350.8056,232,1,"Fixed Update",9.99999975e-05
4350.8074,232,1,"Spline Update",0.00039999999
4350.8093,232,1,"Compose",0.390199989
4350.8112,232,1,"Update Buffers (CPU)",0.0724000037
4351.1101,233,1,"RenderPath3D Update",0.1663
4351.1159,233,1,"Application Update",0.1886
4351.4653,233,1,"Application Render",0.3468
4351.9144,233,1,"Application Compose",0.401
4357.5377,233,1,"SubmitCommandLists",5.6135
4357.5671,233,1,"Shadowmap packing",0.000199999995
4357.57,233,1,"Render",0.346500009
4357.5721,233,1,"Procedural Animations",0.00079999998
4357.5743,233,1,"Script Components",0
4357.577,233,1,"CPU Frame",1.15939999
4357.6074,233,1,"Input",0.107299998
4357.6097,233,1,"GUI Update",0.0287999995
4357.6117,233,1,"Frustum Culling",0.0379000008
4357.6138,233,1,"Animations",9.99999975e-05
4357.6159,233,1,"Spring Dependencies",9.99999975e-05
4357.618,233,1,"GUI Render",0.0540000014
4357.6198,233,1,"Physics",0.00499999989
4357.6215,233,1,"Update",0.188299999
4357.6233,233,1,"Fixed Update",0.00319999992
4357.6251,233,1,"Spline Update",0.000199999995
4357.6269,233,1,"Compose",0.400599986
4357.6289,233,1,"Update Buffers (CPU)",0.0943000019
4357.8892,234,1,"RenderPath3D Update",0.1351
4357.894,234,1,"Application Update",0.1593
4358.1916,234,1,"Application Render",0.2955
4358.6037,234,1,"Application Compose",0.3916
4364.4599,234,1,"SubmitCommandLists",5.8474
4364.4913,234,1,"Shadowmap packing",0.000199999995
4364.4944,234,1,"Render",0.29519999
4364.4965,234,1,"Procedural Animations",0.00100000005
4364.4989,234,1,"Script Components",0.000199999995
4364.5012,234,1,"CPU Frame",1.05990005
4364.5032,234,1,"Input",0.0996999964
4364.5055,234,1,"GUI Update",0.0185000002
4364.5075,234,1,"Frustum Culling",0.052099999
4364.5096,234,1,"Animations",0
4364.5115,234,1,"Spring Dependencies",0.000199999995
4364.5136,234,1,"GUI Render",0.0408999994
4364.5154,234,1,"Physics",0.00100000005
4364.5172,234,1,"Update",0.158999994
4364.5191,234,1,"Fixed Update",9.99999975e-05
4364.5211,234,1,"Spline Update",9.99999975e-05
4364.523,234,1,"Compose",0.391400009
4364.5251,234,1,"Update Buffers (CPU)",0.0604000017
4364.8472,235,1,"RenderPath3D Update",0.1464
4364.8514,235,1,"Application Update",0.1979
4365.1658,235,1,"Application Render",0.3122
4365.6344,235,1,"Application Compose",0.4337
4371.4383,235,1,"SubmitCommandLists",5.7908
4371.4724,235,1,"Shadowmap packing",9.99999975e-05
4371.4757,235,1,"Render",0.312000006
4371.4779,235,1,"Procedural Animations",0.000899999985
4371.4803,235,1,"Script Components",9.99999975e-05
4371.4829,235,1,"CPU Frame",1.16980004
4371.4848,235,1,"Input",0.1228
4371.4873,235,1,"GUI Update",0.0201999992
4371.4893,235,1,"Frustum Culling",0.0410000011
4371.4912,235,1,"Animations",9.99999975e-05
4371.4931,235,1,"Spring Dependencies",0.000199999995
4371.4954,235,1,"GUI Render",0.0606999993
4371.4972,235,1,"Physics",0.00120000006
4371.4991,235,1,"Update",0.197799996
4371.501,235,1,"Fixed Update",9.99999975e-05
4371.5029,235,1,"Spline Update",0.00039999999
4371.5048,235,1,"Compose",0.433400005
4371.5069,235,1,"Update Buffers (CPU)",0.0452000014
4371.8015,236,1,"RenderPath3D Update",0.1626
4371.8059,236,1,"Application Update",0.1839
4372.0742,236,1,"Application Render",0.2662
4372.4796,236,1,"Application Compose",0.3847
4378.5241,236,1,"SubmitCommandLists",6.0338
4378.6258,236,1,"Shadowmap packing",0.000300000014
4378.6301,236,1,"Render",0.266099989
4378.6325,236,1,"Procedural Animations",0.000600000028
4378.6355,236,1,"Script Components",0
4378.6392,236,1,"CPU Frame",1.03289998
4378.6412,236,1,"Input",0.105700001
4378.6446,236,1,"GUI Update",0.0198999997
4378.6467,236,1,"Frustum Culling",0.0381000005
4378.6486,236,1,"Animations",9.99999975e-05
4378.6524,236,1,"Spring Dependencies",9.99999975e-05
4378.6554,236,1,"GUI Render",0.0443000011
4378.6573,236,1,"Physics",0.00529999984
4378.6597,236,1,"Update",0.183799997
4378.6622,236,1,"Fixed Update",0.00359999994
4378.6645,236,1,"Spline Update",0.000199999995
4378.6664,236,1,"Compose",0.384499997
4378.6693,236,1,"Update Buffers (CPU)",0.050999999
4379.1266,237,1,"RenderPath3D Update",0.1919
4379.1339,237,1,"Application Update",0.2607
4379.6408,237,1,"Application Render",0.5042
4380.0962,237,1,"Application Compose",0.4092
4385.3315,237,1,"SubmitCommandLists",5.222
4385.3819,237,1,"Shadowmap packing",0.00039999999
4385.385,237,1,"Render",0.503899992
4385.3871,237,1,"Procedural Animations",0.00329999998
4385.3894,237,1,"Script Components",0.00109999999
4385.4104,237,1,"CPU Frame",1.54159999
4385.4126,237,1,"Input",0.183400005
4385.4153,237,1,"GUI Update",0.0529999994
4385.4174,237,1,"Frustum Culling",0.0183000006
4385.4193,237,1,"Animations",0.000199999995
4385.4211,237,1,"Spring Dependencies",0.000300000014
4385.4613,237,1,"GUI Render",0.0623999983
4385.4632,237,1,"Physics",0.0013
4385.4651,237,1,"Update",0.260399997
4385.4669,237,1,"Fixed Update",9.99999975e-05
4385.4693,237,1,"Spline Update",0.000300000014
4385.4712,237,1,"Compose",0.408499986
4385.4733,237,1,"Update Buffers (CPU)",0.115800001
4385.8412,238,1,"RenderPath3D Update",0.1865
4385.8462,238,1,"Application Update",0.2215
4386.2178,238,1,"Application Render",0.3695
4386.6499,238,1,"Application Compose",0.3995
4392.3142,238,1,"SubmitCommandLists",5.6539
4392.3505,238,1,"Shadowmap packing",0.000199999995
4392.3532,238,1,"Render",0.369199991
4392.3551,238,1,"Procedural Animations",0.00109999999
4392.3572,238,1,"Script Components",0.000500000024
4392.3595,238,1,"CPU Frame",1.30490005
4392.3614,238,1,"Input",0.139400005
4392.364,238,1,"GUI Update",0.023
4392.3661,238,1,"Frustum Culling",0.0533000007
4392.368,238,1,"Animations",9.99999975e-05
4392.3703,238,1,"Spring Dependencies",9.99999975e-05
4392.3722,238,1,"GUI Render",0.0650999993
4392.374,238,1,"Physics",0.00520000001
4392.3757,238,1,"Update",0.221399993
4392.3774,238,1,"Fixed Update",0.00439999998
4392.3792,238,1,"Spline Update",0.000300000014
4392.381,238,1,"Compose",0.399199992
4392.3829,238,1,"Update Buffers (CPU)",0.0722000003
4392.6951,239,1,"RenderPath3D Update",0.1536
4392.6993,239,1,"Application Update",0.1794
4392.9941,239,1,"Application Render",0.2926
4393.4083,239,1,"Application Compose",0.3917
4399.1992,239,1,"SubmitCommandLists",5.7818
4399.2227,239,1,"Shadowmap packing",0.000199999995
4399.2255,239,1,"Render",0.292299986
4399.2277,239,1,"Procedural Animations",0.00079999998
4399.2299,239,1,"Script Components",0
4399.2323,239,1,"CPU Frame",1.0855
4399.2342,239,1,"Input",0.113200001
4399.2362,239,1,"GUI Update",0.0208999999
4399.2383,239,1,"Frustum Culling",0.0560999997
4399.2401,239,1,"Animations",9.99999975e-05
4399.2422,239,1,"Spring Dependencies",0.000199999995
4399.2444,239,1,"GUI Render",0.0456000008
4399.2462,239,1,"Physics",0.00079999998
4399.2481,239,1,"Update",0.179000005
4399.2498,239,1,"Fixed Update",9.99999975e-05
4399.2516,239,1,"Spline Update",0.000300000014
4399.2535,239,1,"Compose",0.391499996
4399.2554,239,1,"Update Buffers (CPU)",0.0537
4399.5252,240,1,"RenderPath3D Update",0.1484
4399.5295,240,1,"Application Update",0.1646
4399.7679,240,1,"Application Render",0.2364
4400.1675,240,1,"Application Compose",0.3807
4406.0928,240,1,"SubmitCommandLists",5.9165
4406.1222,240,1,"Shadowmap packing",9.99999975e-05
4406.1254,240,1,"Render",0.236200005
4406.1273,240,1,"Procedural Animations",0.000500000024
4406.1295,240,1,"Script Components",0
4406.1318,240,1,"CPU Frame",0.964699984
4406.1337,240,1,"Input",0.101999998
4406.1358,240,1,"GUI Update",0.0171000008
4406.1379,240,1,"Frustum Culling",0.0416000001
4406.1398,240,1,"Animations",9.99999975e-05
4406.1416,240,1,"Spring Dependencies",0.000199999995
4406.1438,240,1,"GUI Render",0.0414000005
4406.1455,240,1,"Physics",0.00430000015
4406.1473,240,1,"Update",0.164399996
4406.1491,240,1,"Fixed Update",0.00230000005
4406.1512,240,1,"Spline Update",9.99999975e-05
4406.153,240,1,"Compose",0.380400002
4406.156,240,1,"Update Buffers (CPU)",0.0410000011
4406.4964,241,1,"RenderPath3D Update",0.1828
4406.5008,241,1,"Application Update",0.2034
4406.8319,241,1,"Application Render",0.3291
4407.2552,241,1,"Application Compose",0.3911
4413.1061,241,1,"SubmitCommandLists",5.8422
4413.1422,241,1,"Shadowmap packing",0.000199999995
4413.1454,241,1,"Render",0.328900009
4413.1473,241,1,"Procedural Animations",0.000500000024
4413.1494,241,1,"Script Components",9.99999975e-05
4413.1524,241,1,"CPU Frame",1.15750003
4413.1544,241,1,"Input",0.134800002
4413.1566,241,1,"GUI Update",0.0190999992
4413.1586,241,1,"Frustum Culling",0.067400001
4413.1605,241,1,"Animations",9.99999975e-05
4413.1623,241,1,"Spring Dependencies",9.99999975e-05
4413.1645,241,1,"GUI Render",0.0485000014
4413.1663,241,1,"Physics",0.000500000024
4413.1681,241,1,"Update",0.203099996
4413.1699,241,1,"Fixed Update",9.99999975e-05
4413.1718,241,1,"Spline Update",0.000199999995
4413.2148,241,1,"Compose",0.390799999
4413.2184,241,1,"Update Buffers (CPU)",0.0724000037
4413.5496,242,1,"RenderPath3D Update",0.1641
4413.5538,242,1,"Application Update",0.1878
4413.8713,242,1,"Application Render",0.3153
4414.3186,242,1,"Application Compose",0.4072
4420.0914,242,1,"SubmitCommandLists",5.7631
4420.1213,242,1,"Shadowmap packing",0.000300000014
4420.1309,242,1,"Render",0.315200001
4420.1329,242,1,"Procedural Animations",0.000699999975
4420.1352,242,1,"Script Components",9.99999975e-05
4420.1379,242,1,"CPU Frame",1.20360005
4420.1399,242,1,"Input",0.141000003
4420.1419,242,1,"GUI Update",0.0203000009
4420.1438,242,1,"Frustum Culling",0.0344000012
4420.1457,242,1,"Animations",0
4420.1475,242,1,"Spring Dependencies",0.000300000014
4420.1497,242,1,"GUI Render",0.0615000017
4420.1515,242,1,"Physics",0.000699999975
4420.1533,242,1,"Update",0.187600002
4420.1549,242,1,"Fixed Update",0
4420.1565,242,1,"Spline Update",0.000199999995
4420.1584,242,1,"Compose",0.406699985
4420.1602,242,1,"Update Buffers (CPU)",0.0888999999
4420.9679,243,1,"RenderPath3D Update",0.6313
4420.9767,243,1,"Application Update",0.6544
4421.4022,243,1,"Application Render",0.4231
4421.8506,243,1,"Application Compose",0.4204
4427.0955,243,1,"SubmitCommandLists",5.2362
4427.1304,243,1,"Shadowmap packing",0.000300000014
4427.1336,243,1,"Render",0.422699988
4427.1357,243,1,"Procedural Animations",0.000699999975
4427.1381,243,1,"Script Components",9.99999975e-05
4427.1407,243,1,"CPU Frame",1.75259995
4427.1428,243,1,"Input",0.154499993
4427.1451,243,1,"GUI Update",0.0186999999
4427.1469,243,1,"Frustum Culling",0.126100004
4427.1487,243,1,"Animations",9.99999975e-05
4427.1506,243,1,"Spring Dependencies",0.000300000014
4427.1526,243,1,"GUI Render",0.0617000014
4427.1545,243,1,"Physics",0.00540000014
4427.1563,243,1,"Update",0.654200017
4427.1581,243,1,"Fixed Update",0.00270000007
4427.1599,243,1,"Spline Update",0.000199999995
4427.1617,243,1,"Compose",0.420100003
4427.1636,243,1,"Update Buffers (CPU)",0.0432000011
4427.5153,244,1,"RenderPath3D Update",0.175
4427.5198,244,1,"Application Update",0.2144
4427.8424,244,1,"Application Render",0.3201
4428.2683,244,1,"Application Compose",0.389
4433.9378,244,1,"SubmitCommandLists",5.6607
4433.9797,244,1,"Shadowmap packing",0.000199999995
4433.9825,244,1,"Render",0.319900006
4433.9845,244,1,"Procedural Animations",0.000500000024
4433.9867,244,1,"Script Components",9.99999975e-05
4433.9893,244,1,"CPU Frame",1.15999997
4433.9913,244,1,"Input",0.136800006
4433.9934,244,1,"GUI Update",0.0287999995
4433.9954,244,1,"Frustum Culling",0.0604999997
4433.9973,244,1,"Animations",9.99999975e-05
4433.9991,244,1,"Spring Dependencies",9.99999975e-05
4434.001,244,1,"GUI Render",0.0753000006
4434.0029,244,1,"Physics",0.000500000024
4434.0048,244,1,"Update",0.214200005
4434.0065,244,1,"Fixed Update",0
4434.0083,244,1,"Spline Update",0.000199999995
4434.0102,244,1,"Compose",0.388799995
4434.012,244,1,"Update Buffers (CPU)",0.0454999991
4434.2274,245,1,"RenderPath3D Update",0.1
4434.2324,245,1,"Application Update",0.1186
4434.5546,245,1,"Application Render",0.32
4434.9582,245,1,"Application Compose",0.3844
4441.035,245,1,"SubmitCommandLists",6.0679
4441.0804,245,1,"Shadowmap packing",0.000199999995
4441.0836,245,1,"Render",0.319799989
4441.086,245,1,"Procedural Animations",0.000500000024
4441.0884,245,1,"Script Components",9.99999975e-05
4441.0912,245,1,"CPU Frame",1.0007
4441.0933,245,1,"Input",0.0943000019
4441.0957,245,1,"GUI Update",0.0179999992
4441.0979,245,1,"Frustum Culling",0.0388000011
4441.0998,245,1,"Animations",9.99999975e-05
4441.1016,245,1,"Spring Dependencies",9.99999975e-05
4441.1039,245,1,"GUI Render",0.0441999994
4441.1057,245,1,"Physics",0.00600000005
4441.1075,245,1,"Update",0.1184
4441.1095,245,1,"Fixed Update",0.00270000007
4441.1114,245,1,"Spline Update",0.000199999995
4441.1133,245,1,"Compose",0.38409999
4441.1152,245,1,"Update Buffers (CPU)",0.0548
4441.4352,246,1,"RenderPath3D Update",0.1698
4441.4394,246,1,"Application Update",0.1956
4441.8027,246,1,"Application Render",0.3611
4442.2586,246,1,"Application Compose",0.4134
4448.0767,246,1,"SubmitCommandLists",5.7705
4448.108,246,1,"Shadowmap packing",0.000199999995
4448.1114,246,1,"Render",0.361000001
4448.1135,246,1,"Procedural Animations",0.000899999985
4448.1159,246,1,"Script Components",9.99999975e-05
4448.1186,246,1,"CPU Frame",1.25059998
4448.1206,246,1,"Input",0.1215
4448.1229,246,1,"GUI Update",0.0406000018
4448.1251,246,1,"Frustum Culling",0.0687000006
4448.127,246,1,"Animations",9.99999975e-05
4448.1289,246,1,"Spring Dependencies",0.000199999995
4448.131,246,1,"GUI Render",0.0502999984
4448.1329,246,1,"Physics",0.00079999998
4448.1347,246,1,"Update",0.195299998
4448.1366,246,1,"Fixed Update",9.99999975e-05
4448.1383,246,1,"Spline Update",0.000199999995
4448.1402,246,1,"Compose",0.413100004
4448.1422,246,1,"Update Buffers (CPU)",0.079400003
4448.4125,247,1,"RenderPath3D Update",0.1338
4448.4169,247,1,"Application Update",0.1543
4448.7201,247,1,"Application Render",0.301
4449.1493,247,1,"Application Compose",0.3962
4454.7201,247,1,"SubmitCommandLists",5.5611
4454.7466,247,1,"Shadowmap packing",0.000199999995
4454.7495,247,1,"Render",0.300700009
4454.7516,247,1,"Procedural Animations",0.000699999975
4454.7537,247,1,"Script Components",9.99999975e-05
4454.7563,247,1,"CPU Frame",1.06509995
4454.7583,247,1,"Input",0.115599997
4454.7605,247,1,"GUI Update",0.0179999992
4454.7626,247,1,"Frustum Culling",0.0489999987
4454.7644,247,1,"Animations",9.99999975e-05
4454.7662,247,1,"Spring Dependencies",9.99999975e-05
4454.7682,247,1,"GUI Render",0.0439000018
4454.77,247,1,"Physics",0.000600000028
4454.7719,247,1,"Update",0.154200003
4454.7736,247,1,"Fixed Update",0
4454.7755,247,1,"Spline Update",0.000199999995
4454.7774,247,1,"Compose",0.395799994
4454.7792,247,1,"Update Buffers (CPU)",0.0715999976
4455.0408,248,1,"RenderPath3D Update",0.1431
4455.0447,248,1,"Application Update",0.162
4455.3048,248,1,"Application Render",0.2579
4455.7426,248,1,"Application Compose",0.4058
4461.6842,248,1,"SubmitCommandLists",5.9316
4461.7316,248,1,"Shadowmap packing",9.99999975e-05
4461.7352,248,1,"Render",0.257699996
4461.7374,248,1,"Procedural Animations",0.000899999985
4461.7399,248,1,"Script Components",0
4461.7426,248,1,"CPU Frame",1.01820004
4461.7446,248,1,"Input",0.0964000002
4461.7474,248,1,"GUI Update",0.0175000001
4461.7494,248,1,"Frustum Culling",0.0480999984
4461.7513,248,1,"Animations",9.99999975e-05
4461.7531,248,1,"Spring Dependencies",9.99999975e-05
4461.7551,248,1,"GUI Render",0.0456000008
4461.7568,248,1,"Physics",0.00520000001
4461.7587,248,1,"Update",0.161799997
4461.7606,248,1,"Fixed Update",0.00240000011
4461.7625,248,1,"Spline Update",0.000199999995
4461.7644,248,1,"Compose",0.405499995
4461.7664,248,1,"Update Buffers (CPU)",0.052099999
4462.0645,249,1,"RenderPath3D Update",0.1546
4462.0691,249,1,"Application Update",0.1813
4462.3582,249,1,"Application Render",0.2869
4462.7708,249,1,"Application Compose",0.3925
4468.6944,249,1,"SubmitCommandLists",5.9142
4468.7337,249,1,"Shadowmap packing",0.000199999995
4468.7369,249,1,"Render",0.28670001
4468.7387,249,1,"Procedural Animations",0.00100000005
4468.7414,249,1,"Script Components",0
4468.744,249,1,"CPU Frame",1.07560003
4468.7461,249,1,"Input",0.114799999
4468.7483,249,1,"GUI Update",0.0221999995
4468.7502,249,1,"Frustum Culling",0.0568000004
4468.7521,249,1,"Animations",0
4468.7538,249,1,"Spring Dependencies",0.000199999995
4468.756,249,1,"GUI Render",0.054299999
4468.7579,249,1,"Physics",0.000600000028
4468.7598,249,1,"Update",0.181099996
4468.7616,249,1,"Fixed Update",9.99999975e-05
4468.7638,249,1,"Spline Update",0.000199999995
4468.7657,249,1,"Compose",0.39230001
4468.7676,249,1,"Update Buffers (CPU)",0.0542000011
4469.0283,250,1,"RenderPath3D Update",0.1226
4469.0333,250,1,"Application Update",0.1451
4469.3099,250,1,"Application Render",0.2744
4469.7381,250,1,"Application Compose",0.3967
4475.569,250,1,"SubmitCommandLists",5.8213
4475.6571,250,1,"Shadowmap packing",0.000300000014
4475.6609,250,1,"Render",0.274199992
4475.663,250,1,"Procedural Animations",0.00079999998
4475.6654,250,1,"Script Components",0
4475.6679,250,1,"CPU Frame",1.03439999
4475.7143,250,1,"Input",0.110799998
4475.7168,250,1,"GUI Update",0.0219999999
4475.7194,250,1,"Frustum Culling",0.0515000001
4475.7214,250,1,"Animations",9.99999975e-05
4475.7237,250,1,"Spring Dependencies",9.99999975e-05
4475.7258,250,1,"GUI Render",0.0474000014
4475.7277,250,1,"Physics",0.00490000006
4475.7295,250,1,"Update",0.144899994
4475.7314,250,1,"Fixed Update",0.00380000006
4475.7332,250,1,"Spline Update",0.000199999995
4475.7351,250,1,"Compose",0.396400005
4475.737,250,1,"Update Buffers (CPU)",0.0498000011
4475.9875,251,1,"RenderPath3D Update",0.1074
4475.9925,251,1,"Application Update",0.1329
4476.2758,251,1,"Application Render",0.2802
4476.6884,251,1,"Application Compose",0.3921
4482.5646,251,1,"SubmitCommandLists",5.8666
4482.6131,251,1,"Shadowmap packing",0.00039999999
4482.617,251,1,"Render",0.280000001
4482.6202,251,1,"Procedural Animations",0.00079999998
4482.6232,251,1,"Script Components",9.99999975e-05
4482.6268,251,1,"CPU Frame",1.10870004
4482.6295,251,1,"Input",0.115800001
4482.6327,251,1,"GUI Update",0.0223999992
4482.6356,251,1,"Frustum Culling",0.0507999994
4482.6382,251,1,"Animations",9.99999975e-05
4482.6408,251,1,"Spring Dependencies",0.000300000014
4482.6437,251,1,"GUI Render",0.0632999986
4482.6463,251,1,"Physics",0.000899999985
4482.6488,251,1,"Update",0.132799998
4482.6515,251,1,"Fixed Update",0
4482.654,251,1,"Spline Update",0.000199999995
4482.6568,251,1,"Compose",0.391799986
4482.6593,251,1,"Update Buffers (CPU)",0.0601000004
4483.0229,252,1,"RenderPath3D Update",0.1733
4483.0292,252,1,"Application Update",0.2025
4483.3554,252,1,"Application Render",0.3232
4483.8142,252,1,"Application Compose",0.4305
4489.5244,252,1,"SubmitCommandLists",5.6984
4489.5852,252,1,"Shadowmap packing",0.000199999995
4489.5885,252,1,"Render",0.322899997
4489.5907,252,1,"Procedural Animations",0.00159999996
4489.593,252,1,"Script Components",9.99999975e-05
4489.5963,252,1,"CPU Frame",1.23889995
4489.5984,252,1,"Input",0.153999999
4489.6006,252,1,"GUI Update",0.0305000003
4489.6027,252,1,"Frustum Culling",0.0439999998
4489.6045,252,1,"Animations",9.99999975e-05
4489.6063,252,1,"Spring Dependencies",0.000300000014
4489.6087,252,1,"GUI Render",0.0693000033
4489.6105,252,1,"Physics",0.00520000001
4489.6123,252,1,"Update",0.202299997
4489.6141,252,1,"Fixed Update",0.00499999989
4489.6159,252,1,"Spline Update",0.000300000014
4489.6177,252,1,"Compose",0.430099994
4489.6197,252,1,"Update Buffers (CPU)",0.070100002
4489.9336,253,1,"RenderPath3D Update",0.1751
4489.9377,253,1,"Application Update",0.2011
4490.284,253,1,"Application Render",0.3441
4490.7168,253,1,"Application Compose",0.412
4496.453,253,1,"SubmitCommandLists",5.7276
4496.4812,253,1,"Shadowmap packing",0.0168999992
4496.4845,253,1,"Render",0.343899995
4496.4867,253,1,"Procedural Animations",0.00079999998
4496.489,253,1,"Script Components",9.99999975e-05
4496.4919,253,1,"CPU Frame",1.18169999
4496.4939,253,1,"Input",0.109800003
4496.496,253,1,"GUI Update",0.0322000012
4496.4981,253,1,"Frustum Culling",0.0738999993
4496.4999,253,1,"Animations",9.99999975e-05
4496.5018,253,1,"Spring Dependencies",0.000199999995
4496.504,253,1,"GUI Render",0.0614
4496.5058,253,1,"Physics",0.00109999999
4496.5077,253,1,"Update",0.200900003
4496.5095,253,1,"Fixed Update",0
4496.5113,253,1,"Spline Update",0.000199999995
4496.5132,253,1,"Compose",0.411900014
4496.5151,253,1,"Update Buffers (CPU)",0.0669
4496.795,254,1,"RenderPath3D Update",0.1548
4496.8004,254,1,"Application Update",0.1758
4497.078,254,1,"Application Render",0.2741
4497.5473,254,1,"Application Compose",0.4347
4503.3628,254,1,"SubmitCommandLists",5.8049
4503.4402,254,1,"Shadowmap packing",9.99999975e-05
4503.4456,254,1,"Render",0.273799986
4503.4477,254,1,"Procedural Animations",0.000500000024
4503.4505,254,1,"Script Components",9.99999975e-05
4503.4532,254,1,"CPU Frame",1.09019995
4503.455,254,1,"Input",0.104400001
4503.4585,254,1,"GUI Update",0.0199999996
4503.4609,254,1,"Frustum Culling",0.0421000011
4503.4629,254,1,"Animations",9.99999975e-05
4503.4647,254,1,"Spring Dependencies",9.99999975e-05
4503.5306,254,1,"GUI Render",0.0548
4503.5327,254,1,"Physics",0.00079999998
4503.5347,254,1,"Update",0.175699994
4503.5369,254,1,"Fixed Update",9.99999975e-05
4503.5388,254,1,"Spline Update",0.000199999995
4503.5406,254,1,"Compose",0.434300005
4503.5432,254,1,"Update Buffers (CPU)",0.0370999984
4504.0191,255,1,"RenderPath3D Update",0.2388
4504.0264,255,1,"Application Update",0.2847
4504.5714,255,1,"Application Render",0.5425
4505.0246,255,1,"Application Compose",0.4159
4510.3063,255,1,"SubmitCommandLists",5.2706
4510.3631,255,1,"Shadowmap packing",0.000600000028
4510.3672,255,1,"Render",0.542200029
4510.3691,255,1,"Procedural Animations",0.00310000009
4510.3713,255,1,"Script Components",0.000199999995
4510.3748,255,1,"CPU Frame",1.63950002
4510.3766,255,1,"Input",0.174099997
4510.3795,255,1,"GUI Update",0.0447000004
4510.3816,255,1,"Frustum Culling",0.0549000017
4510.384,255,1,"Animations",9.99999975e-05
4510.3868,255,1,"Spring Dependencies",0.000699999975
4510.3895,255,1,"GUI Render",0.064199999
4510.3919,255,1,"Physics",0.00749999983
4510.394,255,1,"Update",0.284500003
4510.396,255,1,"Fixed Update",0.0113000004
4510.398,255,1,"Spline Update",0.000199999995
4510.3999,255,1,"Compose",0.415199995
4510.4021,255,1,"Update Buffers (CPU)",0.153500006
4510.8157,256,1,"RenderPath3D Update",0.1877
4510.8209,256,1,"Application Update",0.2346
4511.2464,256,1,"Application Render",0.4232
4511.6922,256,1,"Application Compose",0.4164
4517.2542,256,1,"SubmitCommandLists",5.5497
4517.3123,256,1,"Shadowmap packing",0.000300000014
4517.3169,256,1,"Render",0.422899991
4517.32,256,1,"Procedural Animations",0.00170000002
4517.3247,256,1,"Script Components",0.000600000028
4517.3287,256,1,"CPU Frame",1.37
4517.332,256,1,"Input",0.171299994
4517.3353,256,1,"GUI Update",0.0373999998
4517.3375,256,1,"Frustum Culling",0.0408999994
4517.3395,256,1,"Animations",9.99999975e-05
4517.3425,256,1,"Spring Dependencies",0.000300000014
4517.3447,256,1,"GUI Render",0.0592
4517.3466,256,1,"Physics",0.00249999994
4517.3484,256,1,"Update",0.233999997
4517.3504,256,1,"Fixed Update",0
4517.3525,256,1,"Spline Update",0.000600000028
4517.3544,256,1,"Compose",0.416200012
4517.3564,256,1,"Update Buffers (CPU)",0.124700002
4517.6958,257,1,"RenderPath3D Update",0.1706
4517.7009,257,1,"Application Update",0.1966
4518.0389,257,1,"Application Render",0.3357
4518.4808,257,1,"Application Compose",0.4038
4524.1142,257,1,"SubmitCommandLists",5.6225
4524.1371,257,1,"Shadowmap packing",0.000199999995
4524.14,257,1,"Render",0.335399985
4524.142,257,1,"Procedural Animations",0.00120000006
4524.1443,257,1,"Script Components",9.99999975e-05
4524.147,257,1,"CPU Frame",1.2098
4524.1489,257,1,"Input",0.132100001
4524.1512,257,1,"GUI Update",0.0248000007
4524.1531,257,1,"Frustum Culling",0.0526000001
4524.155,257,1,"Animations",0
4524.1568,257,1,"Spring Dependencies",0.000199999995
4524.159,257,1,"GUI Render",0.0498999991
4524.1608,257,1,"Physics",0.00609999988
4524.1626,257,1,"Update",0.196500003
4524.1644,257,1,"Fixed Update",0.00710000005
4524.1662,257,1,"Spline Update",0.000199999995
4524.1681,257,1,"Compose",0.403499991
4524.1701,257,1,"Update Buffers (CPU)",0.0727000013
4524.4527,258,1,"RenderPath3D Update",0.1472
4524.4588,258,1,"Application Update",0.1872
4524.8251,258,1,"Application Render",0.364
4525.2445,258,1,"Application Compose",0.3929
4531.1066,258,1,"SubmitCommandLists",5.8538
4531.1326,258,1,"Shadowmap packing",9.99999975e-05
4531.1361,258,1,"Render",0.363700002
4531.1383,258,1,"Procedural Animations",0.000500000024
4531.1407,258,1,"Script Components",0
4531.1429,258,1,"CPU Frame",1.12629998
4531.1448,258,1,"Input",0.0969000012
4531.147,258,1,"GUI Update",0.0242999997
4531.1489,258,1,"Frustum Culling",0.0557999983
4531.1508,258,1,"Animations",9.99999975e-05
4531.1527,258,1,"Spring Dependencies",9.99999975e-05
4531.1547,258,1,"GUI Render",0.0824000016
4531.1565,258,1,"Physics",0.000699999975
4531.1584,258,1,"Update",0.187000006
4531.1601,258,1,"Fixed Update",0
4531.1618,258,1,"Spline Update",0.000300000014
4531.1637,258,1,"Compose",0.3926
4531.1656,258,1,"Update Buffers (CPU)",0.0621000007
4531.6048,259,1,"RenderPath3D Update",0.2678
4531.6124,259,1,"Application Update",0.2927
4532.0685,259,1,"Application Render",0.4537
4532.5035,259,1,"Application Compose",0.3966
4538.0296,259,1,"SubmitCommandLists",5.5149
4538.06,259,1,"Shadowmap packing",0.000300000014
4538.0633,259,1,"Render",0.453399986
4538.0653,259,1,"Procedural Animations",0.000699999975
4538.0676,259,1,"Script Components",9.99999975e-05
4538.0704,259,1,"CPU Frame",1.3944
4538.0723,259,1,"Input",0.107699998
4538.0744,259,1,"GUI Update",0.0182000007
4538.0763,259,1,"Frustum Culling",0.108000003
4538.0782,259,1,"Animations",9.99999975e-05
4538.08,259,1,"Spring Dependencies",9.99999975e-05
4538.0821,259,1,"GUI Render",0.0806000009
4538.084,259,1,"Physics",0.000600000028
4538.0859,259,1,"Update",0.292499989
4538.0876,259,1,"Fixed Update",9.99999975e-05
4538.0894,259,1,"Spline Update",0.000199999995
4538.0913,259,1,"Compose",0.395999998
4538.0931,259,1,"Update Buffers (CPU)",0.0807999969
4538.458,260,1,"RenderPath3D Update",0.2347
4538.4681,260,1,"Application Update",0.258
4538.9377,260,1,"Application Render",0.4671
4539.369,260,1,"Application Compose",0.4022
4545.0557,260,1,"SubmitCommandLists",5.6767
4545.1325,260,1,"Shadowmap packing",0.000199999995
4545.1382,260,1,"Render",0.462799996
4545.1573,260,1,"Procedural Animations",0.000600000028
4545.1595,260,1,"Script Components",0
4545.1626,260,1,"CPU Frame",1.3276
4545.1644,260,1,"Input",0.109899998
4545.168,260,1,"GUI Update",0.0208000001
4545.1701,260,1,"Frustum Culling",0.1043
4545.1723,260,1,"Animations",0.000199999995
4545.1742,260,1,"Spring Dependencies",9.99999975e-05
4545.1771,260,1,"GUI Render",0.0425000004
4545.1789,260,1,"Physics",0.00439999998
4545.1808,260,1,"Update",0.257800013
4545.1827,260,1,"Fixed Update",0.00170000002
4545.1846,260,1,"Spline Update",0.000199999995
4545.1865,260,1,"Compose",0.40200001
4545.1893,260,1,"Update Buffers (CPU)",0.0529000014
4545.6432,261,1,"RenderPath3D Update",0.2337
4545.6522,261,1,"Application Update",0.3263
4546.2918,261,1,"Application Render",0.6374
4546.775,261,1,"Application Compose",0.4616
4551.912,261,1,"SubmitCommandLists",5.1265
4551.9377,261,1,"Shadowmap packing",0.000199999995
4551.941,261,1,"Render",0.637099981
4551.9433,261,1,"Procedural Animations",0.000600000028
4551.9455,261,1,"Script Components",0.000199999995
4551.9478,261,1,"CPU Frame",1.70869994
4551.9497,261,1,"Input",0.131200001
4551.9518,261,1,"GUI Update",0.023
4551.954,261,1,"Frustum Culling",0.142700002
4551.9559,261,1,"Animations",0.000300000014
4551.9577,261,1,"Spring Dependencies",0.000199999995
4551.9597,261,1,"GUI Render",0.0798000023
4551.9615,261,1,"Physics",0.00079999998
4551.9635,261,1,"Update",0.326099992
4551.9652,261,1,"Fixed Update",9.99999975e-05
4551.9676,261,1,"Spline Update",0.000500000024
4551.9697,261,1,"Compose",0.461299986
4551.9715,261,1,"Update Buffers (CPU)",0.0944000036
4552.3821,262,1,"RenderPath3D Update",0.2118
4552.3905,262,1,"Application Update",0.3046
4552.783,262,1,"Application Render",0.3897
4553.2106,262,1,"Application Compose",0.3969
4558.8655,262,1,"SubmitCommandLists",5.6449
4558.9028,262,1,"Shadowmap packing",0.000199999995
4558.9059,262,1,"Render",0.389600009
4558.9079,262,1,"Procedural Animations",0.000600000028
4558.9104,262,1,"Script Components",9.99999975e-05
4558.9131,262,1,"CPU Frame",1.29429996
4558.9151,262,1,"Input",0.1065
4558.9176,262,1,"GUI Update",0.0201999992
4558.9198,262,1,"Frustum Culling",0.0860000029
4558.9218,262,1,"Animations",0.000199999995
4558.9237,262,1,"Spring Dependencies",9.99999975e-05
4558.9261,262,1,"GUI Render",0.063699998
4558.928,262,1,"Physics",0.00419999985
4558.9302,262,1,"Update",0.30430001
4558.932,262,1,"Fixed Update",0.00249999994
4558.9339,262,1,"Spline Update",9.99999975e-05
4558.9358,262,1,"Compose",0.396600008
4558.9377,262,1,"Update Buffers (CPU)",0.0741999969
4559.3417,263,1,"RenderPath3D Update",0.2173
4559.3492,263,1,"Application Update",0.293
4559.8581,263,1,"Application Render",0.5064
4560.3036,263,1,"Application Compose",0.4092
4565.7822,263,1,"SubmitCommandLists",5.4672
4565.8451,263,1,"Shadowmap packing",0.000199999995
4565.8484,263,1,"Render",0.506099999
4565.8505,263,1,"Procedural Animations",0.000699999975
4565.8528,263,1,"Script Components",9.99999975e-05
4565.8556,263,1,"CPU Frame",1.43110001
4565.8576,263,1,"Input",0.112000003
4565.8602,263,1,"GUI Update",0.0318000019
4565.8624,263,1,"Frustum Culling",0.0417000018
4565.8643,263,1,"Animations",9.99999975e-05
4565.8662,263,1,"Spring Dependencies",0.000199999995
4565.8682,263,1,"GUI Render",0.0617999993
4565.8702,263,1,"Physics",0.00079999998
4565.8721,263,1,"Update",0.292800009
4565.8739,263,1,"Fixed Update",0
4565.8758,263,1,"Spline Update",0.000300000014
4565.8778,263,1,"Compose",0.408800006
4565.8798,263,1,"Update Buffers (CPU)",0.0461000018
4566.2662,264,1,"RenderPath3D Update",0.2399
4566.2735,264,1,"Application Update",0.2742
4566.6955,264,1,"Application Render",0.4192
4567.1168,264,1,"Application Compose",0.3956
4572.8227,264,1,"SubmitCommandLists",5.6969
4572.8584,264,1,"Shadowmap packing",0.000199999995
4572.8614,264,1,"Render",0.419
4572.8637,264,1,"Procedural Animations",0.000699999975
4572.8662,264,1,"Script Components",9.99999975e-05
4572.8688,264,1,"CPU Frame",1.29330003
4572.8708,264,1,"Input",0.1118
4572.8731,264,1,"GUI Update",0.0194000006
4572.8757,264,1,"Frustum Culling",0.0687000006
4572.8776,264,1,"Animations",0.000199999995
4572.8795,264,1,"Spring Dependencies",9.99999975e-05
4572.8816,264,1,"GUI Render",0.0522999987
4572.8834,264,1,"Physics",0.00469999993
4572.8852,264,1,"Update",0.274100006
4572.887,264,1,"Fixed Update",0.00209999993
4572.889,264,1,"Spline Update",0.000199999995
4572.8908,264,1,"Compose",0.395300001
4572.8928,264,1,"Update Buffers (CPU)",0.0595999993
4573.2328,265,1,"RenderPath3D Update",0.1298
4573.237,265,1,"Application Update",0.2038
4573.4907,265,1,"Application Render",0.2516
4573.9136,265,1,"Application Compose",0.393
4579.7861,265,1,"SubmitCommandLists",5.8629
4579.834,265,1,"Shadowmap packing",0.000199999995
4579.8373,265,1,"Render",0.251399994
4579.8394,265,1,"Procedural Animations",0.00079999998
4579.8417,265,1,"Script Components",9.99999975e-05
4579.8446,265,1,"CPU Frame",1.08469999
4579.8471,265,1,"Input",0.134499997
4579.8491,265,1,"GUI Update",0.0207000002
4579.8511,265,1,"Frustum Culling",0.0216000006
4579.853,265,1,"Animations",9.99999975e-05
4579.855,265,1,"Spring Dependencies",0.000199999995
4579.857,265,1,"GUI Render",0.0445999987
4579.8588,265,1,"Physics",0.000699999975
4579.8617,265,1,"Update",0.203700006
4579.8635,265,1,"Fixed Update",0
4579.8653,265,1,"Spline Update",0.000199999995
4579.8673,265,1,"Compose",0.3926
4579.8692,265,1,"Update Buffers (CPU)",0.0469999984
4580.2125,266,1,"RenderPath3D Update",0.0965
4580.2183,266,1,"Application Update",0.1939
4580.4824,266,1,"Application Render",0.2616
4580.908,266,1,"Application Compose",0.395
4586.697,266,1,"SubmitCommandLists",5.7787
4586.7215,266,1,"Shadowmap packing",0.000199999995
4586.7249,266,1,"Render",0.261400014
4586.727,266,1,"Procedural Animations",0.000699999975
4586.7295,266,1,"Script Components",9.99999975e-05
4586.7322,266,1,"CPU Frame",1.1063
4586.7341,266,1,"Input",0.148100004
4586.7363,266,1,"GUI Update",0.0265999995
4586.739,266,1,"Frustum Culling",0.0307
4586.7427,266,1,"Animations",9.99999975e-05
4586.7444,266,1,"Spring Dependencies",9.99999975e-05
4586.7464,266,1,"GUI Render",0.0471000001
4586.7481,266,1,"Physics",0.00079999998
4586.7502,266,1,"Update",0.193800002
4586.7519,266,1,"Fixed Update",9.99999975e-05
4586.7537,266,1,"Spline Update",0.000199999995
4586.7556,266,1,"Compose",0.394499987
4586.7574,266,1,"Update Buffers (CPU)",0.0469999984
4586.9612,267,1,"RenderPath3D Update",0.0864
4586.9654,267,1,"Application Update",0.1033
4587.2516,267,1,"Application Render",0.284
4587.6816,267,1,"Application Compose",0.4027
4593.597,267,1,"SubmitCommandLists",5.9059
4593.6392,267,1,"Shadowmap packing",9.99999975e-05
4593.6426,267,1,"Render",0.283800006
4593.6447,267,1,"Procedural Animations",0.000500000024
4593.6469,267,1,"Script Components",9.99999975e-05
4593.6491,267,1,"CPU Frame",0.981000006
4593.697,267,1,"Input",0.0983999968
4593.7011,267,1,"GUI Update",0.0182000007
4593.7041,267,1,"Frustum Culling",0.0417999998
4593.7072,267,1,"Animations",9.99999975e-05
4593.71,267,1,"Spring Dependencies",9.99999975e-05
4593.7135,267,1,"GUI Render",0.0392000005
4593.7166,267,1,"Physics",0.00469999993
4593.7193,267,1,"Update",0.103100002
4593.7212,267,1,"Fixed Update",0.00170000002
4593.7232,267,1,"Spline Update",0.000199999995
4593.7253,267,1,"Compose",0.402399987
4593.7275,267,1,"Update Buffers (CPU)",0.0412000008
4594.1179,268,1,"RenderPath3D Update",0.176
4594.123,268,1,"Application Update",0.2545
4594.592,268,1,"Application Render",0.4666
4595.0099,268,1,"Application Compose",0.3945
4600.5606,268,1,"SubmitCommandLists",5.5407
4600.5988,268,1,"Shadowmap packing",0.000199999995
4600.6017,268,1,"Render",0.466399997
4600.604,268,1,"Procedural Animations",0.00100000005
4600.6063,268,1,"Script Components",0
4600.6087,268,1,"CPU Frame",1.40180004
4600.611,268,1,"Input",0.132400006
4600.6132,268,1,"GUI Update",0.0225000009
4600.6152,268,1,"Frustum Culling",0.0414999984
4600.6171,268,1,"Animations",9.99999975e-05
4600.6192,268,1,"Spring Dependencies",0.000199999995
4600.6214,268,1,"GUI Render",0.0737000033
4600.6233,268,1,"Physics",0.00150000001
4600.6252,268,1,"Update",0.254299998
4600.627,268,1,"Fixed Update",0
4600.6287,268,1,"Spline Update",0.000199999995
4600.6305,268,1,"Compose",0.394199997
4600.6324,268,1,"Update Buffers (CPU)",0.101899996
4600.9028,269,1,"RenderPath3D Update",0.0925
4600.908,269,1,"Application Update",0.1421
4601.1999,269,1,"Application Render",0.2884
4601.633,269,1,"Application Compose",0.4095
4607.6249,269,1,"SubmitCommandLists",5.982
4607.6656,269,1,"Shadowmap packing",0.000300000014
4607.669,269,1,"Render",0.288100004
4607.6715,269,1,"Procedural Animations",0.00079999998
4607.6737,269,1,"Script Components",9.99999975e-05
4607.6765,269,1,"CPU Frame",1.05939996
4607.6786,269,1,"Input",0.124899998
4607.6807,269,1,"GUI Update",0.0217000004
4607.6829,269,1,"Frustum Culling",0.0351999998
4607.6848,269,1,"Animations",9.99999975e-05
4607.6866,269,1,"Spring Dependencies",9.99999975e-05
4607.6887,269,1,"GUI Render",0.0537
4607.6904,269,1,"Physics",0.00549999997
4607.6923,269,1,"Update",0.141800001
4607.6941,269,1,"Fixed Update",0.00310000009
4607.696,269,1,"Spline Update",0.000199999995
4607.698,269,1,"Compose",0.409200013
4607.6999,269,1,"Update Buffers (CPU)",0.0529000014
4608.0264,270,1,"RenderPath3D Update",0.1709
4608.0305,270,1,"Application Update",0.1979
4608.352,270,1,"Application Render",0.3194
4608.832,270,1,"Application Compose",0.4243
4614.5014,270,1,"SubmitCommandLists",5.6574
4614.5331,270,1,"Shadowmap packing",0.000199999995
4614.5361,270,1,"Render",0.319099993
4614.5381,270,1,"Procedural Animations",0.000899999985
4614.5404,270,1,"Script Components",0.000500000024
4614.5426,270,1,"CPU Frame",1.1954
4614.5444,270,1,"Input",0.126399994
4614.5467,270,1,"GUI Update",0.0403000005
4614.5486,270,1,"Frustum Culling",0.0362999998
4614.5506,270,1,"Animations",9.99999975e-05
4614.5526,270,1,"Spring Dependencies",0.000199999995
4614.5546,270,1,"GUI Render",0.0568000004
4614.5564,270,1,"Physics",0.00079999998
4614.5583,270,1,"Update",0.197699994
4614.5601,270,1,"Fixed Update",9.99999975e-05
4614.5619,270,1,"Spline Update",0.000199999995
4614.5637,270,1,"Compose",0.423799992
4614.5659,270,1,"Update Buffers (CPU)",0.0714000016
4614.8171,271,1,"RenderPath3D Update",0.0888
4614.8241,271,1,"Application Update",0.1476
4615.0981,271,1,"Application Render",0.2715
4615.5295,271,1,"Application Compose",0.3987
4621.3508,271,1,"SubmitCommandLists",5.8104
4621.3856,271,1,"Shadowmap packing",9.99999975e-05
4621.3888,271,1,"Render",0.271200001
4621.3909,271,1,"Procedural Animations",0.000699999975
4621.3932,271,1,"Script Components",0.000199999995
4621.3955,271,1,"CPU Frame",1.01779997
4621.3974,271,1,"Input",0.104900002
4621.3996,271,1,"GUI Update",0.0258000009
4621.4016,271,1,"Frustum Culling",0.0450000018
4621.4034,271,1,"Animations",0
4621.4052,271,1,"Spring Dependencies",9.99999975e-05
4621.4073,271,1,"GUI Render",0.0447000004
4621.5724,271,1,"Physics",0.00079999998
4621.5751,271,1,"Update",0.147400007
4621.577,271,1,"Fixed Update",9.99999975e-05
4621.5791,271,1,"Spline Update",9.99999975e-05
4621.5811,271,1,"Compose",0.398299992
4621.583,271,1,"Update Buffers (CPU)",0.0447000004
4621.7812,272,1,"RenderPath3D Update",0.0778
4621.7866,272,1,"Application Update",0.0966
4622.0335,272,1,"Application Render",0.2435
4622.4628,272,1,"Application Compose",0.4015
4628.3625,272,1,"SubmitCommandLists",5.8854
4628.3972,272,1,"Shadowmap packing",0.000199999995
4628.4001,272,1,"Render",0.243200004
4628.4022,272,1,"Procedural Animations",0.000699999975
4628.4043,272,1,"Script Components",9.99999975e-05
4628.4068,272,1,"CPU Frame",1.10319996
4628.409,272,1,"Input",0.0996999964
4628.4113,272,1,"GUI Update",0.0186999999
4628.4132,272,1,"Frustum Culling",0.0335999988
4628.415,272,1,"Animations",9.99999975e-05
4628.417,272,1,"Spring Dependencies",9.99999975e-05
4628.419,272,1,"GUI Render",0.0494000018
4628.4207,272,1,"Physics",0.00449999981
4628.4227,272,1,"Update",0.0964000002
4628.4245,272,1,"Fixed Update",0.00170000002
4628.4263,272,1,"Spline Update",0.000199999995
4628.4283,272,1,"Compose",0.401199996
4628.4301,272,1,"Update Buffers (CPU)",0.0562000014
4628.7282,273,1,"RenderPath3D Update",0.134
4628.7321,273,1,"Application Update",0.1997
4628.9965,273,1,"Application Render",0.2619
4629.4182,273,1,"Application Compose",0.4022
4635.2244,273,1,"SubmitCommandLists",5.7947
4635.2478,273,1,"Shadowmap packing",9.99999975e-05
4635.2507,273,1,"Render",0.261799991
4635.2526,273,1,"Procedural Animations",0.000500000024
4635.2547,273,1,"Script Components",9.99999975e-05
4635.257,273,1,"CPU Frame",1.04349995
4635.259,273,1,"Input",0.0970000029
4635.2611,273,1,"GUI Update",0.0185000002
4635.2629,273,1,"Frustum Culling",0.0423999988
4635.2648,273,1,"Animations",9.99999975e-05
4635.2667,273,1,"Spring Dependencies",9.99999975e-05
4635.2687,273,1,"GUI Render",0.0388999991
4635.2704,273,1,"Physics",0.000699999975
4635.2722,273,1,"Update",0.199599996
4635.2739,273,1,"Fixed Update",0
4635.2757,273,1,"Spline Update",0.000699999975
4635.2776,273,1,"Compose",0.40200001
4635.2794,273,1,"Update Buffers (CPU)",0.0450999998
4635.5647,274,1,"RenderPath3D Update",0.1593
4635.5697,274,1,"Application Update",0.1805
4635.8618,274,1,"Application Render",0.2886
4636.2632,274,1,"Application Compose",0.3815
4642.2271,274,1,"SubmitCommandLists",5.9549
4642.2788,274,1,"Shadowmap packing",0.000199999995
4642.2817,274,1,"Render",0.288500011
4642.2837,274,1,"Procedural Animations",0.00079999998
4642.286,274,1,"Script Components",0
4642.2889,274,1,"CPU Frame",1.0352
4642.2908,274,1,"Input",0.1021
4642.2929,274,1,"GUI Update",0.0241
4642.2949,274,1,"Frustum Culling",0.0423000008
4642.2969,274,1,"Animations",9.99999975e-05
4642.2989,274,1,"Spring Dependencies",9.99999975e-05
4642.3011,274,1,"GUI Render",0.0557000004
4642.3029,274,1,"Physics",0.00669999979
4642.3046,274,1,"Update",0.180299997
4642.3066,274,1,"Fixed Update",0.00240000011
4642.3084,274,1,"Spline Update",0.000300000014
4642.3105,274,1,"Compose",0.381300002
4642.3127,274,1,"Update Buffers (CPU)",0.0644000024
4642.628,275,1,"RenderPath3D Update",0.1599
4642.6321,275,1,"Application Update",0.1914
4642.9621,275,1,"Application Render",0.3278
4643.3787,275,1,"Application Compose",0.3949
4649.1857,275,1,"SubmitCommandLists",5.7978
4649.233,275,1,"Shadowmap packing",9.99999975e-05
4649.2395,275,1,"Render",0.327699989
4649.2431,275,1,"Procedural Animations",0.000699999975
4649.247,275,1,"Script Components",9.99999975e-05
4649.2509,275,1,"CPU Frame",1.13300002
4649.2543,275,1,"Input",0.121699996
4649.2585,275,1,"GUI Update",0.0351999998
4649.2609,275,1,"Frustum Culling",0.0458000004
4649.2628,275,1,"Animations",0
4649.2648,275,1,"Spring Dependencies",9.99999975e-05
4649.2671,275,1,"GUI Render",0.0478999987
4649.2689,275,1,"Physics",0.00100000005
4649.2713,275,1,"Update",0.191300005
4649.2732,275,1,"Fixed Update",9.99999975e-05
4649.275,275,1,"Spline Update",0.000600000028
4649.2771,275,1,"Compose",0.394699991
4649.279,275,1,"Update Buffers (CPU)",0.0760999992
4649.8926,276,1,"RenderPath3D Update",0.3753
4649.9028,276,1,"Application Update",0.4097
4650.3897,276,1,"Application Render",0.4844
4650.896,276,1,"Application Compose",0.4766
4656.1414,276,1,"SubmitCommandLists",5.2342
4656.1918,276,1,"Shadowmap packing",0.000300000014
4656.1953,276,1,"Render",0.483999997
4656.1974,276,1,"Procedural Animations",0.000899999985
4656.2001,276,1,"Script Components",0.000199999995
4656.2024,276,1,"CPU Frame",1.70070004
4656.2047,276,1,"Input",0.119099997
4656.207,276,1,"GUI Update",0.0255999994
4656.209,276,1,"Frustum Culling",0.0441999994
4656.211,276,1,"Animations",0.000300000014
4656.2128,276,1,"Spring Dependencies",0.000300000014
4656.2148,276,1,"GUI Render",0.0675000027
4656.2167,276,1,"Physics",0.00700000022
4656.2185,276,1,"Update",0.409500003
4656.2202,276,1,"Fixed Update",0.00510000018
4656.222,276,1,"Spline Update",0.000199999995
4656.2239,276,1,"Compose",0.475899994
4656.2256,276,1,"Update Buffers (CPU)",0.116499998
4656.6544,277,1,"RenderPath3D Update",0.242
4656.6625,277,1,"Application Update",0.2778
4657.014,277,1,"Application Render",0.3492
4657.4359,277,1,"Application Compose",0.3968
4663.0272,277,1,"SubmitCommandLists",5.5813
4663.0549,277,1,"Shadowmap packing",0.000199999995
4663.0578,277,1,"Render",0.348500013
4663.0597,277,1,"Procedural Animations",0.00079999998
4663.062,277,1,"Script Components",9.99999975e-05
4663.0649,277,1,"CPU Frame",1.28480005
4663.0671,277,1,"Input",0.150399998
4663.0693,277,1,"GUI Update",0.0210999995
4663.0712,277,1,"Frustum Culling",0.063000001
4663.0732,277,1,"Animations",9.99999975e-05
4663.0749,277,1,"Spring Dependencies",0.000199999995
4663.0769,277,1,"GUI Render",0.0421999991
4663.0788,277,1,"Physics",0.000600000028
4663.0806,277,1,"Update",0.2773
4663.0823,277,1,"Fixed Update",9.99999975e-05
4663.0841,277,1,"Spline Update",0.000199999995
4663.0859,277,1,"Compose",0.396400005
4663.0877,277,1,"Update Buffers (CPU)",0.0463999994
4663.3405,278,1,"RenderPath3D Update",0.133
4663.344,278,1,"Application Update",0.1532
4663.6011,278,1,"Application Render",0.2549
4664.0091,278,1,"Application Compose",0.3888
4669.9607,278,1,"SubmitCommandLists",5.9427
4669.9932,278,1,"Shadowmap packing",9.99999975e-05
4669.9964,278,1,"Render",0.254799992
4669.9984,278,1,"Procedural Animations",0.000500000024
4670.0007,278,1,"Script Components",9.99999975e-05
4670.0029,278,1,"CPU Frame",0.976599991
4670.0048,278,1,"Input",0.0971999988
4670.0071,278,1,"GUI Update",0.0179999992
4670.009,278,1,"Frustum Culling",0.0421000011
4670.011,278,1,"Animations",0
4670.0129,278,1,"Spring Dependencies",9.99999975e-05
4670.015,278,1,"GUI Render",0.0456999987
4670.0168,278,1,"Physics",0.000699999975
4670.0186,278,1,"Update",0.152899995
4670.0204,278,1,"Fixed Update",0
4670.0221,278,1,"Spline Update",9.99999975e-05
4670.024,278,1,"Compose",0.388599992
4670.0261,278,1,"Update Buffers (CPU)",0.0447000004
4670.3798,279,1,"RenderPath3D Update",0.1607
4670.3866,279,1,"Application Update",0.2254
4670.8376,279,1,"Application Render",0.4488
4671.2635,279,1,"Application Compose",0.4001
4676.9492,279,1,"SubmitCommandLists",5.676
4676.981,279,1,"Shadowmap packing",9.99999975e-05
4676.9849,279,1,"Render",0.448500007
4676.9872,279,1,"Procedural Animations",0.000899999985
4676.9897,279,1,"Script Components",0
4676.9921,279,1,"CPU Frame",1.29480004
4676.9943,279,1,"Input",0.127000004
4676.9963,279,1,"GUI Update",0.0241999999
4676.9983,279,1,"Frustum Culling",0.0353000015
4677.0001,279,1,"Animations",0.000600000028
4677.0021,279,1,"Spring Dependencies",0.000199999995
4677.0042,279,1,"GUI Render",0.0452999994
4677.006,279,1,"Physics",0.0125000002
4677.0078,279,1,"Update",0.225299999
4677.0097,279,1,"Fixed Update",0.00219999999
4677.0116,279,1,"Spline Update",0.00039999999
4677.0134,279,1,"Compose",0.399899989
4677.0153,279,1,"Update Buffers (CPU)",0.108499996
4677.3319,280,1,"RenderPath3D Update",0.1228
4677.3373,280,1,"Application Update",0.1999
4677.7285,280,1,"Application Render",0.389
4678.1341,280,1,"Application Compose",0.385
4683.8804,280,1,"SubmitCommandLists",5.7381
4684.0447,280,1,"Shadowmap packing",0.000199999995
4684.0516,280,1,"Render",0.388799995
4684.0551,280,1,"Procedural Animations",0.000899999985
4684.059,280,1,"Script Components",9.99999975e-05
4684.063,280,1,"CPU Frame",1.17859995
4684.0652,280,1,"Input",0.116700001
4684.0673,280,1,"GUI Update",0.0233999994
4684.0693,280,1,"Frustum Culling",0.0394000001
4684.0713,280,1,"Animations",9.99999975e-05
4684.0731,280,1,"Spring Dependencies",0.000300000014
4684.0753,280,1,"GUI Render",0.0672999993
4684.077,280,1,"Physics",0.00150000001
4684.0789,280,1,"Update",0.199699998
4684.0808,280,1,"Fixed Update",9.99999975e-05
4684.0826,280,1,"Spline Update",0.00039999999
4684.0846,280,1,"Compose",0.3847
4684.0864,280,1,"Update Buffers (CPU)",0.0762000009
4684.3666,281,1,"RenderPath3D Update",0.1378
4684.371,281,1,"Application Update",0.1577
4684.7005,281,1,"Application Render",0.3274
4685.1373,281,1,"Application Compose",0.4021
4690.7595,281,1,"SubmitCommandLists",5.613
4690.782,281,1,"Shadowmap packing",9.99999975e-05
4690.7852,281,1,"Render",0.327100009
4690.7872,281,1,"Procedural Animations",0.000600000028
4690.7895,281,1,"Script Components",9.99999975e-05
4690.7916,281,1,"CPU Frame",1.12080002
4690.7935,281,1,"Input",0.119400002
4690.7956,281,1,"GUI Update",0.0212999992
4690.7976,281,1,"Frustum Culling",0.0480999984
4690.7994,281,1,"Animations",9.99999975e-05
4690.8012,281,1,"Spring Dependencies",0.000199999995
4690.8033,281,1,"GUI Render",0.0614
4690.8051,281,1,"Physics",0.0046000001
4690.8068,281,1,"Update",0.157499999
4690.8086,281,1,"Fixed Update",0.00219999999
4690.8104,281,1,"Spline Update",0.000500000024
4690.8122,281,1,"Compose",0.401800007
4690.814,281,1,"Update Buffers (CPU)",0.0577000007
4691.2068,282,1,"RenderPath3D Update",0.1231
4691.2128,282,1,"Application Update",0.2347
4691.6302,282,1,"Application Render",0.4147
4692.091,282,1,"Application Compose",0.436
4697.7365,282,1,"SubmitCommandLists",5.6346
4697.7852,282,1,"Shadowmap packing",0.000199999995
4697.7882,282,1,"Render",0.414499998
4697.7904,282,1,"Procedural Animations",0.00100000005
4697.7927,282,1,"Script Components",9.99999975e-05
4697.7956,282,1,"CPU Frame",1.32959998
4697.7976,282,1,"Input",0.158999994
4697.7999,282,1,"GUI Update",0.0186999999
4697.802,282,1,"Frustum Culling",0.0394000001
4697.8044,282,1,"Animations",0.000199999995
4697.8062,282,1,"Spring Dependencies",0.000300000014
4697.8085,282,1,"GUI Render",0.0516000018
4697.8104,282,1,"Physics",0.00179999997
4697.8123,282,1,"Update",0.234500006
4697.814,282,1,"Fixed Update",0
4697.8162,282,1,"Spline Update",0.000199999995
4697.8182,282,1,"Compose",0.435699999
4697.8201,282,1,"Update Buffers (CPU)",0.0835999995
4698.1078,283,1,"RenderPath3D Update",0.1449
4698.112,283,1,"Application Update",0.1726
4698.4064,283,1,"Application Render",0.2921
4698.829,283,1,"Application Compose",0.4021
4704.6584,283,1,"SubmitCommandLists",5.8179
4704.7009,283,1,"Shadowmap packing",9.99999975e-05
4704.705,283,1,"Render",0.291799992
4704.7071,283,1,"Procedural Animations",0.000699999975
4704.7094,283,1,"Script Components",9.99999975e-05
4704.7117,283,1,"CPU Frame",1.07739997
4704.7136,283,1,"Input",0.111900002
4704.7159,283,1,"GUI Update",0.0223999992
4704.7179,283,1,"Frustum Culling",0.0471000001
4704.7198,283,1,"Animations",9.99999975e-05
4704.7217,283,1,"Spring Dependencies",9.99999975e-05
4704.7237,283,1,"GUI Render",0.0480000004
4704.7255,283,1,"Physics",0.000699999975
4704.7274,283,1,"Update",0.172399998
4704.7292,283,1,"Fixed Update",9.99999975e-05
4704.7309,283,1,"Spline Update",0.000199999995
4704.7328,283,1,"Compose",0.401800007
4704.7346,283,1,"Update Buffers (CPU)",0.061999999
4705.0098,284,1,"RenderPath3D Update",0.1461
4705.0136,284,1,"Application Update",0.1661
4705.3102,284,1,"Application Render",0.2945
4705.7452,284,1,"Application Compose",0.4142
4711.6448,284,1,"SubmitCommandLists",5.8888
4711.7028,284,1,"Shadowmap packing",0.000199999995
4711.7066,284,1,"Render",0.294200003
4711.7088,284,1,"Procedural Animations",0.00079999998
4711.7111,284,1,"Script Components",0
4711.7138,284,1,"CPU Frame",1.06690001
4711.8121,284,1,"Input",0.104999997
4711.8157,284,1,"GUI Update",0.0211999994
4711.8177,284,1,"Frustum Culling",0.0362999998
4711.8197,284,1,"Animations",9.99999975e-05
4711.8219,284,1,"Spring Dependencies",0.000300000014
4711.8242,284,1,"GUI Render",0.0436000004
4711.826,284,1,"Physics",0.00520000001
4711.828,284,1,"Update",0.165999994
4711.8298,284,1,"Fixed Update",0.00249999994
4711.8316,284,1,"Spline Update",0.000199999995
4711.8335,284,1,"Compose",0.413800001
4711.8354,284,1,"Update Buffers (CPU)",0.0566000007
4712.1633,285,1,"RenderPath3D Update",0.1385
4712.17,285,1,"Application Update",0.1898
4712.7049,285,1,"Application Render",0.5308
4713.1787,285,1,"Application Compose",0.4365
4718.6675,285,1,"SubmitCommandLists",5.4763
4718.7142,285,1,"Shadowmap packing",0.000300000014
4718.7174,285,1,"Render",0.530499995
4718.7196,285,1,"Procedural Animations",0.00120000006
4718.7218,285,1,"Script Components",0.000199999995
4718.7242,285,1,"CPU Frame",1.50849998
4718.7263,285,1,"Input",0.135700002
4718.7288,285,1,"GUI Update",0.0261000004
4718.7308,285,1,"Frustum Culling",0.0397000015
4718.7327,285,1,"Animations",9.99999975e-05
4718.735,285,1,"Spring Dependencies",0.000199999995
4718.7374,285,1,"GUI Render",0.0813999996
4718.7392,285,1,"Physics",0.00100000005
4718.741,285,1,"Update",0.189600006
4718.7427,285,1,"Fixed Update",9.99999975e-05
4718.7446,285,1,"Spline Update",0.000300000014
4718.7465,285,1,"Compose",0.43599999
4718.7484,285,1,"Update Buffers (CPU)",0.118699998
4719.275,286,1,"RenderPath3D Update",0.1519
4719.28,286,1,"Application Update",0.2552
4719.6652,286,1,"Application Render",0.383
4720.0961,286,1,"Application Compose",0.3996
4725.545,286,1,"SubmitCommandLists",5.4387
4725.5887,286,1,"Shadowmap packing",0.000199999995
4725.5918,286,1,"Render",0.382699996
4725.5938,286,1,"Procedural Animations",0.00150000001
4725.5962,286,1,"Script Components",9.99999975e-05
4725.599,286,1,"CPU Frame",1.41709995
4725.6011,286,1,"Input",0.264800012
4725.6033,286,1,"GUI Update",0.0260000005
4725.6053,286,1,"Frustum Culling",0.0392999984
4725.6072,286,1,"Animations",0.000199999995
4725.609,286,1,"Spring Dependencies",0.000199999995
4725.6111,286,1,"GUI Render",0.0610999987
4725.6132,286,1,"Physics",0.00730000017
4725.6151,286,1,"Update",0.254999995
4725.6168,286,1,"Fixed Update",0.00430000015
4725.6185,286,1,"Spline Update",0.000300000014
4725.6204,286,1,"Compose",0.399199992
4725.6224,286,1,"Update Buffers (CPU)",0.0834000036
4726.1267,287,1,"RenderPath3D Update",0.165
4726.1335,287,1,"Application Update",0.3077
4726.4932,287,1,"Application Render",0.3573
4726.9262,287,1,"Application Compose",0.4002
4732.4365,287,1,"SubmitCommandLists",5.4991
4732.471,287,1,"Shadowmap packing",0.000199999995
4732.4742,287,1,"Render",0.356999993
4732.4764,287,1,"Procedural Animations",0.00100000005
4732.4787,287,1,"Script Components",0.000199999995
4732.481,287,1,"CPU Frame",1.37030005
4732.4829,287,1,"Input",0.195700005
4732.4852,287,1,"GUI Update",0.0286999997
4732.4873,287,1,"Frustum Culling",0.0502999984
4732.4892,287,1,"Animations",0
4732.4913,287,1,"Spring Dependencies",0.000199999995
4732.4936,287,1,"GUI Render",0.0546000004
4732.4953,287,1,"Physics",0.00120000006
4732.4971,287,1,"Update",0.307399988
4732.4988,287,1,"Fixed Update",9.99999975e-05
4732.5011,287,1,"Spline Update",0.000199999995
4732.5031,287,1,"Compose",0.399800003
4732.505,287,1,"Update Buffers (CPU)",0.0711999983
4732.793,288,1,"RenderPath3D Update",0.1509
4732.7988,288,1,"Application Update",0.1728
4733.121,288,1,"Application Render",0.3196
4733.5421,288,1,"Application Compose",0.3967
4739.3644,288,1,"SubmitCommandLists",5.8128
4739.3896,288,1,"Shadowmap packing",0.00039999999
4739.3925,288,1,"Render",0.319299996
4739.3945,288,1,"Procedural Animations",0.00079999998
4739.3967,288,1,"Script Components",0.000199999995
4739.399,288,1,"CPU Frame",1.0977
4739.4009,288,1,"Input",0.111299999
4739.4031,288,1,"GUI Update",0.0208000001
4739.405,288,1,"Frustum Culling",0.0568999983
4739.4069,288,1,"Animations",9.99999975e-05
4739.4092,288,1,"Spring Dependencies",0.000500000024
4739.4116,288,1,"GUI Render",0.0637999997
4739.5045,288,1,"Physics",0.0057000001
4739.5067,288,1,"Update",0.172499999
4739.5086,288,1,"Fixed Update",0.00340000005
4739.5104,288,1,"Spline Update",0.000300000014
4739.5124,288,1,"Compose",0.396400005
4739.5143,288,1,"Update Buffers (CPU)",0.0513999984
4739.7852,289,1,"RenderPath3D Update",0.1533
4739.7889,289,1,"Application Update",0.1722
4740.063,289,1,"Application Render",0.272
4740.4824,289,1,"Application Compose",0.392
4746.3678,289,1,"SubmitCommandLists",5.8764
4746.3956,289,1,"Shadowmap packing",9.99999975e-05
4746.3987,289,1,"Render",0.271699995
4746.4007,289,1,"Procedural Animations",0.000500000024
4746.403,289,1,"Script Components",0
4746.4053,289,1,"CPU Frame",1.11409998
4746.4072,289,1,"Input",0.0970000029
4746.4096,289,1,"GUI Update",0.0182000007
4746.4118,289,1,"Frustum Culling",0.0447000004
4746.4139,289,1,"Animations",9.99999975e-05
4746.4157,289,1,"Spring Dependencies",9.99999975e-05
4746.4178,289,1,"GUI Render",0.0489999987
4746.4196,289,1,"Physics",0.00100000005
4746.4214,289,1,"Update",0.171900004
4746.4238,289,1,"Fixed Update",9.99999975e-05
4746.4256,289,1,"Spline Update",0.000199999995
4746.4275,289,1,"Compose",0.391499996
4746.4295,289,1,"Update Buffers (CPU)",0.0386999995
4746.6433,290,1,"RenderPath3D Update",0.0784
4746.6479,290,1,"Application Update",0.0992
4746.9429,290,1,"Application Render",0.2926
4747.3624,290,1,"Application Compose",0.392
4753.3097,290,1,"SubmitCommandLists",5.9378
4753.3491,290,1,"Shadowmap packing",0.000199999995
4753.3522,290,1,"Render",0.292499989
4753.3542,290,1,"Procedural Animations",0.000899999985
4753.3564,290,1,"Script Components",9.99999975e-05
4753.3592,290,1,"CPU Frame",0.989600003
4753.3611,290,1,"Input",0.114200003
4753.3633,290,1,"GUI Update",0.0178999994
4753.3654,290,1,"Frustum Culling",0.0516000018
4753.3673,290,1,"Animations",9.99999975e-05
4753.3691,290,1,"Spring Dependencies",9.99999975e-05
4753.3712,290,1,"GUI Render",0.0568999983
4753.3729,290,1,"Physics",0.000600000028
4753.3748,290,1,"Update",0.0989999995
4753.3765,290,1,"Fixed Update",9.99999975e-05
4753.3783,290,1,"Spline Update",0.000199999995
4753.3802,290,1,"Compose",0.3917
4753.3821,290,1,"Update Buffers (CPU)",0.0438000001
4753.6792,291,1,"RenderPath3D Update",0.1592
4753.6833,291,1,"Application Update",0.1812
4753.9788,291,1,"Application Render",0.2933
4754.4052,291,1,"Application Compose",0.3965
4760.1962,291,1,"SubmitCommandLists",5.7808
4760.2239,291,1,"Shadowmap packing",0.000300000014
4760.2269,291,1,"Render",0.293099999
4760.2288,291,1,"Procedural Animations",0.00079999998
4760.231,291,1,"Script Components",9.99999975e-05
4760.2338,291,1,"CPU Frame",1.08599997
4760.2358,291,1,"Input",0.109399997
4760.2382,291,1,"GUI Update",0.0211999994
4760.2403,291,1,"Frustum Culling",0.0417000018
4760.2422,291,1,"Animations",9.99999975e-05
4760.244,291,1,"Spring Dependencies",0.000199999995
4760.246,291,1,"GUI Render",0.0577000007
4760.248,291,1,"Physics",0.00540000014
4760.2498,291,1,"Update",0.180999994
4760.2516,291,1,"Fixed Update",0.00400000019
4760.2535,291,1,"Spline Update",0.000300000014
4760.2555,291,1,"Compose",0.396200001
4760.2574,291,1,"Update Buffers (CPU)",0.0557999983
4760.4833,292,1,"RenderPath3D Update",0.0962
4760.4878,292,1,"Application Update",0.1185
4760.7631,292,1,"Application Render",0.2719
4761.2406,292,1,"Application Compose",0.4516
4767.1208,292,1,"SubmitCommandLists",5.865
4767.1428,292,1,"Shadowmap packing",0.000199999995
4767.1455,292,1,"Render",0.271699995
4767.1473,292,1,"Procedural Animations",0.000699999975
4767.1496,292,1,"Script Components",9.99999975e-05
4767.1521,292,1,"CPU Frame",1.04219997
4767.154,292,1,"Input",0.1061
4767.1563,292,1,"GUI Update",0.0197999999
4767.1585,292,1,"Frustum Culling",0.0340000018
4767.1603,292,1,"Animations",9.99999975e-05
4767.162,292,1,"Spring Dependencies",0.000199999995
4767.164,292,1,"GUI Render",0.0417999998
4767.1659,292,1,"Physics",0.0013
4767.1678,292,1,"Update",0.118299998
4767.1696,292,1,"Fixed Update",9.99999975e-05
4767.1715,292,1,"Spline Update",0.000199999995
4767.1734,292,1,"Compose",0.451200008
4767.2667,292,1,"Update Buffers (CPU)",0.0434000008
4767.6317,293,1,"RenderPath3D Update",0.2495
4767.6404,293,1,"Application Update",0.2705
4767.9472,293,1,"Application Render",0.3042
4768.3615,293,1,"Application Compose",0.3883
4774.0763,293,1,"SubmitCommandLists",5.7055
4774.1004,293,1,"Shadowmap packing",9.99999975e-05
4774.1035,293,1,"Render",0.303900003
4774.1056,293,1,"Procedural Animations",0.000600000028
4774.1078,293,1,"Script Components",0
4774.1101,293,1,"CPU Frame",1.23759997
4774.112,293,1,"Input",0.0961999968
4774.1144,293,1,"GUI Update",0.0165999997
4774.1162,293,1,"Frustum Culling",0.0852999985
4774.118,293,1,"Animations",0.000199999995
4774.1199,293,1,"Spring Dependencies",9.99999975e-05
4774.1219,293,1,"GUI Render",0.0454999991
4774.1237,293,1,"Physics",0.00359999994
4774.1255,293,1,"Update",0.270300001
4774.1272,293,1,"Fixed Update",0.00200000009
4774.1291,293,1,"Spline Update",0.000199999995
4774.1309,293,1,"Compose",0.388000011
4774.1327,293,1,"Update Buffers (CPU)",0.0405000001
4774.3823,294,1,"RenderPath3D Update",0.1341
4774.3874,294,1,"Application Update",0.1518
4774.6263,294,1,"Application Render",0.2355
4775.0261,294,1,"Application Compose",0.3815
4781.0106,294,1,"SubmitCommandLists",5.976
4781.0333,294,1,"Shadowmap packing",9.99999975e-05
4781.0365,294,1,"Render",0.235200003
4781.0385,294,1,"Procedural Animations",0.000500000024
4781.0408,294,1,"Script Components",9.99999975e-05
4781.043,294,1,"CPU Frame",0.944999993
4781.0449,294,1,"Input",0.0979999974
4781.047,294,1,"GUI Update",0.0167999994
4781.049,294,1,"Frustum Culling",0.0423000008
4781.0508,294,1,"Animations",9.99999975e-05
4781.0526,294,1,"Spring Dependencies",9.99999975e-05
4781.0545,294,1,"GUI Render",0.0401000008
4781.0563,294,1,"Physics",0.000600000028
4781.0581,294,1,"Update",0.151600003
4781.0599,294,1,"Fixed Update",0
4781.0617,294,1,"Spline Update",0.000199999995
4781.0636,294,1,"Compose",0.381300002
4781.0654,294,1,"Update Buffers (CPU)",0.0397999994
4781.3035,295,1,"RenderPath3D Update",0.1174
4781.3072,295,1,"Application Update",0.1341
4781.5532,295,1,"Application Render",0.2441
4781.9706,295,1,"Application Compose",0.3897
4787.9428,295,1,"SubmitCommandLists",5.9632
4787.9621,295,1,"Shadowmap packing",9.99999975e-05
4787.9649,295,1,"Render",0.243799999
4787.9669,295,1,"Procedural Animations",0.000500000024
4787.9691,295,1,"Script Components",9.99999975e-05
4787.9714,295,1,"CPU Frame",0.957300007
4787.9732,295,1,"Input",0.103299998
4787.9753,295,1,"GUI Update",0.0171000008
4787.9774,295,1,"Frustum Culling",0.0456999987
4787.9793,295,1,"Animations",9.99999975e-05
4787.9811,295,1,"Spring Dependencies",9.99999975e-05
4787.983,295,1,"GUI Render",0.0450999998
4787.9849,295,1,"Physics",0.000500000024
4787.9867,295,1,"Update",0.134000003
4787.9884,295,1,"Fixed Update",9.99999975e-05
4787.9902,295,1,"Spline Update",0.000199999995
4787.9921,295,1,"Compose",0.389400005
4787.9938,295,1,"Update Buffers (CPU)",0.0452000014
4788.2153,296,1,"RenderPath3D Update",0.1236
4788.2202,296,1,"Application Update",0.1386
4788.486,296,1,"Application Render",0.2628
4788.8979,296,1,"Application Compose",0.3863
4794.9182,296,1,"SubmitCommandLists",6.0108
4794.9405,296,1,"Shadowmap packing",0.000199999995
4794.9435,296,1,"Render",0.262600005
4794.9454,296,1,"Procedural Animations",0.00039999999
4794.9476,296,1,"Script Components",9.99999975e-05
4794.9502,296,1,"CPU Frame",0.952799976
4794.9521,296,1,"Input",0.0822999999
4794.9541,296,1,"GUI Update",0.0163000003
4794.956,296,1,"Frustum Culling",0.0544000007
4794.958,296,1,"Animations",9.99999975e-05
4794.96,296,1,"Spring Dependencies",0.000199999995
4794.9622,296,1,"GUI Render",0.0361000001
4794.964,296,1,"Physics",0.00419999985
4794.9658,296,1,"Update",0.138500005
4794.9675,296,1,"Fixed Update",0.0013
4794.9693,296,1,"Spline Update",9.99999975e-05
4794.9712,296,1,"Compose",0.386000007
4794.9731,296,1,"Update Buffers (CPU)",0.0381999984
4795.2201,297,1,"RenderPath3D Update",0.1415
4795.226,297,1,"Application Update",0.1589
4795.5254,297,1,"Application Render",0.2962
4795.9381,297,1,"Application Compose",0.3962
4801.8927,297,1,"SubmitCommandLists",5.8578
4801.9243,297,1,"Shadowmap packing",0.000199999995
4801.9271,297,1,"Render",0.295899987
4801.9288,297,1,"Procedural Animations",0.000500000024
4801.9309,297,1,"Script Components",9.99999975e-05
4801.9333,297,1,"CPU Frame",1.10399997
4801.9352,297,1,"Input",0.0895999968
4801.9374,297,1,"GUI Update",0.0166999996
4801.9393,297,1,"Frustum Culling",0.059700001
4801.9412,297,1,"Animations",9.99999975e-05
4801.943,297,1,"Spring Dependencies",9.99999975e-05
4801.9451,297,1,"GUI Render",0.0445000008
4801.9469,297,1,"Physics",0.00039999999
4801.9488,297,1,"Update",0.158700004
4801.9506,297,1,"Fixed Update",0
4801.9524,297,1,"Spline Update",0.000199999995
4801.9544,297,1,"Compose",0.395900011
4801.9563,297,1,"Update Buffers (CPU)",0.0489999987
4802.2336,298,1,"RenderPath3D Update",0.1457
4802.2379,298,1,"Application Update",0.1633
4802.595,298,1,"Application Render",0.355
4803.0229,298,1,"Application Compose",0.3992
4808.8217,298,1,"SubmitCommandLists",5.7904
4808.8446,298,1,"Shadowmap packing",0.000199999995
4808.8475,298,1,"Render",0.354699999
4808.8495,298,1,"Procedural Animations",0.000600000028
4808.8515,298,1,"Script Components",9.99999975e-05
4808.8541,298,1,"CPU Frame",1.12179995
4808.8559,298,1,"Input",0.111000001
4808.858,298,1,"GUI Update",0.0185000002
4808.8601,298,1,"Frustum Culling",0.061900001
4808.862,298,1,"Animations",9.99999975e-05
4808.8639,298,1,"Spring Dependencies",9.99999975e-05
4808.8658,298,1,"GUI Render",0.0628999993
4808.8676,298,1,"Physics",0.00410000002
4808.8694,298,1,"Update",0.163100004
4808.871,298,1,"Fixed Update",0.00240000011
4808.8729,298,1,"Spline Update",0.000199999995
4808.8747,298,1,"Compose",0.398999989
4808.8766,298,1,"Update Buffers (CPU)",0.0439000018
4809.1,299,1,"RenderPath3D Update",0.0889
4809.1053,299,1,"Application Update",0.1075
4809.332,299,1,"Application Render",0.2233
4809.7342,299,1,"Application Compose",0.3827
4815.7785,299,1,"SubmitCommandLists",6.0356
4815.8128,299,1,"Shadowmap packing",9.99999975e-05
4815.8161,299,1,"Render",0.223199993
4815.8181,299,1,"Procedural Animations",0.00039999999
4815.8206,299,1,"Script Components",9.99999975e-05
4815.8227,299,1,"CPU Frame",0.908399999
4815.8245,299,1,"Input",0.116899997
4815.8265,299,1,"GUI Update",0.0176999997
4815.8285,299,1,"Frustum Culling",0.00359999994
4815.8304,299,1,"Animations",9.99999975e-05
4815.8322,299,1,"Spring Dependencies",9.99999975e-05
4815.8342,299,1,"GUI Render",0.0436999984
4815.8359,299,1,"Physics",0.00039999999
4815.8377,299,1,"Update",0.107299998
4815.8395,299,1,"Fixed Update",9.99999975e-05
4815.8412,299,1,"Spline Update",0.000199999995
4815.8431,299,1,"Compose",0.382499993
4815.8449,299,1,"Update Buffers (CPU)",0.0456999987
4816.0948,300,1,"RenderPath3D Update",0.1244
4816.1006,300,1,"Application Update",0.1426
4816.3595,300,1,"Application Render",0.2559
4816.7743,300,1,"Application Compose",0.3887
4822.7595,300,1,"SubmitCommandLists",5.9765
4822.7818,300,1,"Shadowmap packing",0.000199999995
4822.7847,300,1,"Render",0.255600005
4822.7866,300,1,"Procedural Animations",0.000500000024
4822.7887,300,1,"Script Components",0.000199999995
4822.791,300,1,"CPU Frame",0.983099997
4822.7929,300,1,"Input",0.105599999
4822.7949,300,1,"GUI Update",0.0175999999
4822.7969,300,1,"Frustum Culling",0.0571999997
4822.7987,300,1,"Animations",0.000199999995
4822.8006,300,1,"Spring Dependencies",9.99999975e-05
4822.8029,300,1,"GUI Render",0.0476000011
4822.8047,300,1,"Physics",0.00359999994
4822.8065,300,1,"Update",0.142499998
4822.8082,300,1,"Fixed Update",0.0027999999
4822.81,300,1,"Spline Update",0.000199999995
4822.812,300,1,"Compose",0.388399988
4822.8139,300,1,"Update Buffers (CPU)",0.0397000015
4823.0399,301,1,"RenderPath3D Update",0.1202
4823.0446,301,1,"Application Update",0.1367
4823.2624,301,1,"Application Render",0.2147
4823.66,301,1,"Application Compose",0.3801
4829.5652,301,1,"SubmitCommandLists",5.8971
4829.589,301,1,"Shadowmap packing",9.99999975e-05
4829.5918,301,1,"Render",0.214499995
4829.5938,301,1,"Procedural Animations",0.00039999999
4829.6878,301,1,"Script Components",9.99999975e-05
4829.6912,301,1,"CPU Frame",0.896499991
4829.6931,301,1,"Input",0.0895999968
4829.6952,301,1,"GUI Update",0.0164999999
4829.6971,301,1,"Frustum Culling",0.0115
4829.699,301,1,"Animations",0
4829.7009,301,1,"Spring Dependencies",0.000199999995
4829.7031,301,1,"GUI Render",0.0458999984
4829.7048,301,1,"Physics",0.000500000024
4829.7066,301,1,"Update",0.136600003
4829.7084,301,1,"Fixed Update",9.99999975e-05
4829.7102,301,1,"Spline Update",0.000300000014
4829.7121,301,1,"Compose",0.379900008
4829.7139,301,1,"Update Buffers (CPU)",0.0403000005
4829.9122,302,1,"RenderPath3D Update",0.1014
4829.9156,302,1,"Application Update",0.1158
4830.1514,302,1,"Application Render",0.2337
4830.5469,302,1,"Application Compose",0.3779
4836.6698,302,1,"SubmitCommandLists",6.115
4836.7054,302,1,"Shadowmap packing",9.99999975e-05
4836.7087,302,1,"Render",0.233500004
4836.7108,302,1,"Procedural Animations",0.00039999999
4836.7131,302,1,"Script Components",0
4836.7154,302,1,"CPU Frame",0.975300014
4836.7173,302,1,"Input",0.0811000019
4836.7195,302,1,"GUI Update",0.0162000004
4836.7214,302,1,"Frustum Culling",0.0406999998
4836.7232,302,1,"Animations",9.99999975e-05
4836.7251,302,1,"Spring Dependencies",9.99999975e-05
4836.7271,302,1,"GUI Render",0.0390000008
4836.7288,302,1,"Physics",0.000600000028
4836.7307,302,1,"Update",0.115599997
4836.7324,302,1,"Fixed Update",0
4836.7341,302,1,"Spline Update",9.99999975e-05
4836.736,302,1,"Compose",0.377700001
4836.7379,302,1,"Update Buffers (CPU)",0.0432999991
4836.9741,303,1,"RenderPath3D Update",0.1335
4836.9794,303,1,"Application Update",0.1503
4837.2551,303,1,"Application Render",0.2725
4837.6679,303,1,"Application Compose",0.3879
4843.6424,303,1,"SubmitCommandLists",5.9653
4843.6783,303,1,"Shadowmap packing",9.99999975e-05
4843.6812,303,1,"Render",0.272199988
4843.6831,303,1,"Procedural Animations",0.00039999999
4843.6853,303,1,"Script Components",0
4843.6875,303,1,"CPU Frame",0.98269999
4843.6894,303,1,"Input",0.0847000033
4843.6915,303,1,"GUI Update",0.0176999997
4843.6934,303,1,"Frustum Culling",0.0577999987
4843.6953,303,1,"Animations",9.99999975e-05
4843.6971,303,1,"Spring Dependencies",0.000199999995
4843.6991,303,1,"GUI Render",0.0584999993
4843.7008,303,1,"Physics",0.00340000005
4843.7027,303,1,"Update",0.150099993
4843.7045,303,1,"Fixed Update",0.00170000002
4843.7063,303,1,"Spline Update",9.99999975e-05
4843.7082,303,1,"Compose",0.387600005
4843.71,303,1,"Update Buffers (CPU)",0.0482000001
4843.9387,304,1,"RenderPath3D Update",0.1276
4843.9428,304,1,"Application Update",0.1427
4844.207,304,1,"Application Render",0.2622
4844.6065,304,1,"Application Compose",0.3815
4850.587,304,1,"SubmitCommandLists",5.9719
4850.6106,304,1,"Shadowmap packing",9.99999975e-05
4850.6137,304,1,"Render",0.261900008
4850.6157,304,1,"Procedural Animations",0.00039999999
4850.618,304,1,"Script Components",0
4850.6204,304,1,"CPU Frame",0.946099997
4850.6223,304,1,"Input",0.0857999995
4850.6245,304,1,"GUI Update",0.0159000009
4850.6264,304,1,"Frustum Culling",0.0555999987
4850.6284,304,1,"Animations",9.99999975e-05
4850.6303,304,1,"Spring Dependencies",9.99999975e-05
4850.6323,304,1,"GUI Render",0.0379999988
4850.6341,304,1,"Physics",0.000199999995
4850.636,304,1,"Update",0.1426
4850.6378,304,1,"Fixed Update",9.99999975e-05
4850.6396,304,1,"Spline Update",9.99999975e-05
4850.6414,304,1,"Compose",0.381199986
4850.6432,304,1,"Update Buffers (CPU)",0.0436999984
4850.8956,305,1,"RenderPath3D Update",0.143
4850.8995,305,1,"Application Update",0.1618
4851.1465,305,1,"Application Render",0.2448
4851.5574,305,1,"Application Compose",0.3858
4857.5598,305,1,"SubmitCommandLists",5.9944
4857.5851,305,1,"Shadowmap packing",9.99999975e-05
4857.588,305,1,"Render",0.244499996
4857.5901,305,1,"Procedural Animations",0.000600000028
4857.5923,305,1,"Script Components",0
4857.5946,305,1,"CPU Frame",0.966300011
4857.5964,305,1,"Input",0.0882999972
4857.5986,305,1,"GUI Update",0.0181000009
4857.6005,305,1,"Frustum Culling",0.0395000018
4857.6023,305,1,"Animations",9.99999975e-05
4857.6042,305,1,"Spring Dependencies",0.000199999995
4857.7018,305,1,"GUI Render",0.0405000001
4857.7037,305,1,"Physics",0.00310000009
4857.7057,305,1,"Update",0.161500007
4857.7075,305,1,"Fixed Update",0.00190000003
4857.7093,305,1,"Spline Update",9.99999975e-05
4857.7113,305,1,"Compose",0.385500014
4857.713,305,1,"Update Buffers (CPU)",0.0544999987
4857.939,306,1,"RenderPath3D Update",0.1302
4857.9437,306,1,"Application Update",0.1455
4858.1742,306,1,"Application Render",0.2284
4858.5714,306,1,"Application Compose",0.3815
4864.4696,306,1,"SubmitCommandLists",5.8904
4864.4955,306,1,"Shadowmap packing",9.99999975e-05
4864.4986,306,1,"Render",0.228100002
4864.5007,306,1,"Procedural Animations",0.000600000028
4864.503,306,1,"Script Components",0
4864.5055,306,1,"CPU Frame",1.00329995
4864.5075,306,1,"Input",0.0804999992
4864.5096,306,1,"GUI Update",0.0156999994
4864.5114,306,1,"Frustum Culling",0.0405000001
4864.5132,306,1,"Animations",0
4864.5149,306,1,"Spring Dependencies",9.99999975e-05
4864.5171,306,1,"GUI Render",0.0436000004
4864.5189,306,1,"Physics",0.00039999999
4864.521,306,1,"Update",0.145400003
4864.5228,306,1,"Fixed Update",9.99999975e-05
4864.5246,306,1,"Spline Update",9.99999975e-05
4864.5265,306,1,"Compose",0.381300002
4864.5283,306,1,"Update Buffers (CPU)",0.0379000008
4864.7562,307,1,"RenderPath3D Update",0.1275
4864.7617,307,1,"Application Update",0.1443
4865.0493,307,1,"Application Render",0.2854
4865.4673,307,1,"Application Compose",0.3997
4871.3784,307,1,"SubmitCommandLists",5.9026
4871.4069,307,1,"Shadowmap packing",9.99999975e-05
4871.4097,307,1,"Render",0.285299987
4871.4117,307,1,"Procedural Animations",0.000500000024
4871.4138,307,1,"Script Components",9.99999975e-05
4871.4173,307,1,"CPU Frame",0.990700006
4871.4191,307,1,"Input",0.0847000033
4871.4248,307,1,"GUI Update",0.0163000003
4871.4349,307,1,"Frustum Culling",0.0491000004
4871.4368,307,1,"Animations",9.99999975e-05
4871.4386,307,1,"Spring Dependencies",9.99999975e-05
4871.4405,307,1,"GUI Render",0.0456000008
4871.4423,307,1,"Physics",0.000300000014
4871.4441,307,1,"Update",0.143999994
4871.4458,307,1,"Fixed Update",0
4871.4477,307,1,"Spline Update",0.000300000014
4871.4496,307,1,"Compose",0.399399996
4871.4514,307,1,"Update Buffers (CPU)",0.0384000018
4871.6629,308,1,"RenderPath3D Update",0.1022
4871.6673,308,1,"Application Update",0.1168
4871.9318,308,1,"Application Render",0.2624
4872.3414,308,1,"Application Compose",0.3757
4878.4714,308,1,"SubmitCommandLists",6.1227
4878.4988,308,1,"Shadowmap packing",9.99999975e-05
4878.5023,308,1,"Render",0.262199998
4878.5044,308,1,"Procedural Animations",0.00039999999
4878.5072,308,1,"Script Components",0
4878.5096,308,1,"CPU Frame",0.951499999
4878.5115,308,1,"Input",0.0932999998
4878.5137,308,1,"GUI Update",0.0160000008
4878.5155,308,1,"Frustum Culling",0.0401000008
4878.5174,308,1,"Animations",9.99999975e-05
4878.5192,308,1,"Spring Dependencies",0.000199999995
4878.5213,308,1,"GUI Render",0.0471000001
4878.5231,308,1,"Physics",0.00319999992
4878.5249,308,1,"Update",0.116599999
4878.5266,308,1,"Fixed Update",0.00159999996
4878.5284,308,1,"Spline Update",9.99999975e-05
4878.5303,308,1,"Compose",0.375499994
4878.5321,308,1,"Update Buffers (CPU)",0.0540000014
4878.7812,309,1,"RenderPath3D Update",0.1372
4878.7864,309,1,"Application Update",0.1558
4879.0218,309,1,"Application Render",0.2323
4879.4175,309,1,"Application Compose",0.3799
4885.3214,309,1,"SubmitCommandLists",5.8954
4885.3718,309,1,"Shadowmap packing",0.000199999995
4885.3748,309,1,"Render",0.232099995
4885.3768,309,1,"Procedural Animations",0.000500000024
4885.3791,309,1,"Script Components",9.99999975e-05
4885.3822,309,1,"CPU Frame",0.940299988
4885.3842,309,1,"Input",0.0935000032
4885.3867,309,1,"GUI Update",0.0179999992
4885.3886,309,1,"Frustum Culling",0.0454999991
4885.3905,309,1,"Animations",9.99999975e-05
4885.3923,309,1,"Spring Dependencies",9.99999975e-05
4885.3943,309,1,"GUI Render",0.0430000015
4885.3962,309,1,"Physics",0.000500000024
4885.398,309,1,"Update",0.155699998
4885.3999,309,1,"Fixed Update",9.99999975e-05
4885.4017,309,1,"Spline Update",9.99999975e-05
4885.5257,309,1,"Compose",0.379700005
4885.5284,309,1,"Update Buffers (CPU)",0.0443999991
4885.827,310,1,"RenderPath3D Update",0.1438
4885.8323,310,1,"Application Update",0.1671
4886.1582,310,1,"Application Render",0.3225
4886.5814,310,1,"Application Compose",0.3998
4892.3328,310,1,"SubmitCommandLists",5.7418
4892.3789,310,1,"Shadowmap packing",0.000199999995
4892.3818,310,1,"Render",0.3222
4892.3837,310,1,"Procedural Animations",0.00100000005
4892.3859,310,1,"Script Components",0.000199999995
4892.3883,310,1,"CPU Frame",1.24689996
4892.3902,310,1,"Input",0.124499999
4892.3929,310,1,"GUI Update",0.0236000009
4892.395,310,1,"Frustum Culling",0.0331999995
4892.4043,310,1,"Animations",9.99999975e-05
4892.4065,310,1,"Spring Dependencies",9.99999975e-05
4892.4088,310,1,"GUI Render",0.0476000011
4892.4105,310,1,"Physics",0.00590000022
4892.4123,310,1,"Update",0.166800007
4892.4141,310,1,"Fixed Update",0.00449999981
4892.4159,310,1,"Spline Update",0.000199999995
4892.4177,310,1,"Compose",0.399399996
4892.4196,310,1,"Update Buffers (CPU)",0.0615999997
4892.7233,311,1,"RenderPath3D Update",0.165
4892.7277,311,1,"Application Update",0.1911
4893.1023,311,1,"Application Render",0.3724
4893.5355,311,1,"Application Compose",0.3985
4899.1568,311,1,"SubmitCommandLists",5.6111
4899.1814,311,1,"Shadowmap packing",0.000300000014
4899.1843,311,1,"Render",0.372200012
4899.1864,311,1,"Procedural Animations",0.00109999999
4899.1886,311,1,"Script Components",0.000199999995
4899.1908,311,1,"CPU Frame",1.19159997
4899.1928,311,1,"Input",0.109700002
4899.1949,311,1,"GUI Update",0.0228000004
4899.1969,311,1,"Frustum Culling",0.0659999996
4899.1987,311,1,"Animations",9.99999975e-05
4899.2009,311,1,"Spring Dependencies",9.99999975e-05
4899.2029,311,1,"GUI Render",0.0639000013
4899.2046,311,1,"Physics",0.00079999998
4899.2064,311,1,"Update",0.190899998
4899.2082,311,1,"Fixed Update",9.99999975e-05
4899.21,311,1,"Spline Update",0.000199999995
4899.2119,311,1,"Compose",0.398099989
4899.2137,311,1,"Update Buffers (CPU)",0.0693000033
4899.7004,312,1,"RenderPath3D Update",0.2951
4899.7053,312,1,"Application Update",0.3125
4900.1507,312,1,"Application Render",0.4434
4900.5781,312,1,"Application Compose",0.3886
4906.0975,312,1,"SubmitCommandLists",5.5104
4906.1243,312,1,"Shadowmap packing",0.00039999999
4906.1278,312,1,"Render",0.443100005
4906.1298,312,1,"Procedural Animations",0.000699999975
4906.1323,312,1,"Script Components",9.99999975e-05
4906.1349,312,1,"CPU Frame",1.41680002
4906.1369,312,1,"Input",0.171599999
4906.1391,312,1,"GUI Update",0.0167999994
4906.1411,312,1,"Frustum Culling",0.176499993
4906.143,312,1,"Animations",9.99999975e-05
4906.145,312,1,"Spring Dependencies",9.99999975e-05
4906.147,312,1,"GUI Render",0.0452000014
4906.1488,312,1,"Physics",0.00400000019
4906.1507,312,1,"Update",0.312400013
4906.1525,312,1,"Fixed Update",0.00249999994
4906.1543,312,1,"Spline Update",0.000199999995
4906.1563,312,1,"Compose",0.388300002
4906.1581,312,1,"Update Buffers (CPU)",0.0436999984
4906.3517,313,1,"RenderPath3D Update",0.0762
4906.3566,313,1,"Application Update",0.0961
4906.6431,313,1,"Application Render",0.2844
4907.0579,313,1,"Application Compose",0.3885
4913.0457,313,1,"SubmitCommandLists",5.9791
4913.0858,313,1,"Shadowmap packing",9.99999975e-05
4913.0895,313,1,"Render",0.284200013
4913.0918,313,1,"Procedural Animations",0.000500000024
4913.0945,313,1,"Script Components",9.99999975e-05
4913.0968,313,1,"CPU Frame",0.95480001
4913.0988,313,1,"Input",0.0975999981
4913.1011,313,1,"GUI Update",0.0185000002
4913.1031,313,1,"Frustum Culling",0.0579000004
4913.1051,313,1,"Animations",9.99999975e-05
4913.1069,313,1,"Spring Dependencies",0.000199999995
4913.1089,313,1,"GUI Render",0.0579999983
4913.1107,313,1,"Physics",0.000500000024
4913.1124,313,1,"Update",0.0960000008
4913.1142,313,1,"Fixed Update",9.99999975e-05
4913.1159,313,1,"Spline Update",0.000199999995
4913.1177,313,1,"Compose",0.388099998
4913.1196,313,1,"Update Buffers (CPU)",0.0381999984
4913.3848,314,1,"RenderPath3D Update",0.1152
4913.3904,314,1,"Application Update",0.1441
4913.8453,314,1,"Application Render",0.3153
4914.2699,314,1,"Application Compose",0.4044
4919.9296,314,1,"SubmitCommandLists",5.6509
4919.9534,314,1,"Shadowmap packing",0.000300000014
4919.9565,314,1,"Render",0.314900011
4919.9588,314,1,"Procedural Animations",0.000899999985
4919.961,314,1,"Script Components",0.000199999995
4919.9634,314,1,"CPU Frame",1.21440005
4919.9653,314,1,"Input",0.120200001
4919.9674,314,1,"GUI Update",0.0221999995
4919.9693,314,1,"Frustum Culling",0.0724000037
4919.9711,314,1,"Animations",0
4919.9729,314,1,"Spring Dependencies",0.000199999995
4919.9749,314,1,"GUI Render",0.056499999
4919.9768,314,1,"Physics",0.00109999999
4919.9787,314,1,"Update",0.143700004
4919.9804,314,1,"Fixed Update",0
4919.982,314,1,"Spline Update",0.000199999995
4919.9839,314,1,"Compose",0.404100001
4919.9859,314,1,"Update Buffers (CPU)",0.0647
4920.1943,315,1,"RenderPath3D Update",0.0946
4920.1998,315,1,"Application Update",0.1124
4920.4916,315,1,"Application Render",0.2892
4920.8987,315,1,"Application Compose",0.3882
4926.8599,315,1,"SubmitCommandLists",5.9523
4926.8804,315,1,"Shadowmap packing",0.000199999995
4926.8832,315,1,"Render",0.289000005
4926.8851,315,1,"Procedural Animations",0.00039999999
4926.8873,315,1,"Script Components",9.99999975e-05
4926.8897,315,1,"CPU Frame",0.964600027
4926.8916,315,1,"Input",0.0945999995
4926.8936,315,1,"GUI Update",0.0179999992
4926.8954,315,1,"Frustum Culling",0.0434999987
4926.8971,315,1,"Animations",0
4926.8989,315,1,"Spring Dependencies",9.99999975e-05
4926.9009,315,1,"GUI Render",0.0463999994
4926.9026,315,1,"Physics",0.00400000019
4926.9045,315,1,"Update",0.112300001
4926.9062,315,1,"Fixed Update",0.00219999999
4926.9079,315,1,"Spline Update",0.000199999995
4926.9097,315,1,"Compose",0.387899995
4926.9115,315,1,"Update Buffers (CPU)",0.0599999987
4927.1812,316,1,"RenderPath3D Update",0.1283
4927.1849,316,1,"Application Update",0.1648
4927.4689,316,1,"Application Render",0.282
4927.884,316,1,"Application Compose",0.3976
4933.8432,316,1,"SubmitCommandLists",5.9513
4933.8675,316,1,"Shadowmap packing",9.99999975e-05
4933.8703,316,1,"Render",0.281800002
4933.8722,316,1,"Procedural Animations",0.000500000024
4933.8743,316,1,"Script Components",9.99999975e-05
4933.8765,316,1,"CPU Frame",1.02110004
4933.8783,316,1,"Input",0.104099996
4933.8803,316,1,"GUI Update",0.0166999996
4933.8823,316,1,"Frustum Culling",0.0419000015
4933.884,316,1,"Animations",9.99999975e-05
4933.8859,316,1,"Spring Dependencies",9.99999975e-05
4933.8878,316,1,"GUI Render",0.0551999994
4933.8895,316,1,"Physics",0.000600000028
4933.8912,316,1,"Update",0.1646
4933.893,316,1,"Fixed Update",0
4933.8948,316,1,"Spline Update",9.99999975e-05
4933.8966,316,1,"Compose",0.397399992
4933.8985,316,1,"Update Buffers (CPU)",0.0472999997
4934.2983,317,1,"RenderPath3D Update",0.1407
4934.3041,317,1,"Application Update",0.2831
4934.5948,317,1,"Application Render",0.2884
4935.0042,317,1,"Application Compose",0.3771
4940.7662,317,1,"SubmitCommandLists",5.7535
4940.7981,317,1,"Shadowmap packing",0.000199999995
4940.8016,317,1,"Render",0.288199991
4940.8036,317,1,"Procedural Animations",0.000500000024
4940.806,317,1,"Script Components",9.99999975e-05
4940.8089,317,1,"CPU Frame",1.15530002
4940.8109,317,1,"Input",0.104599997
4940.8132,317,1,"GUI Update",0.0392000005
4940.8152,317,1,"Frustum Culling",0.0395000018
4940.8172,317,1,"Animations",9.99999975e-05
4940.819,317,1,"Spring Dependencies",9.99999975e-05
4940.8212,317,1,"GUI Render",0.0485000014
4940.8231,317,1,"Physics",0.00319999992
4940.825,317,1,"Update",0.282999992
4940.8268,317,1,"Fixed Update",0.0119000003
4940.8287,317,1,"Spline Update",0.000300000014
4940.8307,317,1,"Compose",0.376800001
4940.8326,317,1,"Update Buffers (CPU)",0.0375999995
4941.0856,318,1,"RenderPath3D Update",0.1306
4941.0916,318,1,"Application Update",0.1532
4941.3622,318,1,"Application Render",0.2676
4941.7768,318,1,"Application Compose",0.3908
4947.8753,318,1,"SubmitCommandLists",6.089
4947.9762,318,1,"Shadowmap packing",0.000199999995
4947.9801,318,1,"Render",0.267399997
4947.9823,318,1,"Procedural Animations",0.000699999975
4948.1044,318,1,"Script Components",9.99999975e-05
4948.1093,318,1,"CPU Frame",1.00279999
4948.1115,318,1,"Input",0.100199997
4948.1146,318,1,"GUI Update",0.0206000004
4948.1173,318,1,"Frustum Culling",0.0379000008
4948.1194,318,1,"Animations",9.99999975e-05
4948.1218,318,1,"Spring Dependencies",9.99999975e-05
4948.1243,318,1,"GUI Render",0.0507999994
4948.1261,318,1,"Physics",0.000600000028
4948.128,318,1,"Update",0.152999997
4948.1302,318,1,"Fixed Update",9.99999975e-05
4948.1319,318,1,"Spline Update",0.000199999995
4948.1338,318,1,"Compose",0.390599996
4948.1362,318,1,"Update Buffers (CPU)",0.0500999987
4948.482,319,1,"RenderPath3D Update",0.1389
4948.4868,319,1,"Application Update",0.1816
4948.9233,319,1,"Application Render",0.4342
4949.5211,319,1,"Application Compose",0.5607
4954.7515,319,1,"SubmitCommandLists",5.214
4954.7934,319,1,"Shadowmap packing",0.000300000014
4954.7968,319,1,"Render",0.433699995
4954.7989,319,1,"Procedural Animations",0.00120000006
4954.8012,319,1,"Script Components",0.000199999995
4954.804,319,1,"CPU Frame",1.61759996
4954.8062,319,1,"Input",0.155599996
4954.8083,319,1,"GUI Update",0.0326000005
4954.8107,319,1,"Frustum Culling",0.0472000018
4954.8127,319,1,"Animations",9.99999975e-05
4954.815,319,1,"Spring Dependencies",0.000300000014
4954.8174,319,1,"GUI Render",0.0825000033
4954.8192,319,1,"Physics",0.0013
4954.821,319,1,"Update",0.181299999
4954.8228,319,1,"Fixed Update",9.99999975e-05
4954.8246,319,1,"Spline Update",0.00039999999
4954.8265,319,1,"Compose",0.560299993
4954.8364,319,1,"Update Buffers (CPU)",0.105999999
4955.1887,320,1,"RenderPath3D Update",0.1709
4955.193,320,1,"Application Update",0.2116
4955.5582,320,1,"Application Render",0.363
4955.9821,320,1,"Application Compose",0.3963
4961.687,320,1,"SubmitCommandLists",5.6799
4961.7121,320,1,"Shadowmap packing",0.000300000014
4961.7151,320,1,"Render",0.362699986
4961.7171,320,1,"Procedural Animations",0.00109999999
4961.7193,320,1,"Script Components",9.99999975e-05
4961.7221,320,1,"CPU Frame",1.21759999
4961.7241,320,1,"Input",0.134100005
4961.7261,320,1,"GUI Update",0.0239000004
4961.7281,320,1,"Frustum Culling",0.0419999994
4961.73,320,1,"Animations",9.99999975e-05
4961.7319,320,1,"Spring Dependencies",0.000199999995
4961.7341,320,1,"GUI Render",0.063500002
4961.736,320,1,"Physics",0.00600000005
4961.7378,320,1,"Update",0.211400002
4961.7395,320,1,"Fixed Update",0.00439999998
4961.7414,320,1,"Spline Update",0.000199999995
4961.7432,320,1,"Compose",0.395999998
4961.7451,320,1,"Update Buffers (CPU)",0.069600001
4962.0548,321,1,"RenderPath3D Update",0.1473
4962.0584,321,1,"Application Update",0.1674
4962.3429,321,1,"Application Render",0.2825
4962.7463,321,1,"Application Compose",0.3832
4968.5669,321,1,"SubmitCommandLists",5.8118
4968.5896,321,1,"Shadowmap packing",9.99999975e-05
4968.5927,321,1,"Render",0.282200009
4968.5947,321,1,"Procedural Animations",0.000600000028
4968.597,321,1,"Script Components",0.000199999995
4968.5994,321,1,"CPU Frame",1.05519998
4968.6014,321,1,"Input",0.140599996
4968.6034,321,1,"GUI Update",0.0184000004
4968.6053,321,1,"Frustum Culling",0.0419999994
4968.6073,321,1,"Animations",9.99999975e-05
4968.6091,321,1,"Spring Dependencies",0.000199999995
4968.6111,321,1,"GUI Render",0.0443999991
4968.613,321,1,"Physics",0.00079999998
4968.6149,321,1,"Update",0.167300001
4968.6166,321,1,"Fixed Update",0
4968.6185,321,1,"Spline Update",0.000199999995
4968.6204,321,1,"Compose",0.382999986
4968.6225,321,1,"Update Buffers (CPU)",0.0546999983
4968.81,322,1,"RenderPath3D Update",0.0722
4968.814,322,1,"Application Update",0.0879
4969.0443,322,1,"Application Render",0.2277
4969.4606,322,1,"Application Compose",0.3877
4975.5485,322,1,"SubmitCommandLists",6.0788
4975.5705,322,1,"Shadowmap packing",0
4975.5732,322,1,"Render",0.227400005
4975.5751,322,1,"Procedural Animations",0.00039999999
4975.5773,322,1,"Script Components",9.99999975e-05
4975.5797,322,1,"CPU Frame",0.890799999
4975.5817,322,1,"Input",0.0966000035
4975.5837,322,1,"GUI Update",0.0168999992
4975.5855,322,1,"Frustum Culling",0.00480000023
4975.6646,322,1,"Animations",9.99999975e-05
4975.6676,322,1,"Spring Dependencies",0.000199999995
4975.6697,322,1,"GUI Render",0.0573999994
4975.6715,322,1,"Physics",0.0046000001
4975.6733,322,1,"Update",0.0878000036
4975.675,322,1,"Fixed Update",0.00249999994
4975.6771,322,1,"Spline Update",9.99999975e-05
4975.679,322,1,"Compose",0.387400001
4975.6809,322,1,"Update Buffers (CPU)",0.0482000001
4975.9221,323,1,"RenderPath3D Update",0.1361
4975.926,323,1,"Application Update",0.1521
4976.1815,323,1,"Application Render",0.2533
4976.5793,323,1,"Application Compose",0.3802
4982.4557,323,1,"SubmitCommandLists",5.8689
4982.4804,323,1,"Shadowmap packing",0.000199999995
4982.4833,323,1,"Render",0.253199995
4982.4855,323,1,"Procedural Animations",0.000500000024
4982.4876,323,1,"Script Components",0
4982.4905,323,1,"CPU Frame",1.02750003
4982.4925,323,1,"Input",0.0886999965
4982.4946,323,1,"GUI Update",0.0159000009
4982.4965,323,1,"Frustum Culling",0.0531000011
4982.4983,323,1,"Animations",9.99999975e-05
4982.5004,323,1,"Spring Dependencies",9.99999975e-05
4982.5024,323,1,"GUI Render",0.0379999988
4982.5042,323,1,"Physics",0.000600000028
4982.5061,323,1,"Update",0.151899993
4982.5079,323,1,"Fixed Update",9.99999975e-05
4982.5096,323,1,"Spline Update",9.99999975e-05
4982.5115,323,1,"Compose",0.379799992
4982.5133,323,1,"Update Buffers (CPU)",0.0461000018
4982.7561,324,1,"RenderPath3D Update",0.1295
4982.7617,324,1,"Application Update",0.1462
4982.9912,324,1,"Application Render",0.2269
4983.3888,324,1,"Application Compose",0.3812
4989.4351,324,1,"SubmitCommandLists",6.039
4989.4576,324,1,"Shadowmap packing",0.000199999995
4989.4605,324,1,"Render",0.226600006
4989.4624,324,1,"Procedural Animations",0.000500000024
4989.4646,324,1,"Script Components",0
4989.4669,324,1,"CPU Frame",0.927399993
4989.4687,324,1,"Input",0.0957999974
4989.4708,324,1,"GUI Update",0.0164999999
4989.4726,324,1,"Frustum Culling",0.0524000004
4989.4744,324,1,"Animations",9.99999975e-05
4989.4765,324,1,"Spring Dependencies",9.99999975e-05
4989.4785,324,1,"GUI Render",0.0551000014
4989.4803,324,1,"Physics",0.00380000006
4989.4822,324,1,"Update",0.145999998
4989.4839,324,1,"Fixed Update",0.00190000003
4989.4857,324,1,"Spline Update",9.99999975e-05
4989.4876,324,1,"Compose",0.380899996
4989.4894,324,1,"Update Buffers (CPU)",0.0456999987
4989.6559,325,1,"RenderPath3D Update",0.0578
4989.6604,325,1,"Application Update",0.0737
4989.8732,325,1,"Application Render",0.2108
4990.2691,325,1,"Application Compose",0.3777
4996.3571,325,1,"SubmitCommandLists",6.081
4996.3771,325,1,"Shadowmap packing",9.99999975e-05
4996.38,325,1,"Render",0.210700005
4996.382,325,1,"Procedural Animations",0.00039999999
4996.3844,325,1,"Script Components",0
4996.3868,325,1,"CPU Frame",0.83039999
4996.3887,325,1,"Input",0.0927999988
4996.3907,325,1,"GUI Update",0.0164000001
4996.3925,325,1,"Frustum Culling",0.00260000001
4996.3944,325,1,"Animations",9.99999975e-05
4996.3962,325,1,"Spring Dependencies",9.99999975e-05
4996.3982,325,1,"GUI Render",0.0394000001
4996.4,325,1,"Physics",0.000300000014
4996.4019,325,1,"Update",0.0734999999
4996.4037,325,1,"Fixed Update",9.99999975e-05
4996.4055,325,1,"Spline Update",9.99999975e-05
4996.4073,325,1,"Compose",0.377400011
4996.4091,325,1,"Update Buffers (CPU)",0.0436000004
4996.6443,326,1,"RenderPath3D Update",0.1349
4996.6483,326,1,"Application Update",0.1497
4996.9152,326,1,"Application Render",0.2649
4997.3142,326,1,"Application Compose",0.3814
5003.2992,326,1,"SubmitCommandLists",5.9767
5003.3302,326,1,"Shadowmap packing",9.99999975e-05
5003.3334,326,1,"Render",0.264699996
5003.3354,326,1,"Procedural Animations",0.00039999999
5003.3378,326,1,"Script Components",9.99999975e-05
5003.3401,326,1,"CPU Frame",0.95450002
5003.342,326,1,"Input",0.0851999968
5003.3444,326,1,"GUI Update",0.0159000009
5003.3463,326,1,"Frustum Culling",0.0555999987
5003.3482,326,1,"Animations",9.99999975e-05
5003.3501,326,1,"Spring Dependencies",9.99999975e-05
5003.3522,326,1,"GUI Render",0.0351999998
5003.354,326,1,"Physics",0.000300000014
5003.3559,326,1,"Update",0.149499997
5003.3882,326,1,"Fixed Update",9.99999975e-05
5003.3903,326,1,"Spline Update",9.99999975e-05
5003.3921,326,1,"Compose",0.381099999
5003.3941,326,1,"Update Buffers (CPU)",0.0299999993
5003.6501,327,1,"RenderPath3D Update",0.138
5003.655,327,1,"Application Update",0.1533
5003.9677,327,1,"Application Render",0.3092
5004.3726,327,1,"Application Compose",0.386
5010.2526,327,1,"SubmitCommandLists",5.8715
5010.2752,327,1,"Shadowmap packing",0.000199999995
5010.278,327,1,"Render",0.308999985
5010.2801,327,1,"Procedural Animations",0.000500000024
5010.2823,327,1,"Script Components",0
5010.2847,327,1,"CPU Frame",1.06159997
5010.2868,327,1,"Input",0.1017
5010.2889,327,1,"GUI Update",0.0165999997
5010.2909,327,1,"Frustum Culling",0.0436999984
5010.2927,327,1,"Animations",9.99999975e-05
5010.2948,327,1,"Spring Dependencies",9.99999975e-05
5010.2969,327,1,"GUI Render",0.0377000012
5010.2987,327,1,"Physics",0.00270000007
5010.3006,327,1,"Update",0.152999997
5010.3024,327,1,"Fixed Update",0.00139999995
5010.3042,327,1,"Spline Update",9.99999975e-05
5010.3061,327,1,"Compose",0.385699987
5010.3079,327,1,"Update Buffers (CPU)",0.0408999994
5010.5567,328,1,"RenderPath3D Update",0.1409
5010.5613,328,1,"Application Update",0.1585
5010.7986,328,1,"Application Render",0.2352
5011.2143,328,1,"Application Compose",0.3865
5017.1226,328,1,"SubmitCommandLists",5.9
5017.1445,328,1,"Shadowmap packing",9.99999975e-05
5017.1477,328,1,"Render",0.234999999
5017.1497,328,1,"Procedural Animations",0.000500000024
5017.152,328,1,"Script Components",9.99999975e-05
5017.1545,328,1,"CPU Frame",0.958400011
5017.1563,328,1,"Input",0.0904999971
5017.1583,328,1,"GUI Update",0.0166999996
5017.1602,328,1,"Frustum Culling",0.0439000018
5017.1621,328,1,"Animations",9.99999975e-05
5017.1639,328,1,"Spring Dependencies",9.99999975e-05
5017.1658,328,1,"GUI Render",0.0430999994
5017.1675,328,1,"Physics",0.00039999999
5017.1694,328,1,"Update",0.158299997
5017.1711,328,1,"Fixed Update",9.99999975e-05
5017.1729,328,1,"Spline Update",0.000199999995
5017.1747,328,1,"Compose",0.386200011
5017.1765,328,1,"Update Buffers (CPU)",0.0337999985
5017.4393,329,1,"RenderPath3D Update",0.1522
5017.4432,329,1,"Application Update",0.1677
5017.6903,329,1,"Application Render",0.245
5018.1046,329,1,"Application Compose",0.3877
5024.7135,329,1,"SubmitCommandLists",6.6004
5024.743,329,1,"Shadowmap packing",0.000199999995
5024.7461,329,1,"Render",0.2447
5024.7481,329,1,"Procedural Animations",0.00039999999
5024.7504,329,1,"Script Components",9.99999975e-05
5024.753,329,1,"CPU Frame",0.978900015
5024.755,329,1,"Input",0.0923999995
5024.7572,329,1,"GUI Update",0.0174000002
5024.7593,329,1,"Frustum Culling",0.0535999984
5024.7612,329,1,"Animations",9.99999975e-05
5024.763,329,1,"Spring Dependencies",0.000199999995
5024.7651,329,1,"GUI Render",0.0436999984
5024.7669,329,1,"Physics",0.00340000005
5024.7688,329,1,"Update",0.167600006
5024.7706,329,1,"Fixed Update",0.00200000009
5024.7724,329,1,"Spline Update",0.000199999995
5024.7743,329,1,"Compose",0.387400001
5024.7763,329,1,"Update Buffers (CPU)",0.0498000011
5025.0156,330,1,"RenderPath3D Update",0.1227
5025.02,330,1,"Application Update",0.142
5025.3255,330,1,"Application Render",0.3032
5025.7442,330,1,"Application Compose",0.3904
5031.7017,330,1,"SubmitCommandLists",5.948
5031.7301,330,1,"Shadowmap packing",9.99999975e-05
5031.7332,330,1,"Render",0.302899987
5031.7353,330,1,"Procedural Animations",0.000500000024
5031.7377,330,1,"Script Components",0
5031.7399,330,1,"CPU Frame",1.02400005
5031.7418,330,1,"Input",0.0966000035
5031.744,330,1,"GUI Update",0.0198999997
5031.746,330,1,"Frustum Culling",0.0566999987
5031.748,330,1,"Animations",9.99999975e-05
5031.7499,330,1,"Spring Dependencies",9.99999975e-05
5031.7519,330,1,"GUI Render",0.0450999998
5031.7537,330,1,"Physics",0.000600000028
5031.7556,330,1,"Update",0.141900003
5031.7573,330,1,"Fixed Update",9.99999975e-05
5031.7591,330,1,"Spline Update",0.000300000014
5031.761,330,1,"Compose",0.390100002
5031.7628,330,1,"Update Buffers (CPU)",0.0593000017
5032.1117,331,1,"RenderPath3D Update",0.2339
5032.1208,331,1,"Application Update",0.2541
5032.4976,331,1,"Application Render",0.3436
5032.9007,331,1,"Application Compose",0.3845
5038.9783,331,1,"SubmitCommandLists",6.069
5039.0022,331,1,"Shadowmap packing",0.000300000014
5039.0051,331,1,"Render",0.343199998
5039.007,331,1,"Procedural Animations",0.000600000028
5039.0092,331,1,"Script Components",9.99999975e-05
5039.0117,331,1,"CPU Frame",1.19029999
5039.0137,331,1,"Input",0.0974000022
5039.0158,331,1,"GUI Update",0.0193000007
5039.0177,331,1,"Frustum Culling",0.101099998
5039.0195,331,1,"Animations",0.000199999995
5039.0214,331,1,"Spring Dependencies",9.99999975e-05
5039.0234,331,1,"GUI Render",0.0412000008
5039.0251,331,1,"Physics",0.00359999994
5039.027,331,1,"Update",0.253899992
5039.0287,331,1,"Fixed Update",0.00209999993
5039.0305,331,1,"Spline Update",0.000199999995
5039.0324,331,1,"Compose",0.384299994
5039.0342,331,1,"Update Buffers (CPU)",0.0472000018
5039.2771,332,1,"RenderPath3D Update",0.1383
5039.2812,332,1,"Application Update",0.1547
5039.5324,332,1,"Application Render",0.2491
5039.934,332,1,"Application Compose",0.3827
5045.909,332,1,"SubmitCommandLists",5.967
5045.9365,332,1,"Shadowmap packing",9.99999975e-05
5045.9396,332,1,"Render",0.248899996
5045.9418,332,1,"Procedural Animations",0.00039999999
5045.9441,332,1,"Script Components",9.99999975e-05
5045.9464,332,1,"CPU Frame",0.950200021
5045.9482,332,1,"Input",0.0878999978
5045.9503,332,1,"GUI Update",0.0167999994
5045.9522,332,1,"Frustum Culling",0.0425999984
5045.954,332,1,"Animations",9.99999975e-05
5045.9558,332,1,"Spring Dependencies",9.99999975e-05
5045.9578,332,1,"GUI Render",0.0434000008
5045.9596,332,1,"Physics",0.00039999999
5045.9614,332,1,"Update",0.154499993
5045.9631,332,1,"Fixed Update",0
5045.965,332,1,"Spline Update",0.000199999995
5045.967,332,1,"Compose",0.382400006
5045.9688,332,1,"Update Buffers (CPU)",0.0403999984
5046.219,333,1,"RenderPath3D Update",0.1448
5046.2228,333,1,"Application Update",0.1608
5046.4996,333,1,"Application Render",0.2747
5046.9255,333,1,"Application Compose",0.4057
5052.9157,333,1,"SubmitCommandLists",5.9811
5052.9543,333,1,"Shadowmap packing",0.000199999995
5052.9576,333,1,"Render",0.274500012
5052.9598,333,1,"Procedural Animations",0.00039999999
5052.962,333,1,"Script Components",0.000199999995
5052.9644,333,1,"CPU Frame",1.01259995
5052.9664,333,1,"Input",0.0885000005
5052.9689,333,1,"GUI Update",0.0173000004
5052.9708,333,1,"Frustum Culling",0.0504000001
5052.9728,333,1,"Animations",9.99999975e-05
5052.9751,333,1,"Spring Dependencies",9.99999975e-05
5052.9772,333,1,"GUI Render",0.0794999972
5052.979,333,1,"Physics",0.000500000024
5052.9812,333,1,"Update",0.160600007
5052.9831,333,1,"Fixed Update",9.99999975e-05
5052.9849,333,1,"Spline Update",0.000600000028
5052.9868,333,1,"Compose",0.405400008
5052.9887,333,1,"Update Buffers (CPU)",0.0458999984
5053.2867,334,1,"RenderPath3D Update",0.1684
5053.2909,334,1,"Application Update",0.1888
5053.5549,334,1,"Application Render",0.2619
5053.9647,334,1,"Application Compose",0.3913
5059.9523,334,1,"SubmitCommandLists",5.9787
5059.9968,334,1,"Shadowmap packing",0.000199999995
5060,334,1,"Render",0.261500001
5060.0021,334,1,"Procedural Animations",0.000699999975
5060.0043,334,1,"Script Components",9.99999975e-05
5060.007,334,1,"CPU Frame",1.03789997
5060.0091,334,1,"Input",0.104800001
5060.0115,334,1,"GUI Update",0.0216000006
5060.0136,334,1,"Frustum Culling",0.0414000005
5060.0155,334,1,"Animations",9.99999975e-05
5060.0173,334,1,"Spring Dependencies",0.000199999995
5060.0195,334,1,"GUI Render",0.0449000001
5060.0212,334,1,"Physics",0.00529999984
5060.0232,334,1,"Update",0.188700005
5060.025,334,1,"Fixed Update",0.00240000011
5060.0268,334,1,"Spline Update",0.000300000014
5060.0287,334,1,"Compose",0.391200006
5060.0305,334,1,"Update Buffers (CPU)",0.0590000004
5060.3199,335,1,"RenderPath3D Update",0.1574
5060.3237,335,1,"Application Update",0.1814
5060.6561,335,1,"Application Render",0.3303
5061.0922,335,1,"Application Compose",0.4131
5066.8277,335,1,"SubmitCommandLists",5.7263
5066.8599,335,1,"Shadowmap packing",0.000199999995
5066.889,335,1,"Render",0.330000013
5066.8915,335,1,"Procedural Animations",0.000899999985
5066.8939,335,1,"Script Components",0.000199999995
5066.8964,335,1,"CPU Frame",1.13
5066.8984,335,1,"Input",0.104699999
5066.9006,335,1,"GUI Update",0.0225000009
5066.9027,335,1,"Frustum Culling",0.0443000011
5066.9046,335,1,"Animations",0
5066.9065,335,1,"Spring Dependencies",9.99999975e-05
5066.9091,335,1,"GUI Render",0.0837000012
5066.9109,335,1,"Physics",0.00100000005
5066.9128,335,1,"Update",0.181199998
5066.9146,335,1,"Fixed Update",0
5066.9164,335,1,"Spline Update",0.000199999995
5066.9183,335,1,"Compose",0.412800014
5066.9203,335,1,"Update Buffers (CPU)",0.0705000013
5067.2592,336,1,"RenderPath3D Update",0.1345
5067.2638,336,1,"Application Update",0.2324
5067.5524,336,1,"Application Render",0.2863
5067.9764,336,1,"Application Compose",0.3949
5073.7947,336,1,"SubmitCommandLists",5.8087
5073.8323,336,1,"Shadowmap packing",0.000199999995
5073.8355,336,1,"Render",0.285899997
5073.8375,336,1,"Procedural Animations",0.000600000028
5073.8398,336,1,"Script Components",9.99999975e-05
5073.8429,336,1,"CPU Frame",1.13929999
5073.8449,336,1,"Input",0.1021
5073.8473,336,1,"GUI Update",0.0234999992
5073.8493,336,1,"Frustum Culling",0.0491000004
5073.8511,336,1,"Animations",9.99999975e-05
5073.8529,336,1,"Spring Dependencies",0.000199999995
5073.8552,336,1,"GUI Render",0.0476000011
5073.8569,336,1,"Physics",0.00490000006
5073.8589,336,1,"Update",0.232099995
5073.8607,336,1,"Fixed Update",0.00380000006
5073.8626,336,1,"Spline Update",0.000199999995
5073.8644,336,1,"Compose",0.394600004
5073.8664,336,1,"Update Buffers (CPU)",0.0430999994
5074.3119,337,1,"RenderPath3D Update",0.1299
5074.3166,337,1,"Application Update",0.1914
5074.7815,337,1,"Application Render",0.4628
5075.2183,337,1,"Application Compose",0.4119
5080.6028,337,1,"SubmitCommandLists",5.3745
5080.6537,337,1,"Shadowmap packing",0.000300000014
5080.6573,337,1,"Render",0.462599993
5080.6594,337,1,"Procedural Animations",0.00079999998
5080.6616,337,1,"Script Components",0.000199999995
5080.6643,337,1,"CPU Frame",1.41670001
5080.6662,337,1,"Input",0.248600006
5080.6685,337,1,"GUI Update",0.0209999997
5080.6706,337,1,"Frustum Culling",0.0491000004
5080.6724,337,1,"Animations",9.99999975e-05
5080.6746,337,1,"Spring Dependencies",0.000199999995
5080.6767,337,1,"GUI Render",0.1193
5080.6785,337,1,"Physics",0.00079999998
5080.6803,337,1,"Update",0.191100001
5080.682,337,1,"Fixed Update",0
5080.684,337,1,"Spline Update",0.00039999999
5080.6859,337,1,"Compose",0.411599994
5080.6878,337,1,"Update Buffers (CPU)",0.0962999985
5081.0017,338,1,"RenderPath3D Update",0.1537
5081.0076,338,1,"Application Update",0.1842
5081.3246,338,1,"Application Render",0.3148
5081.787,338,1,"Application Compose",0.4393
5087.7045,338,1,"SubmitCommandLists",5.9074
5087.7704,338,1,"Shadowmap packing",0.000199999995
5087.7742,338,1,"Render",0.314599991
5087.7762,338,1,"Procedural Animations",0.00150000001
5087.7788,338,1,"Script Components",9.99999975e-05
5087.782,338,1,"CPU Frame",1.16910005
5087.7841,338,1,"Input",0.127599999
5087.7867,338,1,"GUI Update",0.0242999997
5087.7887,338,1,"Frustum Culling",0.0368999988
5087.7906,338,1,"Animations",9.99999975e-05
5087.7924,338,1,"Spring Dependencies",0.000199999995
5087.795,338,1,"GUI Render",0.0559
5087.7969,338,1,"Physics",0.00100000005
5087.7987,338,1,"Update",0.184
5087.8006,338,1,"Fixed Update",9.99999975e-05
5087.8025,338,1,"Spline Update",0.000199999995
5087.8043,338,1,"Compose",0.43900001
5087.8063,338,1,"Update Buffers (CPU)",0.0780000016
5088.1669,339,1,"RenderPath3D Update",0.1787
5088.1717,339,1,"Application Update",0.2047
5088.5305,339,1,"Application Render",0.3565
5088.9614,339,1,"Application Compose",0.4071
5094.3826,339,1,"SubmitCommandLists",5.4111
5094.4189,339,1,"Shadowmap packing",0.000199999995
5094.422,339,1,"Render",0.356299996
5094.4244,339,1,"Procedural Animations",0.0013
5094.4267,339,1,"Script Components",0.000199999995
5094.4292,339,1,"CPU Frame",1.2392
5094.4315,339,1,"Input",0.145799994
5094.4337,339,1,"GUI Update",0.0272000004
5094.4358,339,1,"Frustum Culling",0.0588999987
5094.4776,339,1,"Animations",0
5094.4797,339,1,"Spring Dependencies",0.000199999995
5094.482,339,1,"GUI Render",0.054299999
5094.4839,339,1,"Physics",0.00680000009
5094.4858,339,1,"Update",0.204600006
5094.4876,339,1,"Fixed Update",0.0057000001
5094.4895,339,1,"Spline Update",0.000300000014
5094.4915,339,1,"Compose",0.406699985
5094.4935,339,1,"Update Buffers (CPU)",0.0825000033
5094.8646,340,1,"RenderPath3D Update",0.2251
5094.8707,340,1,"Application Update",0.2529
5095.1689,340,1,"Application Render",0.2955
5095.6048,340,1,"Application Compose",0.399
5101.4894,340,1,"SubmitCommandLists",5.8744
5101.52,340,1,"Shadowmap packing",0.000300000014
5101.5231,340,1,"Render",0.29519999
5101.5252,340,1,"Procedural Animations",0.00139999995
5101.5275,340,1,"Script Components",0.000199999995
5101.53,340,1,"CPU Frame",1.21300006
5101.532,340,1,"Input",0.117700003
5101.5343,340,1,"GUI Update",0.116300002
5101.5361,340,1,"Frustum Culling",0.0383000001
5101.538,340,1,"Animations",9.99999975e-05
5101.5404,340,1,"Spring Dependencies",0.000199999995
5101.5424,340,1,"GUI Render",0.0485999994
5101.5442,340,1,"Physics",0.00100000005
5101.546,340,1,"Update",0.252700001
5101.5477,340,1,"Fixed Update",9.99999975e-05
5101.5496,340,1,"Spline Update",0.00039999999
5101.5515,340,1,"Compose",0.398600012
5101.5534,340,1,"Update Buffers (CPU)",0.0760999992
5101.8226,341,1,"RenderPath3D Update",0.1365
5101.8266,341,1,"Application Update",0.1563
5102.1863,341,1,"Application Render",0.3576
5102.645,341,1,"Application Compose",0.4218
5108.3486,341,1,"SubmitCommandLists",5.6941
5108.3835,341,1,"Shadowmap packing",9.99999975e-05
5108.3869,341,1,"Render",0.357300013
5108.3887,341,1,"Procedural Animations",0.00109999999
5108.3908,341,1,"Script Components",9.99999975e-05
5108.3932,341,1,"CPU Frame",1.14900005
5108.395,341,1,"Input",0.107299998
5108.3973,341,1,"GUI Update",0.0208999999
5108.3993,341,1,"Frustum Culling",0.0518999994
5108.4011,341,1,"Animations",9.99999975e-05
5108.403,341,1,"Spring Dependencies",0.000300000014
5108.4051,341,1,"GUI Render",0.0688000023
5108.4068,341,1,"Physics",0.00520000001
5108.4087,341,1,"Update",0.156200007
5108.4104,341,1,"Fixed Update",0.00289999996
5108.4122,341,1,"Spline Update",9.99999975e-05
5108.4139,341,1,"Compose",0.421000004
5108.4157,341,1,"Update Buffers (CPU)",0.0527000017
5108.6742,342,1,"RenderPath3D Update",0.1205
5108.6785,342,1,"Application Update",0.1451
5108.9841,342,1,"Application Render",0.3036
5109.4012,342,1,"Application Compose",0.3935
5115.3597,342,1,"SubmitCommandLists",5.9491
5115.4112,342,1,"Shadowmap packing",0.000199999995
5115.4145,342,1,"Render",0.30340001
5115.4166,342,1,"Procedural Animations",0.00109999999
5115.4189,342,1,"Script Components",9.99999975e-05
5115.422,342,1,"CPU Frame",1.04519999
5115.4241,342,1,"Input",0.111500002
5115.4264,342,1,"GUI Update",0.0270000007
5115.4285,342,1,"Frustum Culling",0.0458000004
5115.4305,342,1,"Animations",9.99999975e-05
5115.4323,342,1,"Spring Dependencies",0.000199999995
5115.4344,342,1,"GUI Render",0.0535000004
5115.4362,342,1,"Physics",0.00079999998
5115.4382,342,1,"Update",0.144899994
5115.4399,342,1,"Fixed Update",9.99999975e-05
5115.4417,342,1,"Spline Update",0.000199999995
5115.4436,342,1,"Compose",0.393099993
5115.4454,342,1,"Update Buffers (CPU)",0.0566000007
5115.7075,343,1,"RenderPath3D Update",0.1227
5115.7115,343,1,"Application Update",0.1451
5116.0428,343,1,"Application Render",0.3295
5116.4733,343,1,"Application Compose",0.4095
5122.2788,343,1,"SubmitCommandLists",5.7967
5122.3041,343,1,"Shadowmap packing",0.000199999995
5122.3072,343,1,"Render",0.329100013
5122.3092,343,1,"Procedural Animations",0.00100000005
5122.3115,343,1,"Script Components",0.000199999995
5122.3138,343,1,"CPU Frame",1.10070002
5122.3158,343,1,"Input",0.109200001
5122.3181,343,1,"GUI Update",0.0238000005
5122.32,343,1,"Frustum Culling",0.0467999987
5122.322,343,1,"Animations",9.99999975e-05
5122.3242,343,1,"Spring Dependencies",0.000300000014
5122.3264,343,1,"GUI Render",0.0834999979
5122.3282,343,1,"Physics",0.00579999993
5122.3692,343,1,"Update",0.144800007
5122.3713,343,1,"Fixed Update",0.00449999981
5122.3732,343,1,"Spline Update",9.99999975e-05
5122.375,343,1,"Compose",0.409200013
5122.3769,343,1,"Update Buffers (CPU)",0.0617000014
5122.5693,344,1,"RenderPath3D Update",0.0755
5122.5743,344,1,"Application Update",0.095
5122.8072,344,1,"Application Render",0.2309
5123.2093,344,1,"Application Compose",0.3847
5129.351,344,1,"SubmitCommandLists",6.1341
5129.3791,344,1,"Shadowmap packing",0.000199999995
5129.3821,344,1,"Render",0.230700001
5129.3843,344,1,"Procedural Animations",0.000699999975
5129.3864,344,1,"Script Components",9.99999975e-05
5129.3891,344,1,"CPU Frame",0.925599992
5129.391,344,1,"Input",0.0978000015
5129.3931,344,1,"GUI Update",0.0178999994
5129.395,344,1,"Frustum Culling",0.0320000015
5129.3969,344,1,"Animations",0
5129.3988,344,1,"Spring Dependencies",9.99999975e-05
5129.4008,344,1,"GUI Render",0.0485000014
5129.4026,344,1,"Physics",0.000600000028
5129.4044,344,1,"Update",0.0948000029
5129.4061,344,1,"Fixed Update",9.99999975e-05
5129.4079,344,1,"Spline Update",9.99999975e-05
5129.4097,344,1,"Compose",0.384499997
5129.4115,344,1,"Update Buffers (CPU)",0.0390000008
5129.6558,345,1,"RenderPath3D Update",0.066
5129.6604,345,1,"Application Update",0.0826
5129.9453,345,1,"Application Render",0.2813
5130.3656,345,1,"Application Compose",0.4002
5136.2771,345,1,"SubmitCommandLists",5.9033
5136.3109,345,1,"Shadowmap packing",9.99999975e-05
5136.3147,345,1,"Render",0.281100005
5136.3169,345,1,"Procedural Animations",0.00039999999
5136.3193,345,1,"Script Components",9.99999975e-05
5136.3217,345,1,"CPU Frame",1.00899994
5136.3237,345,1,"Input",0.153099999
5136.3258,345,1,"GUI Update",0.0175999999
5136.3277,345,1,"Frustum Culling",0.0351999998
5136.3295,345,1,"Animations",9.99999975e-05
5136.3312,345,1,"Spring Dependencies",9.99999975e-05
5136.3332,345,1,"GUI Render",0.0841000006
5136.335,345,1,"Physics",0.00039999999
5136.3369,345,1,"Update",0.0825000033
5136.3386,345,1,"Fixed Update",9.99999975e-05
5136.3403,345,1,"Spline Update",0.000199999995
5136.3422,345,1,"Compose",0.400000006
5136.3441,345,1,"Update Buffers (CPU)",0.0348999985
5136.5915,346,1,"RenderPath3D Update",0.1202
5136.5962,346,1,"Application Update",0.1391
5136.9267,346,1,"Application Render",0.3284
5137.3983,346,1,"Application Compose",0.4485
5143.173,346,1,"SubmitCommandLists",5.7648
5143.2122,346,1,"Shadowmap packing",0.000199999995
5143.2161,346,1,"Render",0.328200012
5143.2182,346,1,"Procedural Animations",0.00079999998
5143.2205,346,1,"Script Components",9.99999975e-05
5143.2234,346,1,"CPU Frame",1.11370003
5143.2254,346,1,"Input",0.104800001
5143.2277,346,1,"GUI Update",0.0197999999
5143.2297,346,1,"Frustum Culling",0.0425999984
5143.2316,346,1,"Animations",9.99999975e-05
5143.2335,346,1,"Spring Dependencies",9.99999975e-05
5143.2355,346,1,"GUI Render",0.0804999992
5143.2374,346,1,"Physics",0.00520000001
5143.2392,346,1,"Update",0.138999999
5143.241,346,1,"Fixed Update",0.00260000001
5143.2429,346,1,"Spline Update",0.000199999995
5143.2448,346,1,"Compose",0.446799994
5143.2469,346,1,"Update Buffers (CPU)",0.0623000003
5143.7346,347,1,"RenderPath3D Update",0.3301
5143.744,347,1,"Application Update",0.3631
5144.3298,347,1,"Application Render",0.5832
5144.7581,347,1,"Application Compose",0.3965
5151.8868,347,1,"SubmitCommandLists",7.1187
5151.9339,347,1,"Shadowmap packing",0.000300000014
5151.9374,347,1,"Render",0.582099974
5151.9395,347,1,"Procedural Animations",0.000699999975
5151.9419,347,1,"Script Components",0.000199999995
5151.9446,347,1,"CPU Frame",1.57420003
5151.9467,347,1,"Input",0.122699998
5151.949,347,1,"GUI Update",0.0229000002
5151.9511,347,1,"Frustum Culling",0.186399996
5151.953,347,1,"Animations",9.99999975e-05
5151.9553,347,1,"Spring Dependencies",0.000199999995
5151.9573,347,1,"GUI Render",0.0438000001
5151.9593,347,1,"Physics",0.000699999975
5151.961,347,1,"Update",0.362800002
5151.9628,347,1,"Fixed Update",9.99999975e-05
5151.9647,347,1,"Spline Update",0.000199999995
5151.9666,347,1,"Compose",0.396200001
5151.9684,347,1,"Update Buffers (CPU)",0.0804999992
5152.4246,348,1,"RenderPath3D Update",0.2701
5152.4337,348,1,"Application Update",0.2997
5152.8157,348,1,"Application Render",0.3793
5153.2654,348,1,"Application Compose",0.4002
5157.0769,348,1,"SubmitCommandLists",3.8021
5157.1037,348,1,"Shadowmap packing",0.00039999999
5157.1074,348,1,"Render",0.379099995
5157.1094,348,1,"Procedural Animations",0.00109999999
5157.1118,348,1,"Script Components",0.000199999995
5157.1141,348,1,"CPU Frame",1.3664
5157.116,348,1,"Input",0.113200001
5157.1182,348,1,"GUI Update",0.0226000007
5157.1201,348,1,"Frustum Culling",0.106899999
5157.1221,348,1,"Animations",9.99999975e-05
5157.1242,348,1,"Spring Dependencies",0.000199999995
5157.1264,348,1,"GUI Render",0.0527999997
5157.1282,348,1,"Physics",0.00490000006
5157.1301,348,1,"Update",0.299400002
5157.1318,348,1,"Fixed Update",0.00430000015
5157.1336,348,1,"Spline Update",0.000300000014
5157.1355,348,1,"Compose",0.400000006
5157.1374,348,1,"Update Buffers (CPU)",0.0612000003
5157.5196,349,1,"RenderPath3D Update",0.273
5157.5283,349,1,"Application Update",0.2958
5157.8822,349,1,"Application Render",0.3515
5158.3082,349,1,"Application Compose",0.406
5163.9492,349,1,"SubmitCommandLists",5.6338
5163.9697,349,1,"Shadowmap packing",9.99999975e-05
5163.9729,349,1,"Render",0.351099998
5163.9749,349,1,"Procedural Animations",0.000500000024
5163.9772,349,1,"Script Components",9.99999975e-05
5163.9794,349,1,"CPU Frame",1.22590005
5163.9813,349,1,"Input",0.0904000029
5163.9833,349,1,"GUI Update",0.0181000009
5163.9851,349,1,"Frustum Culling",0.0593999997
5163.9869,349,1,"Animations",9.99999975e-05
5163.9886,349,1,"Spring Dependencies",9.99999975e-05
5163.9906,349,1,"GUI Render",0.0463999994
5163.9923,349,1,"Physics",0.000300000014
5163.9941,349,1,"Update",0.29550001
5163.9958,349,1,"Fixed Update",9.99999975e-05
5163.9976,349,1,"Spline Update",9.99999975e-05
5163.9994,349,1,"Compose",0.405800015
5164.0011,349,1,"Update Buffers (CPU)",0.065200001
5164.2557,350,1,"RenderPath3D Update",0.1403
5164.2605,350,1,"Application Update",0.1562
5164.5167,350,1,"Application Render",0.2532
5164.9315,350,1,"Application Compose",0.3789
5171.5345,350,1,"SubmitCommandLists",6.596
5171.5628,350,1,"Shadowmap packing",9.99999975e-05
5171.5662,350,1,"Render",0.253100008
5171.5683,350,1,"Procedural Animations",0.00039999999
5171.5706,350,1,"Script Components",9.99999975e-05
5171.573,350,1,"CPU Frame",0.978999972
5171.5749,350,1,"Input",0.0988999978
5171.5771,350,1,"GUI Update",0.0155999996
5171.579,350,1,"Frustum Culling",0.0421000011
5171.5809,350,1,"Animations",9.99999975e-05
5171.5827,350,1,"Spring Dependencies",0.000199999995
5171.5847,350,1,"GUI Render",0.0377000012
5171.5865,350,1,"Physics",0.0165999997
5171.5883,350,1,"Update",0.156000003
5171.59,350,1,"Fixed Update",9.99999975e-05
5171.5919,350,1,"Spline Update",0.000199999995
5171.5938,350,1,"Compose",0.378600001
5171.5956,350,1,"Update Buffers (CPU)",0.0340999998
5171.7758,351,1,"RenderPath3D Update",0.0752
5171.7812,351,1,"Application Update",0.0916
5172.0085,351,1,"Application Render",0.2241
5172.4219,351,1,"Application Compose",0.3975
5177.9342,351,1,"SubmitCommandLists",5.5042
5177.9616,351,1,"Shadowmap packing",0.000199999995
5177.9649,351,1,"Render",0.223800004
5177.9671,351,1,"Procedural Animations",0.000500000024
5177.9693,351,1,"Script Components",9.99999975e-05
5177.972,351,1,"CPU Frame",0.883000016
5177.974,351,1,"Input",0.0874999985
5177.9763,351,1,"GUI Update",0.0175999999
5177.9784,351,1,"Frustum Culling",0.00400000019
5177.9803,351,1,"Animations",0
5177.9822,351,1,"Spring Dependencies",9.99999975e-05
5177.9843,351,1,"GUI Render",0.079400003
5177.9862,351,1,"Physics",0.00319999992
5177.988,351,1,"Update",0.0913999975
5177.9897,351,1,"Fixed Update",0.00190000003
5177.9916,351,1,"Spline Update",0.00039999999
5177.9935,351,1,"Compose",0.397199988
5177.9953,351,1,"Update Buffers (CPU)",0.0337999985
5178.2509,352,1,"RenderPath3D Update",0.1378
5178.2553,352,1,"Application Update",0.157
5178.5272,352,1,"Application Render",0.2697
5178.9494,352,1,"Application Compose",0.3921
5184.9078,352,1,"SubmitCommandLists",5.9502
5184.9822,352,1,"Shadowmap packing",0.000199999995
5184.9856,352,1,"Render",0.269499987
5184.9876,352,1,"Procedural Animations",0.000699999975
5184.9898,352,1,"Script Components",0.000199999995
5184.9921,352,1,"CPU Frame",1.00950003
5184.9939,352,1,"Input",0.0974000022
5184.9961,352,1,"GUI Update",0.0182000007
5184.9979,352,1,"Frustum Culling",0.0427000001
5184.9996,352,1,"Animations",9.99999975e-05
5185.0019,352,1,"Spring Dependencies",0.000199999995
5185.0041,352,1,"GUI Render",0.0436999984
5185.0057,352,1,"Physics",0.00039999999
5185.0075,352,1,"Update",0.156800002
5185.0093,352,1,"Fixed Update",9.99999975e-05
5185.0111,352,1,"Spline Update",0.000300000014
5185.0129,352,1,"Compose",0.391799986
5185.0147,352,1,"Update Buffers (CPU)",0.0441000015
5185.2894,353,1,"RenderPath3D Update",0.1564
5185.2951,353,1,"Application Update",0.1773
5185.6478,353,1,"Application Render",0.3505
5186.0923,353,1,"Application Compose",0.4003
5191.5928,353,1,"SubmitCommandLists",5.4911
5191.6138,353,1,"Shadowmap packing",0.000199999995
5191.6166,353,1,"Render",0.350300014
5191.6183,353,1,"Procedural Animations",0.00989999995
5191.6205,353,1,"Script Components",0.000199999995
5191.6227,353,1,"CPU Frame",1.1408
5191.6244,353,1,"Input",0.0945999995
5191.6263,353,1,"GUI Update",0.0196000002
5191.6281,353,1,"Frustum Culling",0.0399000011
5191.6299,353,1,"Animations",9.99999975e-05
5191.6319,353,1,"Spring Dependencies",0.000199999995
5191.6337,353,1,"GUI Render",0.0907000005
5191.6354,353,1,"Physics",0.00359999994
5191.6372,353,1,"Update",0.177100003
5191.6388,353,1,"Fixed Update",0.00270000007
5191.6405,353,1,"Spline Update",9.99999975e-05
5191.6423,353,1,"Compose",0.400099993
5191.644,353,1,"Update Buffers (CPU)",0.0705000013
5191.8369,354,1,"RenderPath3D Update",0.1002
5191.8417,354,1,"Application Update",0.1164
5192.096,354,1,"Application Render",0.2518
5192.541,354,1,"Application Compose",0.3831
5198.6508,354,1,"SubmitCommandLists",6.1016
5198.6736,354,1,"Shadowmap packing",9.99999975e-05
5198.6765,354,1,"Render",0.251599997
5198.6782,354,1,"Procedural Animations",0.000500000024
5198.6802,354,1,"Script Components",9.99999975e-05
5198.6822,354,1,"CPU Frame",0.945599973
5198.684,354,1,"Input",0.0768999979
5198.6859,354,1,"GUI Update",0.0155999996
5198.6877,354,1,"Frustum Culling",0.0344000012
5198.6894,354,1,"Animations",9.99999975e-05
5198.6911,354,1,"Spring Dependencies",9.99999975e-05
5198.6931,354,1,"GUI Render",0.0533999987
5198.6947,354,1,"Physics",0.000300000014
5198.6964,354,1,"Update",0.1162
5198.6981,354,1,"Fixed Update",0
5198.6998,354,1,"Spline Update",0.000199999995
5198.7016,354,1,"Compose",0.382800013
5198.7034,354,1,"Update Buffers (CPU)",0.0412999988
5199.0592,355,1,"RenderPath3D Update",0.2696
5199.0757,355,1,"Application Update",0.2949
5199.3272,355,1,"Application Render",0.2488
5199.7412,355,1,"Application Compose",0.3785
5204.5196,355,1,"SubmitCommandLists",4.7703
5204.552,355,1,"Shadowmap packing",0.000199999995
5204.5548,355,1,"Render",0.248600006
5204.5571,355,1,"Procedural Animations",0.00039999999
5204.5592,355,1,"Script Components",9.99999975e-05
5204.5617,355,1,"CPU Frame",1.08379996
5204.5635,355,1,"Input",0.0725999996
5204.5656,355,1,"GUI Update",0.0337999985
5204.5675,355,1,"Frustum Culling",0.0478999987
5204.5693,355,1,"Animations",9.99999975e-05
5204.5711,355,1,"Spring Dependencies",9.99999975e-05
5204.5731,355,1,"GUI Render",0.0548
5204.5749,355,1,"Physics",0.00310000009
5204.5766,355,1,"Update",0.294699997
5204.5786,355,1,"Fixed Update",0.00109999999
5204.5805,355,1,"Spline Update",0.000300000014
5204.5824,355,1,"Compose",0.378300011
5204.5842,355,1,"Update Buffers (CPU)",0.0432999991
5204.7954,356,1,"RenderPath3D Update",0.093
5204.7996,356,1,"Application Update",0.1115
5205.1168,356,1,"Application Render",0.3139
5205.566,356,1,"Application Compose",0.4109
5211.5362,356,1,"SubmitCommandLists",5.9615
5211.6028,356,1,"Shadowmap packing",9.99999975e-05
5211.6059,356,1,"Render",0.313699991
5211.6078,356,1,"Procedural Animations",0.000600000028
5211.6099,356,1,"Script Components",9.99999975e-05
5211.6565,356,1,"CPU Frame",1.04069996
5211.6587,356,1,"Input",0.0991000012
5211.6609,356,1,"GUI Update",0.0182000007
5211.6626,356,1,"Frustum Culling",0.0449000001
5211.6645,356,1,"Animations",9.99999975e-05
5211.6663,356,1,"Spring Dependencies",0
5211.6684,356,1,"GUI Render",0.0846000016
5211.6704,356,1,"Physics",0.000600000028
5211.6721,356,1,"Update",0.111299999
5211.6739,356,1,"Fixed Update",0
5211.6755,356,1,"Spline Update",0.000199999995
5211.6787,356,1,"Compose",0.410699993
5211.6968,356,1,"Update Buffers (CPU)",0.0447999984
5212.0323,357,1,"RenderPath3D Update",0.1529
5212.0385,357,1,"Application Update",0.1781
5212.3735,357,1,"Application Render",0.3314
5212.8455,357,1,"Application Compose",0.4177
5218.5857,357,1,"SubmitCommandLists",5.731
5218.6129,357,1,"Shadowmap packing",0.000199999995
5218.6154,357,1,"Render",0.331099987
5218.6172,357,1,"Procedural Animations",0.0172000006
5218.6192,357,1,"Script Components",9.99999975e-05
5218.6217,357,1,"CPU Frame",1.28369999
5218.6234,357,1,"Input",0.156800002
5218.6254,357,1,"GUI Update",0.0211999994
5218.6272,357,1,"Frustum Culling",0.0544999987
5218.6304,357,1,"Animations",9.99999975e-05
5218.6322,357,1,"Spring Dependencies",0.000199999995
5218.6474,357,1,"GUI Render",0.0522000007
5218.6493,357,1,"Physics",0.000899999985
5218.6511,357,1,"Update",0.177900001
5218.6528,357,1,"Fixed Update",0
5218.6546,357,1,"Spline Update",0.000199999995
5218.6564,357,1,"Compose",0.417400002
5218.6586,357,1,"Update Buffers (CPU)",0.067900002
5218.9134,358,1,"RenderPath3D Update",0.1278
5218.9179,358,1,"Application Update",0.147
5219.2327,358,1,"Application Render",0.3111
5219.6354,358,1,"Application Compose",0.383
5225.3463,358,1,"SubmitCommandLists",5.7023
5225.3708,358,1,"Shadowmap packing",0.000199999995
5225.3737,358,1,"Render",0.310900003
5225.3755,358,1,"Procedural Animations",0.000600000028
5225.3775,358,1,"Script Components",9.99999975e-05
5225.38,358,1,"CPU Frame",1.04359996
5225.3819,358,1,"Input",0.103500001
5225.3839,358,1,"GUI Update",0.0176999997
5225.3858,358,1,"Frustum Culling",0.0384999998
5225.3877,358,1,"Animations",9.99999975e-05
5225.3894,358,1,"Spring Dependencies",9.99999975e-05
5225.3913,358,1,"GUI Render",0.0370999984
5225.3931,358,1,"Physics",0.00480000023
5225.3948,358,1,"Update",0.146799996
5225.3965,358,1,"Fixed Update",0.00319999992
5225.3982,358,1,"Spline Update",9.99999975e-05
5225.4,358,1,"Compose",0.382499993
5225.4019,358,1,"Update Buffers (CPU)",0.0705000013
5225.6374,359,1,"RenderPath3D Update",0.1306
5225.6411,359,1,"Application Update",0.1459
5225.911,359,1,"Application Render",0.2678
5226.3266,359,1,"Application Compose",0.3781
5232.3532,359,1,"SubmitCommandLists",6.0195
5232.3714,359,1,"Shadowmap packing",9.99999975e-05
5232.374,359,1,"Render",0.267699987
5232.3759,359,1,"Procedural Animations",0.00039999999
5232.378,359,1,"Script Components",9.99999975e-05
5232.3802,359,1,"CPU Frame",0.97329998
5232.382,359,1,"Input",0.0890000015
5232.3839,359,1,"GUI Update",0.0167999994
5232.3857,359,1,"Frustum Culling",0.0373999998
5232.3874,359,1,"Animations",9.99999975e-05
5232.389,359,1,"Spring Dependencies",9.99999975e-05
5232.3909,359,1,"GUI Render",0.0524999984
5232.3926,359,1,"Physics",0.00039999999
5232.3943,359,1,"Update",0.145600006
5232.3959,359,1,"Fixed Update",0
5232.3977,359,1,"Spline Update",0.000199999995
5232.3996,359,1,"Compose",0.377799988
5232.4012,359,1,"Update Buffers (CPU)",0.0518999994
5232.6482,360,1,"RenderPath3D Update",0.1291
5232.6526,360,1,"Application Update",0.1429
5232.9457,360,1,"Application Render",0.2911
5233.356,360,1,"Application Compose",0.3739
5239.3276,360,1,"SubmitCommandLists",5.9649
5239.3523,360,1,"Shadowmap packing",9.99999975e-05
5239.3556,360,1,"Render",0.291000009
5239.3577,360,1,"Procedural Animations",0.000500000024
5239.3599,360,1,"Script Components",9.99999975e-05
5239.3622,360,1,"CPU Frame",1.00039995
5239.3641,360,1,"Input",0.103
5239.3661,360,1,"GUI Update",0.0159000009
5239.3681,360,1,"Frustum Culling",0.0439000018
5239.3698,360,1,"Animations",9.99999975e-05
5239.3715,360,1,"Spring Dependencies",9.99999975e-05
5239.4209,360,1,"GUI Render",0.0636000037
5239.4229,360,1,"Physics",0.00300000003
5239.4247,360,1,"Update",0.142800003
5239.4263,360,1,"Fixed Update",0.0013
5239.4282,360,1,"Spline Update",9.99999975e-05
5239.4299,360,1,"Compose",0.373699993
5239.4317,360,1,"Update Buffers (CPU)",0.0595000014
5240.0045,361,1,"RenderPath3D Update",0.0844
5240.0109,361,1,"Application Update",0.1022
5240.2344,361,1,"Application Render",0.221
5240.6504,361,1,"Application Compose",0.3794
5246.2135,361,1,"SubmitCommandLists",5.5412
5246.268,361,1,"Shadowmap packing",0.000199999995
5246.2715,361,1,"Render",0.220899999
5246.2735,361,1,"Procedural Animations",0.000500000024
5246.2757,361,1,"Script Components",9.99999975e-05
5246.2784,361,1,"CPU Frame",1.33229995
5246.2804,361,1,"Input",0.47209999
5246.2825,361,1,"GUI Update",0.0183000006
5246.2846,361,1,"Frustum Culling",0.00529999984
5246.2866,361,1,"Animations",9.99999975e-05
5246.2884,361,1,"Spring Dependencies",9.99999975e-05
5246.2903,361,1,"GUI Render",0.0436999984
5246.2921,361,1,"Physics",0.00039999999
5246.2939,361,1,"Update",0.101899996
5246.2957,361,1,"Fixed Update",9.99999975e-05
5246.2974,361,1,"Spline Update",0.000300000014
5246.2993,361,1,"Compose",0.379099995
5246.3012,361,1,"Update Buffers (CPU)",0.0329000019
5246.748,362,1,"RenderPath3D Update",0.0765
5246.7523,362,1,"Application Update",0.1184
5247.0377,362,1,"Application Render",0.2831
5247.4468,362,1,"Application Compose",0.3885
5253.1618,362,1,"SubmitCommandLists",5.7059
5253.1957,362,1,"Shadowmap packing",9.99999975e-05
5253.1992,362,1,"Render",0.282799989
5253.2014,362,1,"Procedural Animations",0.000600000028
5253.2036,362,1,"Script Components",0.000199999995
5253.2061,362,1,"CPU Frame",1.20439994
5253.208,362,1,"Input",0.327399999
5253.2104,362,1,"GUI Update",0.0198999997
5253.2123,362,1,"Frustum Culling",0.0410000011
5253.2142,362,1,"Animations",0.000199999995
5253.216,362,1,"Spring Dependencies",0.000199999995
5253.2179,362,1,"GUI Render",0.0445000008
5253.2196,362,1,"Physics",0.000600000028
5253.2214,362,1,"Update",0.118299998
5253.2231,362,1,"Fixed Update",9.99999975e-05
5253.225,362,1,"Spline Update",0.000300000014
5253.2268,362,1,"Compose",0.388200015
5253.2287,362,1,"Update Buffers (CPU)",0.057599999
5253.5426,363,1,"RenderPath3D Update",0.1499
5253.5468,363,1,"Application Update",0.1689
5253.8283,363,1,"Application Render",0.2795
5254.2437,363,1,"Application Compose",0.3953
5260.108,363,1,"SubmitCommandLists",5.8516
5260.1336,363,1,"Shadowmap packing",0.000199999995
5260.1364,363,1,"Render",0.279199988
5260.1383,363,1,"Procedural Animations",0.000600000028
5260.1405,363,1,"Script Components",9.99999975e-05
5260.143,363,1,"CPU Frame",1.07360005
5260.145,363,1,"Input",0.139599994
5260.1472,363,1,"GUI Update",0.0195000004
5260.1491,363,1,"Frustum Culling",0.0403000005
5260.151,363,1,"Animations",9.99999975e-05
5260.1528,363,1,"Spring Dependencies",9.99999975e-05
5260.1549,363,1,"GUI Render",0.0493000001
5260.1566,363,1,"Physics",0.00480000023
5260.1584,363,1,"Update",0.168699995
5260.1602,363,1,"Fixed Update",0.00340000005
5260.162,363,1,"Spline Update",0.000199999995
5260.164,363,1,"Compose",0.395000011
5260.1658,363,1,"Update Buffers (CPU)",0.0480999984
5260.3744,364,1,"RenderPath3D Update",0.093
5260.3783,364,1,"Application Update",0.1126
5260.6385,364,1,"Application Render",0.2572
5261.0586,364,1,"Application Compose",0.3901
5267.1039,364,1,"SubmitCommandLists",6.0368
5267.1265,364,1,"Shadowmap packing",0.000199999995
5267.13,364,1,"Render",0.257099986
5267.1319,364,1,"Procedural Animations",0.000500000024
5267.1341,364,1,"Script Components",9.99999975e-05
5267.1366,364,1,"CPU Frame",0.94630003
5267.1386,364,1,"Input",0.0948999971
5267.1406,364,1,"GUI Update",0.0175000001
5267.1424,364,1,"Frustum Culling",0.0449000001
5267.1442,364,1,"Animations",9.99999975e-05
5267.1459,364,1,"Spring Dependencies",9.99999975e-05
5267.1478,364,1,"GUI Render",0.0443000011
5267.1496,364,1,"Physics",0.000699999975
5267.1514,364,1,"Update",0.112499997
5267.1531,364,1,"Fixed Update",0
5267.155,364,1,"Spline Update",0.000199999995
5267.1894,364,1,"Compose",0.389699996
5267.1916,364,1,"Update Buffers (CPU)",0.0364999995
5267.5187,365,1,"RenderPath3D Update",0.2208
5267.5272,365,1,"Application Update",0.2418
5267.7961,365,1,"Application Render",0.2663
5268.2108,365,1,"Application Compose",0.3892
5273.9976,365,1,"SubmitCommandLists",5.7777
5274.0196,365,1,"Shadowmap packing",0.000199999995
5274.0224,365,1,"Render",0.266099989
5274.0243,365,1,"Procedural Animations",0.000500000024
5274.0266,365,1,"Script Components",9.99999975e-05
5274.0292,365,1,"CPU Frame",1.10430002
5274.0312,365,1,"Input",0.0876000002
5274.0333,365,1,"GUI Update",0.0166999996
5274.0352,365,1,"Frustum Culling",0.0614
5274.0371,365,1,"Animations",0.000199999995
5274.039,365,1,"Spring Dependencies",9.99999975e-05
5274.0411,365,1,"GUI Render",0.0436000004
5274.0429,365,1,"Physics",0.00329999998
5274.0448,365,1,"Update",0.241699994
5274.0465,365,1,"Fixed Update",0.00170000002
5274.0484,365,1,"Spline Update",0.000199999995
5274.0503,365,1,"Compose",0.388900012
5274.0522,365,1,"Update Buffers (CPU)",0.0362999998
5274.3819,366,1,"RenderPath3D Update",0.223
5274.3876,366,1,"Application Update",0.2412
5274.681,366,1,"Application Render",0.2899
5275.0941,366,1,"Application Compose",0.385
5280.9069,366,1,"SubmitCommandLists",5.8039
5280.9528,366,1,"Shadowmap packing",9.99999975e-05
5280.9562,366,1,"Render",0.289499998
5280.9581,366,1,"Procedural Animations",0.000500000024
5280.9606,366,1,"Script Components",9.99999975e-05
5280.9629,366,1,"CPU Frame",1.09379995
5280.9649,366,1,"Input",0.0899000019
5280.9672,366,1,"GUI Update",0.0166999996
5280.9691,366,1,"Frustum Culling",0.0894000009
5280.9709,366,1,"Animations",9.99999975e-05
5280.9727,366,1,"Spring Dependencies",9.99999975e-05
5280.9746,366,1,"GUI Render",0.0434999987
5280.9764,366,1,"Physics",0.00039999999
5280.9783,366,1,"Update",0.240999997
5280.9802,366,1,"Fixed Update",0
5280.982,366,1,"Spline Update",9.99999975e-05
5280.9841,366,1,"Compose",0.384600013
5280.986,366,1,"Update Buffers (CPU)",0.0342999995
5281.4276,367,1,"RenderPath3D Update",0.2527
5281.4363,367,1,"Application Update",0.3414
5281.9926,367,1,"Application Render",0.5535
5282.4694,367,1,"Application Compose",0.4316
5287.884,367,1,"SubmitCommandLists",5.3979
5287.9123,367,1,"Shadowmap packing",0.000600000028
5287.9155,367,1,"Render",0.553200006
5287.9174,367,1,"Procedural Animations",0.00100000005
5287.9197,367,1,"Script Components",0.000199999995
5287.9222,367,1,"CPU Frame",1.54900002
5287.9241,367,1,"Input",0.102700002
5287.9261,367,1,"GUI Update",0.0229000002
5287.9281,367,1,"Frustum Culling",0.0859000012
5287.9301,367,1,"Animations",9.99999975e-05
5287.9321,367,1,"Spring Dependencies",0.000199999995
5287.9341,367,1,"GUI Render",0.0644999966
5287.9359,367,1,"Physics",0.00100000005
5287.9377,367,1,"Update",0.341100007
5287.9394,367,1,"Fixed Update",9.99999975e-05
5287.9412,367,1,"Spline Update",0.000300000014
5287.9431,367,1,"Compose",0.430999994
5287.9449,367,1,"Update Buffers (CPU)",0.102499999
5288.3733,368,1,"RenderPath3D Update",0.2753
5288.3824,368,1,"Application Update",0.3005
5288.735,368,1,"Application Render",0.35
5289.2632,368,1,"Application Compose",0.5037
5294.7828,368,1,"SubmitCommandLists",5.509
5294.806,368,1,"Shadowmap packing",0.000199999995
5294.8088,368,1,"Render",0.349700004
5294.8106,368,1,"Procedural Animations",0.00079999998
5294.8128,368,1,"Script Components",0.000199999995
5294.815,368,1,"CPU Frame",1.37510002
5294.8169,368,1,"Input",0.129999995
5294.8189,368,1,"GUI Update",0.0207000002
5294.8207,368,1,"Frustum Culling",0.0566000007
5294.8226,368,1,"Animations",9.99999975e-05
5294.8246,368,1,"Spring Dependencies",9.99999975e-05
5294.8265,368,1,"GUI Render",0.0936999992
5294.8283,368,1,"Physics",0.00439999998
5294.8301,368,1,"Update",0.300199986
5294.8318,368,1,"Fixed Update",0.00209999993
5294.8335,368,1,"Spline Update",0.000199999995
5294.8354,368,1,"Compose",0.503499985
5294.8371,368,1,"Update Buffers (CPU)",0.0507999994
5295.1405,369,1,"RenderPath3D Update",0.201
5295.1515,369,1,"Application Update",0.2256
5295.5946,369,1,"Application Render",0.4406
5296.3372,369,1,"Application Compose",0.5559
5301.7535,369,1,"SubmitCommandLists",5.3971
5301.7918,369,1,"Shadowmap packing",0.000199999995
5301.795,369,1,"Render",0.440299988
5301.7973,369,1,"Procedural Animations",0.000600000028
5301.7996,369,1,"Script Components",0
5301.8022,369,1,"CPU Frame",1.55789995
5301.8041,369,1,"Input",0.0844999999
5301.8063,369,1,"GUI Update",0.0168999992
5301.8082,369,1,"Frustum Culling",0.0397999994
5301.81,369,1,"Animations",0.000199999995
5301.8119,369,1,"Spring Dependencies",9.99999975e-05
5301.8144,369,1,"GUI Render",0.0623000003
5301.8163,369,1,"Physics",0.000699999975
5301.8182,369,1,"Update",0.225400001
5301.8202,369,1,"Fixed Update",9.99999975e-05
5301.822,369,1,"Spline Update",0.000199999995
5301.8239,369,1,"Compose",0.555599988
5301.826,369,1,"Update Buffers (CPU)",0.0498999991
5302.2297,370,1,"RenderPath3D Update",0.2617
5302.2431,370,1,"Application Update",0.2955
5302.8496,370,1,"Application Render",0.6036
5303.3331,370,1,"Application Compose",0.4411
5308.7177,370,1,"SubmitCommandLists",5.3741
5308.7465,370,1,"Shadowmap packing",0.00039999999
5308.7496,370,1,"Render",0.603200018
5308.7517,370,1,"Procedural Animations",0.0013
5308.754,370,1,"Script Components",0.000199999995
5308.7565,370,1,"CPU Frame",1.56889999
5308.7585,370,1,"Input",0.111400001
5308.7607,370,1,"GUI Update",0.0227000006
5308.7628,370,1,"Frustum Culling",0.071800001
5308.7647,370,1,"Animations",0.000199999995
5308.7666,370,1,"Spring Dependencies",0.000199999995
5308.7686,370,1,"GUI Render",0.0768999979
5308.7705,370,1,"Physics",0.00529999984
5308.7723,370,1,"Update",0.295399994
5308.774,370,1,"Fixed Update",0.00430000015
5308.7759,370,1,"Spline Update",0.000300000014
5308.7777,370,1,"Compose",0.440899998
5308.7797,370,1,"Update Buffers (CPU)",0.145500004
5309.1656,371,1,"RenderPath3D Update",0.2517
5309.1747,371,1,"Application Update",0.2816
5309.7207,371,1,"Application Render",0.5434
5310.1865,371,1,"Application Compose",0.4305
5315.6969,371,1,"SubmitCommandLists",5.5009
5315.7314,371,1,"Shadowmap packing",0.00039999999
5315.7345,371,1,"Render",0.542999983
5315.7365,371,1,"Procedural Animations",0.00150000001
5315.7387,371,1,"Script Components",0.000199999995
5315.7413,371,1,"CPU Frame",1.46329999
5315.7431,371,1,"Input",0.1083
5315.7454,371,1,"GUI Update",0.0215000007
5315.7475,371,1,"Frustum Culling",0.104800001
5315.7495,371,1,"Animations",9.99999975e-05
5315.7519,371,1,"Spring Dependencies",0.000199999995
5315.754,371,1,"GUI Render",0.0670000017
5315.7559,371,1,"Physics",0.000899999985
5315.7579,371,1,"Update",0.281100005
5315.7597,371,1,"Fixed Update",9.99999975e-05
5315.7615,371,1,"Spline Update",0.000300000014
5315.7634,371,1,"Compose",0.430099994
5315.7654,371,1,"Update Buffers (CPU)",0.1087
5316.2166,372,1,"RenderPath3D Update",0.298
5316.2239,372,1,"Application Update",0.3239
5316.795,372,1,"Application Render",0.5691
5317.2855,372,1,"Application Compose",0.4386
5322.5674,372,1,"SubmitCommandLists",5.2688
5322.597,372,1,"Shadowmap packing",0.00039999999
5322.6001,372,1,"Render",0.568799973
5322.6023,372,1,"Procedural Animations",0.000899999985
5322.6048,372,1,"Script Components",0.000199999995
5322.6073,372,1,"CPU Frame",1.58050001
5322.6092,372,1,"Input",0.1237
5322.6114,372,1,"GUI Update",0.0239000004
5322.6134,372,1,"Frustum Culling",0.0951000005
5322.6154,372,1,"Animations",9.99999975e-05
5322.6176,372,1,"Spring Dependencies",0.000300000014
5322.6197,372,1,"GUI Render",0.0631000027
5322.6214,372,1,"Physics",0.0171000008
5322.6232,372,1,"Update",0.323700011
5322.625,372,1,"Fixed Update",0.00430000015
5322.6269,372,1,"Spline Update",0.000199999995
5322.6289,372,1,"Compose",0.438199997
5322.6308,372,1,"Update Buffers (CPU)",0.142000005
5322.9967,373,1,"RenderPath3D Update",0.2255
5323.0084,373,1,"Application Update",0.2571
5323.5268,373,1,"Application Render",0.5148
5324.0013,373,1,"Application Compose",0.4213
5329.591,373,1,"SubmitCommandLists",5.5795
5329.6262,373,1,"Shadowmap packing",0.000300000014
5329.6294,373,1,"Render",0.514299989
5329.6314,373,1,"Procedural Animations",0.00079999998
5329.671,373,1,"Script Components",9.99999975e-05
5329.6736,373,1,"CPU Frame",1.42830002
5329.6756,373,1,"Input",0.1153
5329.678,373,1,"GUI Update",0.0201999992
5329.6801,373,1,"Frustum Culling",0.0776000023
5329.6821,373,1,"Animations",9.99999975e-05
5329.6839,373,1,"Spring Dependencies",0.000199999995
5329.686,373,1,"GUI Render",0.0815000013
5329.6878,373,1,"Physics",0.00100000005
5329.6897,373,1,"Update",0.256799996
5329.6914,373,1,"Fixed Update",9.99999975e-05
5329.6931,373,1,"Spline Update",9.99999975e-05
5329.695,373,1,"Compose",0.421000004
5329.6969,373,1,"Update Buffers (CPU)",0.106399998
5330.1208,374,1,"RenderPath3D Update",0.2826
5330.1261,374,1,"Application Update",0.3085
5330.6236,374,1,"Application Render",0.4954
5331.0709,374,1,"Application Compose",0.4166
5336.4907,374,1,"SubmitCommandLists",5.406
5336.522,374,1,"Shadowmap packing",0.000199999995
5336.5253,374,1,"Render",0.495299995
5336.5274,374,1,"Procedural Animations",0.00120000006
5336.5296,374,1,"Script Components",9.99999975e-05
5336.5323,374,1,"CPU Frame",1.46949995
5336.5343,374,1,"Input",0.114399999
5336.5363,374,1,"GUI Update",0.0208999999
5336.5382,374,1,"Frustum Culling",0.0993999988
5336.5401,374,1,"Animations",9.99999975e-05
5336.542,374,1,"Spring Dependencies",0.000199999995
5336.5441,374,1,"GUI Render",0.0566000007
5336.5459,374,1,"Physics",0.00120000006
5336.5478,374,1,"Update",0.308299989
5336.5496,374,1,"Fixed Update",9.99999975e-05
5336.5514,374,1,"Spline Update",9.99999975e-05
5336.5532,374,1,"Compose",0.416399986
5336.5551,374,1,"Update Buffers (CPU)",0.118299998
5336.9478,375,1,"RenderPath3D Update",0.247
5336.984,375,1,"Application Update",0.2998
5337.4749,375,1,"Application Render",0.4872
5337.9344,375,1,"Application Compose",0.4241
5343.4073,375,1,"SubmitCommandLists",5.4594
5343.4387,375,1,"Shadowmap packing",0.000300000014
5343.4419,375,1,"Render",0.486900002
5343.4441,375,1,"Procedural Animations",0.000699999975
5343.4463,375,1,"Script Components",0.000199999995
5343.4489,375,1,"CPU Frame",1.43570006
5343.451,375,1,"Input",0.119400002
5343.4534,375,1,"GUI Update",0.0199999996
5343.4555,375,1,"Frustum Culling",0.121399999
5343.4574,375,1,"Animations",9.99999975e-05
5343.4596,375,1,"Spring Dependencies",0.000199999995
5343.4617,375,1,"GUI Render",0.056400001
5343.4636,375,1,"Physics",0.00820000004
5343.4658,375,1,"Update",0.299600005
5343.4712,375,1,"Fixed Update",0.00359999994
5343.4743,375,1,"Spline Update",9.99999975e-05
5343.4761,375,1,"Compose",0.423700005
5343.4782,375,1,"Update Buffers (CPU)",0.0947000012
5343.7836,376,1,"RenderPath3D Update",0.1464
5343.7894,376,1,"Application Update",0.1821
5344.3042,376,1,"Application Render",0.5126
5344.7912,376,1,"Application Compose",0.4464
5350.343,376,1,"SubmitCommandLists",5.535
5350.3819,376,1,"Shadowmap packing",0.000500000024
5350.3853,376,1,"Render",0.512399971
5350.3875,376,1,"Procedural Animations",0.00079999998
5350.3897,376,1,"Script Components",0
5350.3923,376,1,"CPU Frame",1.37870002
5350.3943,376,1,"Input",0.122699998
5350.3964,376,1,"GUI Update",0.0190999992
5350.3984,376,1,"Frustum Culling",0.0496000014
5350.4002,376,1,"Animations",9.99999975e-05
5350.4024,376,1,"Spring Dependencies",9.99999975e-05
5350.4046,376,1,"GUI Render",0.0944000036
5350.4064,376,1,"Physics",0.00109999999
5350.4084,376,1,"Update",0.181999996
5350.4102,376,1,"Fixed Update",9.99999975e-05
5350.4119,376,1,"Spline Update",9.99999975e-05
5350.4137,376,1,"Compose",0.445899993
5350.4155,376,1,"Update Buffers (CPU)",0.0983000025
5350.7543,377,1,"RenderPath3D Update",0.1849
5350.7593,377,1,"Application Update",0.2109
5351.2984,377,1,"Application Render",0.5367
5351.775,377,1,"Application Compose",0.4436
5357.2477,377,1,"SubmitCommandLists",5.4583
5357.2808,377,1,"Shadowmap packing",0.000199999995
5357.2839,377,1,"Render",0.536499977
5357.286,377,1,"Procedural Animations",0.00219999999
5357.2885,377,1,"Script Components",0.000199999995
5357.2909,377,1,"CPU Frame",1.42009997
5357.2928,377,1,"Input",0.122100003
5357.295,377,1,"GUI Update",0.0222999994
5357.2971,377,1,"Frustum Culling",0.0487999991
5357.3385,377,1,"Animations",9.99999975e-05
5357.341,377,1,"Spring Dependencies",0.000199999995
5357.3431,377,1,"GUI Render",0.0719000027
5357.3449,377,1,"Physics",0.0142000001
5357.3467,377,1,"Update",0.210700005
5357.3485,377,1,"Fixed Update",0.0046000001
5357.3502,377,1,"Spline Update",0.000300000014
5357.3522,377,1,"Compose",0.443199992
5357.3541,377,1,"Update Buffers (CPU)",0.153699994
5357.7025,378,1,"RenderPath3D Update",0.1943
5357.7078,378,1,"Application Update",0.2208
5358.1932,378,1,"Application Render",0.4831
5358.6549,378,1,"Application Compose",0.4215
5364.2115,378,1,"SubmitCommandLists",5.5433
5364.241,378,1,"Shadowmap packing",0.00039999999
5364.2439,378,1,"Render",0.482899994
5364.246,378,1,"Procedural Animations",0.00120000006
5364.2483,378,1,"Script Components",9.99999975e-05
5364.2509,378,1,"CPU Frame",1.39900005
5364.2529,378,1,"Input",0.126800001
5364.255,378,1,"GUI Update",0.0208999999
5364.257,378,1,"Frustum Culling",0.0568999983
5364.2591,378,1,"Animations",0.000300000014
5364.261,378,1,"Spring Dependencies",0.000199999995
5364.263,378,1,"GUI Render",0.069600001
5364.2649,378,1,"Physics",0.000899999985
5364.2668,378,1,"Update",0.220599994
5364.2685,378,1,"Fixed Update",9.99999975e-05
5364.2703,378,1,"Spline Update",9.99999975e-05
5364.272,378,1,"Compose",0.421200007
5364.274,378,1,"Update Buffers (CPU)",0.117299996
5364.57,379,1,"RenderPath3D Update",0.1577
5364.5748,379,1,"Application Update",0.1826
5364.9858,379,1,"Application Render",0.4089
5365.4341,379,1,"Application Compose",0.4132
5371.2097,379,1,"SubmitCommandLists",5.7645
5371.2423,379,1,"Shadowmap packing",0.000600000028
5371.2453,379,1,"Render",0.408699989
5371.2472,379,1,"Procedural Animations",0.0013
5371.2493,379,1,"Script Components",0
5371.2518,379,1,"CPU Frame",1.21519995
5371.2538,379,1,"Input",0.112899996
5371.2561,379,1,"GUI Update",0.0194000006
5371.258,379,1,"Frustum Culling",0.0421000011
5371.26,379,1,"Animations",0
5371.2618,379,1,"Spring Dependencies",0.000199999995
5371.2639,379,1,"GUI Render",0.0582000017
5371.2656,379,1,"Physics",0.00100000005
5371.2675,379,1,"Update",0.182300001
5371.2693,379,1,"Fixed Update",9.99999975e-05
5371.2714,379,1,"Spline Update",0.000199999995
5371.2733,379,1,"Compose",0.412900001
5371.2752,379,1,"Update Buffers (CPU)",0.105700001
5371.6594,380,1,"RenderPath3D Update",0.2392
5371.6707,380,1,"Application Update",0.2702
5372.2695,380,1,"Application Render",0.5964
5372.7998,380,1,"Application Compose",0.491
5378.1085,380,1,"SubmitCommandLists",5.2959
5378.1422,380,1,"Shadowmap packing",0.000300000014
5378.146,380,1,"Render",0.596199989
5378.1483,380,1,"Procedural Animations",0.000600000028
5378.1506,380,1,"Script Components",9.99999975e-05
5378.1536,380,1,"CPU Frame",1.5826
5378.1557,380,1,"Input",0.114299998
5378.1578,380,1,"GUI Update",0.0223999992
5378.1598,380,1,"Frustum Culling",0.0461000018
5378.1617,380,1,"Animations",0.000199999995
5378.1637,380,1,"Spring Dependencies",0.000199999995
5378.1658,380,1,"GUI Render",0.131099999
5378.1675,380,1,"Physics",0.0057000001
5378.1693,380,1,"Update",0.270000011
5378.171,380,1,"Fixed Update",0.00439999998
5378.1729,380,1,"Spline Update",0.000199999995
5378.1748,380,1,"Compose",0.4903
5378.1767,380,1,"Update Buffers (CPU)",0.109999999
5378.627,381,1,"RenderPath3D Update",0.3039
5378.6371,381,1,"Application Update",0.3357
5379.219,381,1,"Application Render",0.5774
5379.6796,381,1,"Application Compose",0.4266
5385.0683,381,1,"SubmitCommandLists",5.3758
5385.1012,381,1,"Shadowmap packing",0.000600000028
5385.1042,381,1,"Render",0.576600015
5385.1063,381,1,"Procedural Animations",0.00109999999
5385.1085,381,1,"Script Components",9.99999975e-05
5385.1113,381,1,"CPU Frame",1.56330001
5385.1135,381,1,"Input",0.118600003
5385.1156,381,1,"GUI Update",0.0209999997
5385.1177,381,1,"Frustum Culling",0.120499998
5385.1195,381,1,"Animations",0.000199999995
5385.1213,381,1,"Spring Dependencies",0.000300000014
5385.1234,381,1,"GUI Render",0.0658000037
5385.1252,381,1,"Physics",0.00100000005
5385.1271,381,1,"Update",0.335399985
5385.1288,381,1,"Fixed Update",0
5385.1678,381,1,"Spline Update",0.000199999995
5385.1701,381,1,"Compose",0.426299989
5385.1722,381,1,"Update Buffers (CPU)",0.123499997
5385.7337,382,1,"RenderPath3D Update",0.3773
5385.744,382,1,"Application Update",0.4117
5386.2436,382,1,"Application Render",0.4974
5386.834,382,1,"Application Compose",0.5536
5392.0461,382,1,"SubmitCommandLists",5.2
5392.0759,382,1,"Shadowmap packing",0.000899999985
5392.079,382,1,"Render",0.497099996
5392.081,382,1,"Procedural Animations",0.00100000005
5392.0833,382,1,"Script Components",0.000199999995
5392.0857,382,1,"CPU Frame",1.7572
5392.0875,382,1,"Input",0.150399998
5392.0896,382,1,"GUI Update",0.0211999994
5392.0919,382,1,"Frustum Culling",0.0507000014
5392.0938,382,1,"Animations",9.99999975e-05
5392.0958,382,1,"Spring Dependencies",9.99999975e-05
5392.098,382,1,"GUI Render",0.0511000007
5392.0998,382,1,"Physics",0.0132999998
5392.1015,382,1,"Update",0.411500007
5392.1032,382,1,"Fixed Update",0.0037
5392.105,382,1,"Spline Update",0.000199999995
5392.107,382,1,"Compose",0.553200006
5392.1088,382,1,"Update Buffers (CPU)",0.0794999972
5392.5181,383,1,"RenderPath3D Update",0.2634
5392.5278,383,1,"Application Update",0.3015
5393.0241,383,1,"Application Render",0.493
5393.4622,383,1,"Application Compose",0.4076
5399.0258,383,1,"SubmitCommandLists",5.5519
5399.0587,383,1,"Shadowmap packing",0.000699999975
5399.0617,383,1,"Render",0.492599994
5399.0637,383,1,"Procedural Animations",0.00159999996
5399.0663,383,1,"Script Components",0.000199999995
5399.069,383,1,"CPU Frame",1.40569997
5399.0709,383,1,"Input",0.112499997
5399.0731,383,1,"GUI Update",0.0239000004
5399.0752,383,1,"Frustum Culling",0.113700002
5399.0771,383,1,"Animations",9.99999975e-05
5399.0792,383,1,"Spring Dependencies",9.99999975e-05
5399.0813,383,1,"GUI Render",0.0665000007
5399.0831,383,1,"Physics",0.00100000005
5399.0849,383,1,"Update",0.301299989
5399.0866,383,1,"Fixed Update",9.99999975e-05
5399.0884,383,1,"Spline Update",0.000600000028
5399.0903,383,1,"Compose",0.407299995
5399.0923,383,1,"Update Buffers (CPU)",0.0942000002
5399.5599,384,1,"RenderPath3D Update",0.2981
5399.5701,384,1,"Application Update",0.3347
5400.0113,384,1,"Application Render",0.4386
5400.6273,384,1,"Application Compose",0.5853
5405.889,384,1,"SubmitCommandLists",5.2492
5405.9251,384,1,"Shadowmap packing",0.000300000014
5405.9284,384,1,"Render",0.4384
5405.9309,384,1,"Procedural Animations",0.00190000003
5405.9332,384,1,"Script Components",9.99999975e-05
5405.9359,384,1,"CPU Frame",1.59570003
5405.9382,384,1,"Input",0.129199997
5405.9403,384,1,"GUI Update",0.0248000007
5405.9423,384,1,"Frustum Culling",0.0507000014
5405.9442,384,1,"Animations",9.99999975e-05
5405.946,384,1,"Spring Dependencies",0.000199999995
5405.9482,384,1,"GUI Render",0.140100002
5405.9501,384,1,"Physics",0.0115
5405.952,384,1,"Update",0.334500015
5405.9539,384,1,"Fixed Update",0.00760000013
5405.9558,384,1,"Spline Update",0.000500000024
5405.9577,384,1,"Compose",0.585099995
5405.9598,384,1,"Update Buffers (CPU)",0.0710000023
5406.3332,385,1,"RenderPath3D Update",0.2205
5406.3419,385,1,"Application Update",0.2612
5406.9402,385,1,"Application Render",0.5958
5407.5317,385,1,"Application Compose",0.5236
5412.899,385,1,"SubmitCommandLists",5.3472
5412.9554,385,1,"Shadowmap packing",0.00039999999
5412.9607,385,1,"Render",0.595399976
5412.9641,385,1,"Procedural Animations",0.000699999975
5412.9669,385,1,"Script Components",0.000199999995
5412.9692,385,1,"CPU Frame",1.63789999
5412.9712,385,1,"Input",0.115099996
5412.9737,385,1,"GUI Update",0.0223999992
5412.9758,385,1,"Frustum Culling",0.0650999993
5412.9778,385,1,"Animations",9.99999975e-05
5412.9803,385,1,"Spring Dependencies",0.000300000014
5412.9828,385,1,"GUI Render",0.131600007
5412.9847,385,1,"Physics",0.000699999975
5412.9865,385,1,"Update",0.260899991
5412.9883,385,1,"Fixed Update",9.99999975e-05
5412.9901,385,1,"Spline Update",0.00039999999
5412.992,385,1,"Compose",0.523199975
5412.9941,385,1,"Update Buffers (CPU)",0.142800003
5413.3395,386,1,"RenderPath3D Update",0.1693
5413.3493,386,1,"Application Update",0.2075
5414.2775,386,1,"Application Render",0.9092
5414.9371,386,1,"Application Compose",0.4574
5419.7762,386,1,"SubmitCommandLists",4.8238
5419.8171,386,1,"Shadowmap packing",0.000300000014
5419.8203,386,1,"Render",0.909099996
5419.8225,386,1,"Procedural Animations",0.00120000006
5419.8249,386,1,"Script Components",0.000300000014
5419.8273,386,1,"CPU Frame",2.02080011
5419.8292,386,1,"Input",0.137799993
5419.8316,386,1,"GUI Update",0.0288999993
5419.8339,386,1,"Frustum Culling",0.207100004
5419.8359,386,1,"Animations",0
5419.8381,386,1,"Spring Dependencies",9.99999975e-05
5419.8412,386,1,"GUI Render",0.149100006
5419.8431,386,1,"Physics",0.00079999998
5419.8449,386,1,"Update",0.207200006
5419.8467,386,1,"Fixed Update",0
5419.8484,386,1,"Spline Update",0.000199999995
5419.8504,386,1,"Compose",0.457100004
5419.8524,386,1,"Update Buffers (CPU)",0.190099999
5420.4675,387,1,"RenderPath3D Update",0.4274
5420.4751,387,1,"Application Update",0.4748
5421.2264,387,1,"Application Render",0.7487
5421.7803,387,1,"Application Compose",0.4684
5426.8077,387,1,"SubmitCommandLists",5.0122
5426.8437,387,1,"Shadowmap packing",0.00039999999
5426.8468,387,1,"Render",0.748399973
5426.8489,387,1,"Procedural Animations",0.00219999999
5426.8512,387,1,"Script Components",9.99999975e-05
5426.8542,387,1,"CPU Frame",1.99339998
5426.8563,387,1,"Input",0.136999995
5426.8586,387,1,"GUI Update",0.0265999995
5426.8607,387,1,"Frustum Culling",0.103299998
5426.8626,387,1,"Animations",9.99999975e-05
5426.8644,387,1,"Spring Dependencies",0.000199999995
5426.8667,387,1,"GUI Render",0.136399999
5426.8685,387,1,"Physics",0.00930000003
5426.8703,387,1,"Update",0.474599987
5426.8721,387,1,"Fixed Update",0.00359999994
5426.874,387,1,"Spline Update",0.000300000014
5426.876,387,1,"Compose",0.468100011
5426.8779,387,1,"Update Buffers (CPU)",0.142000005
5427.3188,388,1,"RenderPath3D Update",0.2809
5427.3282,388,1,"Application Update",0.3258
5428.0372,388,1,"Application Render",0.7059
5428.6619,388,1,"Application Compose",0.5019
5433.7729,388,1,"SubmitCommandLists",5.0952
5433.8216,388,1,"Shadowmap packing",0.00100000005
5433.8253,388,1,"Render",0.705600023
5433.8275,388,1,"Procedural Animations",0.0013
5433.8297,388,1,"Script Components",9.99999975e-05
5433.8333,388,1,"CPU Frame",1.84660006
5433.8355,388,1,"Input",0.118100002
5433.8377,388,1,"GUI Update",0.0236000009
5433.84,388,1,"Frustum Culling",0.0666000023
5433.8421,388,1,"Animations",0.000199999995
5433.8441,388,1,"Spring Dependencies",9.99999975e-05
5433.8464,388,1,"GUI Render",0.115800001
5433.8482,388,1,"Physics",0.00120000006
5433.8501,388,1,"Update",0.325399995
5433.8518,388,1,"Fixed Update",9.99999975e-05
5433.8536,388,1,"Spline Update",0.000300000014
5433.8556,388,1,"Compose",0.501100004
5433.8578,388,1,"Update Buffers (CPU)",0.166500002
5434.3686,389,1,"RenderPath3D Update",0.2887
5434.3788,389,1,"Application Update",0.3285
5435.0801,389,1,"Application Render",0.6985
5435.6049,389,1,"Application Compose",0.4603
5440.7398,389,1,"SubmitCommandLists",5.1215
5440.7818,389,1,"Shadowmap packing",0.000300000014
5440.7852,389,1,"Render",0.698199987
5440.7873,389,1,"Procedural Animations",0.00139999995
5440.7898,389,1,"Script Components",0.000199999995
5440.7923,389,1,"CPU Frame",1.81850004
5440.7943,389,1,"Input",0.173600003
5440.7964,389,1,"GUI Update",0.0285999998
5440.7984,389,1,"Frustum Culling",0.0732999966
5440.8004,389,1,"Animations",0.000199999995
5440.8023,389,1,"Spring Dependencies",0.000199999995
5440.8042,389,1,"GUI Render",0.1567
5440.806,389,1,"Physics",0.00549999997
5440.8079,389,1,"Update",0.328200012
5440.8097,389,1,"Fixed Update",0.0092000002
5440.8115,389,1,"Spline Update",0.000500000024
5440.8134,389,1,"Compose",0.460000008
5440.8153,389,1,"Update Buffers (CPU)",0.149499997
5441.1145,390,1,"RenderPath3D Update",0.1461
5441.1203,390,1,"Application Update",0.1753
5441.5941,390,1,"Application Render",0.4698
5442.0692,390,1,"Application Compose",0.4368
5447.6689,390,1,"SubmitCommandLists",5.5842
5447.705,390,1,"Shadowmap packing",0.00039999999
5447.7086,390,1,"Render",0.469500005
5447.7108,390,1,"Procedural Animations",0.00100000005
5447.754,390,1,"Script Components",9.99999975e-05
5447.7571,390,1,"CPU Frame",1.31760001
5447.759,390,1,"Input",0.123499997
5447.7615,390,1,"GUI Update",0.0227000006
5447.7637,390,1,"Frustum Culling",0.0478000008
5447.7657,390,1,"Animations",9.99999975e-05
5447.7675,390,1,"Spring Dependencies",0.000300000014
5447.7696,390,1,"GUI Render",0.0617000014
5447.7714,390,1,"Physics",0.0013
5447.7732,390,1,"Update",0.175099999
5447.775,390,1,"Fixed Update",9.99999975e-05
5447.7768,390,1,"Spline Update",0.000300000014
5447.7786,390,1,"Compose",0.436500013
5447.7805,390,1,"Update Buffers (CPU)",0.147
5448.0973,391,1,"RenderPath3D Update",0.1495
5448.1035,391,1,"Application Update",0.1975
5448.6488,391,1,"Application Render",0.5431
5449.1056,391,1,"Application Compose",0.4229
5454.6148,391,1,"SubmitCommandLists",5.4936
5454.6489,391,1,"Shadowmap packing",0.000300000014
5454.6527,391,1,"Render",0.542900026
5454.6548,391,1,"Procedural Animations",0.000899999985
5454.6571,391,1,"Script Components",9.99999975e-05
5454.6603,391,1,"CPU Frame",1.42659998
5454.6624,391,1,"Input",0.119400002
5454.6646,391,1,"GUI Update",0.0225000009
5454.6666,391,1,"Frustum Culling",0.0515000001
5454.6685,391,1,"Animations",9.99999975e-05
5454.6703,391,1,"Spring Dependencies",0.000199999995
5454.6725,391,1,"GUI Render",0.0927999988
5454.6742,391,1,"Physics",0.0013
5454.6761,391,1,"Update",0.1972
5454.6778,391,1,"Fixed Update",9.99999975e-05
5454.6796,391,1,"Spline Update",0.000199999995
5454.6815,391,1,"Compose",0.422699988
5454.6834,391,1,"Update Buffers (CPU)",0.129099995
5455.1832,392,1,"RenderPath3D Update",0.2438
5455.1903,392,1,"Application Update",0.3518
5455.6299,392,1,"Application Render",0.4373
5456.0997,392,1,"Application Compose",0.4235
5461.4349,392,1,"SubmitCommandLists",5.3237
5461.4659,392,1,"Shadowmap packing",0.000199999995
5461.469,392,1,"Render",0.437000006
5461.4712,392,1,"Procedural Animations",0.0013
5461.4736,392,1,"Script Components",0.000300000014
5461.476,392,1,"CPU Frame",1.47819996
5461.4781,392,1,"Input",0.145300001
5461.4803,392,1,"GUI Update",0.0282000005
5461.4824,392,1,"Frustum Culling",0.0504000001
5461.4843,392,1,"Animations",9.99999975e-05
5461.4866,392,1,"Spring Dependencies",0.000199999995
5461.4887,392,1,"GUI Render",0.057
5461.4905,392,1,"Physics",0.0199999996
5461.4925,392,1,"Update",0.351500005
5461.4942,392,1,"Fixed Update",0.00380000006
5461.4962,392,1,"Spline Update",0.000199999995
5461.4981,392,1,"Compose",0.423000008
5461.5,392,1,"Update Buffers (CPU)",0.150099993
5461.8352,393,1,"RenderPath3D Update",0.1795
5461.8395,393,1,"Application Update",0.2128
5462.2992,393,1,"Application Render",0.4577
5462.7435,393,1,"Application Compose",0.4135
5468.3751,393,1,"SubmitCommandLists",5.6189
5468.4075,393,1,"Shadowmap packing",0.000199999995
5468.4107,393,1,"Render",0.457500011
5468.4128,393,1,"Procedural Animations",0.000600000028
5468.415,393,1,"Script Components",9.99999975e-05
5468.418,393,1,"CPU Frame",1.29929996
5468.4199,393,1,"Input",0.121299997
5468.4222,393,1,"GUI Update",0.0266999993
5468.4242,393,1,"Frustum Culling",0.0458000004
5468.4261,393,1,"Animations",0
5468.4281,393,1,"Spring Dependencies",0.00039999999
5468.4303,393,1,"GUI Render",0.068400003
5468.4321,393,1,"Physics",0.00100000005
5468.4339,393,1,"Update",0.212699994
5468.4356,393,1,"Fixed Update",9.99999975e-05
5468.4374,393,1,"Spline Update",0.000300000014
5468.4394,393,1,"Compose",0.413199991
5468.4413,393,1,"Update Buffers (CPU)",0.105099998
5468.8921,394,1,"RenderPath3D Update",0.3111
5468.8976,394,1,"Application Update",0.3342
5469.4656,394,1,"Application Render",0.5659
5470.0833,394,1,"Application Compose",0.5841
5475.3273,394,1,"SubmitCommandLists",5.2317
5475.357,394,1,"Shadowmap packing",0.000600000028
5475.3603,394,1,"Render",0.565699995
5475.3624,394,1,"Procedural Animations",0.0013
5475.3647,394,1,"Script Components",0.000199999995
5475.3672,394,1,"CPU Frame",1.70379996
5475.369,394,1,"Input",0.112499997
5475.371,394,1,"GUI Update",0.0207000002
5475.3729,394,1,"Frustum Culling",0.112499997
5475.3747,394,1,"Animations",0
5475.4152,394,1,"Spring Dependencies",0.00039999999
5475.4175,394,1,"GUI Render",0.0951000005
5475.4193,394,1,"Physics",0.00889999978
5475.421,394,1,"Update",0.334100008
5475.4228,394,1,"Fixed Update",0.0037
5475.4247,394,1,"Spline Update",0.000199999995
5475.4265,394,1,"Compose",0.583800018
5475.4284,394,1,"Update Buffers (CPU)",0.112099998
5475.9632,395,1,"RenderPath3D Update",0.3804
5475.9686,395,1,"Application Update",0.4058
5476.4791,395,1,"Application Render",0.5085
5476.9381,395,1,"Application Compose",0.4234
5482.2412,395,1,"SubmitCommandLists",5.2912
5482.275,395,1,"Shadowmap packing",0.000199999995
5482.2782,395,1,"Render",0.50819999
5482.2802,395,1,"Procedural Animations",0.00120000006
5482.2825,395,1,"Script Components",9.99999975e-05
5482.2853,395,1,"CPU Frame",1.60619998
5482.2873,395,1,"Input",0.128900006
5482.2894,395,1,"GUI Update",0.0302000009
5482.2915,395,1,"Frustum Culling",0.0944000036
5482.2933,395,1,"Animations",9.99999975e-05
5482.2951,395,1,"Spring Dependencies",0.000199999995
5482.2972,395,1,"GUI Render",0.0544000007
5482.2989,395,1,"Physics",0.00200000009
5482.3007,395,1,"Update",0.405600011
5482.3025,395,1,"Fixed Update",9.99999975e-05
5482.3042,395,1,"Spline Update",0.000199999995
5482.3061,395,1,"Compose",0.423200011
5482.3083,395,1,"Update Buffers (CPU)",0.1215
5482.6411,396,1,"RenderPath3D Update",0.1912
5482.6451,396,1,"Application Update",0.212
5483.1608,396,1,"Application Render",0.5136
5483.6225,396,1,"Application Compose",0.4219
5489.2146,396,1,"SubmitCommandLists",5.5797
5489.2425,396,1,"Shadowmap packing",0.000300000014
5489.2453,396,1,"Render",0.513499975
5489.2473,396,1,"Procedural Animations",0.000899999985
5489.2495,396,1,"Script Components",0.000199999995
5489.2517,396,1,"CPU Frame",1.37409997
5489.2536,396,1,"Input",0.115199998
5489.2557,396,1,"GUI Update",0.0193000007
5489.2577,396,1,"Frustum Culling",0.0491999984
5489.2596,396,1,"Animations",9.99999975e-05
5489.2619,396,1,"Spring Dependencies",9.99999975e-05
5489.2639,396,1,"GUI Render",0.0829999968
5489.2658,396,1,"Physics",0.0127999997
5489.2675,396,1,"Update",0.211799994
5489.2693,396,1,"Fixed Update",0.00340000005
5489.2712,396,1,"Spline Update",0.000199999995
5489.2732,396,1,"Compose",0.421499997
5489.275,396,1,"Update Buffers (CPU)",0.115999997
5489.6045,397,1,"RenderPath3D Update",0.1907
5489.6091,397,1,"Application Update",0.2154
5490.1789,397,1,"Application Render",0.5677
5490.6388,397,1,"Application Compose",0.4152
5496.1415,397,1,"SubmitCommandLists",5.491
5496.1699,397,1,"Shadowmap packing",0.00100000005
5496.1727,397,1,"Render",0.567399979
5496.1747,397,1,"Procedural Animations",0.000899999985
5496.1771,397,1,"Script Components",9.99999975e-05
5496.1796,397,1,"CPU Frame",1.41890001
5496.1816,397,1,"Input",0.113200001
5496.1837,397,1,"GUI Update",0.0206000004
5496.1857,397,1,"Frustum Culling",0.0549999997
5496.1876,397,1,"Animations",9.99999975e-05
5496.1894,397,1,"Spring Dependencies",9.99999975e-05
5496.1914,397,1,"GUI Render",0.0614
5496.1933,397,1,"Physics",0.00200000009
5496.1951,397,1,"Update",0.215299994
5496.1969,397,1,"Fixed Update",0
5496.1987,397,1,"Spline Update",0.000300000014
5496.2006,397,1,"Compose",0.414999992
5496.2025,397,1,"Update Buffers (CPU)",0.111400001
5496.4808,398,1,"RenderPath3D Update",0.1391
5496.491,398,1,"Application Update",0.1692
5496.9339,398,1,"Application Render",0.4402
5497.4168,398,1,"Application Compose",0.4487
5503.1087,398,1,"SubmitCommandLists",5.6787
5503.1376,398,1,"Shadowmap packing",0.0013
5503.1404,398,1,"Render",0.439900011
5503.1425,398,1,"Procedural Animations",0.00150000001
5503.1448,398,1,"Script Components",0.00039999999
5503.1472,398,1,"CPU Frame",1.27170002
5503.1492,398,1,"Input",0.112899996
5503.1512,398,1,"GUI Update",0.0196000002
5503.1533,398,1,"Frustum Culling",0.0621000007
5503.1551,398,1,"Animations",9.99999975e-05
5503.1572,398,1,"Spring Dependencies",9.99999975e-05
5503.1593,398,1,"GUI Render",0.0551999994
5503.1612,398,1,"Physics",0.00170000002
5503.163,398,1,"Update",0.169100001
5503.1648,398,1,"Fixed Update",9.99999975e-05
5503.1667,398,1,"Spline Update",0.00039999999
5503.206,398,1,"Compose",0.448199987
5503.2081,398,1,"Update Buffers (CPU)",0.0922000036
5503.552,399,1,"RenderPath3D Update",0.2026
5503.5575,399,1,"Application Update",0.2321
5503.9992,399,1,"Application Render",0.4396
5504.4336,399,1,"Application Compose",0.4061
5510.1067,399,1,"SubmitCommandLists",5.6621
5510.1395,399,1,"Shadowmap packing",0.000300000014
5510.1427,399,1,"Render",0.439399987
5510.1447,399,1,"Procedural Animations",0.00289999996
5510.1469,399,1,"Script Components",0.000300000014
5510.1493,399,1,"CPU Frame",1.31780005
5510.1512,399,1,"Input",0.108000003
5510.1534,399,1,"GUI Update",0.0204000007
5510.1556,399,1,"Frustum Culling",0.0636000037
5510.1575,399,1,"Animations",9.99999975e-05
5510.1599,399,1,"Spring Dependencies",0.000199999995
5510.1621,399,1,"GUI Render",0.061900001
5510.1639,399,1,"Physics",0.0167999994
5510.1657,399,1,"Update",0.231999993
5510.1675,399,1,"Fixed Update",0.00350000011
5510.1694,399,1,"Spline Update",0.000300000014
5510.1713,399,1,"Compose",0.405900002
5510.1731,399,1,"Update Buffers (CPU)",0.106700003
5510.4755,400,1,"RenderPath3D Update",0.1505
5510.4796,400,1,"Application Update",0.1753
5510.9566,400,1,"Application Render",0.4747
5511.4222,400,1,"Application Compose",0.4297
5517.0368,400,1,"SubmitCommandLists",5.5981
5517.0726,400,1,"Shadowmap packing",0.000899999985
5517.0758,400,1,"Render",0.474599987
5517.078,400,1,"Procedural Animations",0.000699999975
5517.0803,400,1,"Script Components",9.99999975e-05
5517.0832,400,1,"CPU Frame",1.30719995
5517.0853,400,1,"Input",0.125
5517.0875,400,1,"GUI Update",0.0221999995
5517.0894,400,1,"Frustum Culling",0.0516999997
5517.0913,400,1,"Animations",9.99999975e-05
5517.0932,400,1,"Spring Dependencies",9.99999975e-05
5517.0953,400,1,"GUI Render",0.072300002
5517.0974,400,1,"Physics",0.00079999998
5517.0993,400,1,"Update",0.175099999
5517.1011,400,1,"Fixed Update",9.99999975e-05
5517.103,400,1,"Spline Update",0.000199999995
5517.1049,400,1,"Compose",0.4296
5517.1068,400,1,"Update Buffers (CPU)",0.116700001
5517.4446,401,1,"RenderPath3D Update",0.1928
5517.4492,401,1,"Application Update",0.2155
5517.9332,401,1,"Application Render",0.4819
5518.3876,401,1,"Application Compose",0.4126
5523.9371,401,1,"SubmitCommandLists",5.539
5523.96,401,1,"Shadowmap packing",9.99999975e-05
5523.9631,401,1,"Render",0.481700003
5523.9656,401,1,"Procedural Animations",0.00109999999
5523.9679,401,1,"Script Components",0.000199999995
5523.9703,401,1,"CPU Frame",1.34169996
5523.9721,401,1,"Input",0.118299998
5523.9741,401,1,"GUI Update",0.0212999992
5523.976,401,1,"Frustum Culling",0.0527000017
5523.978,401,1,"Animations",9.99999975e-05
5523.9798,401,1,"Spring Dependencies",0.000199999995
5523.9818,401,1,"GUI Render",0.0794999972
5523.9836,401,1,"Physics",0.00879999995
5523.9854,401,1,"Update",0.215200007
5523.9871,401,1,"Fixed Update",0.00319999992
5523.9888,401,1,"Spline Update",9.99999975e-05
5523.9907,401,1,"Compose",0.412200004
5523.9925,401,1,"Update Buffers (CPU)",0.117700003
5524.1903,402,1,"RenderPath3D Update",0.0787
5524.1939,402,1,"Application Update",0.0978
5524.4871,402,1,"Application Render",0.2911
5524.8892,402,1,"Application Compose",0.3827
5531.0061,402,1,"SubmitCommandLists",6.1092
5531.0314,402,1,"Shadowmap packing",9.99999975e-05
5531.0348,402,1,"Render",0.291000009
5531.037,402,1,"Procedural Animations",0.00039999999
5531.0394,402,1,"Script Components",9.99999975e-05
5531.0419,402,1,"CPU Frame",0.948000014
5531.0439,402,1,"Input",0.0987000018
5531.0461,402,1,"GUI Update",0.0177999996
5531.048,402,1,"Frustum Culling",0.0557999983
5531.0499,402,1,"Animations",9.99999975e-05
5531.0517,402,1,"Spring Dependencies",0
5531.0539,402,1,"GUI Render",0.0379000008
5531.0557,402,1,"Physics",0.000500000024
5531.0576,402,1,"Update",0.0975999981
5531.0594,402,1,"Fixed Update",0
5531.0611,402,1,"Spline Update",0.000199999995
5531.063,402,1,"Compose",0.382400006
5531.0649,402,1,"Update Buffers (CPU)",0.0357000008
5531.3128,403,1,"RenderPath3D Update",0.1367
5531.3172,403,1,"Application Update",0.1551
5531.592,403,1,"Application Render",0.2728
5532.0877,403,1,"Application Compose",0.3835
5537.9441,403,1,"SubmitCommandLists",5.8484
5537.9698,403,1,"Shadowmap packing",0.000199999995
5537.9732,403,1,"Render",0.272500008
5537.9752,403,1,"Procedural Animations",0.000500000024
5537.9774,403,1,"Script Components",9.99999975e-05
5537.9799,403,1,"CPU Frame",1.07729995
5537.9819,403,1,"Input",0.0925000012
5537.984,403,1,"GUI Update",0.0175000001
5537.9859,403,1,"Frustum Culling",0.0450000018
5537.9878,403,1,"Animations",9.99999975e-05
5537.9896,403,1,"Spring Dependencies",9.99999975e-05
5537.9915,403,1,"GUI Render",0.0549000017
5537.9933,403,1,"Physics",0.00039999999
5537.9952,403,1,"Update",0.155000001
5537.997,403,1,"Fixed Update",9.99999975e-05
5537.9988,403,1,"Spline Update",9.99999975e-05
5538.0007,403,1,"Compose",0.38319999
5538.0025,403,1,"Update Buffers (CPU)",0.0291000009
5538.2676,404,1,"RenderPath3D Update",0.1549
5538.2728,404,1,"Application Update",0.1715
5538.5435,404,1,"Application Render",0.2686
5538.9491,404,1,"Application Compose",0.3816
5544.7845,404,1,"SubmitCommandLists",5.8273
5544.8103,404,1,"Shadowmap packing",0.000199999995
5544.8132,404,1,"Render",0.268400013
5544.8151,404,1,"Procedural Animations",0.000500000024
5544.8173,404,1,"Script Components",9.99999975e-05
5544.8197,404,1,"CPU Frame",1
5544.8218,404,1,"Input",0.0922999978
5544.8239,404,1,"GUI Update",0.0175999999
5544.8257,404,1,"Frustum Culling",0.0443999991
5544.8276,404,1,"Animations",9.99999975e-05
5544.8295,404,1,"Spring Dependencies",9.99999975e-05
5544.8315,404,1,"GUI Render",0.0548
5544.8332,404,1,"Physics",0.00359999994
5544.835,404,1,"Update",0.171399996
5544.8369,404,1,"Fixed Update",0.00200000009
5544.8387,404,1,"Spline Update",0.000199999995
5544.8406,404,1,"Compose",0.381300002
5544.8423,404,1,"Update Buffers (CPU)",0.0305000003
5545.0755,405,1,"RenderPath3D Update",0.126
5545.0796,405,1,"Application Update",0.1412
5545.3241,405,1,"Application Render",0.2422
5545.7316,405,1,"Application Compose",0.3875
5551.7935,405,1,"SubmitCommandLists",6.0549
5551.8188,405,1,"Shadowmap packing",0.000199999995
5551.8224,405,1,"Render",0.2421
5551.8245,405,1,"Procedural Animations",0.00039999999
5551.827,405,1,"Script Components",0
5551.8295,405,1,"CPU Frame",0.93900001
5551.8316,405,1,"Input",0.0917000026
5551.8338,405,1,"GUI Update",0.0165999997
5551.8358,405,1,"Frustum Culling",0.0381000005
5551.8378,405,1,"Animations",9.99999975e-05
5551.8399,405,1,"Spring Dependencies",9.99999975e-05
5551.842,405,1,"GUI Render",0.0507999994
5551.8439,405,1,"Physics",0.000300000014
5551.8458,405,1,"Update",0.141000003
5551.8477,405,1,"Fixed Update",0
5551.8494,405,1,"Spline Update",9.99999975e-05
5551.8513,405,1,"Compose",0.387100011
5551.8531,405,1,"Update Buffers (CPU)",0.0450999998
5552.0234,406,1,"RenderPath3D Update",0.0643
5552.0283,406,1,"Application Update",0.08
5552.2771,406,1,"Application Render",0.2453
5552.6903,406,1,"Application Compose",0.3955
5558.7462,406,1,"SubmitCommandLists",6.0486
5558.7867,406,1,"Shadowmap packing",0.000199999995
5558.79,406,1,"Render",0.245100006
5558.7921,406,1,"Procedural Animations",0.00039999999
5558.7942,406,1,"Script Components",9.99999975e-05
5558.7969,406,1,"CPU Frame",0.891600013
5558.7988,406,1,"Input",0.0887999982
5558.8008,406,1,"GUI Update",0.0176999997
5558.8027,406,1,"Frustum Culling",0.0392000005
5558.8046,406,1,"Animations",9.99999975e-05
5558.8064,406,1,"Spring Dependencies",0.000899999985
5558.8085,406,1,"GUI Render",0.0728999972
5558.8103,406,1,"Physics",0.0037
5558.8122,406,1,"Update",0.0798999965
5558.8139,406,1,"Fixed Update",0.00170000002
5558.8158,406,1,"Spline Update",9.99999975e-05
5558.8177,406,1,"Compose",0.395300001
5558.8195,406,1,"Update Buffers (CPU)",0.0342000015
5559.0507,407,1,"RenderPath3D Update",0.1164
5559.0558,407,1,"Application Update",0.134
5559.3405,407,1,"Application Render",0.2815
5559.7464,407,1,"Application Compose",0.3745
5565.6899,407,1,"SubmitCommandLists",5.936
5565.7133,407,1,"Shadowmap packing",9.99999975e-05
5565.7166,407,1,"Render",0.281199992
5565.7187,407,1,"Procedural Animations",0.000500000024
5565.7522,407,1,"Script Components",9.99999975e-05
5565.7695,407,1,"CPU Frame",0.995400012
5565.7714,407,1,"Input",0.0976999998
5565.7736,407,1,"GUI Update",0.023
5565.7756,407,1,"Frustum Culling",0.0438000001
5565.7775,407,1,"Animations",9.99999975e-05
5565.7793,407,1,"Spring Dependencies",9.99999975e-05
5565.7813,407,1,"GUI Render",0.0427000001
5565.7831,407,1,"Physics",0.000500000024
5565.7849,407,1,"Update",0.1338
5565.7868,407,1,"Fixed Update",0
5565.7886,407,1,"Spline Update",9.99999975e-05
5565.7906,407,1,"Compose",0.374300003
5565.7924,407,1,"Update Buffers (CPU)",0.0348000005
5566.047,408,1,"RenderPath3D Update",0.1417
5566.0516,408,1,"Application Update",0.157
5566.3259,408,1,"Application Render",0.2707
5566.7491,408,1,"Application Compose",0.3799
5572.6498,408,1,"SubmitCommandLists",5.8929
5572.6743,408,1,"Shadowmap packing",9.99999975e-05
5572.6792,408,1,"Render",0.270500004
5572.6813,408,1,"Procedural Animations",0.000500000024
5572.6872,408,1,"Script Components",9.99999975e-05
5572.6984,408,1,"CPU Frame",1.05519998
5572.7003,408,1,"Input",0.0957999974
5572.7025,408,1,"GUI Update",0.0168999992
5572.7043,408,1,"Frustum Culling",0.058600001
5572.7062,408,1,"Animations",9.99999975e-05
5572.708,408,1,"Spring Dependencies",9.99999975e-05
5572.7101,408,1,"GUI Render",0.0513000004
5572.7119,408,1,"Physics",0.0046000001
5572.7138,408,1,"Update",0.156800002
5572.7157,408,1,"Fixed Update",0.00159999996
5572.7176,408,1,"Spline Update",9.99999975e-05
5572.7194,408,1,"Compose",0.379599988
5572.7213,408,1,"Update Buffers (CPU)",0.0366000012
5572.9327,409,1,"RenderPath3D Update",0.0899
5572.9384,409,1,"Application Update",0.1074
5573.2054,409,1,"Application Render",0.2638
5573.6149,409,1,"Application Compose",0.3771
5579.5244,409,1,"SubmitCommandLists",5.9019
5579.5487,409,1,"Shadowmap packing",0.000199999995
5579.5519,409,1,"Render",0.263599992
5579.5539,409,1,"Procedural Animations",0.000500000024
5579.5561,409,1,"Script Components",0
5579.5584,409,1,"CPU Frame",0.960300028
5579.5603,409,1,"Input",0.105099998
5579.5624,409,1,"GUI Update",0.0174000002
5579.5643,409,1,"Frustum Culling",0.0329000019
5579.5662,409,1,"Animations",9.99999975e-05
5579.5683,409,1,"Spring Dependencies",9.99999975e-05
5579.5704,409,1,"GUI Render",0.0401000008
5579.5722,409,1,"Physics",0.000500000024
5579.5741,409,1,"Update",0.107199997
5579.5758,409,1,"Fixed Update",0
5579.5775,409,1,"Spline Update",9.99999975e-05
5579.5794,409,1,"Compose",0.376800001
5579.5812,409,1,"Update Buffers (CPU)",0.0423999988
5579.8269,410,1,"RenderPath3D Update",0.137
5579.8329,410,1,"Application Update",0.1552
5580.1026,410,1,"Application Render",0.2669
5580.5214,410,1,"Application Compose",0.3761
5586.5447,410,1,"SubmitCommandLists",6.0162
5586.5733,410,1,"Shadowmap packing",0.000199999995
5586.5767,410,1,"Render",0.266600013
5586.5789,410,1,"Procedural Animations",0.00039999999
5586.5811,410,1,"Script Components",9.99999975e-05
5586.5837,410,1,"CPU Frame",0.992399991
5586.5856,410,1,"Input",0.0921000019
5586.5876,410,1,"GUI Update",0.0175999999
5586.5895,410,1,"Frustum Culling",0.0494999997
5586.5913,410,1,"Animations",9.99999975e-05
5586.593,410,1,"Spring Dependencies",0.000199999995
5586.5951,410,1,"GUI Render",0.0538000017
5586.5969,410,1,"Physics",0.00039999999
5586.5987,410,1,"Update",0.155000001
5586.6004,410,1,"Fixed Update",0
5586.6022,410,1,"Spline Update",0.000300000014
5586.6041,410,1,"Compose",0.375800014
5586.6058,410,1,"Update Buffers (CPU)",0.0377000012
5586.9033,411,1,"RenderPath3D Update",0.1791
5586.908,411,1,"Application Update",0.1973
5587.2944,411,1,"Application Render",0.3841
5587.7291,411,1,"Application Compose",0.409
5593.5087,411,1,"SubmitCommandLists",5.765
5593.5358,411,1,"Shadowmap packing",0.000300000014
5593.539,411,1,"Render",0.383899987
5593.5411,411,1,"Procedural Animations",0.000500000024
5593.5432,411,1,"Script Components",9.99999975e-05
5593.546,411,1,"CPU Frame",1.17850006
5593.5479,411,1,"Input",0.0939999968
5593.5499,411,1,"GUI Update",0.0194000006
5593.5518,411,1,"Frustum Culling",0.0520000011
5593.5536,411,1,"Animations",9.99999975e-05
5593.5909,411,1,"Spring Dependencies",9.99999975e-05
5593.5931,411,1,"GUI Render",0.0590999983
5593.5948,411,1,"Physics",0.0234999992
5593.5966,411,1,"Update",0.197099999
5593.5984,411,1,"Fixed Update",0.0037
5593.6002,411,1,"Spline Update",0.000300000014
5593.6021,411,1,"Compose",0.408800006
5593.6039,411,1,"Update Buffers (CPU)",0.0808999985
5594.1405,412,1,"RenderPath3D Update",0.4206
5594.1491,412,1,"Application Update",0.4455
5594.564,412,1,"Application Render",0.4125
5595.0368,412,1,"Application Compose",0.4453
5600.4074,412,1,"SubmitCommandLists",5.3621
5600.4555,412,1,"Shadowmap packing",0.000300000014
5600.4588,412,1,"Render",0.412299991
5600.461,412,1,"Procedural Animations",0.000699999975
5600.4633,412,1,"Script Components",0.000199999995
5600.466,412,1,"CPU Frame",1.52240002
5600.468,412,1,"Input",0.0939999968
5600.4708,412,1,"GUI Update",0.0186999999
5600.4729,412,1,"Frustum Culling",0.0551999994
5600.4749,412,1,"Animations",9.99999975e-05
5600.4773,412,1,"Spring Dependencies",9.99999975e-05
5600.4794,412,1,"GUI Render",0.0707999989
5600.4813,412,1,"Physics",0.000500000024
5600.4834,412,1,"Update",0.4454
5600.4855,412,1,"Fixed Update",0
5600.4874,412,1,"Spline Update",0.000199999995
5600.4894,412,1,"Compose",0.444900006
5600.4913,412,1,"Update Buffers (CPU)",0.0707999989
5600.8622,413,1,"RenderPath3D Update",0.2153
5600.8671,413,1,"Application Update",0.2402
5601.431,413,1,"Application Render",0.5617
5601.9147,413,1,"Application Compose",0.4401
5607.2769,413,1,"SubmitCommandLists",5.3496
5607.3205,413,1,"Shadowmap packing",0.000300000014
5607.324,413,1,"Render",0.561600029
5607.3264,413,1,"Procedural Animations",0.00249999994
5607.3287,413,1,"Script Components",0.000199999995
5607.3314,413,1,"CPU Frame",1.49310005
5607.3337,413,1,"Input",0.122599997
5607.3363,413,1,"GUI Update",0.0243999995
5607.3384,413,1,"Frustum Culling",0.0540999994
5607.3402,413,1,"Animations",9.99999975e-05
5607.3423,413,1,"Spring Dependencies",0.000199999995
5607.3447,413,1,"GUI Render",0.0764999986
5607.3466,413,1,"Physics",0.00760000013
5607.3484,413,1,"Update",0.240099996
5607.3502,413,1,"Fixed Update",0.00499999989
5607.3519,413,1,"Spline Update",0.000300000014
5607.3538,413,1,"Compose",0.439799994
5607.3557,413,1,"Update Buffers (CPU)",0.1699
5607.6678,414,1,"RenderPath3D Update",0.1519
5607.6722,414,1,"Application Update",0.1832
5608.0163,414,1,"Application Render",0.3417
5608.539,414,1,"Application Compose",0.4487
5614.2048,414,1,"SubmitCommandLists",5.6496
5614.2415,414,1,"Shadowmap packing",0.000199999995
5614.2444,414,1,"Render",0.341300011
5614.2464,414,1,"Procedural Animations",0.00100000005
5614.2486,414,1,"Script Components",9.99999975e-05
5614.2515,414,1,"CPU Frame",1.24849999
5614.2539,414,1,"Input",0.126200005
5614.2562,414,1,"GUI Update",0.0251000002
5614.2582,414,1,"Frustum Culling",0.0410999991
5614.2601,414,1,"Animations",9.99999975e-05
5614.2619,414,1,"Spring Dependencies",9.99999975e-05
5614.264,414,1,"GUI Render",0.0687000006
5614.266,414,1,"Physics",0.0013
5614.2678,414,1,"Update",0.182999998
5614.2695,414,1,"Fixed Update",9.99999975e-05
5614.2713,414,1,"Spline Update",0.00039999999
5614.2732,414,1,"Compose",0.447600007
5614.2751,414,1,"Update Buffers (CPU)",0.152999997
5614.5269,415,1,"RenderPath3D Update",0.1172
5614.531,415,1,"Application Update",0.1413
5614.9736,415,1,"Application Render",0.4404
5615.4645,415,1,"Application Compose",0.4365
5621.1952,415,1,"SubmitCommandLists",5.7163
5621.2311,415,1,"Shadowmap packing",0.000300000014
5621.2345,415,1,"Render",0.440200001
5621.2369,415,1,"Procedural Animations",0.00120000006
5621.2391,415,1,"Script Components",0.000199999995
5621.2415,415,1,"CPU Frame",1.25049996
5621.2435,415,1,"Input",0.108999997
5621.2457,415,1,"GUI Update",0.0189999994
5621.2477,415,1,"Frustum Culling",0.0320000015
5621.2496,415,1,"Animations",9.99999975e-05
5621.2517,415,1,"Spring Dependencies",0.000199999995
5621.2538,415,1,"GUI Render",0.0643000007
5621.2557,415,1,"Physics",0.00079999998
5621.2576,415,1,"Update",0.141200006
5621.2593,415,1,"Fixed Update",9.99999975e-05
5621.3054,415,1,"Spline Update",0.000199999995
5621.3076,415,1,"Compose",0.436199993
5621.3096,415,1,"Update Buffers (CPU)",0.0925000012
5621.6608,416,1,"RenderPath3D Update",0.2079
5621.6648,416,1,"Application Update",0.2317
5622.0946,416,1,"Application Render",0.4275
5622.5387,416,1,"Application Compose",0.4144
5628.1415,416,1,"SubmitCommandLists",5.5894
5628.1764,416,1,"Shadowmap packing",0.000199999995
5628.1798,416,1,"Render",0.42719999
5628.1819,416,1,"Procedural Animations",0.00249999994
5628.1841,416,1,"Script Components",0.000199999995
5628.1864,416,1,"CPU Frame",1.33270001
5628.1882,416,1,"Input",0.112400003
5628.1904,416,1,"GUI Update",0.0237000007
5628.1924,416,1,"Frustum Culling",0.057
5628.1943,416,1,"Animations",9.99999975e-05
5628.1965,416,1,"Spring Dependencies",9.99999975e-05
5628.1986,416,1,"GUI Render",0.0621000007
5628.2005,416,1,"Physics",0.00700000022
5628.2023,416,1,"Update",0.231399998
5628.2043,416,1,"Fixed Update",0.00419999985
5628.2062,416,1,"Spline Update",0.000199999995
5628.208,416,1,"Compose",0.414099991
5628.2099,416,1,"Update Buffers (CPU)",0.118500002
5628.6504,417,1,"RenderPath3D Update",0.1815
5628.6577,417,1,"Application Update",0.2251
5629.2263,417,1,"Application Render",0.5663
5629.6815,417,1,"Application Compose",0.4123
5635.01,417,1,"SubmitCommandLists",5.3161
5635.0528,417,1,"Shadowmap packing",0.000500000024
5635.0558,417,1,"Render",0.566100001
5635.0578,417,1,"Procedural Animations",0.00289999996
5635.0602,417,1,"Script Components",9.99999975e-05
5635.0627,417,1,"CPU Frame",1.52980006
5635.0648,417,1,"Input",0.216299996
5635.067,417,1,"GUI Update",0.0623999983
5635.069,417,1,"Frustum Culling",0.0579999983
5635.071,417,1,"Animations",9.99999975e-05
5635.0729,417,1,"Spring Dependencies",0.000199999995
5635.0751,417,1,"GUI Render",0.0645999983
5635.077,417,1,"Physics",0.00200000009
5635.0788,417,1,"Update",0.224800006
5635.0805,417,1,"Fixed Update",9.99999975e-05
5635.0823,417,1,"Spline Update",0.00150000001
5635.0842,417,1,"Compose",0.411900014
5635.0861,417,1,"Update Buffers (CPU)",0.0913999975
5635.3883,418,1,"RenderPath3D Update",0.1526
5635.3941,418,1,"Application Update",0.175
5635.8954,418,1,"Application Render",0.4992
5636.3859,418,1,"Application Compose",0.4254
5641.9414,418,1,"SubmitCommandLists",5.5427
5641.975,418,1,"Shadowmap packing",0.000300000014
5641.9785,418,1,"Render",0.499000013
5641.9805,418,1,"Procedural Animations",0.000699999975
5641.9829,418,1,"Script Components",0
5641.9853,418,1,"CPU Frame",1.37039995
5641.9872,418,1,"Input",0.123999998
5641.9895,418,1,"GUI Update",0.0201999992
5641.9922,418,1,"Frustum Culling",0.0800999999
5641.9941,418,1,"Animations",9.99999975e-05
5641.9963,418,1,"Spring Dependencies",0.000199999995
5641.9984,418,1,"GUI Render",0.0746999979
5642.0003,418,1,"Physics",0.00490000006
5642.0021,418,1,"Update",0.174700007
5642.004,418,1,"Fixed Update",0.00319999992
5642.0059,418,1,"Spline Update",0.000300000014
5642.0079,418,1,"Compose",0.425099999
5642.0097,418,1,"Update Buffers (CPU)",0.0865999982
5642.2812,419,1,"RenderPath3D Update",0.1272
5642.2851,419,1,"Application Update",0.1517
5642.6688,419,1,"Application Render",0.3816
5643.1316,419,1,"Application Compose",0.4234
5648.9205,419,1,"SubmitCommandLists",5.7755
5648.9692,419,1,"Shadowmap packing",0.000300000014
5648.973,419,1,"Render",0.381399989
5648.9751,419,1,"Procedural Animations",0.000899999985
5648.9773,419,1,"Script Components",9.99999975e-05
5648.9802,419,1,"CPU Frame",1.18270004
5648.9832,419,1,"Input",0.118000001
5648.9853,419,1,"GUI Update",0.0200999994
5648.9876,419,1,"Frustum Culling",0.0377999991
5648.9894,419,1,"Animations",9.99999975e-05
5648.9912,419,1,"Spring Dependencies",0.000300000014
5648.994,419,1,"GUI Render",0.0869000033
5648.9958,419,1,"Physics",0.000899999985
5648.9981,419,1,"Update",0.1514
5648.9998,419,1,"Fixed Update",9.99999975e-05
5649.0016,419,1,"Spline Update",0.000199999995
5649.0034,419,1,"Compose",0.423200011
5649.0064,419,1,"Update Buffers (CPU)",0.0684999973
5649.3379,420,1,"RenderPath3D Update",0.1604
5649.3424,420,1,"Application Update",0.1831
5649.6935,420,1,"Application Render",0.3127
5650.1309,420,1,"Application Compose",0.4016
5655.9066,420,1,"SubmitCommandLists",5.7642
5655.9538,420,1,"Shadowmap packing",0.000300000014
5655.9574,420,1,"Render",0.312400013
5655.9595,420,1,"Procedural Animations",0.00109999999
5655.9619,420,1,"Script Components",0.000199999995
5655.9645,420,1,"CPU Frame",1.19959998
5655.9666,420,1,"Input",0.140100002
5655.9688,420,1,"GUI Update",0.0214000009
5655.971,420,1,"Frustum Culling",0.0489000008
5655.9731,420,1,"Animations",9.99999975e-05
5655.9752,420,1,"Spring Dependencies",9.99999975e-05
5655.9774,420,1,"GUI Render",0.0617999993
5655.9797,420,1,"Physics",0.00480000023
5655.9815,420,1,"Update",0.182899997
5655.9833,420,1,"Fixed Update",0.00540000014
5655.9851,420,1,"Spline Update",0.000600000028
5655.987,420,1,"Compose",0.40110001
5655.9895,420,1,"Update Buffers (CPU)",0.0595000014
5656.3158,421,1,"RenderPath3D Update",0.1569
5656.3201,421,1,"Application Update",0.2011
5656.8744,421,1,"Application Render",0.5521
5657.3709,421,1,"Application Compose",0.4536
5662.7555,421,1,"SubmitCommandLists",5.3517
5662.7887,421,1,"Shadowmap packing",0.000300000014
5662.7921,421,1,"Render",0.551999986
5662.7943,421,1,"Procedural Animations",0.0013
5662.7965,421,1,"Script Components",0.000199999995
5662.7989,421,1,"CPU Frame",1.46749997
5662.801,421,1,"Input",0.121699996
5662.8033,421,1,"GUI Update",0.0228000004
5662.8053,421,1,"Frustum Culling",0.0406999998
5662.8071,421,1,"Animations",9.99999975e-05
5662.8093,421,1,"Spring Dependencies",0.000600000028
5662.8115,421,1,"GUI Render",0.0957000032
5662.8132,421,1,"Physics",0.0184000004
5662.815,421,1,"Update",0.200800002
5662.8169,421,1,"Fixed Update",9.99999975e-05
5662.8188,421,1,"Spline Update",0.000300000014
5662.8206,421,1,"Compose",0.453299999
5662.8226,421,1,"Update Buffers (CPU)",0.142700002
5663.106,422,1,"RenderPath3D Update",0.1398
5663.1103,422,1,"Application Update",0.1644
5663.5175,422,1,"Application Render",0.4051
5664.0122,422,1,"Application Compose",0.4612
5669.805,422,1,"SubmitCommandLists",5.772
5669.8643,422,1,"Shadowmap packing",0.000199999995
5669.8682,422,1,"Render",0.404799998
5669.8704,422,1,"Procedural Animations",0.00100000005
5669.8727,422,1,"Script Components",9.99999975e-05
5669.8757,422,1,"CPU Frame",1.25199997
5669.8778,422,1,"Input",0.117299996
5669.8804,422,1,"GUI Update",0.0200999994
5669.8823,422,1,"Frustum Culling",0.0394000001
5669.8842,422,1,"Animations",9.99999975e-05
5669.886,422,1,"Spring Dependencies",0.000199999995
5669.8885,422,1,"GUI Render",0.0606999993
5669.8903,422,1,"Physics",0.00079999998
5669.8922,422,1,"Update",0.164199993
5669.8943,422,1,"Fixed Update",0
5669.8963,422,1,"Spline Update",0.000300000014
5669.8983,422,1,"Compose",0.460900009
5669.9003,422,1,"Update Buffers (CPU)",0.1096
5670.2224,423,1,"RenderPath3D Update",0.1653
5670.2269,423,1,"Application Update",0.1924
5670.8224,423,1,"Application Render",0.5933
5671.3139,423,1,"Application Compose",0.4452
5676.6914,423,1,"SubmitCommandLists",5.363
5676.7256,423,1,"Shadowmap packing",9.99999975e-05
5676.7295,423,1,"Render",0.592899978
5676.7318,423,1,"Procedural Animations",0.00109999999
5676.7341,423,1,"Script Components",0.000199999995
5676.7368,423,1,"CPU Frame",1.49489999
5676.7387,423,1,"Input",0.118699998
5676.7411,423,1,"GUI Update",0.0274999999
5676.7433,423,1,"Frustum Culling",0.0513999984
5676.7452,423,1,"Animations",9.99999975e-05
5676.7471,423,1,"Spring Dependencies",0.000300000014
5676.7494,423,1,"GUI Render",0.0876000002
5676.7512,423,1,"Physics",0.00710000005
5676.7531,423,1,"Update",0.192200005
5676.7549,423,1,"Fixed Update",0.00590000022
5676.7567,423,1,"Spline Update",0.000199999995
5676.7586,423,1,"Compose",0.444900006
5676.7605,423,1,"Update Buffers (CPU)",0.145300001
5677.0466,424,1,"RenderPath3D Update",0.1342
5677.0509,424,1,"Application Update",0.1605
5677.4508,424,1,"Application Render",0.3976
5677.9349,424,1,"Application Compose",0.4429
5683.6155,424,1,"SubmitCommandLists",5.6633
5683.6609,424,1,"Shadowmap packing",0.000199999995
5683.6644,424,1,"Render",0.397399992
5683.6984,424,1,"Procedural Animations",0.00109999999
5683.701,424,1,"Script Components",9.99999975e-05
5683.704,424,1,"CPU Frame",1.23529994
5683.7069,424,1,"Input",0.123400003
5683.7105,424,1,"GUI Update",0.0218000002
5683.7136,424,1,"Frustum Culling",0.0461000018
5683.7172,424,1,"Animations",9.99999975e-05
5683.7202,424,1,"Spring Dependencies",0.000300000014
5683.7226,424,1,"GUI Render",0.0754000023
5683.7244,424,1,"Physics",0.00109999999
5683.7265,424,1,"Update",0.160300002
5683.7284,424,1,"Fixed Update",0
5683.7304,424,1,"Spline Update",0.000199999995
5683.7323,424,1,"Compose",0.441199988
5683.7342,424,1,"Update Buffers (CPU)",0.0599000007
5684.0366,425,1,"RenderPath3D Update",0.1412
5684.0422,425,1,"Application Update",0.1691
5684.6454,425,1,"Application Render",0.5998
5685.1662,425,1,"Application Compose",0.4594
5690.6231,425,1,"SubmitCommandLists",5.4367
5690.6773,425,1,"Shadowmap packing",0.000300000014
5690.6805,425,1,"Render",0.5995
5690.683,425,1,"Procedural Animations",0.00109999999
5690.6858,425,1,"Script Components",0.000199999995
5690.6886,425,1,"CPU Frame",1.53359997
5690.6907,425,1,"Input",0.125200003
5690.6934,425,1,"GUI Update",0.0250000004
5690.6956,425,1,"Frustum Culling",0.058699999
5690.6977,425,1,"Animations",9.99999975e-05
5690.7002,425,1,"Spring Dependencies",0.000199999995
5690.7025,425,1,"GUI Render",0.0675999969
5690.7043,425,1,"Physics",0.00879999995
5690.706,425,1,"Update",0.168899998
5690.7078,425,1,"Fixed Update",0.0055999998
5690.7096,425,1,"Spline Update",0.000199999995
5690.7114,425,1,"Compose",0.459100008
5690.7135,425,1,"Update Buffers (CPU)",0.169300005
5691.0739,426,1,"RenderPath3D Update",0.1942
5691.085,426,1,"Application Update",0.2327
5691.5413,426,1,"Application Render",0.4536
5692.2072,426,1,"Application Compose",0.6183
5697.5858,426,1,"SubmitCommandLists",5.3559
5697.6394,426,1,"Shadowmap packing",0.000300000014
5697.6433,426,1,"Render",0.453299999
5697.6454,426,1,"Procedural Animations",0.00120000006
5697.6477,426,1,"Script Components",9.99999975e-05
5697.6506,426,1,"CPU Frame",1.57459998
5697.6526,426,1,"Input",0.130099997
5697.655,426,1,"GUI Update",0.0252
5697.6573,426,1,"Frustum Culling",0.1043
5697.6593,426,1,"Animations",0.000300000014
5697.6611,426,1,"Spring Dependencies",0.000199999995
5697.6635,426,1,"GUI Render",0.0535999984
5697.6654,426,1,"Physics",0.00159999996
5697.6672,426,1,"Update",0.2324
5697.669,426,1,"Fixed Update",0
5697.671,426,1,"Spline Update",0.000300000014
5697.673,426,1,"Compose",0.617799997
5697.6749,426,1,"Update Buffers (CPU)",0.0736000016
5698.1752,427,1,"RenderPath3D Update",0.2786
5698.1948,427,1,"Application Update",0.3724
5698.9552,427,1,"Application Render",0.7566
5699.4869,427,1,"Application Compose",0.4572
5704.4254,427,1,"SubmitCommandLists",4.9242
5704.4759,427,1,"Shadowmap packing",0.000500000024
5704.4795,427,1,"Render",0.755599976
5704.4817,427,1,"Procedural Animations",0.00829999987
5704.4839,427,1,"Script Components",0.000600000028
5704.4865,427,1,"CPU Frame",1.87909997
5704.4885,427,1,"Input",0.138799995
5704.4906,427,1,"GUI Update",0.0434000008
5704.4926,427,1,"Frustum Culling",0.066399999
5704.4945,427,1,"Animations",9.99999975e-05
5704.4969,427,1,"Spring Dependencies",0.000300000014
5704.4991,427,1,"GUI Render",0.0913000032
5704.5009,427,1,"Physics",0.00270000007
5704.5028,427,1,"Update",0.372200012
5704.5046,427,1,"Fixed Update",0
5704.5066,427,1,"Spline Update",0.00039999999
5704.5087,427,1,"Compose",0.45629999
5704.5107,427,1,"Update Buffers (CPU)",0.173700005
5704.8182,428,1,"RenderPath3D Update",0.135
5704.8225,428,1,"Application Update",0.1641
5705.2058,428,1,"Application Render",0.3812
5705.6981,428,1,"Application Compose",0.4414
5711.4686,428,1,"SubmitCommandLists",5.7529
5711.5229,428,1,"Shadowmap packing",0.000300000014
5711.5266,428,1,"Render",0.380800009
5711.5288,428,1,"Procedural Animations",0.00179999997
5711.5313,428,1,"Script Components",9.99999975e-05
5711.5345,428,1,"CPU Frame",1.24839997
5711.5364,428,1,"Input",0.135700002
5711.5388,428,1,"GUI Update",0.0206000004
5711.541,428,1,"Frustum Culling",0.0329000019
5711.5943,428,1,"Animations",9.99999975e-05
5711.5966,428,1,"Spring Dependencies",0.00039999999
5711.5993,428,1,"GUI Render",0.0478000008
5711.6013,428,1,"Physics",0.0057000001
5711.6031,428,1,"Update",0.163800001
5711.6051,428,1,"Fixed Update",0.00549999997
5711.6069,428,1,"Spline Update",0.000199999995
5711.6088,428,1,"Compose",0.441199988
5711.6109,428,1,"Update Buffers (CPU)",0.0781000033
5711.9299,429,1,"RenderPath3D Update",0.1495
5711.9352,429,1,"Application Update",0.1827
5712.4927,429,1,"Application Render",0.5553
5712.9907,429,1,"Application Compose",0.445
5718.4333,429,1,"SubmitCommandLists",5.4266
5718.4804,429,1,"Shadowmap packing",0.000300000014
5718.4833,429,1,"Render",0.555000007
5718.4854,429,1,"Procedural Animations",0.0013
5718.4878,429,1,"Script Components",9.99999975e-05
5718.4908,429,1,"CPU Frame",1.50530005
5718.4928,429,1,"Input",0.130500004
5718.4951,429,1,"GUI Update",0.0262000002
5718.4972,429,1,"Frustum Culling",0.0423000008
5718.499,429,1,"Animations",9.99999975e-05
5718.5011,429,1,"Spring Dependencies",0.000500000024
5718.5035,429,1,"GUI Render",0.0904999971
5718.5053,429,1,"Physics",0.00139999995
5718.5071,429,1,"Update",0.182500005
5718.5089,429,1,"Fixed Update",0
5718.5111,429,1,"Spline Update",0.000300000014
5718.513,429,1,"Compose",0.444700003
5718.5151,429,1,"Update Buffers (CPU)",0.0930000022
5718.8515,430,1,"RenderPath3D Update",0.164
5718.856,430,1,"Application Update",0.1897
5719.3197,430,1,"Application Render",0.4615
5719.8379,430,1,"Application Compose",0.4595
5725.3009,430,1,"SubmitCommandLists",5.4461
5725.3707,430,1,"Shadowmap packing",0.000300000014
5725.3742,430,1,"Render",0.461199999
5725.3764,430,1,"Procedural Animations",0.0013
5725.3791,430,1,"Script Components",0.000199999995
5725.3816,430,1,"CPU Frame",1.39180005
5725.3836,430,1,"Input",0.136099994
5725.3862,430,1,"GUI Update",0.0238000005
5725.3885,430,1,"Frustum Culling",0.0454000011
5725.3904,430,1,"Animations",9.99999975e-05
5725.3927,430,1,"Spring Dependencies",0.000199999995
5725.3951,430,1,"GUI Render",0.123300001
5725.3969,430,1,"Physics",0.00609999988
5725.3989,430,1,"Update",0.189600006
5725.4007,430,1,"Fixed Update",0.00600000005
5725.4025,430,1,"Spline Update",0.000300000014
5725.4051,430,1,"Compose",0.458600014
5725.4072,430,1,"Update Buffers (CPU)",0.0720999986
5725.7421,431,1,"RenderPath3D Update",0.1638
5725.7484,431,1,"Application Update",0.1965
5726.199,431,1,"Application Render",0.4479
5726.712,431,1,"Application Compose",0.4498
5732.2366,431,1,"SubmitCommandLists",5.5061
5732.2772,431,1,"Shadowmap packing",0.00039999999
5732.2804,431,1,"Render",0.447699994
5732.2824,431,1,"Procedural Animations",0.00139999995
5732.2848,431,1,"Script Components",0.000199999995
5732.2872,431,1,"CPU Frame",1.38779998
5732.289,431,1,"Input",0.135100007
5732.2915,431,1,"GUI Update",0.0254999995
5732.2934,431,1,"Frustum Culling",0.0372000001
5732.2953,431,1,"Animations",9.99999975e-05
5732.2976,431,1,"Spring Dependencies",0.000199999995
5732.2998,431,1,"GUI Render",0.0953999981
5732.3016,431,1,"Physics",0.00150000001
5732.3033,431,1,"Update",0.196199998
5732.3051,431,1,"Fixed Update",0
5732.3071,431,1,"Spline Update",0.000199999995
5732.309,431,1,"Compose",0.449499995
5732.3109,431,1,"Update Buffers (CPU)",0.0727000013
5732.636,432,1,"RenderPath3D Update",0.1692
5732.6414,432,1,"Application Update",0.1955
5733.2442,432,1,"Application Render",0.6005
5733.7688,432,1,"Application Compose",0.4563
5739.1743,432,1,"SubmitCommandLists",5.3922
5739.2089,432,1,"Shadowmap packing",0.00039999999
5739.212,432,1,"Render",0.600099981
5739.2143,432,1,"Procedural Animations",0.00139999995
5739.2165,432,1,"Script Components",0.000199999995
5739.219,432,1,"CPU Frame",1.52139997
5739.221,432,1,"Input",0.122699998
5739.2234,432,1,"GUI Update",0.0221999995
5739.2253,432,1,"Frustum Culling",0.0467999987
5739.2273,432,1,"Animations",9.99999975e-05
5739.2295,432,1,"Spring Dependencies",0.000300000014
5739.2317,432,1,"GUI Render",0.0741999969
5739.2335,432,1,"Physics",0.00620000018
5739.2353,432,1,"Update",0.195299998
5739.2369,432,1,"Fixed Update",0.00480000023
5739.2761,432,1,"Spline Update",0.000300000014
5739.2781,432,1,"Compose",0.455799997
5739.2801,432,1,"Update Buffers (CPU)",0.137199998
5739.5596,433,1,"RenderPath3D Update",0.1317
5739.5651,433,1,"Application Update",0.1589
5739.9689,433,1,"Application Render",0.4006
5740.453,433,1,"Application Compose",0.4342
5746.1389,433,1,"SubmitCommandLists",5.6696
5746.1956,433,1,"Shadowmap packing",0.000300000014
5746.1987,433,1,"Render",0.400299996
5746.2005,433,1,"Procedural Animations",0.00100000005
5746.2025,433,1,"Script Components",0.000199999995
5746.2053,433,1,"CPU Frame",1.27170002
5746.2072,433,1,"Input",0.119900003
5746.2092,433,1,"GUI Update",0.0220999997
5746.2113,433,1,"Frustum Culling",0.0496000014
5746.2131,433,1,"Animations",9.99999975e-05
5746.2158,433,1,"Spring Dependencies",0.000199999995
5746.2179,433,1,"GUI Render",0.0864999965
5746.2195,433,1,"Physics",0.000899999985
5746.2214,433,1,"Update",0.158700004
5746.2232,433,1,"Fixed Update",0
5746.225,433,1,"Spline Update",0.000199999995
5746.2284,433,1,"Compose",0.433800012
5746.2469,433,1,"Update Buffers (CPU)",0.0612999983
5746.5448,434,1,"RenderPath3D Update",0.1335
5746.5483,434,1,"Application Update",0.1581
5746.9909,434,1,"Application Render",0.4405
5747.4773,434,1,"Application Compose",0.4421
5753.0808,434,1,"SubmitCommandLists",5.5895
5753.1088,434,1,"Shadowmap packing",0.000300000014
5753.1115,434,1,"Render",0.440299988
5753.1135,434,1,"Procedural Animations",0.0013
5753.1157,434,1,"Script Components",0.000199999995
5753.1185,434,1,"CPU Frame",1.31379998
5753.1203,434,1,"Input",0.136399999
5753.1223,434,1,"GUI Update",0.0281000007
5753.1244,434,1,"Frustum Culling",0.0333999991
5753.1262,434,1,"Animations",9.99999975e-05
5753.1285,434,1,"Spring Dependencies",0.000199999995
5753.1307,434,1,"GUI Render",0.0900000036
5753.1325,434,1,"Physics",0.00120000006
5753.1342,434,1,"Update",0.157900006
5753.136,434,1,"Fixed Update",9.99999975e-05
5753.1378,434,1,"Spline Update",0.000300000014
5753.1396,434,1,"Compose",0.441799998
5753.1417,434,1,"Update Buffers (CPU)",0.0648000017
5753.5884,435,1,"RenderPath3D Update",0.2033
5753.5938,435,1,"Application Update",0.3338
5754.077,435,1,"Application Render",0.4808
5754.5428,435,1,"Application Compose",0.4256
5759.9589,435,1,"SubmitCommandLists",5.4035
5759.9883,435,1,"Shadowmap packing",0.000300000014
5759.9912,435,1,"Render",0.480500013
5759.9932,435,1,"Procedural Animations",0.00150000001
5759.9954,435,1,"Script Components",0.000199999995
5759.9979,435,1,"CPU Frame",1.45700002
5759.9998,435,1,"Input",0.108199999
5760.0019,435,1,"GUI Update",0.0317000002
5760.004,435,1,"Frustum Culling",0.0573000014
5760.006,435,1,"Animations",9.99999975e-05
5760.0083,435,1,"Spring Dependencies",0.000300000014
5760.0104,435,1,"GUI Render",0.0781999975
5760.0122,435,1,"Physics",0.0168999992
5760.0139,435,1,"Update",0.333700001
5760.0157,435,1,"Fixed Update",0.00380000006
5760.0175,435,1,"Spline Update",0.00039999999
5760.0195,435,1,"Compose",0.425199986
5760.0213,435,1,"Update Buffers (CPU)",0.130899996
5760.3179,436,1,"RenderPath3D Update",0.1574
5760.3221,436,1,"Application Update",0.1819
5760.7614,436,1,"Application Render",0.4372
5761.3433,436,1,"Application Compose",0.5355
5767.0034,436,1,"SubmitCommandLists",5.6413
5767.0543,436,1,"Shadowmap packing",0.000199999995
5767.0582,436,1,"Render",0.437000006
5767.0611,436,1,"Procedural Animations",0.0013
5767.0645,436,1,"Script Components",9.99999975e-05
5767.0688,436,1,"CPU Frame",1.38450003
5767.0718,436,1,"Input",0.113499999
5767.0758,436,1,"GUI Update",0.0194000006
5767.079,436,1,"Frustum Culling",0.0524000004
5767.0822,436,1,"Animations",9.99999975e-05
5767.0851,436,1,"Spring Dependencies",0.000300000014
5767.0885,436,1,"GUI Render",0.063699998
5767.0916,436,1,"Physics",0.000699999975
5767.0945,436,1,"Update",0.181700006
5767.0973,436,1,"Fixed Update",0
5767.1002,436,1,"Spline Update",0.000199999995
5767.1033,436,1,"Compose",0.5352
5767.1064,436,1,"Update Buffers (CPU)",0.105099998
5767.6009,437,1,"RenderPath3D Update",0.2149
5767.606,437,1,"Application Update",0.268
5768.3863,437,1,"Application Render",0.6702
5768.8953,437,1,"Application Compose",0.4552
5773.9232,437,1,"SubmitCommandLists",5.0137
5773.9657,437,1,"Shadowmap packing",0.000300000014
5773.9694,437,1,"Render",0.669799984
5773.9715,437,1,"Procedural Animations",0.00200000009
5773.9737,437,1,"Script Components",9.99999975e-05
5773.9771,437,1,"CPU Frame",1.8779
5773.9792,437,1,"Input",0.217299998
5773.9813,437,1,"GUI Update",0.0254999995
5773.9833,437,1,"Frustum Culling",0.0693000033
5773.9852,437,1,"Animations",9.99999975e-05
5773.987,437,1,"Spring Dependencies",0.000300000014
5773.9893,437,1,"GUI Render",0.0969000012
5773.9912,437,1,"Physics",0.00520000001
5773.993,437,1,"Update",0.26789999
5773.9949,437,1,"Fixed Update",0.0046000001
5773.9968,437,1,"Spline Update",0.000199999995
5773.9987,437,1,"Compose",0.454400003
5774.0008,437,1,"Update Buffers (CPU)",0.234799996
5774.3577,438,1,"RenderPath3D Update",0.1469
5774.3641,438,1,"Application Update",0.2228
5774.8703,438,1,"Application Render",0.5039
5775.345,438,1,"Application Compose",0.4353
5780.7814,438,1,"SubmitCommandLists",5.4175
5780.8266,438,1,"Shadowmap packing",0.000300000014
5780.8307,438,1,"Render",0.503600001
5780.833,438,1,"Procedural Animations",0.00100000005
5780.8359,438,1,"Script Components",9.99999975e-05
5780.8398,438,1,"CPU Frame",1.41030002
5780.8417,438,1,"Input",0.132499993
5780.8447,438,1,"GUI Update",0.0276999995
5780.847,438,1,"Frustum Culling",0.0601000004
5780.849,438,1,"Animations",9.99999975e-05
5780.8508,438,1,"Spring Dependencies",0.000199999995
5780.8532,438,1,"GUI Render",0.0773999989
5780.8549,438,1,"Physics",0.00170000002
5780.8567,438,1,"Update",0.222499996
5780.8584,438,1,"Fixed Update",9.99999975e-05
5780.8602,438,1,"Spline Update",0.000199999995
5780.8621,438,1,"Compose",0.435000002
5780.8642,438,1,"Update Buffers (CPU)",0.159099996
5781.1858,439,1,"RenderPath3D Update",0.1791
5781.1951,439,1,"Application Update",0.2088
5781.7318,439,1,"Application Render",0.5333
5782.2239,439,1,"Application Compose",0.4395
5787.7869,439,1,"SubmitCommandLists",5.5446
5787.8162,439,1,"Shadowmap packing",0.00039999999
5787.8192,439,1,"Render",0.532999992
5787.8216,439,1,"Procedural Animations",0.0013
5787.8238,439,1,"Script Components",0.000199999995
5787.8262,439,1,"CPU Frame",1.42879999
5787.828,439,1,"Input",0.116099998
5787.8301,439,1,"GUI Update",0.0214000009
5787.832,439,1,"Frustum Culling",0.0423999988
5787.8338,439,1,"Animations",9.99999975e-05
5787.8358,439,1,"Spring Dependencies",0.000199999995
5787.8379,439,1,"GUI Render",0.0812000036
5787.8396,439,1,"Physics",0.00139999995
5787.8414,439,1,"Update",0.2086
5787.8431,439,1,"Fixed Update",9.99999975e-05
5787.8449,439,1,"Spline Update",0.000199999995
5787.8467,439,1,"Compose",0.43900001
5787.8486,439,1,"Update Buffers (CPU)",0.0560000017
5788.2741,440,1,"RenderPath3D Update",0.2203
5788.2787,440,1,"Application Update",0.2596
5788.7527,440,1,"Application Render",0.472
5789.1988,440,1,"Application Compose",0.4118
5794.7771,440,1,"SubmitCommandLists",5.5655
5794.808,440,1,"Shadowmap packing",0.00079999998
5794.8113,440,1,"Render",0.471799999
5794.8135,440,1,"Procedural Animations",0.00190000003
5794.8157,440,1,"Script Components",0.00039999999
5794.8183,440,1,"CPU Frame",1.40620005
5794.8202,440,1,"Input",0.143199995
5794.8223,440,1,"GUI Update",0.0214000009
5794.8242,440,1,"Frustum Culling",0.059700001
5794.8261,440,1,"Animations",9.99999975e-05
5794.8282,440,1,"Spring Dependencies",0.000600000028
5794.8303,440,1,"GUI Render",0.0573999994
5794.8321,440,1,"Physics",0.0122999996
5794.8342,440,1,"Update",0.259299994
5794.8359,440,1,"Fixed Update",0.0208999999
5794.8376,440,1,"Spline Update",0.00039999999
5794.8395,440,1,"Compose",0.411599994
5794.8413,440,1,"Update Buffers (CPU)",0.106600001
5795.34,441,1,"RenderPath3D Update",0.1998
5795.3459,441,1,"Application Update",0.3141
5795.7717,441,1,"Application Render",0.4237
5796.2237,441,1,"Application Compose",0.4243
5801.6662,441,1,"SubmitCommandLists",5.429
5801.6971,441,1,"Shadowmap packing",0.000300000014
5801.7003,441,1,"Render",0.423500001
5801.7407,441,1,"Procedural Animations",0.00359999994
5801.7434,441,1,"Script Components",9.99999975e-05
5801.746,441,1,"CPU Frame",1.44130003
5801.7481,441,1,"Input",0.184699997
5801.7502,441,1,"GUI Update",0.0243999995
5801.7527,441,1,"Frustum Culling",0.0627000034
5801.7545,441,1,"Animations",9.99999975e-05
5801.7564,441,1,"Spring Dependencies",0.000899999985
5801.7585,441,1,"GUI Render",0.0615999997
5801.7603,441,1,"Physics",0.00249999994
5801.7622,441,1,"Update",0.313899994
5801.764,441,1,"Fixed Update",9.99999975e-05
5801.7659,441,1,"Spline Update",0.000199999995
5801.7678,441,1,"Compose",0.423999995
5801.7695,441,1,"Update Buffers (CPU)",0.102300003
5802.0887,442,1,"RenderPath3D Update",0.1822
5802.0935,442,1,"Application Update",0.2035
5802.5305,442,1,"Application Render",0.435
5802.9659,442,1,"Application Compose",0.4071
5808.6337,442,1,"SubmitCommandLists",5.6539
5808.667,442,1,"Shadowmap packing",0.000199999995
5808.6701,442,1,"Render",0.434799999
5808.6721,442,1,"Procedural Animations",0.000899999985
5808.6744,442,1,"Script Components",0.000199999995
5808.6766,442,1,"CPU Frame",1.29200006
5808.6785,442,1,"Input",0.1118
5808.6809,442,1,"GUI Update",0.0204000007
5808.6828,442,1,"Frustum Culling",0.0443000011
5808.6846,442,1,"Animations",0
5808.6865,442,1,"Spring Dependencies",0.000300000014
5808.6886,442,1,"GUI Render",0.0776999965
5808.6904,442,1,"Physics",0.0105999997
5808.6921,442,1,"Update",0.203199998
5808.6939,442,1,"Fixed Update",0.00270000007
5808.6957,442,1,"Spline Update",0.000500000024
5808.6989,442,1,"Compose",0.406500012
5808.7153,442,1,"Update Buffers (CPU)",0.100900002
5809.003,443,1,"RenderPath3D Update",0.1343
5809.0071,443,1,"Application Update",0.1607
5809.3349,443,1,"Application Render",0.3257
5809.9667,443,1,"Application Compose",0.5989
5815.5622,443,1,"SubmitCommandLists",5.5749
5815.6119,443,1,"Shadowmap packing",0.000199999995
5815.6153,443,1,"Render",0.325399995
5815.6172,443,1,"Procedural Animations",0.00100000005
5815.62,443,1,"Script Components",9.99999975e-05
5815.6245,443,1,"CPU Frame",1.33070004
5815.6273,443,1,"Input",0.124300003
5815.6306,443,1,"GUI Update",0.0199999996
5815.6343,443,1,"Frustum Culling",0.0292000007
5815.6374,443,1,"Animations",9.99999975e-05
5815.6394,443,1,"Spring Dependencies",9.99999975e-05
5815.6416,443,1,"GUI Render",0.068400003
5815.6435,443,1,"Physics",0.000899999985
5815.6455,443,1,"Update",0.160400003
5815.6473,443,1,"Fixed Update",9.99999975e-05
5815.6491,443,1,"Spline Update",0.000199999995
5815.6509,443,1,"Compose",0.597899973
5815.6527,443,1,"Update Buffers (CPU)",0.0923999995
5815.9699,444,1,"RenderPath3D Update",0.1463
5815.975,444,1,"Application Update",0.1742
5816.487,444,1,"Application Render",0.5093
5816.9831,444,1,"Application Compose",0.442
5822.5253,444,1,"SubmitCommandLists",5.5236
5822.5528,444,1,"Shadowmap packing",0.000199999995
5822.5559,444,1,"Render",0.508899987
5822.5578,444,1,"Procedural Animations",0.0013
5822.5601,444,1,"Script Components",0.000500000024
5822.5625,444,1,"CPU Frame",1.40890002
5822.5644,444,1,"Input",0.1347
5822.5668,444,1,"GUI Update",0.0270000007
5822.5689,444,1,"Frustum Culling",0.0469000004
5822.5707,444,1,"Animations",9.99999975e-05
5822.5729,444,1,"Spring Dependencies",0.000199999995
5822.5751,444,1,"GUI Render",0.0649999976
5822.5768,444,1,"Physics",0.0057000001
5822.5787,444,1,"Update",0.173899993
5822.5804,444,1,"Fixed Update",0.00529999984
5822.5822,444,1,"Spline Update",0.000300000014
5822.5841,444,1,"Compose",0.441300005
5822.586,444,1,"Update Buffers (CPU)",0.152400002
5822.8866,445,1,"RenderPath3D Update",0.1574
5822.8918,445,1,"Application Update",0.1838
5823.3187,445,1,"Application Render",0.4248
5823.7666,445,1,"Application Compose",0.4119
5829.4614,445,1,"SubmitCommandLists",5.685
5829.4911,445,1,"Shadowmap packing",0.000300000014
5829.494,445,1,"Render",0.424600005
5829.4962,445,1,"Procedural Animations",0.0013
5829.4984,445,1,"Script Components",0.000199999995
5829.5007,445,1,"CPU Frame",1.23590004
5829.5026,445,1,"Input",0.1153
5829.5048,445,1,"GUI Update",0.0199999996
5829.5068,445,1,"Frustum Culling",0.0417000018
5829.5571,445,1,"Animations",9.99999975e-05
5829.5593,445,1,"Spring Dependencies",0.000199999995
5829.5614,445,1,"GUI Render",0.0681999996
5829.5631,445,1,"Physics",0.00139999995
5829.5651,445,1,"Update",0.183599994
5829.5669,445,1,"Fixed Update",9.99999975e-05
5829.5687,445,1,"Spline Update",0.000199999995
5829.5706,445,1,"Compose",0.41170001
5829.5725,445,1,"Update Buffers (CPU)",0.0976999998
5829.9946,446,1,"RenderPath3D Update",0.2025
5829.9987,446,1,"Application Update",0.2434
5830.387,446,1,"Application Render",0.3861
5830.825,446,1,"Application Compose",0.4117
5836.3519,446,1,"SubmitCommandLists",5.5155
5836.3831,446,1,"Shadowmap packing",0.000199999995
5836.3866,446,1,"Render",0.385899991
5836.3887,446,1,"Procedural Animations",0.00190000003
5836.3911,446,1,"Script Components",9.99999975e-05
5836.3938,446,1,"CPU Frame",1.35699999
5836.3957,446,1,"Input",0.175899997
5836.3977,446,1,"GUI Update",0.0230999999
5836.3997,446,1,"Frustum Culling",0.0557000004
5836.4017,446,1,"Animations",9.99999975e-05
5836.4035,446,1,"Spring Dependencies",0.000899999985
5836.4057,446,1,"GUI Render",0.0573999994
5836.4074,446,1,"Physics",0.00139999995
5836.4093,446,1,"Update",0.243200004
5836.4111,446,1,"Fixed Update",0
5836.413,446,1,"Spline Update",0.000199999995
5836.4151,446,1,"Compose",0.41139999
5836.4171,446,1,"Update Buffers (CPU)",0.0996000022
5836.797,447,1,"RenderPath3D Update",0.209
5836.8025,447,1,"Application Update",0.2634
5837.1944,447,1,"Application Render",0.3897
5837.6276,447,1,"Application Compose",0.4082
5843.283,447,1,"SubmitCommandLists",5.646
5843.3137,447,1,"Shadowmap packing",0.000300000014
5843.3168,447,1,"Render",0.389600009
5843.3187,447,1,"Procedural Animations",0.00100000005
5843.3209,447,1,"Script Components",9.99999975e-05
5843.3235,447,1,"CPU Frame",1.26849997
5843.3254,447,1,"Input",0.112099998
5843.3279,447,1,"GUI Update",0.0215000007
5843.3299,447,1,"Frustum Culling",0.0417000018
5843.3318,447,1,"Animations",9.99999975e-05
5843.3336,447,1,"Spring Dependencies",0.00170000002
5843.3358,447,1,"GUI Render",0.0627000034
5843.3376,447,1,"Physics",0.00609999988
5843.3394,447,1,"Update",0.263099998
5843.3411,447,1,"Fixed Update",0.00419999985
5843.3428,447,1,"Spline Update",0.000199999995
5843.3448,447,1,"Compose",0.407900006
5843.3466,447,1,"Update Buffers (CPU)",0.101499997
5843.6044,448,1,"RenderPath3D Update",0.1248
5843.6082,448,1,"Application Update",0.148
5844.0206,448,1,"Application Render",0.41
5844.4958,448,1,"Application Compose",0.4304
5850.2688,448,1,"SubmitCommandLists",5.7582
5850.3075,448,1,"Shadowmap packing",0.000199999995
5850.3107,448,1,"Render",0.409700006
5850.3127,448,1,"Procedural Animations",0.000600000028
5850.3153,448,1,"Script Components",9.99999975e-05
5850.3182,448,1,"CPU Frame",1.20580006
5850.3206,448,1,"Input",0.108099997
5850.3231,448,1,"GUI Update",0.0193000007
5850.3256,448,1,"Frustum Culling",0.0500999987
5850.3275,448,1,"Animations",0
5850.3294,448,1,"Spring Dependencies",0.000199999995
5850.3315,448,1,"GUI Render",0.0631999969
5850.3333,448,1,"Physics",0.000899999985
5850.3353,448,1,"Update",0.1479
5850.3371,448,1,"Fixed Update",0
5850.3387,448,1,"Spline Update",0.000199999995
5850.3406,448,1,"Compose",0.430099994
5850.3425,448,1,"Update Buffers (CPU)",0.066200003
5850.6332,449,1,"RenderPath3D Update",0.1212
5850.6383,449,1,"Application Update",0.1463
5851.0637,449,1,"Application Render",0.4234
5851.6004,449,1,"Application Compose",0.4739
5857.2687,449,1,"SubmitCommandLists",5.6514
5857.3513,449,1,"Shadowmap packing",0.000300000014
5857.3553,449,1,"Render",0.423099995
5857.3575,449,1,"Procedural Animations",0.000699999975
5857.3596,449,1,"Script Components",0.000199999995
5857.3624,449,1,"CPU Frame",1.32169998
5857.3645,449,1,"Input",0.137700006
5857.3668,449,1,"GUI Update",0.0225000009
5857.3689,449,1,"Frustum Culling",0.0241999999
5857.3712,449,1,"Animations",9.99999975e-05
5857.3736,449,1,"Spring Dependencies",0.00039999999
5857.376,449,1,"GUI Render",0.130500004
5857.3779,449,1,"Physics",0.00730000017
5857.3803,449,1,"Update",0.145999998
5857.3823,449,1,"Fixed Update",0.00529999984
5857.427,449,1,"Spline Update",0.000300000014
5857.429,449,1,"Compose",0.4736
5857.431,449,1,"Update Buffers (CPU)",0.0861999989
5857.7546,450,1,"RenderPath3D Update",0.162
5857.7596,450,1,"Application Update",0.1942
5858.4339,450,1,"Application Render",0.6721
5858.9504,450,1,"Application Compose",0.461
5864.1055,450,1,"SubmitCommandLists",5.1359
5864.1333,450,1,"Shadowmap packing",0.000300000014
5864.1362,450,1,"Render",0.671899974
5864.1381,450,1,"Procedural Animations",0.0013
5864.1404,450,1,"Script Components",9.99999975e-05
5864.1431,450,1,"CPU Frame",1.6523
5864.1449,450,1,"Input",0.125699997
5864.147,450,1,"GUI Update",0.0253999997
5864.1491,450,1,"Frustum Culling",0.0573999994
5864.151,450,1,"Animations",9.99999975e-05
5864.1529,450,1,"Spring Dependencies",0.000300000014
5864.155,450,1,"GUI Render",0.0842000023
5864.1567,450,1,"Physics",0.00120000006
5864.1585,450,1,"Update",0.194000006
5864.1603,450,1,"Fixed Update",9.99999975e-05
5864.1621,450,1,"Spline Update",0.000199999995
5864.1641,450,1,"Compose",0.460000008
5864.166,450,1,"Update Buffers (CPU)",0.168599993
5864.4425,451,1,"RenderPath3D Update",0.1404
5864.4481,451,1,"Application Update",0.1653
5864.9297,451,1,"Application Render",0.4794
5865.4634,451,1,"Application Compose",0.4955
5871.1207,451,1,"SubmitCommandLists",5.6356
5871.1609,451,1,"Shadowmap packing",0.00079999998
5871.1644,451,1,"Render",0.479299992
5871.1664,451,1,"Procedural Animations",0.000899999985
5871.1692,451,1,"Script Components",9.99999975e-05
5871.1718,451,1,"CPU Frame",1.35520005
5871.1738,451,1,"Input",0.110699996
5871.1761,451,1,"GUI Update",0.0193000007
5871.1782,451,1,"Frustum Culling",0.0562000014
5871.1801,451,1,"Animations",9.99999975e-05
5871.182,451,1,"Spring Dependencies",0.000199999995
5871.1843,451,1,"GUI Render",0.0697000027
5871.186,451,1,"Physics",0.00100000005
5871.1881,451,1,"Update",0.165199995
5871.1899,451,1,"Fixed Update",9.99999975e-05
5871.1917,451,1,"Spline Update",0.000199999995
5871.1935,451,1,"Compose",0.495200008
5871.1955,451,1,"Update Buffers (CPU)",0.0898000002
5871.4929,452,1,"RenderPath3D Update",0.1254
5871.497,452,1,"Application Update",0.1471
5871.8363,452,1,"Application Render",0.3371
5872.2959,452,1,"Application Compose",0.427
5878.0239,452,1,"SubmitCommandLists",5.7119
5878.064,452,1,"Shadowmap packing",9.99999975e-05
5878.0675,452,1,"Render",0.336899996
5878.0694,452,1,"Procedural Animations",0.000699999975
5878.0715,452,1,"Script Components",0.000199999995
5878.0741,452,1,"CPU Frame",1.16540003
5878.076,452,1,"Input",0.143999994
5878.078,452,1,"GUI Update",0.0307
5878.08,452,1,"Frustum Culling",0.00590000022
5878.0821,452,1,"Animations",0
5878.0839,452,1,"Spring Dependencies",0.000199999995
5878.086,452,1,"GUI Render",0.0659999996
5878.0877,452,1,"Physics",0.00529999984
5878.0895,452,1,"Update",0.146899998
5878.0912,452,1,"Fixed Update",0.00410000002
5878.093,452,1,"Spline Update",0.000199999995
5878.0948,452,1,"Compose",0.426699996
5878.0967,452,1,"Update Buffers (CPU)",0.0709000006
5878.4231,453,1,"RenderPath3D Update",0.1206
5878.4283,453,1,"Application Update",0.1528
5878.9264,453,1,"Application Render",0.496
5879.4337,453,1,"Application Compose",0.4483
5884.9497,453,1,"SubmitCommandLists",5.4993
5884.9785,453,1,"Shadowmap packing",0.000500000024
5884.9813,453,1,"Render",0.495799989
5884.9832,453,1,"Procedural Animations",0.00079999998
5884.9855,453,1,"Script Components",9.99999975e-05
5884.988,453,1,"CPU Frame",1.39569998
5884.9901,453,1,"Input",0.172399998
5884.9921,453,1,"GUI Update",0.0212999992
5884.994,453,1,"Frustum Culling",0.0412999988
5884.996,453,1,"Animations",9.99999975e-05
5884.998,453,1,"Spring Dependencies",0.000199999995
5885.0001,453,1,"GUI Render",0.0806000009
5885.0019,453,1,"Physics",0.000600000028
5885.0037,453,1,"Update",0.152600005
5885.0054,453,1,"Fixed Update",9.99999975e-05
5885.0073,453,1,"Spline Update",0.000199999995
5885.0092,453,1,"Compose",0.448000014
5885.0111,453,1,"Update Buffers (CPU)",0.141000003
5885.3723,454,1,"RenderPath3D Update",0.2256
5885.3828,454,1,"Application Update",0.2534
5885.9453,454,1,"Application Render",0.4545
5886.4398,454,1,"Application Compose",0.4569
5891.9421,454,1,"SubmitCommandLists",5.4845
5891.9712,454,1,"Shadowmap packing",0.000199999995
5891.9741,454,1,"Render",0.453999996
5891.976,454,1,"Procedural Animations",0.00100000005
5891.9781,454,1,"Script Components",9.99999975e-05
5891.9806,454,1,"CPU Frame",1.48710001
5891.9825,454,1,"Input",0.107900001
5891.9846,454,1,"GUI Update",0.0197000001
5891.9865,454,1,"Frustum Culling",0.0643000007
5891.9884,454,1,"Animations",0.000199999995
5891.9902,454,1,"Spring Dependencies",9.99999975e-05
5891.9922,454,1,"GUI Render",0.065200001
5891.9941,454,1,"Physics",0.00899999961
5891.9959,454,1,"Update",0.253199995
5891.9976,454,1,"Fixed Update",0.00389999989
5891.9994,454,1,"Spline Update",9.99999975e-05
5892.0012,454,1,"Compose",0.45539999
5892.0031,454,1,"Update Buffers (CPU)",0.108999997
5892.3089,455,1,"RenderPath3D Update",0.1734
5892.3132,455,1,"Application Update",0.1969
5892.7938,455,1,"Application Render",0.4785
5893.2364,455,1,"Application Compose",0.4165
5898.7956,455,1,"SubmitCommandLists",5.5476
5898.8288,455,1,"Shadowmap packing",0.000300000014
5898.8315,455,1,"Render",0.478300005
5898.8334,455,1,"Procedural Animations",0.00079999998
5898.836,455,1,"Script Components",0
5898.8386,455,1,"CPU Frame",1.28659999
5898.8405,455,1,"Input",0.107000001
5898.8427,455,1,"GUI Update",0.0190999992
5898.8447,455,1,"Frustum Culling",0.055399999
5898.8467,455,1,"Animations",9.99999975e-05
5898.8488,455,1,"Spring Dependencies",0.000300000014
5898.8509,455,1,"GUI Render",0.068400003
5898.8531,455,1,"Physics",0.00139999995
5898.8551,455,1,"Update",0.196600005
5898.8569,455,1,"Fixed Update",9.99999975e-05
5898.8587,455,1,"Spline Update",0.000199999995
5898.8606,455,1,"Compose",0.416200012
5898.8628,455,1,"Update Buffers (CPU)",0.1153
5899.1276,456,1,"RenderPath3D Update",0.1332
5899.1331,456,1,"Application Update",0.1567
5899.6284,456,1,"Application Render",0.4925
5900.1118,456,1,"Application Compose",0.4289
5905.8865,456,1,"SubmitCommandLists",5.7444
5905.9557,456,1,"Shadowmap packing",9.99999975e-05
5905.96,456,1,"Render",0.492199987
5905.9631,456,1,"Procedural Animations",0.000899999985
5905.9655,456,1,"Script Components",0.000199999995
5905.9681,456,1,"CPU Frame",1.3096
5905.9701,456,1,"Input",0.103100002
5905.9724,456,1,"GUI Update",0.0218000002
5905.9743,456,1,"Frustum Culling",0.0267999992
5905.9765,456,1,"Animations",9.99999975e-05
5905.9783,456,1,"Spring Dependencies",0.000199999995
5905.9807,456,1,"GUI Render",0.0854000002
5905.9825,456,1,"Physics",0.0046000001
5905.9843,456,1,"Update",0.156499997
5905.9862,456,1,"Fixed Update",0.00380000006
5905.9881,456,1,"Spline Update",9.99999975e-05
5905.9899,456,1,"Compose",0.428600013
5905.9919,456,1,"Update Buffers (CPU)",0.0856000036
5906.3268,457,1,"RenderPath3D Update",0.1552
5906.3307,457,1,"Application Update",0.1874
5906.7741,457,1,"Application Render",0.4412
5907.2665,457,1,"Application Compose",0.44
5912.8182,457,1,"SubmitCommandLists",5.5329
5912.8668,457,1,"Shadowmap packing",0.000199999995
5912.8707,457,1,"Render",0.440899998
5912.8729,457,1,"Procedural Animations",0.00109999999
5912.8752,457,1,"Script Components",0.000199999995
5912.8777,457,1,"CPU Frame",1.35769999
5912.8796,457,1,"Input",0.1435
5912.8822,457,1,"GUI Update",0.0286999997
5912.8842,457,1,"Frustum Culling",0.0372000001
5912.8861,457,1,"Animations",0
5912.8881,457,1,"Spring Dependencies",0.000199999995
5912.8986,457,1,"GUI Render",0.112400003
5912.9003,457,1,"Physics",0.00170000002
5912.902,457,1,"Update",0.187099993
5912.9039,457,1,"Fixed Update",9.99999975e-05
5912.906,457,1,"Spline Update",0.000500000024
5912.9083,457,1,"Compose",0.439500004
5912.9102,457,1,"Update Buffers (CPU)",0.0758000016
5913.2544,458,1,"RenderPath3D Update",0.1355
5913.2584,458,1,"Application Update",0.1723
5913.7748,458,1,"Application Render",0.5143
5914.2579,458,1,"Application Compose",0.4518
5919.7224,458,1,"SubmitCommandLists",5.4484
5919.7508,458,1,"Shadowmap packing",0.000199999995
5919.7539,458,1,"Render",0.513999999
5919.7945,458,1,"Procedural Animations",0.00109999999
5919.7972,458,1,"Script Components",9.99999975e-05
5919.8002,458,1,"CPU Frame",1.42560005
5919.8021,458,1,"Input",0.169400007
5919.8045,458,1,"GUI Update",0.0232999995
5919.8067,458,1,"Frustum Culling",0.0373000018
5919.8086,458,1,"Animations",0
5919.8105,458,1,"Spring Dependencies",0.000199999995
5919.8127,458,1,"GUI Render",0.0720999986
5919.8145,458,1,"Physics",0.00100000005
5919.8163,458,1,"Update",0.172099993
5919.818,458,1,"Fixed Update",0
5919.8198,458,1,"Spline Update",0.000199999995
5919.8216,458,1,"Compose",0.451299995
5919.8236,458,1,"Update Buffers (CPU)",0.130799994
5920.112,459,1,"RenderPath3D Update",0.1536
5920.1157,459,1,"Application Update",0.1726
5920.3898,459,1,"Application Render",0.272
5920.8665,459,1,"Application Compose",0.4588
5926.6668,459,1,"SubmitCommandLists",5.7904
5926.698,459,1,"Shadowmap packing",9.99999975e-05
5926.7015,459,1,"Render",0.271899998
5926.7036,459,1,"Procedural Animations",0.000600000028
5926.706,459,1,"Script Components",9.99999975e-05
5926.7084,459,1,"CPU Frame",1.13820004
5926.7104,459,1,"Input",0.111100003
5926.7126,459,1,"GUI Update",0.0197999999
5926.7146,459,1,"Frustum Culling",0.0388000011
5926.7164,459,1,"Animations",9.99999975e-05
5926.7181,459,1,"Spring Dependencies",9.99999975e-05
5926.7202,459,1,"GUI Render",0.0557999983
5926.7219,459,1,"Physics",0.00480000023
5926.7237,459,1,"Update",0.172399998
5926.7255,459,1,"Fixed Update",0.00350000011
5926.7273,459,1,"Spline Update",0.000199999995
5926.7292,459,1,"Compose",0.458499998
5926.7314,459,1,"Update Buffers (CPU)",0.105499998
5926.9511,460,1,"RenderPath3D Update",0.091
5926.9554,460,1,"Application Update",0.1144
5927.2693,460,1,"Application Render",0.3116
5927.6981,460,1,"Application Compose",0.3912
5933.5778,460,1,"SubmitCommandLists",5.8716
5933.5984,460,1,"Shadowmap packing",0.0115
5933.601,460,1,"Render",0.311300009
5933.603,460,1,"Procedural Animations",0.000500000024
5933.6052,460,1,"Script Components",9.99999975e-05
5933.6076,460,1,"CPU Frame",1.0244
5933.6095,460,1,"Input",0.104199998
5933.6115,460,1,"GUI Update",0.0186000001
5933.6133,460,1,"Frustum Culling",0.070600003
5933.6152,460,1,"Animations",9.99999975e-05
5933.6169,460,1,"Spring Dependencies",0.000199999995
5933.6189,460,1,"GUI Render",0.0438000001
5933.6206,460,1,"Physics",0.00079999998
5933.6225,460,1,"Update",0.114200003
5933.6242,460,1,"Fixed Update",0
5933.626,460,1,"Spline Update",0.000199999995
5933.6279,460,1,"Compose",0.391000003
5933.6297,460,1,"Update Buffers (CPU)",0.0637999997
5933.8368,461,1,"RenderPath3D Update",0.103
5933.8421,461,1,"Application Update",0.1189
5934.1224,461,1,"Application Render",0.2781
5934.5163,461,1,"Application Compose",0.3759
5940.5884,461,1,"SubmitCommandLists",6.0652
5940.6128,461,1,"Shadowmap packing",9.99999975e-05
5940.616,461,1,"Render",0.27790001
5940.6181,461,1,"Procedural Animations",0.00039999999
5940.6203,461,1,"Script Components",0
5940.6225,461,1,"CPU Frame",0.935000002
5940.6244,461,1,"Input",0.0869000033
5940.6265,461,1,"GUI Update",0.0160000008
5940.6283,461,1,"Frustum Culling",0.0507999994
5940.6301,461,1,"Animations",9.99999975e-05
5940.6319,461,1,"Spring Dependencies",9.99999975e-05
5940.6338,461,1,"GUI Render",0.0436999984
5940.6356,461,1,"Physics",0.0192000009
5940.6373,461,1,"Update",0.118799999
5940.6389,461,1,"Fixed Update",0.00179999997
5940.6408,461,1,"Spline Update",0.000300000014
5940.6428,461,1,"Compose",0.37560001
5940.6446,461,1,"Update Buffers (CPU)",0.0443000011
5940.9038,462,1,"RenderPath3D Update",0.1367
5940.9078,462,1,"Application Update",0.1542
5941.1725,462,1,"Application Render",0.2625
5941.6012,462,1,"Application Compose",0.3967
5947.481,462,1,"SubmitCommandLists",5.8707
5947.5152,462,1,"Shadowmap packing",9.99999975e-05
5947.5186,462,1,"Render",0.262300014
5947.5208,462,1,"Procedural Animations",0.000500000024
5947.523,462,1,"Script Components",9.99999975e-05
5947.5254,462,1,"CPU Frame",1.00919998
5947.5273,462,1,"Input",0.104699999
5947.5294,462,1,"GUI Update",0.0176999997
5947.5315,462,1,"Frustum Culling",0.0368000008
5947.5677,462,1,"Animations",9.99999975e-05
5947.5698,462,1,"Spring Dependencies",0.000199999995
5947.5719,462,1,"GUI Render",0.0445000008
5947.5736,462,1,"Physics",0.00039999999
5947.5754,462,1,"Update",0.153999999
5947.5771,462,1,"Fixed Update",9.99999975e-05
5947.5789,462,1,"Spline Update",0.000199999995
5947.5808,462,1,"Compose",0.396299988
5947.5826,462,1,"Update Buffers (CPU)",0.0535000004
5947.8518,463,1,"RenderPath3D Update",0.1383
5947.8572,463,1,"Application Update",0.1614
5948.1559,463,1,"Application Render",0.2962
5948.5686,463,1,"Application Compose",0.3887
5954.4426,463,1,"SubmitCommandLists",5.8653
5954.4991,463,1,"Shadowmap packing",0.000199999995
5954.5025,463,1,"Render",0.296000004
5954.5044,463,1,"Procedural Animations",0.00079999998
5954.5066,463,1,"Script Components",9.99999975e-05
5954.5097,463,1,"CPU Frame",1.07939994
5954.5117,463,1,"Input",0.107500002
5954.5138,463,1,"GUI Update",0.0194000006
5954.5158,463,1,"Frustum Culling",0.0487000011
5954.5176,463,1,"Animations",9.99999975e-05
5954.5194,463,1,"Spring Dependencies",9.99999975e-05
5954.5214,463,1,"GUI Render",0.0467000008
5954.5231,463,1,"Physics",0.000500000024
5954.5251,463,1,"Update",0.1611
5954.5269,463,1,"Fixed Update",9.99999975e-05
5954.5286,463,1,"Spline Update",0.00039999999
5954.5305,463,1,"Compose",0.388500005
5954.5322,463,1,"Update Buffers (CPU)",0.0599999987
5954.8256,464,1,"RenderPath3D Update",0.1583
5954.83,464,1,"Application Update",0.1792
5955.2137,464,1,"Application Render",0.3814
5955.6492,464,1,"Application Compose",0.4039
5961.1976,464,1,"SubmitCommandLists",5.5382
5961.25,464,1,"Shadowmap packing",0.000199999995
5961.2537,464,1,"Render",0.381199986
5961.2559,464,1,"Procedural Animations",0.000899999985
5961.2582,464,1,"Script Components",9.99999975e-05
5961.261,464,1,"CPU Frame",1.19690001
5961.2631,464,1,"Input",0.109099999
5961.2653,464,1,"GUI Update",0.0215000007
5961.2672,464,1,"Frustum Culling",0.0643000007
5961.2692,464,1,"Animations",9.99999975e-05
5961.2711,464,1,"Spring Dependencies",0.000199999995
5961.2732,464,1,"GUI Render",0.0494999997
5961.275,464,1,"Physics",0.00549999997
5961.277,464,1,"Update",0.179100007
5961.2788,464,1,"Fixed Update",0.0037
5961.2806,464,1,"Spline Update",0.000199999995
5961.2825,464,1,"Compose",0.403499991
5961.2844,464,1,"Update Buffers (CPU)",0.0851000026
5961.5433,465,1,"RenderPath3D Update",0.1301
5961.5482,465,1,"Application Update",0.1522
5961.8444,465,1,"Application Render",0.2926
5962.2698,465,1,"Application Compose",0.3932
5968.2499,465,1,"SubmitCommandLists",5.9708
5968.2772,465,1,"Shadowmap packing",9.99999975e-05
5968.2805,465,1,"Render",0.292299986
5968.2826,465,1,"Procedural Animations",0.000600000028
5968.2849,465,1,"Script Components",9.99999975e-05
5968.2873,465,1,"CPU Frame",1.05050004
5968.2892,465,1,"Input",0.106399998
5968.2915,465,1,"GUI Update",0.0178999994
5968.2935,465,1,"Frustum Culling",0.0566000007
5968.2953,465,1,"Animations",9.99999975e-05
5968.2971,465,1,"Spring Dependencies",9.99999975e-05
5968.2991,465,1,"GUI Render",0.0419000015
5968.3009,465,1,"Physics",0.000699999975
5968.3028,465,1,"Update",0.151899993
5968.3045,465,1,"Fixed Update",9.99999975e-05
5968.3063,465,1,"Spline Update",0.000300000014
5968.3081,465,1,"Compose",0.39289999
5968.31,465,1,"Update Buffers (CPU)",0.0443999991
5968.5969,466,1,"RenderPath3D Update",0.1619
5968.6007,466,1,"Application Update",0.1793
5968.8895,466,1,"Application Render",0.2868
5969.294,466,1,"Application Compose",0.3844
5975.2008,466,1,"SubmitCommandLists",5.8981
5975.2249,466,1,"Shadowmap packing",9.99999975e-05
5975.2279,466,1,"Render",0.286500007
5975.2299,466,1,"Procedural Animations",0.000699999975
5975.2321,466,1,"Script Components",9.99999975e-05
5975.2343,466,1,"CPU Frame",1.03830004
5975.2363,466,1,"Input",0.103299998
5975.2384,466,1,"GUI Update",0.0186000001
5975.2402,466,1,"Frustum Culling",0.0522000007
5975.2421,466,1,"Animations",0
5975.244,466,1,"Spring Dependencies",0.000199999995
5975.2463,466,1,"GUI Render",0.0460000001
5975.248,466,1,"Physics",0.0046000001
5975.2498,466,1,"Update",0.179100007
5975.2771,466,1,"Fixed Update",0.00260000001
5975.2792,466,1,"Spline Update",0.000300000014
5975.2811,466,1,"Compose",0.38409999
5975.283,466,1,"Update Buffers (CPU)",0.0518999994
5975.524,467,1,"RenderPath3D Update",0.1267
5975.5294,467,1,"Application Update",0.1457
5975.8011,467,1,"Application Render",0.2691
5976.2185,467,1,"Application Compose",0.3886
5982.2765,467,1,"SubmitCommandLists",6.0497
5982.3025,467,1,"Shadowmap packing",9.99999975e-05
5982.3059,467,1,"Render",0.26879999
5982.308,467,1,"Procedural Animations",0.000699999975
5982.3105,467,1,"Script Components",0
5982.3128,467,1,"CPU Frame",1.01429999
5982.3148,467,1,"Input",0.0958999991
5982.317,467,1,"GUI Update",0.0167999994
5982.319,467,1,"Frustum Culling",0.0472999997
5982.3208,467,1,"Animations",0
5982.3225,467,1,"Spring Dependencies",9.99999975e-05
5982.3245,467,1,"GUI Render",0.0524000004
5982.3264,467,1,"Physics",0.000699999975
5982.3283,467,1,"Update",0.145400003
5982.3301,467,1,"Fixed Update",9.99999975e-05
5982.3318,467,1,"Spline Update",9.99999975e-05
5982.3337,467,1,"Compose",0.388399988
5982.3355,467,1,"Update Buffers (CPU)",0.0496000014
5982.5896,468,1,"RenderPath3D Update",0.1347
5982.5941,468,1,"Application Update",0.1522
5982.819,468,1,"Application Render",0.2228
5983.2306,468,1,"Application Compose",0.3857
5989.0855,468,1,"SubmitCommandLists",5.8463
5989.1211,468,1,"Shadowmap packing",0.000199999995
5989.124,468,1,"Render",0.222599998
5989.126,468,1,"Procedural Animations",0.000500000024
5989.1281,468,1,"Script Components",9.99999975e-05
5989.1308,468,1,"CPU Frame",0.949599981
5989.1327,468,1,"Input",0.0996000022
5989.1348,468,1,"GUI Update",0.0176999997
5989.1366,468,1,"Frustum Culling",0.0384000018
5989.1384,468,1,"Animations",9.99999975e-05
5989.1401,468,1,"Spring Dependencies",0.000199999995
5989.1421,468,1,"GUI Render",0.0399999991
5989.1438,468,1,"Physics",0.00389999989
5989.1457,468,1,"Update",0.151899993
5989.1473,468,1,"Fixed Update",0.00230000005
5989.149,468,1,"Spline Update",0.000300000014
5989.151,468,1,"Compose",0.385399997
5989.1528,468,1,"Update Buffers (CPU)",0.0397999994
5989.3856,469,1,"RenderPath3D Update",0.1195
5989.3911,469,1,"Application Update",0.1374
5989.6469,469,1,"Application Render",0.253
5990.051,469,1,"Application Compose",0.3869
5996.0591,469,1,"SubmitCommandLists",6.0002
5996.0797,469,1,"Shadowmap packing",0.000199999995
5996.0824,469,1,"Render",0.252900004
5996.0842,469,1,"Procedural Animations",0.000600000028
5996.0862,469,1,"Script Components",9.99999975e-05
5996.0887,469,1,"CPU Frame",0.949000001
5996.0905,469,1,"Input",0.0964000002
5996.0926,469,1,"GUI Update",0.0163000003
5996.0944,469,1,"Frustum Culling",0.0308999997
5996.0962,469,1,"Animations",9.99999975e-05
5996.0979,469,1,"Spring Dependencies",9.99999975e-05
5996.0999,469,1,"GUI Render",0.0577999987
5996.1017,469,1,"Physics",0.000300000014
5996.1034,469,1,"Update",0.1373
5996.1051,469,1,"Fixed Update",9.99999975e-05
5996.1069,469,1,"Spline Update",9.99999975e-05
5996.1086,469,1,"Compose",0.386700004
5996.1103,469,1,"Update Buffers (CPU)",0.0392999984
5996.363,470,1,"RenderPath3D Update",0.1359
5996.3674,470,1,"Application Update",0.1517
5996.6788,470,1,"Application Render",0.3093
5997.1039,470,1,"Application Compose",0.3908
6003.0484,470,1,"SubmitCommandLists",5.9353
6003.0692,470,1,"Shadowmap packing",0.000199999995
6003.0721,470,1,"Render",0.308999985
6003.074,470,1,"Procedural Animations",0.00039999999
6003.0763,470,1,"Script Components",9.99999975e-05
6003.0786,470,1,"CPU Frame",1.0424
6003.0804,470,1,"Input",0.101099998
6003.0824,470,1,"GUI Update",0.0161000006
6003.0842,470,1,"Frustum Culling",0.066399999
6003.086,470,1,"Animations",0
6003.0878,470,1,"Spring Dependencies",9.99999975e-05
6003.0898,470,1,"GUI Render",0.0722000003
6003.0916,470,1,"Physics",0.000300000014
6003.0935,470,1,"Update",0.151500002
6003.0951,470,1,"Fixed Update",0
6003.0967,470,1,"Spline Update",9.99999975e-05
6003.0986,470,1,"Compose",0.390500009
6003.1004,470,1,"Update Buffers (CPU)",0.0423000008
6003.5436,471,1,"RenderPath3D Update",0.3094
6003.5526,471,1,"Application Update",0.3282
6003.9398,471,1,"Application Render",0.3128
6004.3387,471,1,"Application Compose",0.3775
6009.9467,471,1,"SubmitCommandLists",5.6008
6009.9823,471,1,"Shadowmap packing",0.000199999995
6009.9853,471,1,"Render",0.31220001
6009.9872,471,1,"Procedural Animations",0.00039999999
6009.9894,471,1,"Script Components",9.99999975e-05
6009.9919,471,1,"CPU Frame",1.28750002
6009.9938,471,1,"Input",0.1184
6009.9958,471,1,"GUI Update",0.0157999992
6009.9978,471,1,"Frustum Culling",0.0973000005
6009.9997,471,1,"Animations",9.99999975e-05
6010.0016,471,1,"Spring Dependencies",9.99999975e-05
6010.0036,471,1,"GUI Render",0.0430000015
6010.0053,471,1,"Physics",0.00400000019
6010.0072,471,1,"Update",0.328000009
6010.009,471,1,"Fixed Update",0.0013
6010.0109,471,1,"Spline Update",9.99999975e-05
6010.0128,471,1,"Compose",0.377200007
6010.0146,471,1,"Update Buffers (CPU)",0.0337000005
6010.283,472,1,"RenderPath3D Update",0.1492
6010.2873,472,1,"Application Update",0.164
6010.5892,472,1,"Application Render",0.2998
6010.9826,472,1,"Application Compose",0.3763
6017.0121,472,1,"SubmitCommandLists",6.0225
6017.0368,472,1,"Shadowmap packing",0.000199999995
6017.04,472,1,"Render",0.299600005
6017.042,472,1,"Procedural Animations",0.000500000024
6017.0443,472,1,"Script Components",0
6017.0467,472,1,"CPU Frame",1.03279996
6017.0487,472,1,"Input",0.104500003
6017.0507,472,1,"GUI Update",0.0156999994
6017.0527,472,1,"Frustum Culling",0.0722000003
6017.0546,472,1,"Animations",9.99999975e-05
6017.0567,472,1,"Spring Dependencies",9.99999975e-05
6017.0588,472,1,"GUI Render",0.0364000015
6017.0606,472,1,"Physics",0.00039999999
6017.0625,472,1,"Update",0.163800001
6017.0642,472,1,"Fixed Update",0
6017.066,472,1,"Spline Update",9.99999975e-05
6017.0679,472,1,"Compose",0.376100004
6017.0698,472,1,"Update Buffers (CPU)",0.0346999988
6017.3276,473,1,"RenderPath3D Update",0.147
6017.3317,473,1,"Application Update",0.1635
6017.5628,473,1,"Application Render",0.229
6017.958,473,1,"Application Compose",0.3777
6023.9038,473,1,"SubmitCommandLists",5.9375
6023.9279,473,1,"Shadowmap packing",0.000199999995
6023.9307,473,1,"Render",0.228799999
6023.9327,473,1,"Procedural Animations",0.00039999999
6023.9348,473,1,"Script Components",9.99999975e-05
6023.9372,473,1,"CPU Frame",0.940800011
6023.939,473,1,"Input",0.0923999995
6023.9412,473,1,"GUI Update",0.0172000006
6023.9429,473,1,"Frustum Culling",0.0390999988
6023.9448,473,1,"Animations",0
6023.9466,473,1,"Spring Dependencies",9.99999975e-05
6023.9486,473,1,"GUI Render",0.0511999987
6023.9504,473,1,"Physics",0.00300000003
6023.9521,473,1,"Update",0.163299993
6023.9538,473,1,"Fixed Update",0.00150000001
6023.9555,473,1,"Spline Update",0.000199999995
6023.9574,473,1,"Compose",0.377400011
6023.9591,473,1,"Update Buffers (CPU)",0.0313999988
6024.1772,474,1,"RenderPath3D Update",0.1051
6024.182,474,1,"Application Update",0.1209
6024.4697,474,1,"Application Render",0.2848
6024.8649,474,1,"Application Compose",0.3768
6030.8794,474,1,"SubmitCommandLists",6.0075
6030.9037,474,1,"Shadowmap packing",0.000199999995
6030.9069,474,1,"Render",0.284500003
6030.9088,474,1,"Procedural Animations",0.00039999999
6030.9111,474,1,"Script Components",9.99999975e-05
6030.9136,474,1,"CPU Frame",0.95450002
6030.9156,474,1,"Input",0.0979999974
6030.9178,474,1,"GUI Update",0.0164000001
6030.9197,474,1,"Frustum Culling",0.0480000004
6030.9216,474,1,"Animations",9.99999975e-05
6030.9234,474,1,"Spring Dependencies",9.99999975e-05
6030.9254,474,1,"GUI Render",0.0434999987
6030.9273,474,1,"Physics",0.000300000014
6030.9291,474,1,"Update",0.120700002
6030.9309,474,1,"Fixed Update",0
6030.9327,474,1,"Spline Update",0.000199999995
6030.9347,474,1,"Compose",0.376599997
6030.9365,474,1,"Update Buffers (CPU)",0.0467000008
6031.1349,475,1,"RenderPath3D Update",0.0921
6031.1403,475,1,"Application Update",0.1095
6031.4833,475,1,"Application Render",0.3401
6031.9172,475,1,"Application Compose",0.4021
6037.7575,475,1,"SubmitCommandLists",5.8314
6037.7809,475,1,"Shadowmap packing",0.000199999995
6037.7838,475,1,"Render",0.339899987
6037.7859,475,1,"Procedural Animations",0.000500000024
6037.8163,475,1,"Script Components",9.99999975e-05
6037.8191,475,1,"CPU Frame",1.0345
6037.821,475,1,"Input",0.0899000019
6037.8231,475,1,"GUI Update",0.0174000002
6037.825,475,1,"Frustum Culling",0.0434999987
6037.8268,475,1,"Animations",9.99999975e-05
6037.8286,475,1,"Spring Dependencies",9.99999975e-05
6037.8305,475,1,"GUI Render",0.0465999991
6037.8323,475,1,"Physics",0.00039999999
6037.8341,475,1,"Update",0.109300002
6037.8358,475,1,"Fixed Update",9.99999975e-05
6037.8375,475,1,"Spline Update",9.99999975e-05
6037.8393,475,1,"Compose",0.401600003
6037.841,475,1,"Update Buffers (CPU)",0.0302000009
6038.0644,476,1,"RenderPath3D Update",0.0896
6038.0702,476,1,"Application Update",0.1082
6038.334,476,1,"Application Render",0.2616
6038.7565,476,1,"Application Compose",0.3796
6044.7736,476,1,"SubmitCommandLists",6.0097
6044.7983,476,1,"Shadowmap packing",0.000199999995
6044.8019,476,1,"Render",0.261400014
6044.8041,476,1,"Procedural Animations",0.00039999999
6044.8065,476,1,"Script Components",9.99999975e-05
6044.8091,476,1,"CPU Frame",0.994400024
6044.811,476,1,"Input",0.114799999
6044.8132,476,1,"GUI Update",0.0274999999
6044.8152,476,1,"Frustum Culling",0.0368999988
6044.8172,476,1,"Animations",9.99999975e-05
6044.8191,476,1,"Spring Dependencies",9.99999975e-05
6044.8211,476,1,"GUI Render",0.052099999
6044.823,476,1,"Physics",0.00380000006
6044.825,476,1,"Update",0.108000003
6044.8267,476,1,"Fixed Update",0.00159999996
6044.8285,476,1,"Spline Update",0.000199999995
6044.8304,476,1,"Compose",0.379400015
6044.8322,476,1,"Update Buffers (CPU)",0.0405000001
6045.0738,477,1,"RenderPath3D Update",0.1292
6045.0779,477,1,"Application Update",0.1451
6045.3575,477,1,"Application Render",0.2775
6045.7577,477,1,"Application Compose",0.378
6051.6838,477,1,"SubmitCommandLists",5.9186
6051.7071,477,1,"Shadowmap packing",0.000199999995
6051.7103,477,1,"Render",0.2773
6051.7122,477,1,"Procedural Animations",0.00039999999
6051.7144,477,1,"Script Components",9.99999975e-05
6051.7167,477,1,"CPU Frame",0.979300022
6051.7186,477,1,"Input",0.0961000025
6051.7209,477,1,"GUI Update",0.0173000004
6051.7226,477,1,"Frustum Culling",0.0529999994
6051.7244,477,1,"Animations",9.99999975e-05
6051.7262,477,1,"Spring Dependencies",9.99999975e-05
6051.7282,477,1,"GUI Render",0.0447000004
6051.73,477,1,"Physics",0.00039999999
6051.7318,477,1,"Update",0.144999996
6051.7336,477,1,"Fixed Update",9.99999975e-05
6051.7353,477,1,"Spline Update",0.000199999995
6051.7372,477,1,"Compose",0.377799988
6051.7389,477,1,"Update Buffers (CPU)",0.0768000036
6051.9764,478,1,"RenderPath3D Update",0.1292
6051.9815,478,1,"Application Update",0.1448
6052.2294,478,1,"Application Render",0.2444
6052.6246,478,1,"Application Compose",0.3786
6058.6958,478,1,"SubmitCommandLists",6.0642
6058.7201,478,1,"Shadowmap packing",0.000300000014
6058.7234,478,1,"Render",0.244100004
6058.7253,478,1,"Procedural Animations",0.000600000028
6058.7275,478,1,"Script Components",9.99999975e-05
6058.7302,478,1,"CPU Frame",0.936100006
6058.732,478,1,"Input",0.0921000019
6058.7343,478,1,"GUI Update",0.0171000008
6058.7362,478,1,"Frustum Culling",0.053199999
6058.7382,478,1,"Animations",9.99999975e-05
6058.74,478,1,"Spring Dependencies",9.99999975e-05
6058.7421,478,1,"GUI Render",0.0408000015
6058.7439,478,1,"Physics",0.00410000002
6058.7457,478,1,"Update",0.144500002
6058.7474,478,1,"Fixed Update",0.00150000001
6058.7492,478,1,"Spline Update",9.99999975e-05
6058.7511,478,1,"Compose",0.378399998
6058.7529,478,1,"Update Buffers (CPU)",0.0395000018
6059.0192,479,1,"RenderPath3D Update",0.1545
6059.0232,479,1,"Application Update",0.1719
6059.3375,479,1,"Application Render",0.3122
6059.7535,479,1,"Application Compose",0.3836
6065.5887,479,1,"SubmitCommandLists",5.8252
6065.6135,479,1,"Shadowmap packing",9.99999975e-05
6065.6172,479,1,"Render",0.312000006
6065.6194,479,1,"Procedural Animations",0.00039999999
6065.6217,479,1,"Script Components",9.99999975e-05
6065.6242,479,1,"CPU Frame",1.05490005
6065.6262,479,1,"Input",0.0939000025
6065.6283,479,1,"GUI Update",0.0173000004
6065.6654,479,1,"Frustum Culling",0.0230999999
6065.6677,479,1,"Animations",9.99999975e-05
6065.6694,479,1,"Spring Dependencies",9.99999975e-05
6065.6714,479,1,"GUI Render",0.0610000007
6065.6731,479,1,"Physics",0.00039999999
6065.6749,479,1,"Update",0.171800002
6065.6767,479,1,"Fixed Update",0
6065.6786,479,1,"Spline Update",0.000199999995
6065.6805,479,1,"Compose",0.381799996
6065.6824,479,1,"Update Buffers (CPU)",0.0263
6065.8806,480,1,"RenderPath3D Update",0.0954
6065.8848,480,1,"Application Update",0.1107
6066.1023,480,1,"Application Render",0.2155
6066.4939,480,1,"Application Compose",0.373
6072.4349,480,1,"SubmitCommandLists",5.9332
6072.4602,480,1,"Shadowmap packing",0.000199999995
6072.4634,480,1,"Render",0.215200007
6072.4654,480,1,"Procedural Animations",0.00039999999
6072.4677,480,1,"Script Components",9.99999975e-05
6072.4703,480,1,"CPU Frame",0.900200009
6072.4723,480,1,"Input",0.0848999992
6072.4744,480,1,"GUI Update",0.0168999992
6072.4763,480,1,"Frustum Culling",0.0222999994
6072.4782,480,1,"Animations",9.99999975e-05
6072.4801,480,1,"Spring Dependencies",0.000199999995
6072.4822,480,1,"GUI Render",0.0474999994
6072.4839,480,1,"Physics",0.00319999992
6072.4857,480,1,"Update",0.110600002
6072.4875,480,1,"Fixed Update",0.00209999993
6072.4893,480,1,"Spline Update",0.000199999995
6072.4912,480,1,"Compose",0.372700006
6072.4929,480,1,"Update Buffers (CPU)",0.0344000012
6072.7357,481,1,"RenderPath3D Update",0.1307
6072.7405,481,1,"Application Update",0.1472
6073.038,481,1,"Application Render",0.294
6073.4593,481,1,"Application Compose",0.3934
6079.3797,481,1,"SubmitCommandLists",5.9127
6079.4225,481,1,"Shadowmap packing",0.000199999995
6079.4257,481,1,"Render",0.29370001
6079.4277,481,1,"Procedural Animations",0.000500000024
6079.4299,481,1,"Script Components",9.99999975e-05
6079.4325,481,1,"CPU Frame",1.0194
6079.4345,481,1,"Input",0.0958999991
6079.4366,481,1,"GUI Update",0.0174000002
6079.4385,481,1,"Frustum Culling",0.0408000015
6079.4404,481,1,"Animations",9.99999975e-05
6079.4422,481,1,"Spring Dependencies",9.99999975e-05
6079.4442,481,1,"GUI Render",0.0719000027
6079.446,481,1,"Physics",0.00039999999
6079.448,481,1,"Update",0.146899998
6079.4499,481,1,"Fixed Update",9.99999975e-05
6079.4516,481,1,"Spline Update",0.000199999995
6079.4536,481,1,"Compose",0.39320001
6079.4554,481,1,"Update Buffers (CPU)",0.057599999
6079.678,482,1,"RenderPath3D Update",0.1153
6079.6817,482,1,"Application Update",0.1309
6079.9177,482,1,"Application Render",0.2337
6080.3334,482,1,"Application Compose",0.3852
6086.3644,482,1,"SubmitCommandLists",6.0219
6086.3898,482,1,"Shadowmap packing",0.000199999995
6086.393,482,1,"Render",0.233500004
6086.3951,482,1,"Procedural Animations",0.00039999999
6086.3973,482,1,"Script Components",9.99999975e-05
6086.3999,482,1,"CPU Frame",0.930899978
6086.4018,482,1,"Input",0.0908999965
6086.4039,482,1,"GUI Update",0.0170000009
6086.4058,482,1,"Frustum Culling",0.0505000018
6086.4076,482,1,"Animations",9.99999975e-05
6086.4095,482,1,"Spring Dependencies",9.99999975e-05
6086.4115,482,1,"GUI Render",0.0432000011
6086.4134,482,1,"Physics",0.00039999999
6086.4152,482,1,"Update",0.130799994
6086.417,482,1,"Fixed Update",9.99999975e-05
6086.4188,482,1,"Spline Update",0.000199999995
6086.4208,482,1,"Compose",0.384900004
6086.4227,482,1,"Update Buffers (CPU)",0.0277999993
6086.67,483,1,"RenderPath3D Update",0.1414
6086.675,483,1,"Application Update",0.1578
6086.8927,483,1,"Application Render",0.2156
6087.3565,483,1,"Application Compose",0.3967
6093.5437,483,1,"SubmitCommandLists",6.1771
6093.639,483,1,"Shadowmap packing",9.99999975e-05
6093.6422,483,1,"Render",0.215399995
6093.6441,483,1,"Procedural Animations",0.000500000024
6093.6464,483,1,"Script Components",9.99999975e-05
6093.6487,483,1,"CPU Frame",0.988200009
6093.6505,483,1,"Input",0.0882999972
6093.6528,483,1,"GUI Update",0.0177999996
6093.6547,483,1,"Frustum Culling",0.0237000007
6093.6566,483,1,"Animations",9.99999975e-05
6093.6584,483,1,"Spring Dependencies",9.99999975e-05
6093.6604,483,1,"GUI Render",0.050999999
6093.6622,483,1,"Physics",0.00380000006
6093.6987,483,1,"Update",0.157600001
6093.7007,483,1,"Fixed Update",0.00179999997
6093.7026,483,1,"Spline Update",0.000199999995
6093.7045,483,1,"Compose",0.396299988
6093.7065,483,1,"Update Buffers (CPU)",0.0340999998
6093.9947,484,1,"RenderPath3D Update",0.1479
6093.9991,484,1,"Application Update",0.1723
6094.3287,484,1,"Application Render",0.3274
6094.763,484,1,"Application Compose",0.4091
6100.26,484,1,"SubmitCommandLists",5.4873
6100.3008,484,1,"Shadowmap packing",9.99999975e-05
6100.3041,484,1,"Render",0.327199996
6100.306,484,1,"Procedural Animations",0.000899999985
6100.3083,484,1,"Script Components",9.99999975e-05
6100.3106,484,1,"CPU Frame",1.18200004
6100.3127,484,1,"Input",0.112899996
6100.3148,484,1,"GUI Update",0.0217000004
6100.3168,484,1,"Frustum Culling",0.0577000007
6100.3187,484,1,"Animations",9.99999975e-05
6100.3204,484,1,"Spring Dependencies",0.000199999995
6100.3224,484,1,"GUI Render",0.0489999987
6100.3242,484,1,"Physics",0.000899999985
6100.326,484,1,"Update",0.172199994
6100.3281,484,1,"Fixed Update",9.99999975e-05
6100.3299,484,1,"Spline Update",0.000199999995
6100.3317,484,1,"Compose",0.408699989
6100.3335,484,1,"Update Buffers (CPU)",0.0573000014
6100.6527,485,1,"RenderPath3D Update",0.1758
6100.6564,485,1,"Application Update",0.1974
6100.9774,485,1,"Application Render",0.3188
6101.3927,485,1,"Application Compose",0.3908
6107.4092,485,1,"SubmitCommandLists",6.0055
6107.5023,485,1,"Shadowmap packing",0.000199999995
6107.5062,485,1,"Render",0.318500012
6107.5086,485,1,"Procedural Animations",0.00120000006
6107.5113,485,1,"Script Components",0.000199999995
6107.514,485,1,"CPU Frame",1.12249994
6107.5164,485,1,"Input",0.114299998
6107.5216,485,1,"GUI Update",0.0214000009
6107.5247,485,1,"Frustum Culling",0.0560999997
6107.5272,485,1,"Animations",9.99999975e-05
6107.5301,485,1,"Spring Dependencies",0.000199999995
6107.5336,485,1,"GUI Render",0.0439999998
6107.5357,485,1,"Physics",0.00889999978
6107.5375,485,1,"Update",0.197300002
6107.5401,485,1,"Fixed Update",0.00410000002
6107.5419,485,1,"Spline Update",0.000199999995
6107.5437,485,1,"Compose",0.390599996
6107.5468,485,1,"Update Buffers (CPU)",0.0788000003
6108.2894,486,1,"RenderPath3D Update",0.3158
6108.2957,486,1,"Application Update",0.4053
6108.9987,486,1,"Application Render",0.7005
6109.5224,486,1,"Application Compose",0.4717
6114.116,486,1,"SubmitCommandLists",4.5845
6114.1602,486,1,"Shadowmap packing",0.000600000028
6114.164,486,1,"Render",0.699800014
6114.166,486,1,"Procedural Animations",0.00430000015
6114.1684,486,1,"Script Components",0.00079999998
6114.171,486,1,"CPU Frame",2.08920002
6114.1729,486,1,"Input",0.319499999
6114.1751,486,1,"GUI Update",0.0562999994
6114.1771,486,1,"Frustum Culling",0.0551999994
6114.1789,486,1,"Animations",9.99999975e-05
6114.181,486,1,"Spring Dependencies",0.00079999998
6114.1831,486,1,"GUI Render",0.0860000029
6114.185,486,1,"Physics",0.00319999992
6114.1868,486,1,"Update",0.404599994
6114.1885,486,1,"Fixed Update",9.99999975e-05
6114.1904,486,1,"Spline Update",0.00139999995
6114.1923,486,1,"Compose",0.471100003
6114.1944,486,1,"Update Buffers (CPU)",0.218400002
6114.4772,487,1,"RenderPath3D Update",0.1076
6114.4813,487,1,"Application Update",0.1325
6114.8287,487,1,"Application Render",0.3454
6115.2552,487,1,"Application Compose",0.3963
6121.3329,487,1,"SubmitCommandLists",6.066
6121.5018,487,1,"Shadowmap packing",9.99999975e-05
6121.51,487,1,"Render",0.345099986
6121.513,487,1,"Procedural Animations",0.00109999999
6121.516,487,1,"Script Components",9.99999975e-05
6121.5195,487,1,"CPU Frame",1.1279
6121.5213,487,1,"Input",0.1479
6121.5251,487,1,"GUI Update",0.023
6121.5277,487,1,"Frustum Culling",0.0377999991
6121.5298,487,1,"Animations",9.99999975e-05
6121.5325,487,1,"Spring Dependencies",0.000300000014
6121.5352,487,1,"GUI Render",0.0392000005
6121.5374,487,1,"Physics",0.000899999985
6121.5402,487,1,"Update",0.132300004
6121.5425,487,1,"Fixed Update",9.99999975e-05
6121.5443,487,1,"Spline Update",0.000199999995
6121.5462,487,1,"Compose",0.395999998
6121.549,487,1,"Update Buffers (CPU)",0.0612000003
6122.4203,488,1,"RenderPath3D Update",0.3315
6122.4276,488,1,"Application Update",0.3985
6123.083,488,1,"Application Render",0.6359
6123.6108,488,1,"Application Compose",0.4727
6127.9825,488,1,"SubmitCommandLists",4.3542
6128.0222,488,1,"Shadowmap packing",9.99999975e-05
6128.0262,488,1,"Render",0.635599971
6128.0282,488,1,"Procedural Animations",0.00400000019
6128.0309,488,1,"Script Components",0.00039999999
6128.0332,488,1,"CPU Frame",2.22720003
6128.0351,488,1,"Input",0.308400005
6128.0376,488,1,"GUI Update",0.0518999994
6128.0396,488,1,"Frustum Culling",0.0689999983
6128.0414,488,1,"Animations",9.99999975e-05
6128.0433,488,1,"Spring Dependencies",0.000899999985
6128.0457,488,1,"GUI Render",0.0820999965
6128.0474,488,1,"Physics",0.0174000002
6128.0491,488,1,"Update",0.398400009
6128.0512,488,1,"Fixed Update",0.0173000004
6128.053,488,1,"Spline Update",0.00039999999
6128.055,488,1,"Compose",0.47240001
6128.057,488,1,"Update Buffers (CPU)",0.171700001
6128.6762,489,1,"RenderPath3D Update",0.4819
6128.6856,489,1,"Application Update",0.5103
6129.0204,489,1,"Application Render",0.3325
6129.4659,489,1,"Application Compose",0.3973
6134.9667,489,1,"SubmitCommandLists",5.4902
6135.0342,489,1,"Shadowmap packing",0.000300000014
6135.0387,489,1,"Render",0.332100004
6135.0409,489,1,"Procedural Animations",0.000899999985
6135.0431,489,1,"Script Components",0.000199999995
6135.0465,489,1,"CPU Frame",1.47420001
6135.0485,489,1,"Input",0.113300003
6135.0507,489,1,"GUI Update",0.0197999999
6135.0527,489,1,"Frustum Culling",0.0900000036
6135.0546,489,1,"Animations",9.99999975e-05
6135.0573,489,1,"Spring Dependencies",0.000199999995
6135.0598,489,1,"GUI Render",0.0557000004
6135.0616,489,1,"Physics",0.000699999975
6135.0637,489,1,"Update",0.510100007
6135.0655,489,1,"Fixed Update",9.99999975e-05
6135.0674,489,1,"Spline Update",0.000199999995
6135.0693,489,1,"Compose",0.396899998
6135.0716,489,1,"Update Buffers (CPU)",0.0478999987
6135.6277,490,1,"RenderPath3D Update",0.3754
6135.6329,490,1,"Application Update",0.4002
6135.9709,490,1,"Application Render",0.3358
6136.4035,490,1,"Application Compose",0.4006
6141.9285,490,1,"SubmitCommandLists",5.5155
6141.9529,490,1,"Shadowmap packing",0.000300000014
6141.956,490,1,"Render",0.335500002
6141.9582,490,1,"Procedural Animations",0.00109999999
6141.9605,490,1,"Script Components",9.99999975e-05
6141.9632,490,1,"CPU Frame",1.41550004
6141.9651,490,1,"Input",0.150199994
6141.9675,490,1,"GUI Update",0.0310999993
6141.9697,490,1,"Frustum Culling",0.0640999973
6141.9716,490,1,"Animations",9.99999975e-05
6141.9734,490,1,"Spring Dependencies",0
6141.9754,490,1,"GUI Render",0.0414000005
6141.9774,490,1,"Physics",0.00449999981
6141.9792,490,1,"Update",0.400000006
6141.981,490,1,"Fixed Update",0.00329999998
6141.9829,490,1,"Spline Update",0.000199999995
6141.9849,490,1,"Compose",0.400200009
6141.9868,490,1,"Update Buffers (CPU)",0.0623999983
6142.2268,491,1,"RenderPath3D Update",0.1224
6142.231,491,1,"Application Update",0.141
6142.4743,491,1,"Application Render",0.2412
6142.8901,491,1,"Application Compose",0.3892
6148.7591,491,1,"SubmitCommandLists",5.8602
6148.7864,491,1,"Shadowmap packing",0.000199999995
6148.7896,491,1,"Render",0.240899995
6148.7917,491,1,"Procedural Animations",0.000600000028
6148.794,491,1,"Script Components",0
6148.7967,491,1,"CPU Frame",0.957799971
6148.7987,491,1,"Input",0.0988000035
6148.8009,491,1,"GUI Update",0.0178999994
6148.8028,491,1,"Frustum Culling",0.0447999984
6148.8047,491,1,"Animations",9.99999975e-05
6148.8068,491,1,"Spring Dependencies",0.000199999995
6148.8089,491,1,"GUI Render",0.0401999988
6148.8108,491,1,"Physics",0.000500000024
6148.8126,491,1,"Update",0.140799999
6148.8143,491,1,"Fixed Update",9.99999975e-05
6148.8161,491,1,"Spline Update",9.99999975e-05
6148.8179,491,1,"Compose",0.388799995
6148.8198,491,1,"Update Buffers (CPU)",0.0405000001
6149.0465,492,1,"RenderPath3D Update",0.0691
6149.0512,492,1,"Application Update",0.085
6149.3254,492,1,"Application Render",0.2708
6149.7318,492,1,"Application Compose",0.3805
6155.8529,492,1,"SubmitCommandLists",6.1141
6155.914,492,1,"Shadowmap packing",0.000199999995
6155.9174,492,1,"Render",0.270700008
6155.9195,492,1,"Procedural Animations",0.000600000028
6155.9218,492,1,"Script Components",9.99999975e-05
6155.9247,492,1,"CPU Frame",0.964100003
6155.9266,492,1,"Input",0.140000001
6155.9286,492,1,"GUI Update",0.0164000001
6155.9307,492,1,"Frustum Culling",0.0348999985
6155.9325,492,1,"Animations",9.99999975e-05
6155.9343,492,1,"Spring Dependencies",9.99999975e-05
6155.9362,492,1,"GUI Render",0.0417999998
6155.938,492,1,"Physics",0.00419999985
6155.9399,492,1,"Update",0.0847999975
6155.9416,492,1,"Fixed Update",0.00190000003
6155.9434,492,1,"Spline Update",0.000199999995
6155.9454,492,1,"Compose",0.380299985
6155.9473,492,1,"Update Buffers (CPU)",0.0463000014
6156.1395,493,1,"RenderPath3D Update",0.0807
6156.1433,493,1,"Application Update",0.0966
6156.3551,493,1,"Application Render",0.2091
6156.7698,493,1,"Application Compose",0.3737
6162.7777,493,1,"SubmitCommandLists",6.0008
6162.8024,493,1,"Shadowmap packing",9.99999975e-05
6162.8058,493,1,"Render",0.209000006
6162.8079,493,1,"Procedural Animations",0.00039999999
6162.8102,493,1,"Script Components",9.99999975e-05
6162.8126,493,1,"CPU Frame",0.875899971
6162.8145,493,1,"Input",0.0949999988
6162.8166,493,1,"GUI Update",0.0165999997
6162.8185,493,1,"Frustum Culling",0.00879999995
6162.8205,493,1,"Animations",9.99999975e-05
6162.8224,493,1,"Spring Dependencies",9.99999975e-05
6162.8244,493,1,"GUI Render",0.0434999987
6162.8262,493,1,"Physics",0.00039999999
6162.828,493,1,"Update",0.0962999985
6162.8298,493,1,"Fixed Update",9.99999975e-05
6162.8315,493,1,"Spline Update",0.000199999995
6162.8334,493,1,"Compose",0.373299986
6162.8352,493,1,"Update Buffers (CPU)",0.0340000018
6163.0899,494,1,"RenderPath3D Update",0.1465
6163.0942,494,1,"Application Update",0.1629
6163.3672,494,1,"Application Render",0.271
6163.792,494,1,"Application Compose",0.4085
6169.7828,494,1,"SubmitCommandLists",5.9836
6169.8069,494,1,"Shadowmap packing",0.000199999995
6169.8102,494,1,"Render",0.270700008
6169.8121,494,1,"Procedural Animations",0.000500000024
6169.8144,494,1,"Script Components",9.99999975e-05
6169.817,494,1,"CPU Frame",1.00950003
6169.8191,494,1,"Input",0.0917000026
6169.8214,494,1,"GUI Update",0.0176999997
6169.8232,494,1,"Frustum Culling",0.0379000008
6169.8251,494,1,"Animations",0
6169.827,494,1,"Spring Dependencies",9.99999975e-05
6169.8292,494,1,"GUI Render",0.0582000017
6169.831,494,1,"Physics",0.00039999999
6169.8329,494,1,"Update",0.162599996
6169.8348,494,1,"Fixed Update",9.99999975e-05
6169.8365,494,1,"Spline Update",0.000199999995
6169.8385,494,1,"Compose",0.408199996
6169.8403,494,1,"Update Buffers (CPU)",0.0403000005
6170.0873,495,1,"RenderPath3D Update",0.1409
6170.0915,495,1,"Application Update",0.1559
6170.3361,495,1,"Application Render",0.2425
6170.7549,495,1,"Application Compose",0.3866
6176.638,495,1,"SubmitCommandLists",5.8746
6176.6663,495,1,"Shadowmap packing",0.000199999995
6176.6717,495,1,"Render",0.242300004
6176.6737,495,1,"Procedural Animations",0.00039999999
6176.676,495,1,"Script Components",9.99999975e-05
6176.6787,495,1,"CPU Frame",0.968599975
6176.6807,495,1,"Input",0.0890000015
6176.6828,495,1,"GUI Update",0.0175999999
6176.6846,495,1,"Frustum Culling",0.0408999994
6176.6864,495,1,"Animations",9.99999975e-05
6176.6882,495,1,"Spring Dependencies",9.99999975e-05
6176.6903,495,1,"GUI Render",0.0498999991
6176.6921,495,1,"Physics",0.00289999996
6176.694,495,1,"Update",0.155699998
6176.6971,495,1,"Fixed Update",0.00179999997
6176.699,495,1,"Spline Update",0.000199999995
6176.7009,495,1,"Compose",0.386200011
6176.7028,495,1,"Update Buffers (CPU)",0.0439000018
6176.9525,496,1,"RenderPath3D Update",0.1401
6176.9574,496,1,"Application Update",0.1575
6177.2596,496,1,"Application Render",0.3001
6177.6652,496,1,"Application Compose",0.3815
6183.5697,496,1,"SubmitCommandLists",5.8968
6183.5982,496,1,"Shadowmap packing",9.99999975e-05
6183.6015,496,1,"Render",0.299899995
6183.6036,496,1,"Procedural Animations",0.000500000024
6183.606,496,1,"Script Components",9.99999975e-05
6183.6392,496,1,"CPU Frame",1.02250004
6183.6415,496,1,"Input",0.0904000029
6183.6436,496,1,"GUI Update",0.0174000002
6183.6455,496,1,"Frustum Culling",0.0502999984
6183.6473,496,1,"Animations",9.99999975e-05
6183.649,496,1,"Spring Dependencies",0.000199999995
6183.6511,496,1,"GUI Render",0.0579999983
6183.653,496,1,"Physics",0.000500000024
6183.6548,496,1,"Update",0.157399997
6183.6566,496,1,"Fixed Update",9.99999975e-05
6183.6583,496,1,"Spline Update",0.000300000014
6183.6602,496,1,"Compose",0.381099999
6183.6619,496,1,"Update Buffers (CPU)",0.0346000008
6183.9172,497,1,"RenderPath3D Update",0.13
6183.9222,497,1,"Application Update",0.1465
6184.1921,497,1,"Application Render",0.2679
6184.6171,497,1,"Application Compose",0.3848
6190.731,497,1,"SubmitCommandLists",6.1061
6190.7642,497,1,"Shadowmap packing",9.99999975e-05
6190.7678,497,1,"Render",0.2676
6190.7697,497,1,"Procedural Animations",0.000500000024
6190.7721,497,1,"Script Components",9.99999975e-05
6190.7747,497,1,"CPU Frame",1.04190004
6190.7766,497,1,"Input",0.106700003
6190.7788,497,1,"GUI Update",0.0175999999
6190.7808,497,1,"Frustum Culling",0.0432000011
6190.7826,497,1,"Animations",0
6190.7846,497,1,"Spring Dependencies",9.99999975e-05
6190.7867,497,1,"GUI Render",0.0408000015
6190.7885,497,1,"Physics",0.00289999996
6190.7904,497,1,"Update",0.146300003
6190.7921,497,1,"Fixed Update",0.00200000009
6190.7939,497,1,"Spline Update",0.000199999995
6190.7958,497,1,"Compose",0.384499997
6190.798,497,1,"Update Buffers (CPU)",0.0359999985
6191.086,498,1,"RenderPath3D Update",0.1393
6191.0918,498,1,"Application Update",0.1601
6191.3724,498,1,"Application Render",0.2775
6191.8062,498,1,"Application Compose",0.4148
6197.75,498,1,"SubmitCommandLists",5.9345
6197.7994,498,1,"Shadowmap packing",0.000199999995
6197.8034,498,1,"Render",0.2773
6197.8053,498,1,"Procedural Animations",0.00079999998
6197.8076,498,1,"Script Components",0
6197.8107,498,1,"CPU Frame",1.0675
6197.8126,498,1,"Input",0.128199995
6197.8149,498,1,"GUI Update",0.0200999994
6197.8169,498,1,"Frustum Culling",0.0601000004
6197.8188,498,1,"Animations",9.99999975e-05
6197.8211,498,1,"Spring Dependencies",0.000199999995
6197.8234,498,1,"GUI Render",0.0439999998
6197.8253,498,1,"Physics",0.000699999975
6197.8271,498,1,"Update",0.159899995
6197.829,498,1,"Fixed Update",9.99999975e-05
6197.831,498,1,"Spline Update",0.000300000014
6197.8329,498,1,"Compose",0.414499998
6197.8429,498,1,"Update Buffers (CPU)",0.068400003
6198.1556,499,1,"RenderPath3D Update",0.1298
6198.1601,499,1,"Application Update",0.1664
6198.5141,499,1,"Application Render",0.3516
6198.9631,499,1,"Application Compose",0.4005
6204.4437,499,1,"SubmitCommandLists",5.4717
6204.4712,499,1,"Shadowmap packing",0.000199999995
6204.4746,499,1,"Render",0.351399988
6204.4765,499,1,"Procedural Animations",0.00109999999
6204.4787,499,1,"Script Components",0.000199999995
6204.481,499,1,"CPU Frame",1.20000005
6204.483,499,1,"Input",0.143999994
6204.4851,499,1,"GUI Update",0.0228000004
6204.4871,499,1,"Frustum Culling",0.0401999988
6204.4889,499,1,"Animations",9.99999975e-05
6204.4911,499,1,"Spring Dependencies",0.000199999995
6204.4932,499,1,"GUI Render",0.0659999996
6204.495,499,1,"Physics",0.00109999999
6204.4968,499,1,"Update",0.166199997
6204.4986,499,1,"Fixed Update",0
6204.5005,499,1,"Spline Update",0.000300000014
6204.5025,499,1,"Compose",0.400299996
6204.5043,499,1,"Update Buffers (CPU)",0.0793000013
6204.778,500,1,"RenderPath3D Update",0.1498
6204.7817,500,1,"Application Update",0.1678
6205.0471,500,1,"Application Render",0.2628
6205.4614,500,1,"Application Compose",0.3873
6211.2755,500,1,"SubmitCommandLists",5.8051
6211.3129,500,1,"Shadowmap packing",0.000199999995
6211.3158,500,1,"Render",0.262699991
6211.3179,500,1,"Procedural Animations",0.000600000028
6211.3201,500,1,"Script Components",9.99999975e-05
6211.3228,500,1,"CPU Frame",1.01259995
6211.3247,500,1,"Input",0.1017
6211.327,500,1,"GUI Update",0.0254999995
6211.3291,500,1,"Frustum Culling",0.0410999991
6211.3309,500,1,"Animations",0
6211.3328,500,1,"Spring Dependencies",9.99999975e-05
6211.3636,500,1,"GUI Render",0.0456000008
6211.3658,500,1,"Physics",0.0229000002
6211.3676,500,1,"Update",0.167500004
6211.3693,500,1,"Fixed Update",0.00310000009
6211.3712,500,1,"Spline Update",0.000199999995
6211.3731,500,1,"Compose",0.386900008
6211.375,500,1,"Update Buffers (CPU)",0.0516000018
6211.6199,501,1,"RenderPath3D Update",0.1232
6211.6241,501,1,"Application Update",0.1422
6211.8693,501,1,"Application Render",0.243
6212.2745,501,1,"Application Compose",0.3863
6218.3035,501,1,"SubmitCommandLists",6.0207
6218.3398,501,1,"Shadowmap packing",9.99999975e-05
6218.3435,501,1,"Render",0.242799997
6218.3457,501,1,"Procedural Animations",0.000899999985
6218.3486,501,1,"Script Components",0
6218.3513,501,1,"CPU Frame",0.981899977
6218.3532,501,1,"Input",0.1021
6218.3559,501,1,"GUI Update",0.0183000006
6218.3582,501,1,"Frustum Culling",0.0357000008
6218.3601,501,1,"Animations",9.99999975e-05
6218.362,501,1,"Spring Dependencies",9.99999975e-05
6218.3642,501,1,"GUI Render",0.0549000017
6218.3661,501,1,"Physics",0.000600000028
6218.368,501,1,"Update",0.142000005
6218.3699,501,1,"Fixed Update",0
6218.3716,501,1,"Spline Update",0.000199999995
6218.3735,501,1,"Compose",0.386200011
6218.3754,501,1,"Update Buffers (CPU)",0.0505999997
6218.7098,502,1,"RenderPath3D Update",0.1551
6218.7155,502,1,"Application Update",0.1766
6218.988,502,1,"Application Render",0.2691
6219.4033,502,1,"Application Compose",0.3886
6225.1662,502,1,"SubmitCommandLists",5.7537
6225.1985,502,1,"Shadowmap packing",9.99999975e-05
6225.202,502,1,"Render",0.268999994
6225.2046,502,1,"Procedural Animations",0.00079999998
6225.207,502,1,"Script Components",0.000199999995
6225.2095,502,1,"CPU Frame",1.09109998
6225.2114,502,1,"Input",0.154599994
6225.2135,502,1,"GUI Update",0.0228000004
6225.2155,502,1,"Frustum Culling",0.0538999997
6225.2175,502,1,"Animations",9.99999975e-05
6225.2194,502,1,"Spring Dependencies",9.99999975e-05
6225.2214,502,1,"GUI Render",0.0460000001
6225.2231,502,1,"Physics",0.00490000006
6225.225,502,1,"Update",0.176400006
6225.2268,502,1,"Fixed Update",0.00340000005
6225.2287,502,1,"Spline Update",0.000199999995
6225.2306,502,1,"Compose",0.388200015
6225.2324,502,1,"Update Buffers (CPU)",0.0592
6225.5205,503,1,"RenderPath3D Update",0.167
6225.5247,503,1,"Application Update",0.1853
6225.7606,503,1,"Application Render",0.2337
6226.1859,503,1,"Application Compose",0.3929
6232.1381,503,1,"SubmitCommandLists",5.9422
6232.1637,503,1,"Shadowmap packing",0.000300000014
6232.1666,503,1,"Render",0.233500004
6232.1685,503,1,"Procedural Animations",0.00079999998
6232.1705,503,1,"Script Components",0.000199999995
6232.1729,503,1,"CPU Frame",1.00919998
6232.1748,503,1,"Input",0.101899996
6232.1769,503,1,"GUI Update",0.0177999996
6232.1788,503,1,"Frustum Culling",0.0476999991
6232.1807,503,1,"Animations",9.99999975e-05
6232.1826,503,1,"Spring Dependencies",9.99999975e-05
6232.1848,503,1,"GUI Render",0.0425999984
6232.1866,503,1,"Physics",0.000699999975
6232.1884,503,1,"Update",0.185000002
6232.1902,503,1,"Fixed Update",9.99999975e-05
6232.1919,503,1,"Spline Update",0.000199999995
6232.1938,503,1,"Compose",0.3926
6232.1957,503,1,"Update Buffers (CPU)",0.0428999998
6232.4425,504,1,"RenderPath3D Update",0.1327
6232.4475,504,1,"Application Update",0.1507
6232.6969,504,1,"Application Render",0.2469
6233.1062,504,1,"Application Compose",0.3908
6239.0744,504,1,"SubmitCommandLists",5.9586
6239.1029,504,1,"Shadowmap packing",9.99999975e-05
6239.1061,504,1,"Render",0.246600002
6239.1082,504,1,"Procedural Animations",0.000600000028
6239.1104,504,1,"Script Components",0
6239.1128,504,1,"CPU Frame",0.962499976
6239.1146,504,1,"Input",0.0934000015
6239.1167,504,1,"GUI Update",0.0179999992
6239.1186,504,1,"Frustum Culling",0.0540000014
6239.1204,504,1,"Animations",9.99999975e-05
6239.1224,504,1,"Spring Dependencies",0.000300000014
6239.1245,504,1,"GUI Render",0.0482000001
6239.1263,504,1,"Physics",0.00400000019
6239.1282,504,1,"Update",0.150600001
6239.13,504,1,"Fixed Update",0.00270000007
6239.1319,504,1,"Spline Update",9.99999975e-05
6239.1338,504,1,"Compose",0.390500009
6239.164,504,1,"Update Buffers (CPU)",0.0441999994
6239.4033,505,1,"RenderPath3D Update",0.1299
6239.4074,505,1,"Application Update",0.1473
6239.6643,505,1,"Application Render",0.2549
6240.0683,505,1,"Application Compose",0.3855
6245.9821,505,1,"SubmitCommandLists",5.9052
6246.0122,505,1,"Shadowmap packing",0.000199999995
6246.0152,505,1,"Render",0.254700005
6246.0173,505,1,"Procedural Animations",0.000500000024
6246.0194,505,1,"Script Components",9.99999975e-05
6246.0221,505,1,"CPU Frame",0.985199988
6246.024,505,1,"Input",0.0908999965
6246.0262,505,1,"GUI Update",0.0167999994
6246.0281,505,1,"Frustum Culling",0.0351000018
6246.0299,505,1,"Animations",9.99999975e-05
6246.0316,505,1,"Spring Dependencies",9.99999975e-05
6246.0335,505,1,"GUI Render",0.0359000005
6246.0353,505,1,"Physics",0.00039999999
6246.0372,505,1,"Update",0.147100002
6246.0388,505,1,"Fixed Update",9.99999975e-05
6246.0406,505,1,"Spline Update",0.000199999995
6246.0425,505,1,"Compose",0.385199994
6246.0442,505,1,"Update Buffers (CPU)",0.0331999995
6246.2973,506,1,"RenderPath3D Update",0.1258
6246.3018,506,1,"Application Update",0.1461
6246.55,506,1,"Application Render",0.2462
6246.956,506,1,"Application Compose",0.3874
6252.9785,506,1,"SubmitCommandLists",6.0127
6253.0109,506,1,"Shadowmap packing",0.000199999995
6253.0139,506,1,"Render",0.246000007
6253.0162,506,1,"Procedural Animations",0.00079999998
6253.0186,506,1,"Script Components",9.99999975e-05
6253.0215,506,1,"CPU Frame",0.966700017
6253.0236,506,1,"Input",0.107100002
6253.0257,506,1,"GUI Update",0.0203000009
6253.0279,506,1,"Frustum Culling",0.0353000015
6253.0298,506,1,"Animations",9.99999975e-05
6253.0317,506,1,"Spring Dependencies",9.99999975e-05
6253.0338,506,1,"GUI Render",0.0537
6253.0356,506,1,"Physics",0.00039999999
6253.0374,506,1,"Update",0.145799994
6253.0392,506,1,"Fixed Update",9.99999975e-05
6253.041,506,1,"Spline Update",0.000199999995
6253.0429,506,1,"Compose",0.387199998
6253.0448,506,1,"Update Buffers (CPU)",0.0463000014
6253.3367,507,1,"RenderPath3D Update",0.1636
6253.3408,507,1,"Application Update",0.1832
6253.628,507,1,"Application Render",0.2852
6254.0418,507,1,"Application Compose",0.3942
6259.9172,507,1,"SubmitCommandLists",5.8671
6259.9499,507,1,"Shadowmap packing",9.99999975e-05
6259.9527,507,1,"Render",0.284999996
6259.9545,507,1,"Procedural Animations",0.00109999999
6259.9566,507,1,"Script Components",0.000199999995
6259.9591,507,1,"CPU Frame",1.05509996
6259.9611,507,1,"Input",0.104400001
6259.9632,507,1,"GUI Update",0.0198999997
6259.9652,507,1,"Frustum Culling",0.0518999994
6259.9671,507,1,"Animations",9.99999975e-05
6259.9689,507,1,"Spring Dependencies",9.99999975e-05
6259.971,507,1,"GUI Render",0.0454999991
6259.9729,507,1,"Physics",0.00469999993
6259.9747,507,1,"Update",0.182899997
6259.9764,507,1,"Fixed Update",0.00310000009
6259.9782,507,1,"Spline Update",0.000199999995
6259.9801,507,1,"Compose",0.393900007
6259.9819,507,1,"Update Buffers (CPU)",0.0469000004
6260.3606,508,1,"RenderPath3D Update",0.2561
6260.3714,508,1,"Application Update",0.286
6260.7105,508,1,"Application Render",0.3365
6261.2104,508,1,"Application Compose",0.4746
6266.9188,508,1,"SubmitCommandLists",5.6954
6266.9479,508,1,"Shadowmap packing",0.000199999995
6266.9513,508,1,"Render",0.336199999
6266.9534,508,1,"Procedural Animations",0.00079999998
6266.9557,508,1,"Script Components",0.000199999995
6266.9581,508,1,"CPU Frame",1.2888
6266.96,508,1,"Input",0.0979999974
6266.9622,508,1,"GUI Update",0.0195000004
6266.9642,508,1,"Frustum Culling",0.0680999979
6266.966,508,1,"Animations",0.000199999995
6266.9678,508,1,"Spring Dependencies",0.000199999995
6266.9698,508,1,"GUI Render",0.0491000004
6266.9716,508,1,"Physics",0.000600000028
6266.9733,508,1,"Update",0.28580001
6266.9752,508,1,"Fixed Update",9.99999975e-05
6266.9773,508,1,"Spline Update",0.000199999995
6266.9793,508,1,"Compose",0.474299997
6266.9812,508,1,"Update Buffers (CPU)",0.0445999987
6267.3377,509,1,"RenderPath3D Update",0.23
6267.3479,509,1,"Application Update",0.2558
6267.7306,509,1,"Application Render",0.3796
6268.1549,509,1,"Application Compose",0.3993
6273.7844,509,1,"SubmitCommandLists",5.5912
6273.8264,509,1,"Shadowmap packing",0.000199999995
6273.8295,509,1,"Render",0.379400015
6273.8313,509,1,"Procedural Animations",0.000500000024
6273.8334,509,1,"Script Components",9.99999975e-05
6273.8361,509,1,"CPU Frame",1.25899994
6273.838,509,1,"Input",0.1039
6273.8404,509,1,"GUI Update",0.0186000001
6273.8425,509,1,"Frustum Culling",0.0935000032
6273.8443,509,1,"Animations",0.000199999995
6273.8474,509,1,"Spring Dependencies",0.00039999999
6273.8495,509,1,"GUI Render",0.0505999997
6273.8674,509,1,"Physics",0.00499999989
6273.8692,509,1,"Update",0.255600005
6273.871,509,1,"Fixed Update",0.00219999999
6273.8729,509,1,"Spline Update",0.000300000014
6273.8748,509,1,"Compose",0.398999989
6273.8767,509,1,"Update Buffers (CPU)",0.0551999994
6274.1434,510,1,"RenderPath3D Update",0.119
6274.149,510,1,"Application Update",0.1427
6274.4832,510,1,"Application Render",0.3309
6274.9126,510,1,"Application Compose",0.41
6280.7004,510,1,"SubmitCommandLists",5.7785
6280.7495,510,1,"Shadowmap packing",0.000199999995
6280.753,510,1,"Render",0.33070001
6280.7558,510,1,"Procedural Animations",0.000699999975
6280.7584,510,1,"Script Components",0
6280.7617,510,1,"CPU Frame",1.11150002
6280.7639,510,1,"Input",0.123599999
6280.7681,510,1,"GUI Update",0.0194000006
6280.7701,510,1,"Frustum Culling",0.0476000011
6280.7719,510,1,"Animations",9.99999975e-05
6280.7741,510,1,"Spring Dependencies",9.99999975e-05
6280.776,510,1,"GUI Render",0.0485000014
6280.7778,510,1,"Physics",0.000699999975
6280.7797,510,1,"Update",0.142499998
6280.7816,510,1,"Fixed Update",9.99999975e-05
6280.7834,510,1,"Spline Update",9.99999975e-05
6280.7852,510,1,"Compose",0.409700006
6280.7871,510,1,"Update Buffers (CPU)",0.069600001
6281.0474,511,1,"RenderPath3D Update",0.1165
6281.0536,511,1,"Application Update",0.1438
6281.3474,511,1,"Application Render",0.2912
6281.7696,511,1,"Application Compose",0.3976
6287.7567,511,1,"SubmitCommandLists",5.9701
6287.8211,511,1,"Shadowmap packing",0.00039999999
6287.8247,511,1,"Render",0.291000009
6287.8271,511,1,"Procedural Animations",0.000899999985
6287.8295,511,1,"Script Components",9.99999975e-05
6287.8326,511,1,"CPU Frame",1.06560004
6287.8348,511,1,"Input",0.116999999
6287.8373,511,1,"GUI Update",0.0220999997
6287.8395,511,1,"Frustum Culling",0.0368999988
6287.8414,511,1,"Animations",9.99999975e-05
6287.8433,511,1,"Spring Dependencies",0.000300000014
6287.8457,511,1,"GUI Render",0.0452000014
6287.8475,511,1,"Physics",0.00100000005
6287.8495,511,1,"Update",0.143700004
6287.8515,511,1,"Fixed Update",9.99999975e-05
6287.8533,511,1,"Spline Update",0.00039999999
6287.8553,511,1,"Compose",0.397100002
6287.8575,511,1,"Update Buffers (CPU)",0.0644999966
6288.1881,512,1,"RenderPath3D Update",0.1706
6288.1925,512,1,"Application Update",0.1977
6288.5327,512,1,"Application Render",0.338
6288.9577,512,1,"Application Compose",0.4011
6294.6337,512,1,"SubmitCommandLists",5.6648
6294.6923,512,1,"Shadowmap packing",9.99999975e-05
6294.6958,512,1,"Render",0.337700009
6294.6977,512,1,"Procedural Animations",0.00100000005
6294.6999,512,1,"Script Components",0.000199999995
6294.7027,512,1,"CPU Frame",1.18490005
6294.7046,512,1,"Input",0.1237
6294.7072,512,1,"GUI Update",0.0253999997
6294.7092,512,1,"Frustum Culling",0.0430000015
6294.7111,512,1,"Animations",9.99999975e-05
6294.7128,512,1,"Spring Dependencies",0.000199999995
6294.7148,512,1,"GUI Render",0.0527000017
6294.7167,512,1,"Physics",0.00529999984
6294.7184,512,1,"Update",0.197500005
6294.7203,512,1,"Fixed Update",0.0057000001
6294.7222,512,1,"Spline Update",0.000199999995
6294.7241,512,1,"Compose",0.40079999
6294.7262,512,1,"Update Buffers (CPU)",0.0886000022
6295.0625,513,1,"RenderPath3D Update",0.1698
6295.0672,513,1,"Application Update",0.2037
6295.4104,513,1,"Application Render",0.3411
6295.9073,513,1,"Application Compose",0.4718
6301.5353,513,1,"SubmitCommandLists",5.6106
6301.5976,513,1,"Shadowmap packing",0.000199999995
6301.6007,513,1,"Render",0.340799987
6301.6027,513,1,"Procedural Animations",0.00120000006
6301.605,513,1,"Script Components",0.000199999995
6301.6421,513,1,"CPU Frame",1.2622
6301.6441,513,1,"Input",0.128900006
6301.6466,513,1,"GUI Update",0.0245999992
6301.6487,513,1,"Frustum Culling",0.0447000004
6301.6506,513,1,"Animations",9.99999975e-05
6301.6529,513,1,"Spring Dependencies",0.000199999995
6301.6551,513,1,"GUI Render",0.0529999994
6301.6571,513,1,"Physics",0.000899999985
6301.659,513,1,"Update",0.203400001
6301.6609,513,1,"Fixed Update",9.99999975e-05
6301.6628,513,1,"Spline Update",0.000300000014
6301.6647,513,1,"Compose",0.471500009
6301.6666,513,1,"Update Buffers (CPU)",0.101499997
6301.9812,514,1,"RenderPath3D Update",0.1609
6301.9856,514,1,"Application Update",0.1867
6302.3257,514,1,"Application Render",0.3377
6302.7439,514,1,"Application Compose",0.3943
6308.5987,514,1,"SubmitCommandLists",5.8442
6308.6769,514,1,"Shadowmap packing",0.000199999995
6308.6819,514,1,"Render",0.337500006
6308.685,514,1,"Procedural Animations",0.00150000001
6308.6887,514,1,"Script Components",0.000199999995
6308.6926,514,1,"CPU Frame",1.18929994
6308.6959,514,1,"Input",0.119099997
6308.6995,514,1,"GUI Update",0.0242999997
6308.7041,514,1,"Frustum Culling",0.0518999994
6308.7068,514,1,"Animations",9.99999975e-05
6308.7102,514,1,"Spring Dependencies",0
6308.7143,514,1,"GUI Render",0.0456000008
6308.7172,514,1,"Physics",0.0055999998
6308.7208,514,1,"Update",0.1866
6308.724,514,1,"Fixed Update",0.00510000018
6308.7274,514,1,"Spline Update",0.000300000014
6308.7307,514,1,"Compose",0.393999994
6308.7341,514,1,"Update Buffers (CPU)",0.070100002
6309.0801,515,1,"RenderPath3D Update",0.1147
6309.0853,515,1,"Application Update",0.1481
6309.4526,515,1,"Application Render",0.365
6309.8947,515,1,"Application Compose",0.4049
6315.4771,515,1,"SubmitCommandLists",5.5714
6315.5436,515,1,"Shadowmap packing",0.000300000014
6315.5471,515,1,"Render",0.36469999
6315.5492,515,1,"Procedural Animations",0.00109999999
6315.5517,515,1,"Script Components",0.000300000014
6315.5543,515,1,"CPU Frame",1.27310002
6315.5563,515,1,"Input",0.189500004
6315.559,515,1,"GUI Update",0.0292000007
6315.5612,515,1,"Frustum Culling",0.0439999998
6315.563,515,1,"Animations",9.99999975e-05
6315.5653,515,1,"Spring Dependencies",0.000300000014
6315.5693,515,1,"GUI Render",0.0694999993
6315.5725,515,1,"Physics",0.00120000006
6315.5751,515,1,"Update",0.1479
6315.5786,515,1,"Fixed Update",9.99999975e-05
6315.5815,515,1,"Spline Update",0.000500000024
6315.5834,515,1,"Compose",0.404100001
6315.5853,515,1,"Update Buffers (CPU)",0.0991000012
6315.9296,516,1,"RenderPath3D Update",0.1785
6315.9341,516,1,"Application Update",0.2052
6316.3068,516,1,"Application Render",0.3706
6316.7374,516,1,"Application Compose",0.3961
6322.6235,516,1,"SubmitCommandLists",5.8763
6322.6728,516,1,"Shadowmap packing",0.000199999995
6322.6764,516,1,"Render",0.370299995
6322.6784,516,1,"Procedural Animations",0.0013
6322.6809,516,1,"Script Components",0.000199999995
6322.6832,516,1,"CPU Frame",1.23989999
6322.6853,516,1,"Input",0.128800005
6322.6878,516,1,"GUI Update",0.0250000004
6322.6899,516,1,"Frustum Culling",0.0465000011
6322.6918,516,1,"Animations",9.99999975e-05
6322.6941,516,1,"Spring Dependencies",0.000300000014
6322.6963,516,1,"GUI Render",0.0705000013
6322.6983,516,1,"Physics",0.00630000001
6322.7002,516,1,"Update",0.204899997
6322.7023,516,1,"Fixed Update",0.00630000001
6322.7041,516,1,"Spline Update",0.000199999995
6322.706,516,1,"Compose",0.395599991
6322.7083,516,1,"Update Buffers (CPU)",0.0773999989
6323.0368,517,1,"RenderPath3D Update",0.1673
6323.0417,517,1,"Application Update",0.1958
6323.3883,517,1,"Application Render",0.3445
6323.8369,517,1,"Application Compose",0.4131
6329.5075,517,1,"SubmitCommandLists",5.6595
6329.6124,517,1,"Shadowmap packing",0.000300000014
6329.6175,517,1,"Render",0.344199985
6329.6206,517,1,"Procedural Animations",0.00120000006
6329.6239,517,1,"Script Components",9.99999975e-05
6329.6279,517,1,"CPU Frame",1.20109999
6329.6309,517,1,"Input",0.129700005
6329.6344,517,1,"GUI Update",0.0421999991
6329.6378,517,1,"Frustum Culling",0.0443000011
6329.6409,517,1,"Animations",9.99999975e-05
6329.6981,517,1,"Spring Dependencies",0.000199999995
6329.701,517,1,"GUI Render",0.0746999979
6329.7031,517,1,"Physics",0.00079999998
6329.705,517,1,"Update",0.195600003
6329.7071,517,1,"Fixed Update",0
6329.7091,517,1,"Spline Update",0.00039999999
6329.7111,517,1,"Compose",0.412200004
6329.7132,517,1,"Update Buffers (CPU)",0.0606000014
6330.0947,518,1,"RenderPath3D Update",0.1396
6330.1016,518,1,"Application Update",0.2124
6330.5098,518,1,"Application Render",0.4057
6330.9614,518,1,"Application Compose",0.4135
6336.3321,518,1,"SubmitCommandLists",5.3591
6336.3982,518,1,"Shadowmap packing",0.000199999995
6336.4017,518,1,"Render",0.405400008
6336.4039,518,1,"Procedural Animations",0.00109999999
6336.4069,518,1,"Script Components",0.000199999995
6336.4093,518,1,"CPU Frame",1.42820001
6336.4113,518,1,"Input",0.1646
6336.4141,518,1,"GUI Update",0.0331999995
6336.4165,518,1,"Frustum Culling",0.0527000017
6336.4185,518,1,"Animations",9.99999975e-05
6336.4207,518,1,"Spring Dependencies",0.000300000014
6336.4232,518,1,"GUI Render",0.0513999984
6336.4249,518,1,"Physics",0.00109999999
6336.4266,518,1,"Update",0.212099999
6336.4285,518,1,"Fixed Update",0
6336.4304,518,1,"Spline Update",0.000300000014
6336.4323,518,1,"Compose",0.413100004
6336.4343,518,1,"Update Buffers (CPU)",0.0850000009
6336.8966,519,1,"RenderPath3D Update",0.2283
6336.902,519,1,"Application Update",0.2577
6337.3548,519,1,"Application Render",0.4498
6337.781,519,1,"Application Compose",0.4025
6343.3369,519,1,"SubmitCommandLists",5.5452
6343.3919,519,1,"Shadowmap packing",0.000300000014
6343.395,519,1,"Render",0.449400008
6343.3971,519,1,"Procedural Animations",0.00150000001
6343.3994,519,1,"Script Components",9.99999975e-05
6343.4025,519,1,"CPU Frame",1.42910004
6343.4046,519,1,"Input",0.177100003
6343.4071,519,1,"GUI Update",0.0294000003
6343.4092,519,1,"Frustum Culling",0.0452000014
6343.4111,519,1,"Animations",0
6343.4132,519,1,"Spring Dependencies",0.000300000014
6343.4157,519,1,"GUI Render",0.063000001
6343.4175,519,1,"Physics",0.00620000018
6343.4194,519,1,"Update",0.257499993
6343.4211,519,1,"Fixed Update",0.00700000022
6343.423,519,1,"Spline Update",0.00100000005
6343.4249,519,1,"Compose",0.402200013
6343.4267,519,1,"Update Buffers (CPU)",0.150600001
6343.741,520,1,"RenderPath3D Update",0.1549
6343.7449,520,1,"Application Update",0.1824
6344.1508,520,1,"Application Render",0.4038
6344.589,520,1,"Application Compose",0.4071
6350.1878,520,1,"SubmitCommandLists",5.5887
6350.2546,520,1,"Shadowmap packing",0.000300000014
6350.2579,520,1,"Render",0.403499991
6350.2601,520,1,"Procedural Animations",0.0013
6350.2624,520,1,"Script Components",0.000199999995
6350.2656,520,1,"CPU Frame",1.23169994
6350.2674,520,1,"Input",0.128299996
6350.2706,520,1,"GUI Update",0.0219000001
6350.2725,520,1,"Frustum Culling",0.0577999987
6350.2747,520,1,"Animations",9.99999975e-05
6350.2771,520,1,"Spring Dependencies",0.000300000014
6350.2793,520,1,"GUI Render",0.0617000014
6350.2823,520,1,"Physics",0.00139999995
6350.2856,520,1,"Update",0.182099998
6350.2907,520,1,"Fixed Update",0
6350.2938,520,1,"Spline Update",0.000199999995
6350.2972,520,1,"Compose",0.406699985
6350.3001,520,1,"Update Buffers (CPU)",0.0992000028
6350.7029,521,1,"RenderPath3D Update",0.191
6350.7081,521,1,"Application Update",0.2511
6351.1018,521,1,"Application Render",0.3913
6351.5293,521,1,"Application Compose",0.4033
6357.0867,521,1,"SubmitCommandLists",5.5474
6357.1407,521,1,"Shadowmap packing",0.00039999999
6357.1439,521,1,"Render",0.391099989
6357.1462,521,1,"Procedural Animations",0.00120000006
6357.1485,521,1,"Script Components",9.99999975e-05
6357.1514,521,1,"CPU Frame",1.32340002
6357.1535,521,1,"Input",0.136800006
6357.1565,521,1,"GUI Update",0.0296
6357.1586,521,1,"Frustum Culling",0.0538000017
6357.1607,521,1,"Animations",9.99999975e-05
6357.1625,521,1,"Spring Dependencies",0.000300000014
6357.1649,521,1,"GUI Render",0.0494999997
6357.1666,521,1,"Physics",0.00510000018
6357.1686,521,1,"Update",0.25060001
6357.1707,521,1,"Fixed Update",0.0109999999
6357.1725,521,1,"Spline Update",0.000300000014
6357.2089,521,1,"Compose",0.402999997
6357.211,521,1,"Update Buffers (CPU)",0.101000004
6357.5278,522,1,"RenderPath3D Update",0.1633
6357.5322,522,1,"Application Update",0.1926
6357.8665,522,1,"Application Render",0.3323
6358.2981,522,1,"Application Compose",0.3996
6364.1418,522,1,"SubmitCommandLists",5.8335
6364.17,522,1,"Shadowmap packing",0.000300000014
6364.1732,522,1,"Render",0.331999987
6364.1752,522,1,"Procedural Animations",0.00139999995
6364.1775,522,1,"Script Components",0.000199999995
6364.18,522,1,"CPU Frame",1.19819999
6364.182,522,1,"Input",0.120499998
6364.1842,522,1,"GUI Update",0.0245999992
6364.1862,522,1,"Frustum Culling",0.0588999987
6364.1881,522,1,"Animations",9.99999975e-05
6364.1905,522,1,"Spring Dependencies",0.000199999995
6364.1926,522,1,"GUI Render",0.0476999991
6364.1945,522,1,"Physics",0.0013
6364.1963,522,1,"Update",0.192499995
6364.1982,522,1,"Fixed Update",0
6364.2001,522,1,"Spline Update",0.000199999995
6364.202,522,1,"Compose",0.399300009
6364.2039,522,1,"Update Buffers (CPU)",0.103500001
6364.5048,523,1,"RenderPath3D Update",0.1712
6364.5091,523,1,"Application Update",0.1942
6364.822,523,1,"Application Render",0.3108
6365.2726,523,1,"Application Compose",0.4116
6371.0409,523,1,"SubmitCommandLists",5.7596
6371.0867,523,1,"Shadowmap packing",0.000199999995
6371.0902,523,1,"Render",0.310600013
6371.0924,523,1,"Procedural Animations",0.000699999975
6371.095,523,1,"Script Components",9.99999975e-05
6371.0981,523,1,"CPU Frame",1.12549996
6371.1002,523,1,"Input",0.105999999
6371.103,523,1,"GUI Update",0.0192000009
6371.1051,523,1,"Frustum Culling",0.0577999987
6371.107,523,1,"Animations",9.99999975e-05
6371.1089,523,1,"Spring Dependencies",0.00529999984
6371.1112,523,1,"GUI Render",0.0505000018
6371.113,523,1,"Physics",0.000600000028
6371.1149,523,1,"Update",0.194100007
6371.1167,523,1,"Fixed Update",9.99999975e-05
6371.1185,523,1,"Spline Update",9.99999975e-05
6371.1203,523,1,"Compose",0.41139999
6371.1222,523,1,"Update Buffers (CPU)",0.0483999997
6371.5431,524,1,"RenderPath3D Update",0.2663
6371.5521,524,1,"Application Update",0.2954
6371.8941,524,1,"Application Render",0.3396
6372.3166,524,1,"Application Compose",0.3924
6378.0054,524,1,"SubmitCommandLists",5.6789
6378.0636,524,1,"Shadowmap packing",0.000300000014
6378.0672,524,1,"Render",0.339100003
6378.0692,524,1,"Procedural Animations",0.000899999985
6378.0718,524,1,"Script Components",0.000300000014
6378.0747,524,1,"CPU Frame",1.26479995
6378.0768,524,1,"Input",0.1228
6378.0792,524,1,"GUI Update",0.0225000009
6378.0812,524,1,"Frustum Culling",0.0571999997
6378.0832,524,1,"Animations",9.99999975e-05
6378.0859,524,1,"Spring Dependencies",0.000199999995
6378.0884,524,1,"GUI Render",0.0518000014
6378.0902,524,1,"Physics",0.00480000023
6378.092,524,1,"Update",0.29519999
6378.0941,524,1,"Fixed Update",0.00410000002
6378.0962,524,1,"Spline Update",0.000199999995
6378.098,524,1,"Compose",0.39199999
6378.1003,524,1,"Update Buffers (CPU)",0.0675999969
6378.5726,525,1,"RenderPath3D Update",0.2701
6378.5797,525,1,"Application Update",0.3432
6378.9572,525,1,"Application Render",0.3749
6379.3909,525,1,"Application Compose",0.4038
6384.9319,525,1,"SubmitCommandLists",5.5308
6384.9762,525,1,"Shadowmap packing",0.000300000014
6384.9798,525,1,"Render",0.374599993
6384.9819,525,1,"Procedural Animations",0.00150000001
6384.9841,525,1,"Script Components",9.99999975e-05
6384.9871,525,1,"CPU Frame",1.37039995
6384.9893,525,1,"Input",0.128399998
6384.9916,525,1,"GUI Update",0.0284000002
6384.9936,525,1,"Frustum Culling",0.0798999965
6384.9956,525,1,"Animations",0.000199999995
6384.9974,525,1,"Spring Dependencies",0.000199999995
6384.9995,525,1,"GUI Render",0.0522000007
6385.0013,525,1,"Physics",0.000699999975
6385.0031,525,1,"Update",0.342900008
6385.0049,525,1,"Fixed Update",9.99999975e-05
6385.0067,525,1,"Spline Update",0.000199999995
6385.0085,525,1,"Compose",0.403499991
6385.0104,525,1,"Update Buffers (CPU)",0.066399999
6385.3925,526,1,"RenderPath3D Update",0.2403
6385.402,526,1,"Application Update",0.2692
6385.7732,526,1,"Application Render",0.3685
6386.2204,526,1,"Application Compose",0.3944
6391.858,526,1,"SubmitCommandLists",5.6286
6391.8836,526,1,"Shadowmap packing",0.000199999995
6391.8864,526,1,"Render",0.368000001
6391.8883,526,1,"Procedural Animations",0.000899999985
6391.8909,526,1,"Script Components",9.99999975e-05
6391.8935,526,1,"CPU Frame",1.27880001
6391.8954,526,1,"Input",0.111100003
6391.8977,526,1,"GUI Update",0.0222999994
6391.8996,526,1,"Frustum Culling",0.0555000007
6391.9015,526,1,"Animations",9.99999975e-05
6391.9034,526,1,"Spring Dependencies",0.000199999995
6391.9055,526,1,"GUI Render",0.0427000001
6391.9073,526,1,"Physics",0.00439999998
6391.9092,526,1,"Update",0.268999994
6391.9111,526,1,"Fixed Update",0.00389999989
6391.9129,526,1,"Spline Update",0.000300000014
6391.9148,526,1,"Compose",0.394199997
6391.9166,526,1,"Update Buffers (CPU)",0.0590000004
6392.1561,527,1,"RenderPath3D Update",0.1289
6392.1608,527,1,"Application Update",0.1482
6392.4095,527,1,"Application Render",0.2451
6392.8289,527,1,"Application Compose",0.3916
6398.8047,527,1,"SubmitCommandLists",5.9664
6398.8352,527,1,"Shadowmap packing",9.99999975e-05
6398.8384,527,1,"Render",0.244900003
6398.8403,527,1,"Procedural Animations",0.000500000024
6398.8425,527,1,"Script Components",9.99999975e-05
6398.8447,527,1,"CPU Frame",0.967599988
6398.8465,527,1,"Input",0.0908999965
6398.849,527,1,"GUI Update",0.0176999997
6398.8511,527,1,"Frustum Culling",0.0430999994
6398.8529,527,1,"Animations",9.99999975e-05
6398.8547,527,1,"Spring Dependencies",9.99999975e-05
6398.8567,527,1,"GUI Render",0.0460000001
6398.8584,527,1,"Physics",0.000500000024
6398.8603,527,1,"Update",0.148000002
6398.8621,527,1,"Fixed Update",0
6398.864,527,1,"Spline Update",0.000199999995
6398.866,527,1,"Compose",0.391299993
6398.8677,527,1,"Update Buffers (CPU)",0.0337000005
6399.055,528,1,"RenderPath3D Update",0.0836
6399.0603,528,1,"Application Update",0.1001
6399.3071,528,1,"Application Render",0.2433
6399.7088,528,1,"Application Compose",0.3838
6405.7644,528,1,"SubmitCommandLists",6.0473
6405.7887,528,1,"Shadowmap packing",0.000199999995
6405.7914,528,1,"Render",0.243000001
6405.7933,528,1,"Procedural Animations",0.00039999999
6405.7955,528,1,"Script Components",9.99999975e-05
6405.7979,528,1,"CPU Frame",0.892499983
6405.7998,528,1,"Input",0.0857999995
6405.802,528,1,"GUI Update",0.0173000004
6405.8039,528,1,"Frustum Culling",0.0500999987
6405.8057,528,1,"Animations",9.99999975e-05
6405.8075,528,1,"Spring Dependencies",0.000199999995
6405.8095,528,1,"GUI Render",0.0439000018
6405.8114,528,1,"Physics",0.00410000002
6405.8132,528,1,"Update",0.0998999998
6405.815,528,1,"Fixed Update",0.00150000001
6405.8169,528,1,"Spline Update",0.000199999995
6405.8187,528,1,"Compose",0.383399993
6405.8206,528,1,"Update Buffers (CPU)",0.0399999991
6406.0407,529,1,"RenderPath3D Update",0.1198
6406.0458,529,1,"Application Update",0.1377
6406.3008,529,1,"Application Render",0.253
6406.6983,529,1,"Application Compose",0.3796
6412.6733,529,1,"SubmitCommandLists",5.9675
6412.6973,529,1,"Shadowmap packing",9.99999975e-05
6412.7005,529,1,"Render",0.252700001
6412.7025,529,1,"Procedural Animations",0.00039999999
6412.7049,529,1,"Script Components",0
6412.7072,529,1,"CPU Frame",0.928499997
6412.7091,529,1,"Input",0.0829000026
6412.7112,529,1,"GUI Update",0.0165999997
6412.7132,529,1,"Frustum Culling",0.0491000004
6412.715,529,1,"Animations",0
6412.7167,529,1,"Spring Dependencies",9.99999975e-05
6412.7188,529,1,"GUI Render",0.0560000017
6412.7206,529,1,"Physics",0.000600000028
6412.7225,529,1,"Update",0.137600005
6412.7243,529,1,"Fixed Update",0
6412.7259,529,1,"Spline Update",0.000199999995
6412.7278,529,1,"Compose",0.379400015
6412.7298,529,1,"Update Buffers (CPU)",0.0441999994
6412.9267,530,1,"RenderPath3D Update",0.083
6412.9308,530,1,"Application Update",0.1004
6413.1814,530,1,"Application Render",0.2485
6413.5944,530,1,"Application Compose",0.3869
6419.5644,530,1,"SubmitCommandLists",5.9608
6419.594,530,1,"Shadowmap packing",9.99999975e-05
6419.5978,530,1,"Render",0.248199999
6419.6002,530,1,"Procedural Animations",0.000500000024
6419.6237,530,1,"Script Components",9.99999975e-05
6419.6263,530,1,"CPU Frame",0.916999996
6419.6282,530,1,"Input",0.0962999985
6419.6304,530,1,"GUI Update",0.0177999996
6419.6324,530,1,"Frustum Culling",0.0392999984
6419.6344,530,1,"Animations",9.99999975e-05
6419.6363,530,1,"Spring Dependencies",9.99999975e-05
6419.6383,530,1,"GUI Render",0.0465999991
6419.6402,530,1,"Physics",0.000500000024
6419.642,530,1,"Update",0.100199997
6419.6438,530,1,"Fixed Update",9.99999975e-05
6419.6456,530,1,"Spline Update",0.000199999995
6419.6475,530,1,"Compose",0.386500001
6419.6493,530,1,"Update Buffers (CPU)",0.0524999984
6419.9235,531,1,"RenderPath3D Update",0.1527
6419.9282,531,1,"Application Update",0.1701
6420.2065,531,1,"Application Render",0.2748
6420.613,531,1,"Application Compose",0.3877
6426.5075,531,1,"SubmitCommandLists",5.8862
6426.5343,531,1,"Shadowmap packing",9.99999975e-05
6426.5375,531,1,"Render",0.274599999
6426.54,531,1,"Procedural Animations",0.000699999975
6426.5426,531,1,"Script Components",9.99999975e-05
6426.5449,531,1,"CPU Frame",1.0424
6426.5469,531,1,"Input",0.100900002
6426.5491,531,1,"GUI Update",0.0197999999
6426.5513,531,1,"Frustum Culling",0.0590999983
6426.5534,531,1,"Animations",9.99999975e-05
6426.5551,531,1,"Spring Dependencies",0.000199999995
6426.5572,531,1,"GUI Render",0.0408000015
6426.5591,531,1,"Physics",0.00439999998
6426.561,531,1,"Update",0.169799998
6426.5629,531,1,"Fixed Update",0.00230000005
6426.5648,531,1,"Spline Update",0.000199999995
6426.5666,531,1,"Compose",0.387400001
6426.5685,531,1,"Update Buffers (CPU)",0.0408000015
6426.8124,532,1,"RenderPath3D Update",0.1333
6426.8169,532,1,"Application Update",0.1512
6427.1102,532,1,"Application Render",0.2896
6427.5154,532,1,"Application Compose",0.3858
6433.4334,532,1,"SubmitCommandLists",5.9093
6433.4594,532,1,"Shadowmap packing",9.99999975e-05
6433.4623,532,1,"Render",0.289400011
6433.4644,532,1,"Procedural Animations",0.000699999975
6433.4667,532,1,"Script Components",9.99999975e-05
6433.469,532,1,"CPU Frame",1.00300002
6433.471,532,1,"Input",0.0922999978
6433.4732,532,1,"GUI Update",0.0190999992
6433.4752,532,1,"Frustum Culling",0.0500000007
6433.477,532,1,"Animations",9.99999975e-05
6433.4788,532,1,"Spring Dependencies",0.000199999995
6433.4809,532,1,"GUI Render",0.0370000005
6433.4826,532,1,"Physics",0.000699999975
6433.4845,532,1,"Update",0.150999993
6433.4862,532,1,"Fixed Update",9.99999975e-05
6433.488,532,1,"Spline Update",0.000199999995
6433.4898,532,1,"Compose",0.385600001
6433.4916,532,1,"Update Buffers (CPU)",0.0498999991
6433.7287,533,1,"RenderPath3D Update",0.1326
6433.7323,533,1,"Application Update",0.147
6434.0046,533,1,"Application Render",0.2702
6434.4024,533,1,"Application Compose",0.3797
6440.3729,533,1,"SubmitCommandLists",5.9622
6440.4012,533,1,"Shadowmap packing",0.000199999995
6440.4038,533,1,"Render",0.269899994
6440.4058,533,1,"Procedural Animations",0.000500000024
6440.4079,533,1,"Script Components",9.99999975e-05
6440.4103,533,1,"CPU Frame",0.963800013
6440.4121,533,1,"Input",0.0872000009
6440.4142,533,1,"GUI Update",0.0165999997
6440.4161,533,1,"Frustum Culling",0.0531000011
6440.4179,533,1,"Animations",9.99999975e-05
6440.4197,533,1,"Spring Dependencies",0.000199999995
6440.4217,533,1,"GUI Render",0.0392999984
6440.4234,533,1,"Physics",0.00350000011
6440.4253,533,1,"Update",0.146699995
6440.427,533,1,"Fixed Update",0.00219999999
6440.4289,533,1,"Spline Update",0.000199999995
6440.4308,533,1,"Compose",0.379299998
6440.4327,533,1,"Update Buffers (CPU)",0.0333000012
6440.6721,534,1,"RenderPath3D Update",0.1438
6440.6758,534,1,"Application Update",0.1592
6440.9225,534,1,"Application Render",0.2447
6441.3197,534,1,"Application Compose",0.3784
6447.3519,534,1,"SubmitCommandLists",6.0243
6447.3839,534,1,"Shadowmap packing",0.000199999995
6447.3866,534,1,"Render",0.244499996
6447.3884,534,1,"Procedural Animations",0.00039999999
6447.3905,534,1,"Script Components",9.99999975e-05
6447.3929,534,1,"CPU Frame",0.937099993
6447.3948,534,1,"Input",0.0798000023
6447.3968,534,1,"GUI Update",0.0163000003
6447.3986,534,1,"Frustum Culling",0.0417999998
6447.4248,534,1,"Animations",9.99999975e-05
6447.4267,534,1,"Spring Dependencies",9.99999975e-05
6447.4288,534,1,"GUI Render",0.0423999988
6447.4305,534,1,"Physics",0.000300000014
6447.4323,534,1,"Update",0.158899993
6447.4339,534,1,"Fixed Update",9.99999975e-05
6447.4357,534,1,"Spline Update",9.99999975e-05
6447.4375,534,1,"Compose",0.378199995
6447.4393,534,1,"Update Buffers (CPU)",0.0406999998
6447.6725,535,1,"RenderPath3D Update",0.1283
6447.6765,535,1,"Application Update",0.1441
6447.9419,535,1,"Application Render",0.2632
6448.3594,535,1,"Application Compose",0.3887
6454.2671,535,1,"SubmitCommandLists",5.8988
6454.2913,535,1,"Shadowmap packing",9.99999975e-05
6454.2942,535,1,"Render",0.263000011
6454.2963,535,1,"Procedural Animations",0.00039999999
6454.2986,535,1,"Script Components",0
6454.3009,535,1,"CPU Frame",0.993499994
6454.3027,535,1,"Input",0.0890000015
6454.3047,535,1,"GUI Update",0.0165999997
6454.3066,535,1,"Frustum Culling",0.0461000018
6454.3084,535,1,"Animations",9.99999975e-05
6454.3103,535,1,"Spring Dependencies",9.99999975e-05
6454.3123,535,1,"GUI Render",0.0568000004
6454.314,535,1,"Physics",0.00039999999
6454.316,535,1,"Update",0.143800005
6454.3178,535,1,"Fixed Update",0
6454.3195,535,1,"Spline Update",9.99999975e-05
6454.3213,535,1,"Compose",0.388399988
6454.323,535,1,"Update Buffers (CPU)",0.0406000018
6454.5608,536,1,"RenderPath3D Update",0.1364
6454.5644,536,1,"Application Update",0.151
6454.797,536,1,"Application Render",0.2305
6455.204,536,1,"Application Compose",0.3838
6461.2103,536,1,"SubmitCommandLists",5.9978
6461.2345,536,1,"Shadowmap packing",9.99999975e-05
6461.2375,536,1,"Render",0.230299994
6461.2395,536,1,"Procedural Animations",0.000500000024
6461.2419,536,1,"Script Components",0
6461.244,536,1,"CPU Frame",0.930899978
6461.2459,536,1,"Input",0.0843999982
6461.2479,536,1,"GUI Update",0.0162000004
6461.2497,536,1,"Frustum Culling",0.0381999984
6461.2515,536,1,"Animations",9.99999975e-05
6461.2532,536,1,"Spring Dependencies",0.000199999995
6461.2552,536,1,"GUI Render",0.0502999984
6461.2569,536,1,"Physics",0.00430000015
6461.2587,536,1,"Update",0.150900006
6461.2603,536,1,"Fixed Update",0.00179999997
6461.2621,536,1,"Spline Update",9.99999975e-05
6461.2639,536,1,"Compose",0.38350001
6461.2657,536,1,"Update Buffers (CPU)",0.0370999984
6461.4842,537,1,"RenderPath3D Update",0.1192
6461.489,537,1,"Application Update",0.1376
6461.7988,537,1,"Application Render",0.3072
6462.2459,537,1,"Application Compose",0.4036
6468.2454,537,1,"SubmitCommandLists",5.9904
6468.2727,537,1,"Shadowmap packing",0.000199999995
6468.2759,537,1,"Render",0.306899995
6468.278,537,1,"Procedural Animations",0.00079999998
6468.2804,537,1,"Script Components",0
6468.2828,537,1,"CPU Frame",1.0323
6468.2849,537,1,"Input",0.0813999996
6468.2872,537,1,"GUI Update",0.0171000008
6468.289,537,1,"Frustum Culling",0.0471000001
6468.2909,537,1,"Animations",9.99999975e-05
6468.2931,537,1,"Spring Dependencies",0.000199999995
6468.2953,537,1,"GUI Render",0.0654999986
6468.2971,537,1,"Physics",0.000500000024
6468.2989,537,1,"Update",0.137500003
6468.3007,537,1,"Fixed Update",9.99999975e-05
6468.3025,537,1,"Spline Update",0.000199999995
6468.3044,537,1,"Compose",0.403200001
6468.3063,537,1,"Update Buffers (CPU)",0.0472999997
6468.5702,538,1,"RenderPath3D Update",0.1514
6468.5743,538,1,"Application Update",0.1679
6468.8133,538,1,"Application Render",0.237
6469.2136,538,1,"Application Compose",0.3812
6475.0947,538,1,"SubmitCommandLists",5.873
6475.1162,538,1,"Shadowmap packing",0.000199999995
6475.1192,538,1,"Render",0.2368
6475.1212,538,1,"Procedural Animations",0.000600000028
6475.1233,538,1,"Script Components",9.99999975e-05
6475.1257,538,1,"CPU Frame",0.962700009
6475.1276,538,1,"Input",0.0932999998
6475.1297,538,1,"GUI Update",0.0186000001
6475.1316,538,1,"Frustum Culling",0.0395999998
6475.1335,538,1,"Animations",9.99999975e-05
6475.1354,538,1,"Spring Dependencies",9.99999975e-05
6475.1374,538,1,"GUI Render",0.0436999984
6475.1392,538,1,"Physics",0.0046000001
6475.1409,538,1,"Update",0.167799994
6475.1427,538,1,"Fixed Update",0.00219999999
6475.2449,538,1,"Spline Update",0.000300000014
6475.247,538,1,"Compose",0.380899996
6475.249,538,1,"Update Buffers (CPU)",0.0458000004
6475.4876,539,1,"RenderPath3D Update",0.105
6475.4928,539,1,"Application Update",0.1228
6475.7996,539,1,"Application Render",0.3036
6476.2449,539,1,"Application Compose",0.4056
6482.068,539,1,"SubmitCommandLists",5.8148
6482.118,539,1,"Shadowmap packing",0.000199999995
6482.1209,539,1,"Render",0.303299993
6482.1233,539,1,"Procedural Animations",0.00039999999
6482.1255,539,1,"Script Components",0
6482.1282,539,1,"CPU Frame",1.14709997
6482.1302,539,1,"Input",0.116700001
6482.1331,539,1,"GUI Update",0.0165999997
6482.1351,539,1,"Frustum Culling",0.0372000001
6482.1371,539,1,"Animations",9.99999975e-05
6482.1393,539,1,"Spring Dependencies",0.000199999995
6482.1415,539,1,"GUI Render",0.0540000014
6482.1432,539,1,"Physics",0.000600000028
6482.1451,539,1,"Update",0.122599997
6482.1469,539,1,"Fixed Update",9.99999975e-05
6482.1488,539,1,"Spline Update",9.99999975e-05
6482.1506,539,1,"Compose",0.405299991
6482.1527,539,1,"Update Buffers (CPU)",0.0737999976
6482.433,540,1,"RenderPath3D Update",0.1508
6482.4381,540,1,"Application Update",0.1722
6482.7537,540,1,"Application Render",0.3125
6483.1865,540,1,"Application Compose",0.3985
6489.1249,540,1,"SubmitCommandLists",5.9285
6489.1541,540,1,"Shadowmap packing",0.000199999995
6489.1575,540,1,"Render",0.31220001
6489.1596,540,1,"Procedural Animations",0.000899999985
6489.162,540,1,"Script Components",0.000199999995
6489.1643,540,1,"CPU Frame",1.10189998
6489.1661,540,1,"Input",0.104000002
6489.1684,540,1,"GUI Update",0.0214000009
6489.1703,540,1,"Frustum Culling",0.0399999991
6489.1721,540,1,"Animations",9.99999975e-05
6489.1742,540,1,"Spring Dependencies",0.000199999995
6489.1763,540,1,"GUI Render",0.055399999
6489.1782,540,1,"Physics",0.00419999985
6489.1801,540,1,"Update",0.172000006
6489.1819,540,1,"Fixed Update",0.0037
6489.1837,540,1,"Spline Update",0.000600000028
6489.1856,540,1,"Compose",0.398099989
6489.1875,540,1,"Update Buffers (CPU)",0.0562000014
6489.4656,541,1,"RenderPath3D Update",0.1556
6489.4695,541,1,"Application Update",0.176
6489.7345,541,1,"Application Render",0.2627
6490.1521,541,1,"Application Compose",0.3798
6496.1643,541,1,"SubmitCommandLists",6.0022
6496.2474,541,1,"Shadowmap packing",0.000199999995
6496.2509,541,1,"Render",0.262400001
6496.2537,541,1,"Procedural Animations",0.000500000024
6496.2567,541,1,"Script Components",9.99999975e-05
6496.2629,541,1,"CPU Frame",1.02160001
6496.2649,541,1,"Input",0.101000004
6496.2819,541,1,"GUI Update",0.0192000009
6496.2846,541,1,"Frustum Culling",0.0421999991
6496.287,541,1,"Animations",0
6496.2892,541,1,"Spring Dependencies",9.99999975e-05
6496.2917,541,1,"GUI Render",0.0375000015
6496.2934,541,1,"Physics",0.00109999999
6496.2958,541,1,"Update",0.175899997
6496.2975,541,1,"Fixed Update",0
6496.2991,541,1,"Spline Update",0.000300000014
6496.3011,541,1,"Compose",0.379400015
6496.3033,541,1,"Update Buffers (CPU)",0.0518999994
6496.8002,542,1,"RenderPath3D Update",0.2586
6496.8098,542,1,"Application Update",0.3101
6497.5461,542,1,"Application Render",0.7339
6498.0437,542,1,"Application Compose",0.4515
6502.8923,542,1,"SubmitCommandLists",4.8345
6502.9245,542,1,"Shadowmap packing",0.000199999995
6502.9414,542,1,"Render",0.73360002
6502.9433,542,1,"Procedural Animations",0.00270000007
6502.9455,542,1,"Script Components",0.000500000024
6502.9478,542,1,"CPU Frame",1.85780001
6502.9498,542,1,"Input",0.180700004
6502.9518,542,1,"GUI Update",0.0337999985
6502.9538,542,1,"Frustum Culling",0.0722000003
6502.9557,542,1,"Animations",9.99999975e-05
6502.9578,542,1,"Spring Dependencies",0.000199999995
6502.9598,542,1,"GUI Render",0.0732999966
6502.9616,542,1,"Physics",0.00159999996
6502.9634,542,1,"Update",0.309700012
6502.9651,542,1,"Fixed Update",9.99999975e-05
6502.9669,542,1,"Spline Update",0.000699999975
6502.9689,542,1,"Compose",0.451200008
6502.9707,542,1,"Update Buffers (CPU)",0.1505
6503.5095,543,1,"RenderPath3D Update",0.3435
6503.5198,543,1,"Application Update",0.4199
6503.8672,543,1,"Application Render",0.3136
6504.2811,543,1,"Application Compose",0.3924
6509.883,543,1,"SubmitCommandLists",5.5925
6509.946,543,1,"Shadowmap packing",9.99999975e-05
6509.9503,543,1,"Render",0.312999994
6509.9532,543,1,"Procedural Animations",0.00079999998
6509.9557,543,1,"Script Components",0.000199999995
6509.9583,543,1,"CPU Frame",1.3822
6509.9604,543,1,"Input",0.116400003
6509.9627,543,1,"GUI Update",0.0197999999
6509.9648,543,1,"Frustum Culling",0.0900999978
6509.9669,543,1,"Animations",9.99999975e-05
6509.9688,543,1,"Spring Dependencies",9.99999975e-05
6509.9709,543,1,"GUI Render",0.0443000011
6509.9726,543,1,"Physics",0.00499999989
6509.9746,543,1,"Update",0.41960001
6509.9768,543,1,"Fixed Update",0.00540000014
6509.9787,543,1,"Spline Update",0.000199999995
6509.9805,543,1,"Compose",0.39230001
6509.9828,543,1,"Update Buffers (CPU)",0.0474999994
6510.3521,544,1,"RenderPath3D Update",0.2086
6510.3616,544,1,"Application Update",0.244
6510.7565,544,1,"Application Render",0.3922
6511.1833,544,1,"Application Compose",0.3983
6516.7452,544,1,"SubmitCommandLists",5.5517
6516.7793,544,1,"Shadowmap packing",0.000199999995
6516.7823,544,1,"Render",0.391900003
6516.7842,544,1,"Procedural Animations",0.00120000006
6516.7864,544,1,"Script Components",9.99999975e-05
6516.7889,544,1,"CPU Frame",1.28129995
6516.7907,544,1,"Input",0.126100004
6516.793,544,1,"GUI Update",0.0265999995
6516.7952,544,1,"Frustum Culling",0.108099997
6516.797,544,1,"Animations",9.99999975e-05
6516.7988,544,1,"Spring Dependencies",0.000199999995
6516.8008,544,1,"GUI Render",0.071800001
6516.8027,544,1,"Physics",0.00109999999
6516.8046,544,1,"Update",0.243699998
6516.8064,544,1,"Fixed Update",9.99999975e-05
6516.8081,544,1,"Spline Update",0.000199999995
6516.8099,544,1,"Compose",0.398000002
6516.8118,544,1,"Update Buffers (CPU)",0.0732000023
6517.145,545,1,"RenderPath3D Update",0.213
6517.1534,545,1,"Application Update",0.2349
6517.4958,545,1,"Application Render",0.3399
6517.9194,545,1,"Application Compose",0.3949
6523.7445,545,1,"SubmitCommandLists",5.8155
6523.7688,545,1,"Shadowmap packing",0.000300000014
6523.7722,545,1,"Render",0.339599997
6523.7744,545,1,"Procedural Animations",0.00079999998
6523.7769,545,1,"Script Components",9.99999975e-05
6523.78,545,1,"CPU Frame",1.16100001
6523.7819,545,1,"Input",0.100100003
6523.7841,545,1,"GUI Update",0.0184000004
6523.7862,545,1,"Frustum Culling",0.0878999978
6523.7881,545,1,"Animations",9.99999975e-05
6523.7899,545,1,"Spring Dependencies",0.000300000014
6523.792,545,1,"GUI Render",0.0529999994
6523.7938,545,1,"Physics",0.0046000001
6523.7956,545,1,"Update",0.234699994
6523.7973,545,1,"Fixed Update",0.00139999995
6523.7992,545,1,"Spline Update",9.99999975e-05
6523.801,545,1,"Compose",0.394699991
6523.8028,545,1,"Update Buffers (CPU)",0.0524000004
6524.1397,546,1,"RenderPath3D Update",0.2141
6524.1443,546,1,"Application Update",0.2338
6524.439,546,1,"Application Render",0.2924
6524.8463,546,1,"Application Compose",0.3877
6530.701,546,1,"SubmitCommandLists",5.8453
6530.7259,546,1,"Shadowmap packing",0.000300000014
6530.7287,546,1,"Render",0.292199999
6530.7306,546,1,"Procedural Animations",0.000500000024
6530.7326,546,1,"Script Components",9.99999975e-05
6530.735,546,1,"CPU Frame",1.09710002
6530.7369,546,1,"Input",0.103200004
6530.7389,546,1,"GUI Update",0.0181000009
6530.7407,546,1,"Frustum Culling",0.0649000034
6530.7425,546,1,"Animations",9.99999975e-05
6530.7443,546,1,"Spring Dependencies",0.000199999995
6530.7463,546,1,"GUI Render",0.0419999994
6530.748,546,1,"Physics",0.000300000014
6530.7498,546,1,"Update",0.233600006
6530.7515,546,1,"Fixed Update",9.99999975e-05
6530.7533,546,1,"Spline Update",0.000199999995
6530.7551,546,1,"Compose",0.387499988
6530.757,546,1,"Update Buffers (CPU)",0.0368999988
6530.9405,547,1,"RenderPath3D Update",0.0792
6530.9442,547,1,"Application Update",0.0956
6531.1512,547,1,"Application Render",0.205
6531.5462,547,1,"Application Compose",0.378
6537.5789,547,1,"SubmitCommandLists",6.0256
6537.6006,547,1,"Shadowmap packing",9.99999975e-05
6537.6034,547,1,"Render",0.204799995
6537.6352,547,1,"Procedural Animations",0.000500000024
6537.6374,547,1,"Script Components",9.99999975e-05
6537.6396,547,1,"CPU Frame",0.838800013
6537.6416,547,1,"Input",0.0870999992
6537.6436,547,1,"GUI Update",0.0177999996
6537.6454,547,1,"Frustum Culling",0.0122999996
6537.6473,547,1,"Animations",9.99999975e-05
6537.649,547,1,"Spring Dependencies",0.000199999995
6537.6511,547,1,"GUI Render",0.0410000011
6537.653,547,1,"Physics",0.000500000024
6537.6547,547,1,"Update",0.0952999964
6537.6564,547,1,"Fixed Update",0
6537.6582,547,1,"Spline Update",9.99999975e-05
6537.6602,547,1,"Compose",0.377799988
6537.662,547,1,"Update Buffers (CPU)",0.0483000018
6537.8341,548,1,"RenderPath3D Update",0.0642
6537.8375,548,1,"Application Update",0.0783
6538.0666,548,1,"Application Render",0.2271
6538.4634,548,1,"Application Compose",0.3788
6544.5323,548,1,"SubmitCommandLists",6.0616
6544.5559,548,1,"Shadowmap packing",9.99999975e-05
6544.5591,548,1,"Render",0.226899996
6544.5611,548,1,"Procedural Animations",0.00039999999
6544.5635,548,1,"Script Components",9.99999975e-05
6544.5659,548,1,"CPU Frame",0.881200016
6544.5678,548,1,"Input",0.0912000015
6544.57,548,1,"GUI Update",0.0164000001
6544.5723,548,1,"Frustum Culling",0.0318999998
6544.5741,548,1,"Animations",9.99999975e-05
6544.5759,548,1,"Spring Dependencies",0.00079999998
6544.5779,548,1,"GUI Render",0.0416000001
6544.5797,548,1,"Physics",0.00439999998
6544.5815,548,1,"Update",0.0781000033
6544.5832,548,1,"Fixed Update",0.00150000001
6544.5851,548,1,"Spline Update",0.000199999995
6544.5871,548,1,"Compose",0.378600001
6544.589,548,1,"Update Buffers (CPU)",0.0337000005
6544.8355,549,1,"RenderPath3D Update",0.1269
6544.8398,549,1,"Application Update",0.1431
6545.1057,549,1,"Application Render",0.2637
6545.5181,549,1,"Application Compose",0.3941
6551.5149,549,1,"SubmitCommandLists",5.9888
6551.5408,549,1,"Shadowmap packing",0.000199999995
6551.5438,549,1,"Render",0.263599992
6551.5457,549,1,"Procedural Animations",0.00039999999
6551.5479,549,1,"Script Components",9.99999975e-05
6551.5504,549,1,"CPU Frame",0.98150003
6551.5523,549,1,"Input",0.103399999
6551.5544,549,1,"GUI Update",0.0171000008
6551.5564,549,1,"Frustum Culling",0.0373000018
6551.5583,549,1,"Animations",0
6551.5601,549,1,"Spring Dependencies",9.99999975e-05
6551.5623,549,1,"GUI Render",0.0408999994
6551.564,549,1,"Physics",0.000500000024
6551.5661,549,1,"Update",0.142900005
6551.5679,549,1,"Fixed Update",9.99999975e-05
6551.5697,549,1,"Spline Update",0.000199999995
6551.5716,549,1,"Compose",0.393900007
6551.5734,549,1,"Update Buffers (CPU)",0.0472999997
6551.7584,550,1,"RenderPath3D Update",0.0775
6551.7633,550,1,"Application Update",0.0936
6552.023,550,1,"Application Render",0.2562
6552.4258,550,1,"Application Compose",0.3834
6558.3983,550,1,"SubmitCommandLists",5.9641
6558.4198,550,1,"Shadowmap packing",0.000199999995
6558.4224,550,1,"Render",0.256000012
6558.4243,550,1,"Procedural Animations",0.000500000024
6558.4263,550,1,"Script Components",0
6558.4286,550,1,"CPU Frame",0.906000018
6558.4304,550,1,"Input",0.0901999995
6558.4324,550,1,"GUI Update",0.0181000009
6558.4343,550,1,"Frustum Culling",0.0507000014
6558.4361,550,1,"Animations",9.99999975e-05
6558.4381,550,1,"Spring Dependencies",9.99999975e-05
6558.4402,550,1,"GUI Render",0.0408000015
6558.442,550,1,"Physics",0.00380000006
6558.4439,550,1,"Update",0.0932999998
6558.4457,550,1,"Fixed Update",0.00190000003
6558.4475,550,1,"Spline Update",0.000199999995
6558.4494,550,1,"Compose",0.38319999
6558.4512,550,1,"Update Buffers (CPU)",0.0292000007
6558.6851,551,1,"RenderPath3D Update",0.1359
6558.6889,551,1,"Application Update",0.1508
6558.9416,551,1,"Application Render",0.2506
6559.3394,551,1,"Application Compose",0.3799
6565.3594,551,1,"SubmitCommandLists",6.0124
6565.3842,551,1,"Shadowmap packing",9.99999975e-05
6565.3873,551,1,"Render",0.25029999
6565.3893,551,1,"Procedural Animations",0.00039999999
6565.3917,551,1,"Script Components",0
6565.3939,551,1,"CPU Frame",0.937399983
6565.3959,551,1,"Input",0.0826999992
6565.398,551,1,"GUI Update",0.0163000003
6565.4286,551,1,"Frustum Culling",0.0557000004
6565.4306,551,1,"Animations",9.99999975e-05
6565.4325,551,1,"Spring Dependencies",9.99999975e-05
6565.4346,551,1,"GUI Render",0.0417999998
6565.4363,551,1,"Physics",0.000300000014
6565.4382,551,1,"Update",0.150600001
6565.44,551,1,"Fixed Update",9.99999975e-05
6565.4419,551,1,"Spline Update",0.000199999995
6565.4438,551,1,"Compose",0.379599988
6565.4457,551,1,"Update Buffers (CPU)",0.0421000011
6565.6372,552,1,"RenderPath3D Update",0.0846
6565.6412,552,1,"Application Update",0.1002
6565.8789,552,1,"Application Render",0.235
6566.2808,552,1,"Application Compose",0.3824
6572.3157,552,1,"SubmitCommandLists",6.0266
6572.3407,552,1,"Shadowmap packing",9.99999975e-05
6572.3443,552,1,"Render",0.234699994
6572.3463,552,1,"Procedural Animations",0.00039999999
6572.3486,552,1,"Script Components",0
6572.351,552,1,"CPU Frame",0.916800022
6572.3529,552,1,"Input",0.0890000015
6572.355,552,1,"GUI Update",0.0176999997
6572.3569,552,1,"Frustum Culling",0.0399000011
6572.3587,552,1,"Animations",9.99999975e-05
6572.3606,552,1,"Spring Dependencies",9.99999975e-05
6572.3625,552,1,"GUI Render",0.0443000011
6572.3642,552,1,"Physics",0.0037
6572.366,552,1,"Update",0.100000001
6572.3679,552,1,"Fixed Update",0.00179999997
6572.3698,552,1,"Spline Update",9.99999975e-05
6572.3716,552,1,"Compose",0.382200003
6572.3735,552,1,"Update Buffers (CPU)",0.0373999998
6572.6102,553,1,"RenderPath3D Update",0.1245
6572.6156,553,1,"Application Update",0.1418
6572.8901,553,1,"Application Render",0.2712
6573.3052,553,1,"Application Compose",0.3853
6579.2373,553,1,"SubmitCommandLists",5.9235
6579.2606,553,1,"Shadowmap packing",0.000199999995
6579.2636,553,1,"Render",0.270900011
6579.2657,553,1,"Procedural Animations",0.00039999999
6579.2678,553,1,"Script Components",9.99999975e-05
6579.2703,553,1,"CPU Frame",0.984899998
6579.2722,553,1,"Input",0.0952000022
6579.2742,553,1,"GUI Update",0.0175999999
6579.276,553,1,"Frustum Culling",0.0518000014
6579.278,553,1,"Animations",0
6579.2799,553,1,"Spring Dependencies",9.99999975e-05
6579.2819,553,1,"GUI Render",0.0384000018
6579.2837,553,1,"Physics",0.00039999999
6579.2855,553,1,"Update",0.1417
6579.2873,553,1,"Fixed Update",0
6579.289,553,1,"Spline Update",0.000199999995
6579.2909,553,1,"Compose",0.384799987
6579.2928,553,1,"Update Buffers (CPU)",0.0441000015
6579.531,554,1,"RenderPath3D Update",0.1291
6579.5359,554,1,"Application Update",0.1468
6579.7969,554,1,"Application Render",0.2575
6580.2001,554,1,"Application Compose",0.3839
6586.2145,554,1,"SubmitCommandLists",6.0065
6586.2374,554,1,"Shadowmap packing",9.99999975e-05
6586.2405,554,1,"Render",0.257200003
6586.2425,554,1,"Procedural Animations",0.000500000024
6586.2448,554,1,"Script Components",9.99999975e-05
6586.2471,554,1,"CPU Frame",0.958899975
6586.2489,554,1,"Input",0.0914999992
6586.2509,554,1,"GUI Update",0.0174000002
6586.2529,554,1,"Frustum Culling",0.0344999991
6586.2548,554,1,"Animations",9.99999975e-05
6586.2566,554,1,"Spring Dependencies",9.99999975e-05
6586.2586,554,1,"GUI Render",0.0480999984
6586.2603,554,1,"Physics",0.000600000028
6586.2622,554,1,"Update",0.146500006
6586.264,554,1,"Fixed Update",0
6586.266,554,1,"Spline Update",0.000199999995
6586.268,554,1,"Compose",0.383700013
6586.2699,554,1,"Update Buffers (CPU)",0.0331000015
6586.5063,555,1,"RenderPath3D Update",0.1334
6586.5109,555,1,"Application Update",0.1493
6586.7547,555,1,"Application Render",0.2403
6587.1539,555,1,"Application Compose",0.3833
6593.2376,555,1,"SubmitCommandLists",6.0763
6593.2627,555,1,"Shadowmap packing",0.000199999995
6593.2662,555,1,"Render",0.240099996
6593.2682,555,1,"Procedural Animations",0.00039999999
6593.2704,555,1,"Script Components",9.99999975e-05
6593.2731,555,1,"CPU Frame",0.935299993
6593.2751,555,1,"Input",0.0859000012
6593.2775,555,1,"GUI Update",0.0170000009
6593.2794,555,1,"Frustum Culling",0.0419999994
6593.2813,555,1,"Animations",0
6593.2832,555,1,"Spring Dependencies",9.99999975e-05
6593.2852,555,1,"GUI Render",0.063699998
6593.2871,555,1,"Physics",0.00340000005
6593.2889,555,1,"Update",0.149200007
6593.3224,555,1,"Fixed Update",0.00159999996
6593.3244,555,1,"Spline Update",0.000199999995
6593.3264,555,1,"Compose",0.383100003
6593.3282,555,1,"Update Buffers (CPU)",0.0335000008
6593.5733,556,1,"RenderPath3D Update",0.1393
6593.5775,556,1,"Application Update",0.1565
6593.8286,556,1,"Application Render",0.2491
6594.2972,556,1,"Application Compose",0.44
6600.0911,556,1,"SubmitCommandLists",5.7826
6600.1274,556,1,"Shadowmap packing",0.000199999995
6600.1303,556,1,"Render",0.248899996
6600.1323,556,1,"Procedural Animations",0.00039999999
6600.1345,556,1,"Script Components",9.99999975e-05
6600.1369,556,1,"CPU Frame",1.05770004
6600.1388,556,1,"Input",0.0877000019
6600.1409,556,1,"GUI Update",0.0174000002
6600.1427,556,1,"Frustum Culling",0.0388999991
6600.1444,556,1,"Animations",9.99999975e-05
6600.1462,556,1,"Spring Dependencies",9.99999975e-05
6600.1482,556,1,"GUI Render",0.0390000008
6600.1499,556,1,"Physics",0.000500000024
6600.1517,556,1,"Update",0.156299993
6600.1534,556,1,"Fixed Update",9.99999975e-05
6600.1551,556,1,"Spline Update",0.000300000014
6600.1569,556,1,"Compose",0.439500004
6600.1587,556,1,"Update Buffers (CPU)",0.0445999987
6600.437,557,1,"RenderPath3D Update",0.1716
6600.4415,557,1,"Application Update",0.1874
6600.7163,557,1,"Application Render",0.2715
6601.1219,557,1,"Application Compose",0.3881
6607.039,557,1,"SubmitCommandLists",5.9095
6607.0655,557,1,"Shadowmap packing",9.99999975e-05
6607.0686,557,1,"Render",0.271200001
6607.0705,557,1,"Procedural Animations",0.000500000024
6607.0729,557,1,"Script Components",0
6607.0751,557,1,"CPU Frame",1.02760005
6607.0771,557,1,"Input",0.0895000026
6607.0792,557,1,"GUI Update",0.0211999994
6607.081,557,1,"Frustum Culling",0.053199999
6607.083,557,1,"Animations",0
6607.0847,557,1,"Spring Dependencies",9.99999975e-05
6607.0867,557,1,"GUI Render",0.0419999994
6607.0885,557,1,"Physics",0.00270000007
6607.0903,557,1,"Update",0.187199995
6607.092,557,1,"Fixed Update",0.00159999996
6607.0938,557,1,"Spline Update",9.99999975e-05
6607.0956,557,1,"Compose",0.387800008
6607.0973,557,1,"Update Buffers (CPU)",0.0649000034
6607.3415,558,1,"RenderPath3D Update",0.1321
6607.346,558,1,"Application Update",0.1481
6607.5981,558,1,"Application Render",0.25
6608.0226,558,1,"Application Compose",0.3895
6614.0068,558,1,"SubmitCommandLists",5.9767
6614.0308,558,1,"Shadowmap packing",9.99999975e-05
6614.0342,558,1,"Render",0.249699995
6614.0364,558,1,"Procedural Animations",0.00039999999
6614.0389,558,1,"Script Components",9.99999975e-05
6614.0413,558,1,"CPU Frame",0.9745
6614.0431,558,1,"Input",0.0964000002
6614.0453,558,1,"GUI Update",0.0164999999
6614.0471,558,1,"Frustum Culling",0.0390000008
6614.049,558,1,"Animations",9.99999975e-05
6614.0509,558,1,"Spring Dependencies",9.99999975e-05
6614.0529,558,1,"GUI Render",0.0513000004
6614.0547,558,1,"Physics",0.000300000014
6614.0566,558,1,"Update",0.147799999
6614.0584,558,1,"Fixed Update",0
6614.0603,558,1,"Spline Update",0.000199999995
6614.0622,558,1,"Compose",0.389200002
6614.0641,558,1,"Update Buffers (CPU)",0.0483000018
6614.3054,559,1,"RenderPath3D Update",0.1322
6614.3106,559,1,"Application Update",0.1499
6614.5615,559,1,"Application Render",0.2472
6614.9773,559,1,"Application Compose",0.3771
6620.8962,559,1,"SubmitCommandLists",5.9106
6620.9168,559,1,"Shadowmap packing",0.000199999995
6620.9195,559,1,"Render",0.246999994
6620.9214,559,1,"Procedural Animations",0.00039999999
6620.9234,559,1,"Script Components",9.99999975e-05
6620.9259,559,1,"CPU Frame",0.966700017
6620.9276,559,1,"Input",0.0922999978
6620.9296,559,1,"GUI Update",0.0175000001
6620.9314,559,1,"Frustum Culling",0.0395999998
6620.9331,559,1,"Animations",0
6620.9349,559,1,"Spring Dependencies",9.99999975e-05
6620.937,559,1,"GUI Render",0.0443999991
6620.9388,559,1,"Physics",0.000500000024
6620.9406,559,1,"Update",0.149599999
6620.9423,559,1,"Fixed Update",9.99999975e-05
6620.944,559,1,"Spline Update",9.99999975e-05
6620.9458,559,1,"Compose",0.376700014
6620.9476,559,1,"Update Buffers (CPU)",0.0421999991
6621.1932,560,1,"RenderPath3D Update",0.1344
6621.1974,560,1,"Application Update",0.1488
6621.553,560,1,"Application Render",0.3156
6621.9725,560,1,"Application Compose",0.3842
6627.9683,560,1,"SubmitCommandLists",5.988
6627.9938,560,1,"Shadowmap packing",9.99999975e-05
6627.9972,560,1,"Render",0.315299988
6628.0061,560,1,"Procedural Animations",0.00039999999
6628.0086,560,1,"Script Components",0
6628.0109,560,1,"CPU Frame",1.07350004
6628.0129,560,1,"Input",0.0952999964
6628.0152,560,1,"GUI Update",0.0162000004
6628.017,560,1,"Frustum Culling",0.064000003
6628.019,560,1,"Animations",0
6628.0207,560,1,"Spring Dependencies",9.99999975e-05
6628.0228,560,1,"GUI Render",0.0724000037
6628.0246,560,1,"Physics",0.00300000003
6628.0265,560,1,"Update",0.148699999
6628.0283,560,1,"Fixed Update",0.00170000002
6628.0303,560,1,"Spline Update",9.99999975e-05
6628.0322,560,1,"Compose",0.383899987
6628.034,560,1,"Update Buffers (CPU)",0.0285999998
6628.2814,561,1,"RenderPath3D Update",0.1441
6628.2863,561,1,"Application Update",0.1605
6628.517,561,1,"Application Render",0.2274
6628.9153,561,1,"Application Compose",0.3807
6634.7947,561,1,"SubmitCommandLists",5.8719
6634.8163,561,1,"Shadowmap packing",0.000199999995
6634.8192,561,1,"Render",0.227200001
6634.8213,561,1,"Procedural Animations",0.000500000024
6634.8235,561,1,"Script Components",9.99999975e-05
6634.8262,561,1,"CPU Frame",0.941500008
6634.828,561,1,"Input",0.0870999992
6634.8301,561,1,"GUI Update",0.0172000006
6634.832,561,1,"Frustum Culling",0.0412000008
6634.8339,561,1,"Animations",9.99999975e-05
6634.8357,561,1,"Spring Dependencies",9.99999975e-05
6634.8377,561,1,"GUI Render",0.0397999994
6634.8395,561,1,"Physics",0.00039999999
6634.8415,561,1,"Update",0.160300002
6634.8433,561,1,"Fixed Update",0
6634.8452,561,1,"Spline Update",0.000199999995
6634.8472,561,1,"Compose",0.380400002
6634.8491,561,1,"Update Buffers (CPU)",0.0315999985
6635.2111,562,1,"RenderPath3D Update",0.2314
6635.2187,562,1,"Application Update",0.2487
6635.5031,562,1,"Application Render",0.2821
6635.9044,562,1,"Application Compose",0.3816
6641.7663,562,1,"SubmitCommandLists",5.8534
6641.7919,562,1,"Shadowmap packing",0.000199999995
6641.7946,562,1,"Render",0.281899989
6641.7965,562,1,"Procedural Animations",0.000500000024
6641.7987,562,1,"Script Components",9.99999975e-05
6641.8011,562,1,"CPU Frame",1.10660005
6641.803,562,1,"Input",0.115500003
6641.8052,562,1,"GUI Update",0.0161000006
6641.8071,562,1,"Frustum Culling",0.0874999985
6641.8089,562,1,"Animations",9.99999975e-05
6641.8107,562,1,"Spring Dependencies",9.99999975e-05
6641.8127,562,1,"GUI Render",0.0390999988
6641.8146,562,1,"Physics",0.00249999994
6641.8165,562,1,"Update",0.248500004
6641.8182,562,1,"Fixed Update",0.00120000006
6641.8201,562,1,"Spline Update",0.000199999995
6641.822,562,1,"Compose",0.381399989
6641.8238,562,1,"Update Buffers (CPU)",0.0337999985
6642.0485,563,1,"RenderPath3D Update",0.1321
6642.0523,563,1,"Application Update",0.1463
6642.2733,563,1,"Application Render",0.219
6642.6682,563,1,"Application Compose",0.379
6648.6818,563,1,"SubmitCommandLists",6.0063
6648.7083,563,1,"Shadowmap packing",9.99999975e-05
6648.7111,563,1,"Render",0.218799993
6648.713,563,1,"Procedural Animations",0.000300000014
6648.7153,563,1,"Script Components",0
6648.7176,563,1,"CPU Frame",0.893299997
6648.7194,563,1,"Input",0.0778999999
6648.7214,563,1,"GUI Update",0.0164999999
6648.7232,563,1,"Frustum Culling",0.0412999988
6648.7251,563,1,"Animations",9.99999975e-05
6648.727,563,1,"Spring Dependencies",9.99999975e-05
6648.729,563,1,"GUI Render",0.0549999997
6648.7307,563,1,"Physics",0.000500000024
6648.7326,563,1,"Update",0.146200001
6648.7343,563,1,"Fixed Update",9.99999975e-05
6648.736,563,1,"Spline Update",9.99999975e-05
6648.7378,563,1,"Compose",0.378800005
6648.7397,563,1,"Update Buffers (CPU)",0.0296
6648.9913,564,1,"RenderPath3D Update",0.1552
6648.9948,564,1,"Application Update",0.1689
6649.2429,564,1,"Application Render",0.2459
6649.6537,564,1,"Application Compose",0.3858
6655.6512,564,1,"SubmitCommandLists",5.9891
6655.6815,564,1,"Shadowmap packing",0.000199999995
6655.6844,564,1,"Render",0.245800003
6655.713,564,1,"Procedural Animations",0.00039999999
6655.7154,564,1,"Script Components",0
6655.7177,564,1,"CPU Frame",0.962499976
6655.7196,564,1,"Input",0.0808999985
6655.7216,564,1,"GUI Update",0.0160000008
6655.7235,564,1,"Frustum Culling",0.0377000012
6655.7253,564,1,"Animations",9.99999975e-05
6655.7273,564,1,"Spring Dependencies",9.99999975e-05
6655.7293,564,1,"GUI Render",0.0368000008
6655.7311,564,1,"Physics",0.00289999996
6655.7329,564,1,"Update",0.168599993
6655.7346,564,1,"Fixed Update",0.00159999996
6655.7364,564,1,"Spline Update",9.99999975e-05
6655.7382,564,1,"Compose",0.385399997
6655.74,564,1,"Update Buffers (CPU)",0.0333999991
6655.9698,565,1,"RenderPath3D Update",0.1336
6655.9752,565,1,"Application Update",0.1506
6656.2759,565,1,"Application Render",0.2986
6656.6699,565,1,"Application Compose",0.3754
6662.6666,565,1,"SubmitCommandLists",5.9894
6662.6901,565,1,"Shadowmap packing",0.000199999995
6662.6934,565,1,"Render",0.298400015
6662.6954,565,1,"Procedural Animations",0.00039999999
6662.6976,565,1,"Script Components",9.99999975e-05
6662.7,565,1,"CPU Frame",1.00569999
6662.702,565,1,"Input",0.0802000016
6662.7042,565,1,"GUI Update",0.0164999999
6662.7061,565,1,"Frustum Culling",0.054299999
6662.7079,565,1,"Animations",9.99999975e-05
6662.7097,565,1,"Spring Dependencies",9.99999975e-05
6662.7116,565,1,"GUI Render",0.0478999987
6662.7133,565,1,"Physics",0.000500000024
6662.7151,565,1,"Update",0.150399998
6662.7168,565,1,"Fixed Update",9.99999975e-05
6662.7186,565,1,"Spline Update",9.99999975e-05
6662.7204,565,1,"Compose",0.375099987
6662.722,565,1,"Update Buffers (CPU)",0.0265999995
6662.9144,566,1,"RenderPath3D Update",0.0767
6662.9189,566,1,"Application Update",0.0935
6663.2737,566,1,"Application Render",0.3528
6663.6816,566,1,"Application Compose",0.3762
6669.6512,566,1,"SubmitCommandLists",5.9602
6669.6752,566,1,"Shadowmap packing",0.000199999995
6669.6785,566,1,"Render",0.352600008
6669.6804,566,1,"Procedural Animations",0.00039999999
6669.6826,566,1,"Script Components",9.99999975e-05
6669.6853,566,1,"CPU Frame",1.01189995
6669.6872,566,1,"Input",0.0988999978
6669.6893,566,1,"GUI Update",0.0175999999
6669.6912,566,1,"Frustum Culling",0.0373999998
6669.693,566,1,"Animations",9.99999975e-05
6669.6949,566,1,"Spring Dependencies",9.99999975e-05
6669.6968,566,1,"GUI Render",0.0406999998
6669.6986,566,1,"Physics",0.00039999999
6669.7003,566,1,"Update",0.0932999998
6669.702,566,1,"Fixed Update",9.99999975e-05
6669.7037,566,1,"Spline Update",9.99999975e-05
6669.7056,566,1,"Compose",0.375699997
6669.7074,566,1,"Update Buffers (CPU)",0.0689999983
6669.9417,567,1,"RenderPath3D Update",0.1151
6669.9469,567,1,"Application Update",0.1314
6670.3154,567,1,"Application Render",0.3656
6670.7285,567,1,"Application Compose",0.3769
6676.5481,567,1,"SubmitCommandLists",5.8106
6676.5713,567,1,"Shadowmap packing",9.99999975e-05
6676.5746,567,1,"Render",0.3653
6676.5765,567,1,"Procedural Animations",0.000600000028
6676.5789,567,1,"Script Components",9.99999975e-05
6676.5816,567,1,"CPU Frame",1.07369995
6676.5835,567,1,"Input",0.101999998
6676.5856,567,1,"GUI Update",0.0254999995
6676.5875,567,1,"Frustum Culling",0.0364999995
6676.5894,567,1,"Animations",0.000500000024
6676.5912,567,1,"Spring Dependencies",9.99999975e-05
6676.5931,567,1,"GUI Render",0.0507999994
6676.5949,567,1,"Physics",0.00310000009
6676.5967,567,1,"Update",0.131200001
6676.5984,567,1,"Fixed Update",0.00170000002
6676.6002,567,1,"Spline Update",0.000199999995
6676.6021,567,1,"Compose",0.37650001
6676.6038,567,1,"Update Buffers (CPU)",0.0472000018
6676.8776,568,1,"RenderPath3D Update",0.158
6676.8817,568,1,"Application Update",0.1736
6677.1467,568,1,"Application Render",0.2629
6677.5697,568,1,"Application Compose",0.4017
6683.4987,568,1,"SubmitCommandLists",5.9206
6683.5413,568,1,"Shadowmap packing",0.000199999995
6683.5443,568,1,"Render",0.262600005
6683.5465,568,1,"Procedural Animations",0.000500000024
6683.5487,568,1,"Script Components",9.99999975e-05
6683.5516,568,1,"CPU Frame",1.01769996
6683.5536,568,1,"Input",0.0997999981
6683.5559,568,1,"GUI Update",0.0275999997
6683.6199,568,1,"Frustum Culling",0.0511999987
6683.6221,568,1,"Animations",9.99999975e-05
6683.6238,568,1,"Spring Dependencies",9.99999975e-05
6683.6259,568,1,"GUI Render",0.0659999996
6683.6278,568,1,"Physics",0.00039999999
6683.6296,568,1,"Update",0.173500001
6683.6315,568,1,"Fixed Update",0
6683.6334,568,1,"Spline Update",0.000199999995
6683.6353,568,1,"Compose",0.401499987
6683.6372,568,1,"Update Buffers (CPU)",0.0604000017
6683.9262,569,1,"RenderPath3D Update",0.128
6683.9307,569,1,"Application Update",0.1481
6684.2256,569,1,"Application Render",0.2927
6684.6385,569,1,"Application Compose",0.3932
6690.4431,569,1,"SubmitCommandLists",5.7958
6690.4722,569,1,"Shadowmap packing",9.99999975e-05
6690.4762,569,1,"Render",0.292499989
6690.4783,569,1,"Procedural Animations",0.00120000006
6690.481,569,1,"Script Components",9.99999975e-05
6690.4836,569,1,"CPU Frame",1.13160002
6690.4855,569,1,"Input",0.126900002
6690.4876,569,1,"GUI Update",0.0208999999
6690.4895,569,1,"Frustum Culling",0.0542000011
6690.4914,569,1,"Animations",9.99999975e-05
6690.4932,569,1,"Spring Dependencies",0.000199999995
6690.4953,569,1,"GUI Render",0.0430999994
6690.4971,569,1,"Physics",0.00419999985
6690.499,569,1,"Update",0.148000002
6690.5009,569,1,"Fixed Update",0.0129000004
6690.5027,569,1,"Spline Update",0.000199999995
6690.5045,569,1,"Compose",0.392800003
6690.5064,569,1,"Update Buffers (CPU)",0.0469000004
6690.7728,570,1,"RenderPath3D Update",0.1534
6690.7772,570,1,"Application Update",0.1731
6691.0335,570,1,"Application Render",0.2543
6691.4353,570,1,"Application Compose",0.3836
6697.2759,570,1,"SubmitCommandLists",5.8325
6697.3057,570,1,"Shadowmap packing",9.99999975e-05
6697.3088,570,1,"Render",0.254099995
6697.3108,570,1,"Procedural Animations",0.000699999975
6697.3131,570,1,"Script Components",9.99999975e-05
6697.3155,570,1,"CPU Frame",0.985599995
6697.3173,570,1,"Input",0.0929000005
6697.3194,570,1,"GUI Update",0.0187999997
6697.3212,570,1,"Frustum Culling",0.056499999
6697.3231,570,1,"Animations",9.99999975e-05
6697.3248,570,1,"Spring Dependencies",9.99999975e-05
6697.3268,570,1,"GUI Render",0.0522999987
6697.3285,570,1,"Physics",0.00100000005
6697.3303,570,1,"Update",0.172900006
6697.3321,570,1,"Fixed Update",0
6697.3339,570,1,"Spline Update",0.000199999995
6697.336,570,1,"Compose",0.383300006
6697.3379,570,1,"Update Buffers (CPU)",0.0364999995
6697.5806,571,1,"RenderPath3D Update",0.0931
6697.5857,571,1,"Application Update",0.1197
6697.8569,571,1,"Application Render",0.2686
6698.282,571,1,"Application Compose",0.3888
6704.2319,571,1,"SubmitCommandLists",5.9419
6704.2829,571,1,"Shadowmap packing",0.000199999995
6704.2863,571,1,"Render",0.268299997
6704.2883,571,1,"Procedural Animations",0.000500000024
6704.2909,571,1,"Script Components",9.99999975e-05
6704.2938,571,1,"CPU Frame",0.994599998
6704.2957,571,1,"Input",0.124200001
6704.2979,571,1,"GUI Update",0.0166999996
6704.2999,571,1,"Frustum Culling",0.0476999991
6704.3018,571,1,"Animations",0
6704.3038,571,1,"Spring Dependencies",9.99999975e-05
6704.306,571,1,"GUI Render",0.0489999987
6704.3079,571,1,"Physics",0.00039999999
6704.3098,571,1,"Update",0.119499996
6704.3117,571,1,"Fixed Update",9.99999975e-05
6704.3135,571,1,"Spline Update",0.000199999995
6704.3154,571,1,"Compose",0.388500005
6704.3172,571,1,"Update Buffers (CPU)",0.0579000004
6704.6269,572,1,"RenderPath3D Update",0.1436
6704.6337,572,1,"Application Update",0.1768
6704.9797,572,1,"Application Render",0.3436
6705.3983,572,1,"Application Compose",0.3937
6711.1592,572,1,"SubmitCommandLists",5.7509
6711.2381,572,1,"Shadowmap packing",0.000300000014
6711.2426,572,1,"Render",0.343300015
6711.2445,572,1,"Procedural Animations",0.000899999985
6711.2467,572,1,"Script Components",9.99999975e-05
6711.2494,572,1,"CPU Frame",1.15330005
6711.2513,572,1,"Input",0.127200007
6711.2535,572,1,"GUI Update",0.0267999992
6711.2555,572,1,"Frustum Culling",0.0447999984
6711.2575,572,1,"Animations",9.99999975e-05
6711.2593,572,1,"Spring Dependencies",0.000199999995
6711.2614,572,1,"GUI Render",0.0606000014
6711.2633,572,1,"Physics",0.00549999997
6711.2938,572,1,"Update",0.176599994
6711.2957,572,1,"Fixed Update",0.00469999993
6711.2976,572,1,"Spline Update",0.000199999995
6711.2995,572,1,"Compose",0.3935
6711.3015,572,1,"Update Buffers (CPU)",0.0637999997
6711.5447,573,1,"RenderPath3D Update",0.1175
6711.5502,573,1,"Application Update",0.1394
6711.855,573,1,"Application Render",0.3016
6712.2667,573,1,"Application Compose",0.3905
6718.1403,573,1,"SubmitCommandLists",5.8643
6718.2219,573,1,"Shadowmap packing",9.99999975e-05
6718.2267,573,1,"Render",0.301299989
6718.2289,573,1,"Procedural Animations",0.000500000024
6718.2312,573,1,"Script Components",9.99999975e-05
6718.2336,573,1,"CPU Frame",1.05159998
6718.2355,573,1,"Input",0.104199998
6718.2378,573,1,"GUI Update",0.0201999992
6718.24,573,1,"Frustum Culling",0.0471000001
6718.2421,573,1,"Animations",0
6718.2441,573,1,"Spring Dependencies",0
6718.2464,573,1,"GUI Render",0.0430000015
6718.2482,573,1,"Physics",0.000699999975
6718.2501,573,1,"Update",0.1391
6718.252,573,1,"Fixed Update",9.99999975e-05
6718.2539,573,1,"Spline Update",0.000199999995
6718.2558,573,1,"Compose",0.390300006
6718.2578,573,1,"Update Buffers (CPU)",0.0595999993
6718.5932,574,1,"RenderPath3D Update",0.1441
6718.599,574,1,"Application Update",0.1867
6718.8912,574,1,"Application Render",0.2895
6719.3156,574,1,"Application Compose",0.3971
6725.0837,574,1,"SubmitCommandLists",5.759
6725.1119,574,1,"Shadowmap packing",0.000199999995
6725.1148,574,1,"Render",0.289299995
6725.1167,574,1,"Procedural Animations",0.000600000028
6725.1189,574,1,"Script Components",9.99999975e-05
6725.1215,574,1,"CPU Frame",1.12520003
6725.1233,574,1,"Input",0.144899994
6725.1253,574,1,"GUI Update",0.0225000009
6725.1273,574,1,"Frustum Culling",0.0551999994
6725.1292,574,1,"Animations",9.99999975e-05
6725.1309,574,1,"Spring Dependencies",0.000199999995
6725.1331,574,1,"GUI Render",0.0496000014
6725.1348,574,1,"Physics",0.00510000018
6725.1366,574,1,"Update",0.186399996
6725.1383,574,1,"Fixed Update",0.00329999998
6725.1401,574,1,"Spline Update",0.000199999995
6725.142,574,1,"Compose",0.396800011
6725.1438,574,1,"Update Buffers (CPU)",0.0562999994
6725.4256,575,1,"RenderPath3D Update",0.1384
6725.4294,575,1,"Application Update",0.1603
6725.7288,575,1,"Application Render",0.2974
6726.1717,575,1,"Application Compose",0.3979
6732.0513,575,1,"SubmitCommandLists",5.8703
6732.1293,575,1,"Shadowmap packing",0.000199999995
6732.1327,575,1,"Render",0.297100008
6732.1347,575,1,"Procedural Animations",0.000500000024
6732.1372,575,1,"Script Components",0.000199999995
6732.1397,575,1,"CPU Frame",1.08239996
6732.1417,575,1,"Input",0.119800001
6732.1445,575,1,"GUI Update",0.0189999994
6732.1466,575,1,"Frustum Culling",0.0430999994
6732.1485,575,1,"Animations",0
6732.1507,575,1,"Spring Dependencies",0.000300000014
6732.1529,575,1,"GUI Render",0.0487999991
6732.1548,575,1,"Physics",0.00079999998
6732.1566,575,1,"Update",0.160099998
6732.1584,575,1,"Fixed Update",9.99999975e-05
6732.1606,575,1,"Spline Update",0.0100999996
6732.1626,575,1,"Compose",0.397700012
6732.1645,575,1,"Update Buffers (CPU)",0.0634000003
6732.9936,576,1,"RenderPath3D Update",0.1775
6732.9994,576,1,"Application Update",0.5405
6733.3487,576,1,"Application Render",0.3467
6733.7683,576,1,"Application Compose",0.3953
6739.0139,576,1,"SubmitCommandLists",5.2358
6739.0432,576,1,"Shadowmap packing",0.000199999995
6739.0464,576,1,"Render",0.346500009
6739.0485,576,1,"Procedural Animations",0.000699999975
6739.0508,576,1,"Script Components",9.99999975e-05
6739.0535,576,1,"CPU Frame",1.69959998
6739.0556,576,1,"Input",0.281500012
6739.0578,576,1,"GUI Update",0.0388999991
6739.0599,576,1,"Frustum Culling",0.0214000009
6739.0619,576,1,"Animations",9.99999975e-05
6739.0638,576,1,"Spring Dependencies",0.000199999995
6739.066,576,1,"GUI Render",0.053199999
6739.0679,576,1,"Physics",0.00529999984
6739.0698,576,1,"Update",0.540300012
6739.0716,576,1,"Fixed Update",0.00430000015
6739.0733,576,1,"Spline Update",0.000300000014
6739.0753,576,1,"Compose",0.395099998
6739.0772,576,1,"Update Buffers (CPU)",0.0675000027
6739.3294,577,1,"RenderPath3D Update",0.0864
6739.334,577,1,"Application Update",0.1086
6739.5924,577,1,"Application Render",0.2561
6740.0011,577,1,"Application Compose",0.3891
6745.9061,577,1,"SubmitCommandLists",5.8963
6745.9303,577,1,"Shadowmap packing",0.000199999995
6745.9334,577,1,"Render",0.255899996
6745.9353,577,1,"Procedural Animations",0.000500000024
6745.9375,577,1,"Script Components",9.99999975e-05
6745.9402,577,1,"CPU Frame",0.98150003
6745.9422,577,1,"Input",0.1105
6745.9443,577,1,"GUI Update",0.0187999997
6745.9462,577,1,"Frustum Culling",0.0375999995
6745.9481,577,1,"Animations",9.99999975e-05
6745.9499,577,1,"Spring Dependencies",0.000199999995
6745.9519,577,1,"GUI Render",0.0544999987
6745.9537,577,1,"Physics",0.000899999985
6745.9555,577,1,"Update",0.108400002
6745.9572,577,1,"Fixed Update",9.99999975e-05
6745.959,577,1,"Spline Update",0.000199999995
6745.9609,577,1,"Compose",0.388799995
6745.9627,577,1,"Update Buffers (CPU)",0.0571999997
6746.1998,578,1,"RenderPath3D Update",0.1199
6746.2048,578,1,"Application Update",0.1388
6746.4824,578,1,"Application Render",0.2753
6746.8888,578,1,"Application Compose",0.3845
6752.8534,578,1,"SubmitCommandLists",5.9555
6752.8786,578,1,"Shadowmap packing",9.99999975e-05
6752.8818,578,1,"Render",0.275099993
6752.8842,578,1,"Procedural Animations",0.000500000024
6752.8864,578,1,"Script Components",0
6752.8887,578,1,"CPU Frame",0.978200018
6752.8906,578,1,"Input",0.0980999991
6752.8927,578,1,"GUI Update",0.0175999999
6752.8947,578,1,"Frustum Culling",0.0505999997
6752.8965,578,1,"Animations",9.99999975e-05
6752.8984,578,1,"Spring Dependencies",9.99999975e-05
6752.9003,578,1,"GUI Render",0.0524999984
6752.9021,578,1,"Physics",0.000600000028
6752.9039,578,1,"Update",0.138600007
6752.9056,578,1,"Fixed Update",9.99999975e-05
6752.9073,578,1,"Spline Update",0.000199999995
6752.9093,578,1,"Compose",0.384299994
6752.9112,578,1,"Update Buffers (CPU)",0.0445000008
6753.1835,579,1,"RenderPath3D Update",0.1675
6753.1877,579,1,"Application Update",0.1829
6753.4363,579,1,"Application Render",0.2464
6753.836,579,1,"Application Compose",0.3818
6759.8128,579,1,"SubmitCommandLists",5.9689
6759.8382,579,1,"Shadowmap packing",9.99999975e-05
6759.8416,579,1,"Render",0.246299997
6759.8438,579,1,"Procedural Animations",0.00039999999
6759.8462,579,1,"Script Components",0
6759.8485,579,1,"CPU Frame",0.977699995
6759.8504,579,1,"Input",0.0873999968
6759.8526,579,1,"GUI Update",0.0172000006
6759.8545,579,1,"Frustum Culling",0.0452999994
6759.8564,579,1,"Animations",9.99999975e-05
6759.8582,579,1,"Spring Dependencies",9.99999975e-05
6759.8602,579,1,"GUI Render",0.0406999998
6759.862,579,1,"Physics",0.0037
6759.8639,579,1,"Update",0.182699993
6759.8657,579,1,"Fixed Update",0.00150000001
6759.8676,579,1,"Spline Update",0.000199999995
6759.8696,579,1,"Compose",0.381500006
6759.8714,579,1,"Update Buffers (CPU)",0.0414999984
6760.131,580,1,"RenderPath3D Update",0.1524
6760.1352,580,1,"Application Update",0.1695
6760.4124,580,1,"Application Render",0.2752
6760.832,580,1,"Application Compose",0.3945
6766.827,580,1,"SubmitCommandLists",5.9872
6766.855,580,1,"Shadowmap packing",9.99999975e-05
6766.8584,580,1,"Render",0.275000006
6766.8606,580,1,"Procedural Animations",0.000500000024
6766.8629,580,1,"Script Components",9.99999975e-05
6766.8653,580,1,"CPU Frame",1.01460004
6766.8672,580,1,"Input",0.0898000002
6766.8694,580,1,"GUI Update",0.0170000009
6766.8712,580,1,"Frustum Culling",0.0535000004
6766.8731,580,1,"Animations",9.99999975e-05
6766.8748,580,1,"Spring Dependencies",0
6766.8769,580,1,"GUI Render",0.0588000007
6766.8788,580,1,"Physics",0.000500000024
6766.8806,580,1,"Update",0.169200003
6766.8824,580,1,"Fixed Update",9.99999975e-05
6766.8842,580,1,"Spline Update",9.99999975e-05
6766.8861,580,1,"Compose",0.39410001
6766.8879,580,1,"Update Buffers (CPU)",0.0361000001
6767.2753,581,1,"RenderPath3D Update",0.2783
6767.2842,581,1,"Application Update",0.2987
6767.7071,581,1,"Application Render",0.4205
6768.1184,581,1,"Application Compose",0.3886
6773.7109,581,1,"SubmitCommandLists",5.5838
6773.7509,581,1,"Shadowmap packing",9.99999975e-05
6773.7849,581,1,"Render",0.42019999
6773.7869,581,1,"Procedural Animations",0.000600000028
6773.7893,581,1,"Script Components",9.99999975e-05
6773.7917,581,1,"CPU Frame",1.2845
6773.7936,581,1,"Input",0.0910999998
6773.7957,581,1,"GUI Update",0.0174000002
6773.7978,581,1,"Frustum Culling",0.0957000032
6773.7996,581,1,"Animations",9.99999975e-05
6773.8013,581,1,"Spring Dependencies",9.99999975e-05
6773.8032,581,1,"GUI Render",0.0447999984
6773.8049,581,1,"Physics",0.00340000005
6773.8066,581,1,"Update",0.298500001
6773.8084,581,1,"Fixed Update",0.00200000009
6773.8101,581,1,"Spline Update",9.99999975e-05
6773.8119,581,1,"Compose",0.388300002
6773.8138,581,1,"Update Buffers (CPU)",0.0309999995
6774.1301,582,1,"RenderPath3D Update",0.1454
6774.1359,582,1,"Application Update",0.1724
6774.4506,582,1,"Application Render",0.3124
6774.8812,582,1,"Application Compose",0.3968
6780.6061,582,1,"SubmitCommandLists",5.7139
6780.635,582,1,"Shadowmap packing",0.000199999995
6780.6384,582,1,"Render",0.312099993
6780.6405,582,1,"Procedural Animations",0.00079999998
6780.6428,582,1,"Script Components",0.000199999995
6780.6453,582,1,"CPU Frame",1.16069996
6780.6473,582,1,"Input",0.142900005
6780.6496,582,1,"GUI Update",0.0209999997
6780.6517,582,1,"Frustum Culling",0.0482000001
6780.6536,582,1,"Animations",0.000199999995
6780.6554,582,1,"Spring Dependencies",9.99999975e-05
6780.6578,582,1,"GUI Render",0.0538999997
6780.6596,582,1,"Physics",0.00109999999
6780.662,582,1,"Update",0.172299996
6780.6638,582,1,"Fixed Update",9.99999975e-05
6780.6656,582,1,"Spline Update",0.000199999995
6780.6675,582,1,"Compose",0.396600008
6780.6698,582,1,"Update Buffers (CPU)",0.0680999979
6780.946,583,1,"RenderPath3D Update",0.1444
6780.9501,583,1,"Application Update",0.1663
6781.2295,583,1,"Application Render",0.2772
6781.6358,583,1,"Application Compose",0.3869
6787.5772,583,1,"SubmitCommandLists",5.9326
6787.6014,583,1,"Shadowmap packing",0.000199999995
6787.6043,583,1,"Render",0.27700001
6787.6062,583,1,"Procedural Animations",0.000500000024
6787.6085,583,1,"Script Components",0.000199999995
6787.6107,583,1,"CPU Frame",1.02279997
6787.6126,583,1,"Input",0.108800001
6787.6147,583,1,"GUI Update",0.0189999994
6787.6166,583,1,"Frustum Culling",0.0483999997
6787.6185,583,1,"Animations",9.99999975e-05
6787.6207,583,1,"Spring Dependencies",9.99999975e-05
6787.6228,583,1,"GUI Render",0.0423000008
6787.6246,583,1,"Physics",0.000899999985
6787.6265,583,1,"Update",0.165999994
6787.6282,583,1,"Fixed Update",9.99999975e-05
6787.6301,583,1,"Spline Update",0.000199999995
6787.6319,583,1,"Compose",0.386599988
6787.6337,583,1,"Update Buffers (CPU)",0.0461000018
6787.8896,584,1,"RenderPath3D Update",0.1429
6787.8936,584,1,"Application Update",0.1587
6788.1879,584,1,"Application Render",0.2923
6788.5918,584,1,"Application Compose",0.3816
6794.502,584,1,"SubmitCommandLists",5.9018
6794.5217,584,1,"Shadowmap packing",9.99999975e-05
6794.5245,584,1,"Render",0.292100012
6794.5264,584,1,"Procedural Animations",0.000500000024
6794.5286,584,1,"Script Components",9.99999975e-05
6794.5308,584,1,"CPU Frame",1.01040006
6794.5328,584,1,"Input",0.0945999995
6794.5348,584,1,"GUI Update",0.0175000001
6794.5366,584,1,"Frustum Culling",0.0491999984
6794.5384,584,1,"Animations",0
6794.5401,584,1,"Spring Dependencies",9.99999975e-05
6794.542,584,1,"GUI Render",0.0467999987
6794.5438,584,1,"Physics",0.00529999984
6794.5456,584,1,"Update",0.158600003
6794.5473,584,1,"Fixed Update",0.00190000003
6794.5491,584,1,"Spline Update",0.000199999995
6794.551,584,1,"Compose",0.381199986
6794.5527,584,1,"Update Buffers (CPU)",0.0632999986
6794.811,585,1,"RenderPath3D Update",0.1431
6794.8146,585,1,"Application Update",0.1733
6795.1225,585,1,"Application Render",0.3057
6795.5443,585,1,"Application Compose",0.3798
6801.4331,585,1,"SubmitCommandLists",5.8802
6801.4547,585,1,"Shadowmap packing",9.99999975e-05
6801.4577,585,1,"Render",0.305400014
6801.4598,585,1,"Procedural Animations",0.00039999999
6801.4621,585,1,"Script Components",0
6801.4644,585,1,"CPU Frame",1.04059994
6801.5078,585,1,"Input",0.0842999965
6801.51,585,1,"GUI Update",0.0164000001
6801.512,585,1,"Frustum Culling",0.0549999997
6801.5139,585,1,"Animations",9.99999975e-05
6801.5158,585,1,"Spring Dependencies",9.99999975e-05
6801.5177,585,1,"GUI Render",0.0898000002
6801.5195,585,1,"Physics",0.000500000024
6801.5213,585,1,"Update",0.173099995
6801.523,585,1,"Fixed Update",0
6801.5247,585,1,"Spline Update",9.99999975e-05
6801.5265,585,1,"Compose",0.379400015
6801.5284,585,1,"Update Buffers (CPU)",0.0478000008
6801.773,586,1,"RenderPath3D Update",0.1378
6801.7778,586,1,"Application Update",0.1529
6802.0499,586,1,"Application Render",0.27
6802.4661,586,1,"Application Compose",0.3767
6808.3589,586,1,"SubmitCommandLists",5.8853
6808.3818,586,1,"Shadowmap packing",0.000199999995
6808.3848,586,1,"Render",0.269800007
6808.3867,586,1,"Procedural Animations",0.000500000024
6808.3889,586,1,"Script Components",9.99999975e-05
6808.3913,586,1,"CPU Frame",1.02989995
6808.3933,586,1,"Input",0.0905999988
6808.3955,586,1,"GUI Update",0.0161000006
6808.3973,586,1,"Frustum Culling",0.0537
6808.3992,586,1,"Animations",9.99999975e-05
6808.4011,586,1,"Spring Dependencies",9.99999975e-05
6808.4031,586,1,"GUI Render",0.0507999994
6808.4048,586,1,"Physics",0.00480000023
6808.4067,586,1,"Update",0.152700007
6808.4085,586,1,"Fixed Update",0.00159999996
6808.4103,586,1,"Spline Update",0.000199999995
6808.4122,586,1,"Compose",0.376399994
6808.4141,586,1,"Update Buffers (CPU)",0.0381999984
6808.6608,587,1,"RenderPath3D Update",0.1351
6808.665,587,1,"Application Update",0.1503
6808.9722,587,1,"Application Render",0.305
6809.3736,587,1,"Application Compose",0.3824
6815.4059,587,1,"SubmitCommandLists",6.0248
6815.4325,587,1,"Shadowmap packing",9.99999975e-05
6815.4367,587,1,"Render",0.304899991
6815.4388,587,1,"Procedural Animations",0.00039999999
6815.4412,587,1,"Script Components",0
6815.4435,587,1,"CPU Frame",1.01049995
6815.4456,587,1,"Input",0.0962999985
6815.4478,587,1,"GUI Update",0.0162000004
6815.4497,587,1,"Frustum Culling",0.0412000008
6815.4516,587,1,"Animations",9.99999975e-05
6815.4535,587,1,"Spring Dependencies",0.000199999995
6815.4555,587,1,"GUI Render",0.0412999988
6815.4573,587,1,"Physics",0.000500000024
6815.4592,587,1,"Update",0.150099993
6815.4609,587,1,"Fixed Update",0
6815.4626,587,1,"Spline Update",9.99999975e-05
6815.4645,587,1,"Compose",0.382200003
6815.4689,587,1,"Update Buffers (CPU)",0.0562000014
6815.6606,588,1,"RenderPath3D Update",0.061
6815.6657,588,1,"Application Update",0.0767
6815.8964,588,1,"Application Render",0.2274
6816.2976,588,1,"Application Compose",0.3828
6822.2639,588,1,"SubmitCommandLists",5.9579
6822.2945,588,1,"Shadowmap packing",0.000199999995
6822.2976,588,1,"Render",0.2271
6822.2995,588,1,"Procedural Animations",0.00039999999
6822.302,588,1,"Script Components",9.99999975e-05
6822.3046,588,1,"CPU Frame",0.887199998
6822.3065,588,1,"Input",0.110799998
6822.3085,588,1,"GUI Update",0.0173000004
6822.3106,588,1,"Frustum Culling",0.0405000001
6822.3124,588,1,"Animations",9.99999975e-05
6822.3144,588,1,"Spring Dependencies",9.99999975e-05
6822.3165,588,1,"GUI Render",0.053199999
6822.3183,588,1,"Physics",0.00359999994
6822.3201,588,1,"Update",0.0764999986
6822.3219,588,1,"Fixed Update",0.00170000002
6822.3237,588,1,"Spline Update",0.000199999995
6822.3256,588,1,"Compose",0.382600009
6822.3275,588,1,"Update Buffers (CPU)",0.0362000018
6822.6008,589,1,"RenderPath3D Update",0.1451
6822.6055,589,1,"Application Update",0.1655
6822.8417,589,1,"Application Render",0.2328
6823.2424,589,1,"Application Compose",0.3842
6829.1936,589,1,"SubmitCommandLists",5.9433
6829.2167,589,1,"Shadowmap packing",9.99999975e-05
6829.2198,589,1,"Render",0.232500002
6829.2218,589,1,"Procedural Animations",0.000600000028
6829.2242,589,1,"Script Components",9.99999975e-05
6829.2266,589,1,"CPU Frame",0.971000016
6829.2284,589,1,"Input",0.106700003
6829.2304,589,1,"GUI Update",0.0194000006
6829.2324,589,1,"Frustum Culling",0.0432000011
6829.2343,589,1,"Animations",9.99999975e-05
6829.2362,589,1,"Spring Dependencies",0.000300000014
6829.2384,589,1,"GUI Render",0.0469000004
6829.2715,589,1,"Physics",0.000500000024
6829.2735,589,1,"Update",0.165299997
6829.2753,589,1,"Fixed Update",0
6829.2771,589,1,"Spline Update",0.000199999995
6829.2791,589,1,"Compose",0.384000003
6829.281,589,1,"Update Buffers (CPU)",0.0408000015
6829.5393,590,1,"RenderPath3D Update",0.1513
6829.5429,590,1,"Application Update",0.167
6829.7778,590,1,"Application Render",0.2327
6830.1954,590,1,"Application Compose",0.388
6836.1967,590,1,"SubmitCommandLists",5.9925
6836.2219,590,1,"Shadowmap packing",9.99999975e-05
6836.2255,590,1,"Render",0.232500002
6836.2276,590,1,"Procedural Animations",0.00039999999
6836.2301,590,1,"Script Components",9.99999975e-05
6836.2325,590,1,"CPU Frame",0.998700023
6836.2345,590,1,"Input",0.0900000036
6836.2366,590,1,"GUI Update",0.0165999997
6836.2386,590,1,"Frustum Culling",0.0406000018
6836.2405,590,1,"Animations",9.99999975e-05
6836.2423,590,1,"Spring Dependencies",9.99999975e-05
6836.2442,590,1,"GUI Render",0.0427000001
6836.246,590,1,"Physics",0.00039999999
6836.2479,590,1,"Update",0.166800007
6836.2499,590,1,"Fixed Update",9.99999975e-05
6836.2516,590,1,"Spline Update",0.000199999995
6836.2535,590,1,"Compose",0.387699991
6836.2554,590,1,"Update Buffers (CPU)",0.0421000011
6836.4948,591,1,"RenderPath3D Update",0.1326
6836.4992,591,1,"Application Update",0.1478
6836.725,591,1,"Application Render",0.2236
6837.1227,591,1,"Application Compose",0.3792
6843.1987,591,1,"SubmitCommandLists",6.0687
6843.2231,591,1,"Shadowmap packing",0.000199999995
6843.2265,591,1,"Render",0.223499998
6843.2285,591,1,"Procedural Animations",0.000500000024
6843.2308,591,1,"Script Components",0.000199999995
6843.233,591,1,"CPU Frame",0.920599997
6843.2349,591,1,"Input",0.0894000009
6843.237,591,1,"GUI Update",0.0174000002
6843.239,591,1,"Frustum Culling",0.0507999994
6843.2409,591,1,"Animations",9.99999975e-05
6843.2429,591,1,"Spring Dependencies",9.99999975e-05
6843.2451,591,1,"GUI Render",0.0445999987
6843.2469,591,1,"Physics",0.00410000002
6843.2487,591,1,"Update",0.147599995
6843.2505,591,1,"Fixed Update",0.00190000003
6843.2524,591,1,"Spline Update",0.000199999995
6843.2543,591,1,"Compose",0.379000008
6843.2561,591,1,"Update Buffers (CPU)",0.0317000002
6843.5086,592,1,"RenderPath3D Update",0.1454
6843.5137,592,1,"Application Update",0.1625
6843.7517,592,1,"Application Render",0.236
6844.1586,592,1,"Application Compose",0.3822
6850.0359,592,1,"SubmitCommandLists",5.8693
6850.0784,592,1,"Shadowmap packing",0.000199999995
6850.0815,592,1,"Render",0.235799998
6850.0834,592,1,"Procedural Animations",0.000500000024
6850.0855,592,1,"Script Components",0
6850.0878,592,1,"CPU Frame",0.955299973
6850.0897,592,1,"Input",0.0905999988
6850.0918,592,1,"GUI Update",0.0176999997
6850.0937,592,1,"Frustum Culling",0.0456000008
6850.0955,592,1,"Animations",9.99999975e-05
6850.0975,592,1,"Spring Dependencies",0.000199999995
6850.0997,592,1,"GUI Render",0.0439000018
6850.1029,592,1,"Physics",0.000500000024
6850.1047,592,1,"Update",0.162300006
6850.1064,592,1,"Fixed Update",9.99999975e-05
6850.1082,592,1,"Spline Update",0.000199999995
6850.11,592,1,"Compose",0.381900012
6850.112,592,1,"Update Buffers (CPU)",0.0351000018
6850.3737,593,1,"RenderPath3D Update",0.1338
6850.378,593,1,"Application Update",0.1497
6850.6494,593,1,"Application Render",0.2693
6851.0662,593,1,"Application Compose",0.3802
6857.0137,593,1,"SubmitCommandLists",5.9396
6857.0361,593,1,"Shadowmap packing",0.000300000014
6857.0391,593,1,"Render",0.269199997
6857.0425,593,1,"Procedural Animations",0.000600000028
6857.0448,593,1,"Script Components",0
6857.0605,593,1,"CPU Frame",1.02600002
6857.0626,593,1,"Input",0.109999999
6857.0647,593,1,"GUI Update",0.0175999999
6857.0668,593,1,"Frustum Culling",0.0504000001
6857.0687,593,1,"Animations",9.99999975e-05
6857.0708,593,1,"Spring Dependencies",9.99999975e-05
6857.0729,593,1,"GUI Render",0.0421999991
6857.0746,593,1,"Physics",0.00319999992
6857.0765,593,1,"Update",0.149499997
6857.0783,593,1,"Fixed Update",0.00170000002
6857.0802,593,1,"Spline Update",9.99999975e-05
6857.0821,593,1,"Compose",0.379999995
6857.1118,593,1,"Update Buffers (CPU)",0.0403000005
6857.3494,594,1,"RenderPath3D Update",0.1225
6857.3537,594,1,"Application Update",0.1389
6857.6538,594,1,"Application Render",0.298
6858.0722,594,1,"Application Compose",0.3816
6863.9,594,1,"SubmitCommandLists",5.8199
6863.9208,594,1,"Shadowmap packing",9.99999975e-05
6863.9237,594,1,"Render",0.297899991
6863.9256,594,1,"Procedural Animations",0.0174000002
6863.9278,594,1,"Script Components",9.99999975e-05
6863.93,594,1,"CPU Frame",1.05449998
6863.9319,594,1,"Input",0.0986000001
6863.9339,594,1,"GUI Update",0.0168999992
6863.9356,594,1,"Frustum Culling",0.0344999991
6863.9374,594,1,"Animations",0
6863.9393,594,1,"Spring Dependencies",0.000199999995
6863.9415,594,1,"GUI Render",0.0571999997
6863.9433,594,1,"Physics",0.000600000028
6863.9451,594,1,"Update",0.138600007
6863.9468,594,1,"Fixed Update",9.99999975e-05
6863.9485,594,1,"Spline Update",0.000199999995
6863.9503,594,1,"Compose",0.381300002
6863.952,594,1,"Update Buffers (CPU)",0.0529000014
6864.226,595,1,"RenderPath3D Update",0.0809
6864.2351,595,1,"Application Update",0.1302
6864.5499,595,1,"Application Render",0.3039
6864.9511,595,1,"Application Compose",0.382
6870.9213,595,1,"SubmitCommandLists",5.9624
6870.9489,595,1,"Shadowmap packing",9.99999975e-05
6870.9523,595,1,"Render",0.303600013
6870.9544,595,1,"Procedural Animations",0.00039999999
6870.9566,595,1,"Script Components",0
6870.9589,595,1,"CPU Frame",1.04859996
6870.9609,595,1,"Input",0.148100004
6870.9632,595,1,"GUI Update",0.0205000006
6870.9651,595,1,"Frustum Culling",0.0311999992
6870.967,595,1,"Animations",9.99999975e-05
6870.9689,595,1,"Spring Dependencies",9.99999975e-05
6870.9709,595,1,"GUI Render",0.0487000011
6870.9727,595,1,"Physics",0.00039999999
6870.9746,595,1,"Update",0.129899994
6870.9763,595,1,"Fixed Update",9.99999975e-05
6870.978,595,1,"Spline Update",0.00480000023
6870.9799,595,1,"Compose",0.381599993
6870.9818,595,1,"Update Buffers (CPU)",0.0533999987
6871.2495,596,1,"RenderPath3D Update",0.1377
6871.2544,596,1,"Application Update",0.1708
6871.5182,596,1,"Application Render",0.2602
6871.9399,596,1,"Application Compose",0.3914
6877.8619,596,1,"SubmitCommandLists",5.9133
6877.8883,596,1,"Shadowmap packing",0.000199999995
6877.8916,596,1,"Render",0.259900004
6877.8935,596,1,"Procedural Animations",0.000600000028
6877.8958,596,1,"Script Components",9.99999975e-05
6877.8984,596,1,"CPU Frame",1.01329994
6877.9004,596,1,"Input",0.0951000005
6877.9026,596,1,"GUI Update",0.0195000004
6877.9044,596,1,"Frustum Culling",0.0368000008
6877.9063,596,1,"Animations",9.99999975e-05
6877.9081,596,1,"Spring Dependencies",9.99999975e-05
6877.9101,596,1,"GUI Render",0.0533999987
6877.9119,596,1,"Physics",0.00340000005
6877.9137,596,1,"Update",0.170599997
6877.9154,596,1,"Fixed Update",0.00240000011
6877.9172,596,1,"Spline Update",0.000300000014
6877.9191,596,1,"Compose",0.391000003
6877.921,596,1,"Update Buffers (CPU)",0.0417000018
6878.2047,597,1,"RenderPath3D Update",0.1169
6878.2104,597,1,"Application Update",0.1854
6878.4615,597,1,"Application Render",0.2489
6878.8728,597,1,"Application Compose",0.3842
6884.7416,597,1,"SubmitCommandLists",5.8606
6884.7642,597,1,"Shadowmap packing",0.000300000014
6884.7672,597,1,"Render",0.248600006
6884.769,597,1,"Procedural Animations",0.000500000024
6884.7713,597,1,"Script Components",9.99999975e-05
6884.7737,597,1,"CPU Frame",1.00530005
6884.7757,597,1,"Input",0.0992000028
6884.7778,597,1,"GUI Update",0.0217000004
6884.7797,597,1,"Frustum Culling",0.0335999988
6884.7815,597,1,"Animations",9.99999975e-05
6884.7834,597,1,"Spring Dependencies",9.99999975e-05
6884.7854,597,1,"GUI Render",0.0414000005
6884.7871,597,1,"Physics",0.000500000024
6884.7889,597,1,"Update",0.185200006
6884.7906,597,1,"Fixed Update",0
6884.7925,597,1,"Spline Update",9.99999975e-05
6884.7943,597,1,"Compose",0.383899987
6884.796,597,1,"Update Buffers (CPU)",0.0414000005
6885.0306,598,1,"RenderPath3D Update",0.0942
6885.0354,598,1,"Application Update",0.1092
6885.2839,598,1,"Application Render",0.2451
6885.6931,598,1,"Application Compose",0.3904
6891.7329,598,1,"SubmitCommandLists",6.0012
6891.7551,598,1,"Shadowmap packing",9.99999975e-05
6891.758,598,1,"Render",0.244800001
6891.7602,598,1,"Procedural Animations",0.000500000024
6891.7625,598,1,"Script Components",0
6891.7647,598,1,"CPU Frame",0.978299975
6891.7664,598,1,"Input",0.124300003
6891.7685,598,1,"GUI Update",0.0166999996
6891.7707,598,1,"Frustum Culling",0.0315000005
6891.7725,598,1,"Animations",0
6891.7741,598,1,"Spring Dependencies",9.99999975e-05
6891.7761,598,1,"GUI Render",0.0419000015
6891.7779,598,1,"Physics",0.0187999997
6891.7796,598,1,"Update",0.109099999
6891.7813,598,1,"Fixed Update",0.00159999996
6891.7831,598,1,"Spline Update",9.99999975e-05
6891.785,598,1,"Compose",0.390100002
6891.7868,598,1,"Update Buffers (CPU)",0.0449000001
6892.0186,599,1,"RenderPath3D Update",0.1328
6892.0224,599,1,"Application Update",0.149
6892.2991,599,1,"Application Render",0.2745
6892.6951,599,1,"Application Compose",0.3784
6898.7074,599,1,"SubmitCommandLists",6.004
6898.7288,599,1,"Shadowmap packing",0.000199999995
6898.7314,599,1,"Render",0.274300009
6898.7332,599,1,"Procedural Animations",0.00039999999
6898.7353,599,1,"Script Components",9.99999975e-05
6898.7377,599,1,"CPU Frame",0.958299994
6898.7395,599,1,"Input",0.0817999989
6898.7415,599,1,"GUI Update",0.0162000004
6898.7434,599,1,"Frustum Culling",0.0346000008
6898.7453,599,1,"Animations",9.99999975e-05
6898.747,599,1,"Spring Dependencies",9.99999975e-05
6898.749,599,1,"GUI Render",0.052099999
6898.7508,599,1,"Physics",0.0153000001
6898.7525,599,1,"Update",0.148800001
6898.7542,599,1,"Fixed Update",0
6898.7561,599,1,"Spline Update",0.000199999995
6898.7581,599,1,"Compose",0.378199995
6898.7601,599,1,"Update Buffers (CPU)",0.0553000011
6899.0747,600,1,"RenderPath3D Update",0.217
6899.0845,600,1,"Application Update",0.2367
6899.4173,600,1,"Application Render",0.3305
6899.8763,600,1,"Application Compose",0.442
6905.6272,600,1,"SubmitCommandLists",5.7417
6905.6522,600,1,"Shadowmap packing",0.000300000014
6905.6554,600,1,"Render",0.330300003
6905.6574,600,1,"Procedural Animations",0.000500000024
6905.6596,600,1,"Script Components",9.99999975e-05
6905.6622,600,1,"CPU Frame",1.16659999
6905.6642,600,1,"Input",0.0812999979
6905.6663,600,1,"GUI Update",0.0163000003
6905.6682,600,1,"Frustum Culling",0.0617999993
6905.6701,600,1,"Animations",9.99999975e-05
6905.6719,600,1,"Spring Dependencies",0
6905.674,600,1,"GUI Render",0.057
6905.676,600,1,"Physics",0.00300000003
6905.6779,600,1,"Update",0.236599997
6905.6796,600,1,"Fixed Update",0.00159999996
6905.6815,600,1,"Spline Update",0.000199999995
6905.6834,600,1,"Compose",0.441799998
6905.6852,600,1,"Update Buffers (CPU)",0.0546999983
6906.0145,601,1,"RenderPath3D Update",0.2226
6906.0237,601,1,"Application Update",0.2445
6906.3332,601,1,"Application Render",0.2981
6906.8187,601,1,"Application Compose",0.4382
6912.5551,601,1,"SubmitCommandLists",5.7269
6912.576,601,1,"Shadowmap packing",9.99999975e-05
6912.5789,601,1,"Render",0.297699988
6912.5808,601,1,"Procedural Animations",0.000500000024
6912.583,601,1,"Script Components",9.99999975e-05
6912.5852,601,1,"CPU Frame",1.18789995
6912.5871,601,1,"Input",0.0891999975
6912.5891,601,1,"GUI Update",0.0172000006
6912.5909,601,1,"Frustum Culling",0.0540000014
6912.5927,601,1,"Animations",9.99999975e-05
6912.5944,601,1,"Spring Dependencies",0
6912.5965,601,1,"GUI Render",0.0623000003
6912.5982,601,1,"Physics",0.000500000024
6912.6,601,1,"Update",0.244299993
6912.6018,601,1,"Fixed Update",0
6912.6035,601,1,"Spline Update",0.000199999995
6912.6053,601,1,"Compose",0.437700003
6912.6072,601,1,"Update Buffers (CPU)",0.0370000005
6912.9448,602,1,"RenderPath3D Update",0.2397
6912.9537,602,1,"Application Update",0.2594
6913.2727,602,1,"Application Render",0.3164
6913.6726,602,1,"Application Compose",0.3808
6919.5157,602,1,"SubmitCommandLists",5.8354
6919.5382,602,1,"Shadowmap packing",0.000300000014
6919.5411,602,1,"Render",0.316100001
6919.543,602,1,"Procedural Animations",0.00039999999
6919.5453,602,1,"Script Components",0
6919.5475,602,1,"CPU Frame",1.11409998
6919.5494,602,1,"Input",0.0829000026
6919.6301,602,1,"GUI Update",0.0161000006
6919.6321,602,1,"Frustum Culling",0.0634000003
6919.634,602,1,"Animations",9.99999975e-05
6919.6363,602,1,"Spring Dependencies",9.99999975e-05
6919.6383,602,1,"GUI Render",0.0421000011
6919.6401,602,1,"Physics",0.000500000024
6919.6419,602,1,"Update",0.259200007
6919.6436,602,1,"Fixed Update",0
6919.6454,602,1,"Spline Update",9.99999975e-05
6919.6472,602,1,"Compose",0.380499989
6919.649,602,1,"Update Buffers (CPU)",0.0527000017
6919.9218,603,1,"RenderPath3D Update",0.1562
6919.9291,603,1,"Application Update",0.1737
6920.1912,603,1,"Application Render",0.2587
6920.5999,603,1,"Application Compose",0.3836
6926.4415,603,1,"SubmitCommandLists",5.8335
6926.4889,603,1,"Shadowmap packing",0.000199999995
6926.4922,603,1,"Render",0.258399993
6926.4942,603,1,"Procedural Animations",0.00039999999
6926.4966,603,1,"Script Components",0.00230000005
6926.4993,603,1,"CPU Frame",1.07939994
6926.5013,603,1,"Input",0.100199997
6926.5036,603,1,"GUI Update",0.0197999999
6926.5055,603,1,"Frustum Culling",0.0502999984
6926.5073,603,1,"Animations",9.99999975e-05
6926.5096,603,1,"Spring Dependencies",0
6926.512,603,1,"GUI Render",0.0432000011
6926.5142,603,1,"Physics",0.00350000011
6926.5161,603,1,"Update",0.173600003
6926.5179,603,1,"Fixed Update",0.00170000002
6926.5198,603,1,"Spline Update",9.99999975e-05
6926.5217,603,1,"Compose",0.383399993
6926.5236,603,1,"Update Buffers (CPU)",0.0454000011
6926.8395,604,1,"RenderPath3D Update",0.1769
6926.8442,604,1,"Application Update",0.2033
6927.1618,604,1,"Application Render",0.3154
6927.5765,604,1,"Application Compose",0.3933
6933.4548,604,1,"SubmitCommandLists",5.869
6933.5008,604,1,"Shadowmap packing",9.99999975e-05
6933.5048,604,1,"Render",0.315100014
6933.5071,604,1,"Procedural Animations",0.00100000005
6933.5095,604,1,"Script Components",9.99999975e-05
6933.512,604,1,"CPU Frame",1.12230003
6933.5142,604,1,"Input",0.111000001
6933.5167,604,1,"GUI Update",0.0216000006
6933.5186,604,1,"Frustum Culling",0.0436000004
6933.5205,604,1,"Animations",0
6933.5224,604,1,"Spring Dependencies",0.000199999995
6933.5247,604,1,"GUI Render",0.0447999984
6933.5265,604,1,"Physics",0.00079999998
6933.5284,604,1,"Update",0.202999994
6933.5302,604,1,"Fixed Update",0
6933.5319,604,1,"Spline Update",0.000300000014
6933.534,604,1,"Compose",0.393099993
6933.5361,604,1,"Update Buffers (CPU)",0.063699998
6933.873,605,1,"RenderPath3D Update",0.1848
6933.8774,605,1,"Application Update",0.2086
6934.2793,605,1,"Application Render",0.3996
6934.7155,605,1,"Application Compose",0.4
6940.4227,605,1,"SubmitCommandLists",5.6961
6940.4637,605,1,"Shadowmap packing",0.000199999995
6940.4671,605,1,"Render",0.399399996
6940.4693,605,1,"Procedural Animations",0.0013
6940.4715,605,1,"Script Components",9.99999975e-05
6940.4744,605,1,"CPU Frame",1.24880004
6940.4763,605,1,"Input",0.121399999
6940.4788,605,1,"GUI Update",0.0231999997
6940.4808,605,1,"Frustum Culling",0.0496999994
6940.4827,605,1,"Animations",9.99999975e-05
6940.4848,605,1,"Spring Dependencies",0.000199999995
6940.4869,605,1,"GUI Render",0.0469000004
6940.4887,605,1,"Physics",0.00449999981
6940.4906,605,1,"Update",0.208399996
6940.4925,605,1,"Fixed Update",0.0046000001
6940.4944,605,1,"Spline Update",0.000199999995
6940.4962,605,1,"Compose",0.399599999
6940.4981,605,1,"Update Buffers (CPU)",0.0631000027
6940.8152,606,1,"RenderPath3D Update",0.1541
6940.8211,606,1,"Application Update",0.1832
6941.1465,606,1,"Application Render",0.3225
6941.565,606,1,"Application Compose",0.3903
6947.2477,606,1,"SubmitCommandLists",5.6732
6947.2754,606,1,"Shadowmap packing",0.000199999995
6947.2785,606,1,"Render",0.3222
6947.2807,606,1,"Procedural Animations",0.00120000006
6947.2831,606,1,"Script Components",9.99999975e-05
6947.2857,606,1,"CPU Frame",1.13059998
6947.2879,606,1,"Input",0.133000001
6947.2901,606,1,"GUI Update",0.0217000004
6947.2923,606,1,"Frustum Culling",0.0577999987
6947.2943,606,1,"Animations",9.99999975e-05
6947.2961,606,1,"Spring Dependencies",0.000199999995
6947.2981,606,1,"GUI Render",0.0610999987
6947.3,606,1,"Physics",0.00109999999
6947.3368,606,1,"Update",0.182899997
6947.3386,606,1,"Fixed Update",9.99999975e-05
6947.3404,606,1,"Spline Update",0.000300000014
6947.3423,606,1,"Compose",0.389899999
6947.3442,606,1,"Update Buffers (CPU)",0.0637999997
6947.6023,607,1,"RenderPath3D Update",0.1274
6947.6067,607,1,"Application Update",0.1494
6947.909,607,1,"Application Render",0.3001
6948.3241,607,1,"Application Compose",0.3918
6954.2241,607,1,"SubmitCommandLists",5.8908
6954.2702,607,1,"Shadowmap packing",0.000199999995
6954.2736,607,1,"Render",0.299899995
6954.276,607,1,"Procedural Animations",0.000699999975
6954.2784,607,1,"Script Components",0.000199999995
6954.2809,607,1,"CPU Frame",1.07070005
6954.283,607,1,"Input",0.107199997
6954.2851,607,1,"GUI Update",0.0186999999
6954.2872,607,1,"Frustum Culling",0.0450999998
6954.2891,607,1,"Animations",9.99999975e-05
6954.2915,607,1,"Spring Dependencies",0.000199999995
6954.2938,607,1,"GUI Render",0.0432999991
6954.2957,607,1,"Physics",0.000699999975
6954.2975,607,1,"Update",0.149000004
6954.2993,607,1,"Fixed Update",0
6954.3013,607,1,"Spline Update",0.000199999995
6954.3032,607,1,"Compose",0.391600013
6954.3051,607,1,"Update Buffers (CPU)",0.0474000014
6954.5982,608,1,"RenderPath3D Update",0.1481
6954.6024,608,1,"Application Update",0.169
6954.9116,608,1,"Application Render",0.3066
6955.344,608,1,"Application Compose",0.3983
6961.157,608,1,"SubmitCommandLists",5.8022
6961.2071,608,1,"Shadowmap packing",0.000600000028
6961.2105,608,1,"Render",0.306499988
6961.2125,608,1,"Procedural Animations",0.000699999975
6961.2146,608,1,"Script Components",9.99999975e-05
6961.2177,608,1,"CPU Frame",1.10430002
6961.2197,608,1,"Input",0.116899997
6961.2218,608,1,"GUI Update",0.0222999994
6961.2237,608,1,"Frustum Culling",0.0449000001
6961.2255,608,1,"Animations",9.99999975e-05
6961.2277,608,1,"Spring Dependencies",0.000199999995
6961.2298,608,1,"GUI Render",0.0478000008
6961.2317,608,1,"Physics",0.00579999993
6961.2335,608,1,"Update",0.168799996
6961.2354,608,1,"Fixed Update",0.00469999993
6961.2372,608,1,"Spline Update",0.000199999995
6961.239,608,1,"Compose",0.398000002
6961.2408,608,1,"Update Buffers (CPU)",0.0579000004
6961.5514,609,1,"RenderPath3D Update",0.1619
6961.5555,609,1,"Application Update",0.1899
6961.909,609,1,"Application Render",0.3514
6962.3438,609,1,"Application Compose",0.394
6968.0446,609,1,"SubmitCommandLists",5.6915
6968.0678,609,1,"Shadowmap packing",0.000199999995
6968.0705,609,1,"Render",0.351099998
6968.0723,609,1,"Procedural Animations",0.000899999985
6968.0743,609,1,"Script Components",9.99999975e-05
6968.0769,609,1,"CPU Frame",1.17149997
6968.0789,609,1,"Input",0.117399998
6968.0809,609,1,"GUI Update",0.0210999995
6968.0828,609,1,"Frustum Culling",0.0667999983
6968.0846,609,1,"Animations",9.99999975e-05
6968.0864,609,1,"Spring Dependencies",0.000199999995
6968.0884,609,1,"GUI Render",0.0491000004
6968.0901,609,1,"Physics",0.00249999994
6968.0919,609,1,"Update",0.189700007
6968.0937,609,1,"Fixed Update",0
6968.0956,609,1,"Spline Update",0.000199999995
6968.0975,609,1,"Compose",0.393700004
6968.0992,609,1,"Update Buffers (CPU)",0.0669
6968.3665,610,1,"RenderPath3D Update",0.1377
6968.3719,610,1,"Application Update",0.1715
6968.6769,610,1,"Application Render",0.3029
6969.0974,610,1,"Application Compose",0.3831
6975.0028,610,1,"SubmitCommandLists",5.8972
6975.0254,610,1,"Shadowmap packing",9.99999975e-05
6975.0284,610,1,"Render",0.302599996
6975.0305,610,1,"Procedural Animations",0.000600000028
6975.0327,610,1,"Script Components",9.99999975e-05
6975.035,610,1,"CPU Frame",1.04879999
6975.037,610,1,"Input",0.0938000008
6975.039,610,1,"GUI Update",0.0170000009
6975.0408,610,1,"Frustum Culling",0.059700001
6975.0427,610,1,"Animations",9.99999975e-05
6975.0444,610,1,"Spring Dependencies",0.000199999995
6975.0464,610,1,"GUI Render",0.0427000001
6975.0481,610,1,"Physics",0.00419999985
6975.0498,610,1,"Update",0.171299994
6975.0515,610,1,"Fixed Update",0.00260000001
6975.0533,610,1,"Spline Update",0.000199999995
6975.0551,610,1,"Compose",0.382699996
6975.057,610,1,"Update Buffers (CPU)",0.0390000008
6975.3579,611,1,"RenderPath3D Update",0.1373
6975.3622,611,1,"Application Update",0.1548
6975.6459,611,1,"Application Render",0.2817
6976.0875,611,1,"Application Compose",0.4237
6981.9802,611,1,"SubmitCommandLists",5.8848
6982.0199,611,1,"Shadowmap packing",0.000199999995
6982.0259,611,1,"Render",0.281599998
6982.0292,611,1,"Procedural Animations",0.000899999985
6982.033,611,1,"Script Components",9.99999975e-05
6982.0375,611,1,"CPU Frame",1.08070004
6982.0415,611,1,"Input",0.111299999
6982.0451,611,1,"GUI Update",0.0174000002
6982.0484,611,1,"Frustum Culling",0.0599999987
6982.0526,611,1,"Animations",0
6982.0551,611,1,"Spring Dependencies",9.99999975e-05
6982.0579,611,1,"GUI Render",0.0502000004
6982.061,611,1,"Physics",0.00039999999
6982.0643,611,1,"Update",0.154599994
6982.0683,611,1,"Fixed Update",9.99999975e-05
6982.0722,611,1,"Spline Update",0.000199999995
6982.0755,611,1,"Compose",0.422699988
6982.0783,611,1,"Update Buffers (CPU)",0.0377000012
6982.3901,612,1,"RenderPath3D Update",0.1353
6982.3958,612,1,"Application Update",0.1534
6982.6827,612,1,"Application Render",0.2839
6983.0851,612,1,"Application Compose",0.3804
6988.949,612,1,"SubmitCommandLists",5.8558
6988.9727,612,1,"Shadowmap packing",0.000199999995
6988.9758,612,1,"Render",0.283699989
6988.9779,612,1,"Procedural Animations",0.000600000028
6988.98,612,1,"Script Components",9.99999975e-05
6988.9825,612,1,"CPU Frame",1.09490001
6988.9845,612,1,"Input",0.153500006
6988.9864,612,1,"GUI Update",0.0184000004
6988.9884,612,1,"Frustum Culling",0.0537
6988.9903,612,1,"Animations",9.99999975e-05
6988.992,612,1,"Spring Dependencies",9.99999975e-05
6988.9941,612,1,"GUI Render",0.0599999987
6988.9958,612,1,"Physics",0.00350000011
6988.9976,612,1,"Update",0.153300002
6988.9992,612,1,"Fixed Update",0.00200000009
6989.001,612,1,"Spline Update",0.000199999995
6989.0029,612,1,"Compose",0.380199999
6989.0047,612,1,"Update Buffers (CPU)",0.0480000004
6989.2526,613,1,"RenderPath3D Update",0.1471
6989.2579,613,1,"Application Update",0.1642
6989.5793,613,1,"Application Render",0.3179
6989.977,613,1,"Application Compose",0.3788
6995.8924,613,1,"SubmitCommandLists",5.9075
6995.9152,613,1,"Shadowmap packing",9.99999975e-05
6995.918,613,1,"Render",0.317799985
6995.9199,613,1,"Procedural Animations",0.000500000024
6995.9222,613,1,"Script Components",9.99999975e-05
6995.9243,613,1,"CPU Frame",1.02359998
6995.9261,613,1,"Input",0.0848999992
6995.9281,613,1,"GUI Update",0.0174000002
6995.93,613,1,"Frustum Culling",0.0559
6995.9319,613,1,"Animations",9.99999975e-05
6995.9336,613,1,"Spring Dependencies",9.99999975e-05
6995.9355,613,1,"GUI Render",0.0359999985
6995.9372,613,1,"Physics",0.00039999999
6995.9391,613,1,"Update",0.163900003
6995.9408,613,1,"Fixed Update",9.99999975e-05
6995.9425,613,1,"Spline Update",9.99999975e-05
6995.9443,613,1,"Compose",0.378600001
6995.946,613,1,"Update Buffers (CPU)",0.0505000018
6996.2422,614,1,"RenderPath3D Update",0.1324
6996.2474,614,1,"Application Update",0.214
6996.5168,614,1,"Application Render",0.2672
6996.9349,614,1,"Application Compose",0.4005
7002.8407,614,1,"SubmitCommandLists",5.8968
7002.8614,614,1,"Shadowmap packing",9.99999975e-05
7002.864,614,1,"Render",0.267100006
7002.8659,614,1,"Procedural Animations",0.000500000024
7002.868,614,1,"Script Components",9.99999975e-05
7002.8702,614,1,"CPU Frame",1.03789997
7002.8721,614,1,"Input",0.0832000002
7002.8741,614,1,"GUI Update",0.0164000001
7002.8759,614,1,"Frustum Culling",0.0546999983
7002.8779,614,1,"Animations",9.99999975e-05
7002.8797,614,1,"Spring Dependencies",9.99999975e-05
7002.8817,614,1,"GUI Render",0.0406000018
7002.8834,614,1,"Physics",0.00039999999
7002.8853,614,1,"Update",0.2139
7002.8871,614,1,"Fixed Update",0
7002.8888,614,1,"Spline Update",0.000199999995
7002.8907,614,1,"Compose",0.400299996
7002.8925,614,1,"Update Buffers (CPU)",0.0383000001
7003.1318,615,1,"RenderPath3D Update",0.1356
7003.1367,615,1,"Application Update",0.1499
7003.4025,615,1,"Application Render",0.2622
7003.812,615,1,"Application Compose",0.3744
7009.7348,615,1,"SubmitCommandLists",5.9158
7009.7918,615,1,"Shadowmap packing",0.000199999995
7009.7948,615,1,"Render",0.262100011
7009.7968,615,1,"Procedural Animations",0.00039999999
7009.799,615,1,"Script Components",9.99999975e-05
7009.8015,615,1,"CPU Frame",0.967800021
7009.8066,615,1,"Input",0.0891000032
7009.8109,615,1,"GUI Update",0.0153000001
7009.8127,615,1,"Frustum Culling",0.0450000018
7009.8145,615,1,"Animations",0
7009.8163,615,1,"Spring Dependencies",9.99999975e-05
7009.8184,615,1,"GUI Render",0.0353999995
7009.82,615,1,"Physics",0.0176999997
7009.8219,615,1,"Update",0.149599999
7009.8235,615,1,"Fixed Update",0.00120000006
7009.8253,615,1,"Spline Update",0.000199999995
7009.8272,615,1,"Compose",0.374000013
7009.8289,615,1,"Update Buffers (CPU)",0.0282000005
7010.0588,616,1,"RenderPath3D Update",0.1322
7010.0639,616,1,"Application Update",0.1483
7010.3533,616,1,"Application Render",0.2869
7010.7495,616,1,"Application Compose",0.3782
7016.6652,616,1,"SubmitCommandLists",5.9084
7016.6876,616,1,"Shadowmap packing",9.99999975e-05
7016.6907,616,1,"Render",0.286599994
7016.6927,616,1,"Procedural Animations",0.00039999999
7016.695,616,1,"Script Components",9.99999975e-05
7016.6972,616,1,"CPU Frame",0.976300001
7016.699,616,1,"Input",0.0825000033
7016.7012,616,1,"GUI Update",0.0333000012
7016.703,616,1,"Frustum Culling",0.0434000008
7016.7048,616,1,"Animations",9.99999975e-05
7016.7065,616,1,"Spring Dependencies",0
7016.7085,616,1,"GUI Render",0.0522999987
7016.7105,616,1,"Physics",0.00039999999
7016.7123,616,1,"Update",0.148100004
7016.714,616,1,"Fixed Update",9.99999975e-05
7016.7158,616,1,"Spline Update",0.000199999995
7016.7177,616,1,"Compose",0.377999991
7016.7195,616,1,"Update Buffers (CPU)",0.0436000004
7016.9388,617,1,"RenderPath3D Update",0.1154
7016.9431,617,1,"Application Update",0.1295
7017.27,617,1,"Application Render",0.3234
7017.6914,617,1,"Application Compose",0.3883
7023.619,617,1,"SubmitCommandLists",5.9176
7023.6423,617,1,"Shadowmap packing",9.99999975e-05
7023.6452,617,1,"Render",0.323100001
7023.6471,617,1,"Procedural Animations",0.00039999999
7023.6492,617,1,"Script Components",9.99999975e-05
7023.6514,617,1,"CPU Frame",1.02390003
7023.6532,617,1,"Input",0.0885000005
7023.6553,617,1,"GUI Update",0.0162000004
7023.6574,617,1,"Frustum Culling",0.0483999997
7023.6602,617,1,"Animations",9.99999975e-05
7023.6619,617,1,"Spring Dependencies",9.99999975e-05
7023.6659,617,1,"GUI Render",0.0606000014
7023.6677,617,1,"Physics",0.00449999981
7023.6694,617,1,"Update",0.129199997
7023.6711,617,1,"Fixed Update",0.00139999995
7023.6729,617,1,"Spline Update",0.000199999995
7023.6748,617,1,"Compose",0.387800008
7023.6765,617,1,"Update Buffers (CPU)",0.0439000018
7023.8907,618,1,"RenderPath3D Update",0.1046
7023.8945,618,1,"Application Update",0.1295
7024.1635,618,1,"Application Render",0.267
7024.5935,618,1,"Application Compose",0.3843
7030.7151,618,1,"SubmitCommandLists",6.1137
7030.7348,618,1,"Shadowmap packing",0.000199999995
7030.7374,618,1,"Render",0.266900003
7030.7394,618,1,"Procedural Animations",0.00039999999
7030.7413,618,1,"Script Components",9.99999975e-05
7030.7437,618,1,"CPU Frame",0.969799995
7030.7456,618,1,"Input",0.0842999965
7030.7476,618,1,"GUI Update",0.0185000002
7030.7493,618,1,"Frustum Culling",0.0326999985
7030.751,618,1,"Animations",9.99999975e-05
7030.7529,618,1,"Spring Dependencies",9.99999975e-05
7030.7547,618,1,"GUI Render",0.0414000005
7030.7564,618,1,"Physics",0.000500000024
7030.7582,618,1,"Update",0.129199997
7030.7612,618,1,"Fixed Update",9.99999975e-05
7030.7629,618,1,"Spline Update",9.99999975e-05
7030.7667,618,1,"Compose",0.383899987
7030.7772,618,1,"Update Buffers (CPU)",0.0485999994
7031.066,619,1,"RenderPath3D Update",0.1985
7031.0877,619,1,"Application Update",0.2306
7031.3948,619,1,"Application Render",0.3048
7031.7762,619,1,"Application Compose",0.3651
7037.7122,619,1,"SubmitCommandLists",5.9287
7037.7408,619,1,"Shadowmap packing",0.000199999995
7037.7442,619,1,"Render",0.304500014
7037.7462,619,1,"Procedural Animations",0.00039999999
7037.7484,619,1,"Script Components",9.99999975e-05
7037.7511,619,1,"CPU Frame",1.05830002
7037.7864,619,1,"Input",0.0758000016
7037.7888,619,1,"GUI Update",0.0216000006
7037.7908,619,1,"Frustum Culling",0.0502000004
7037.7927,619,1,"Animations",9.99999975e-05
7037.7945,619,1,"Spring Dependencies",9.99999975e-05
7037.7995,619,1,"GUI Render",0.0983999968
7037.8026,619,1,"Physics",0.00039999999
7037.8043,619,1,"Update",0.230399996
7037.8061,619,1,"Fixed Update",0
7037.808,619,1,"Spline Update",9.99999975e-05
7037.8099,619,1,"Compose",0.364899993
7037.8117,619,1,"Update Buffers (CPU)",0.0522999987
7038.2691,620,1,"RenderPath3D Update",0.3416
7038.2792,620,1,"Application Update",0.3649
7038.7814,620,1,"Application Render",0.4997
7039.1978,620,1,"Application Compose",0.3943
7044.6874,620,1,"SubmitCommandLists",5.4817
7044.7125,620,1,"Shadowmap packing",0.000300000014
7044.7159,620,1,"Render",0.49939999
7044.7181,620,1,"Procedural Animations",0.000699999975
7044.7205,620,1,"Script Components",9.99999975e-05
7044.7231,620,1,"CPU Frame",1.47930002
7044.725,620,1,"Input",0.0944999978
7044.7272,620,1,"GUI Update",0.0190999992
7044.7291,620,1,"Frustum Culling",0.137199998
7044.7311,620,1,"Animations",9.99999975e-05
7044.7329,620,1,"Spring Dependencies",9.99999975e-05
7044.7349,620,1,"GUI Render",0.0370999984
7044.7462,620,1,"Physics",0.00419999985
7044.748,620,1,"Update",0.364800006
7044.7498,620,1,"Fixed Update",0.00230000005
7044.7515,620,1,"Spline Update",0.000199999995
7044.7535,620,1,"Compose",0.393999994
7044.7554,620,1,"Update Buffers (CPU)",0.0423999988
7045.0198,621,1,"RenderPath3D Update",0.1262
7045.0291,621,1,"Application Update",0.148
7045.3141,621,1,"Application Render",0.2744
7045.7631,621,1,"Application Compose",0.393
7051.4926,621,1,"SubmitCommandLists",5.7205
7051.5228,621,1,"Shadowmap packing",0.000300000014
7051.5256,621,1,"Render",0.274199992
7051.5275,621,1,"Procedural Animations",0.000600000028
7051.5296,621,1,"Script Components",9.99999975e-05
7051.5321,621,1,"CPU Frame",1.07190001
7051.5339,621,1,"Input",0.121100001
7051.5358,621,1,"GUI Update",0.0174000002
7051.5376,621,1,"Frustum Culling",0.0461000018
7051.5394,621,1,"Animations",9.99999975e-05
7051.5412,621,1,"Spring Dependencies",9.99999975e-05
7051.5431,621,1,"GUI Render",0.0628999993
7051.5447,621,1,"Physics",0.000500000024
7051.5465,621,1,"Update",0.147799999
7051.5481,621,1,"Fixed Update",0
7051.5499,621,1,"Spline Update",9.99999975e-05
7051.5516,621,1,"Compose",0.392500013
7051.5534,621,1,"Update Buffers (CPU)",0.0604999997
7051.8398,622,1,"RenderPath3D Update",0.1582
7051.8439,622,1,"Application Update",0.1723
7052.1526,622,1,"Application Render",0.3066
7052.5554,622,1,"Application Compose",0.3843
7058.4199,622,1,"SubmitCommandLists",5.8564
7058.4446,622,1,"Shadowmap packing",0.000199999995
7058.4477,622,1,"Render",0.306300014
7058.4497,622,1,"Procedural Animations",0.00039999999
7058.452,622,1,"Script Components",0
7058.4545,622,1,"CPU Frame",1.05180001
7058.4565,622,1,"Input",0.112400003
7058.4587,622,1,"GUI Update",0.0168999992
7058.4608,622,1,"Frustum Culling",0.0505000018
7058.4627,622,1,"Animations",0
7058.4644,622,1,"Spring Dependencies",9.99999975e-05
7058.4668,622,1,"GUI Render",0.0366000012
7058.4686,622,1,"Physics",0.00389999989
7058.4705,622,1,"Update",0.172099993
7058.4722,622,1,"Fixed Update",0.00190000003
7058.4741,622,1,"Spline Update",9.99999975e-05
7058.4761,622,1,"Compose",0.38409999
7058.478,622,1,"Update Buffers (CPU)",0.053199999
7058.72,623,1,"RenderPath3D Update",0.1398
7058.7242,623,1,"Application Update",0.1556
7059.0223,623,1,"Application Render",0.2961
7059.4481,623,1,"Application Compose",0.3821
7065.3356,623,1,"SubmitCommandLists",5.8799
7065.3561,623,1,"Shadowmap packing",0.000199999995
7065.3591,623,1,"Render",0.295899987
7065.3611,623,1,"Procedural Animations",0.00079999998
7065.3632,623,1,"Script Components",9.99999975e-05
7065.3656,623,1,"CPU Frame",1.02359998
7065.3674,623,1,"Input",0.0860000029
7065.3694,623,1,"GUI Update",0.0170000009
7065.3712,623,1,"Frustum Culling",0.0560999997
7065.3729,623,1,"Animations",9.99999975e-05
7065.3747,623,1,"Spring Dependencies",9.99999975e-05
7065.3767,623,1,"GUI Render",0.0623999983
7065.4016,623,1,"Physics",0.00039999999
7065.4034,623,1,"Update",0.155499995
7065.4051,623,1,"Fixed Update",9.99999975e-05
7065.4069,623,1,"Spline Update",0.000199999995
7065.4101,623,1,"Compose",0.381700009
7065.4154,623,1,"Update Buffers (CPU)",0.0595000014
7065.6591,624,1,"RenderPath3D Update",0.1347
7065.6634,624,1,"Application Update",0.1485
7065.9261,624,1,"Application Render",0.2607
7066.3443,624,1,"Application Compose",0.3752
7072.3796,624,1,"SubmitCommandLists",6.028
7072.406,624,1,"Shadowmap packing",0.000199999995
7072.4094,624,1,"Render",0.260500014
7072.4114,624,1,"Procedural Animations",0.000500000024
7072.4136,624,1,"Script Components",9.99999975e-05
7072.4162,624,1,"CPU Frame",1.00539994
7072.4181,624,1,"Input",0.0861999989
7072.4202,624,1,"GUI Update",0.0218000002
7072.422,624,1,"Frustum Culling",0.0219999999
7072.4239,624,1,"Animations",9.99999975e-05
7072.4256,624,1,"Spring Dependencies",9.99999975e-05
7072.4276,624,1,"GUI Render",0.0540999994
7072.4293,624,1,"Physics",0.00319999992
7072.4311,624,1,"Update",0.148399994
7072.4328,624,1,"Fixed Update",0.00150000001
7072.4346,624,1,"Spline Update",0.000199999995
7072.4365,624,1,"Compose",0.375
7072.4384,624,1,"Update Buffers (CPU)",0.0436000004
7072.6719,625,1,"RenderPath3D Update",0.1293
7072.6757,625,1,"Application Update",0.146
7072.9359,625,1,"Application Render",0.2582
7073.3805,625,1,"Application Compose",0.4201
7079.311,625,1,"SubmitCommandLists",5.9219
7079.3619,625,1,"Shadowmap packing",0.000199999995
7079.3657,625,1,"Render",0.2579
7079.3678,625,1,"Procedural Animations",0.00039999999
7079.3703,625,1,"Script Components",9.99999975e-05
7079.3733,625,1,"CPU Frame",0.995800018
7079.3753,625,1,"Input",0.0861999989
7079.3781,625,1,"GUI Update",0.0175000001
7079.3803,625,1,"Frustum Culling",0.0386000015
7079.3823,625,1,"Animations",0
7079.3841,625,1,"Spring Dependencies",9.99999975e-05
7079.3864,625,1,"GUI Render",0.0443999991
7079.3883,625,1,"Physics",0.000500000024
7079.3901,625,1,"Update",0.145699993
7079.392,625,1,"Fixed Update",9.99999975e-05
7079.3951,625,1,"Spline Update",0.000199999995
7079.3983,625,1,"Compose",0.419800013
7079.4018,625,1,"Update Buffers (CPU)",0.0533999987
7079.7097,626,1,"RenderPath3D Update",0.1503
7079.7143,626,1,"Application Update",0.1775
7080.0368,626,1,"Application Render",0.3203
7080.4775,626,1,"Application Compose",0.4027
7086.1764,626,1,"SubmitCommandLists",5.6875
7086.2036,626,1,"Shadowmap packing",0.000199999995
7086.2069,626,1,"Render",0.319900006
7086.209,626,1,"Procedural Animations",0.00109999999
7086.2114,626,1,"Script Components",9.99999975e-05
7086.2141,626,1,"CPU Frame",1.15069997
7086.216,626,1,"Input",0.124799997
7086.2183,626,1,"GUI Update",0.0252
7086.2204,626,1,"Frustum Culling",0.0507000014
7086.2223,626,1,"Animations",9.99999975e-05
7086.2242,626,1,"Spring Dependencies",0.000199999995
7086.2264,626,1,"GUI Render",0.0515000001
7086.2282,626,1,"Physics",0.00079999998
7086.2303,626,1,"Update",0.177100003
7086.232,626,1,"Fixed Update",9.99999975e-05
7086.2338,626,1,"Spline Update",0.000300000014
7086.2358,626,1,"Compose",0.4023
7086.2376,626,1,"Update Buffers (CPU)",0.0737000033
7086.5024,627,1,"RenderPath3D Update",0.1449
7086.5064,627,1,"Application Update",0.1622
7086.7579,627,1,"Application Render",0.2493
7087.1664,627,1,"Application Compose",0.3879
7093.1334,627,1,"SubmitCommandLists",5.9587
7093.1588,627,1,"Shadowmap packing",0.000199999995
7093.1622,627,1,"Render",0.2491
7093.1643,627,1,"Procedural Animations",0.000600000028
7093.1667,627,1,"Script Components",0.000199999995
7093.169,627,1,"CPU Frame",0.984300017
7093.171,627,1,"Input",0.0991000012
7093.1731,627,1,"GUI Update",0.0188999996
7093.175,627,1,"Frustum Culling",0.0423999988
7093.1769,627,1,"Animations",9.99999975e-05
7093.179,627,1,"Spring Dependencies",0.000300000014
7093.1811,627,1,"GUI Render",0.0395000018
7093.183,627,1,"Physics",0.0046000001
7093.1848,627,1,"Update",0.162
7093.1866,627,1,"Fixed Update",0.00260000001
7093.1884,627,1,"Spline Update",9.99999975e-05
7093.1903,627,1,"Compose",0.387600005
7093.2287,627,1,"Update Buffers (CPU)",0.0480000004
7093.4879,628,1,"RenderPath3D Update",0.1454
7093.4917,628,1,"Application Update",0.1631
7093.7385,628,1,"Application Render",0.2447
7094.186,628,1,"Application Compose",0.42
7100.2203,628,1,"SubmitCommandLists",6.0227
7100.3095,628,1,"Shadowmap packing",0.000199999995
7100.3155,628,1,"Render",0.244499996
7100.3185,628,1,"Procedural Animations",0.00039999999
7100.3206,628,1,"Script Components",9.99999975e-05
7100.3238,628,1,"CPU Frame",1.04990005
7100.3258,628,1,"Input",0.0948000029
7100.3286,628,1,"GUI Update",0.0178999994
7100.3318,628,1,"Frustum Culling",0.0518999994
7100.3337,628,1,"Animations",9.99999975e-05
7100.3355,628,1,"Spring Dependencies",9.99999975e-05
7100.3376,628,1,"GUI Render",0.0399000011
7100.3394,628,1,"Physics",0.00039999999
7100.3412,628,1,"Update",0.163000003
7100.343,628,1,"Fixed Update",0
7100.3449,628,1,"Spline Update",0.000199999995
7100.347,628,1,"Compose",0.41960001
7100.3499,628,1,"Update Buffers (CPU)",0.0423999988
7100.6879,629,1,"RenderPath3D Update",0.16
7100.6921,629,1,"Application Update",0.1783
7100.9649,629,1,"Application Render",0.2705
7101.3793,629,1,"Application Compose",0.3886
7107.0366,629,1,"SubmitCommandLists",5.6487
7107.0657,629,1,"Shadowmap packing",0.000199999995
7107.0687,629,1,"Render",0.270300001
7107.0707,629,1,"Procedural Animations",0.00109999999
7107.0731,629,1,"Script Components",0
7107.0754,629,1,"CPU Frame",1.12989998
7107.0772,629,1,"Input",0.152799994
7107.0794,629,1,"GUI Update",0.0204000007
7107.0812,629,1,"Frustum Culling",0.0410000011
7107.0844,629,1,"Animations",9.99999975e-05
7107.0865,629,1,"Spring Dependencies",9.99999975e-05
7107.1032,629,1,"GUI Render",0.0434000008
7107.1049,629,1,"Physics",0.00480000023
7107.1067,629,1,"Update",0.178100005
7107.1084,629,1,"Fixed Update",0.00260000001
7107.1102,629,1,"Spline Update",9.99999975e-05
7107.1121,629,1,"Compose",0.388399988
7107.1138,629,1,"Update Buffers (CPU)",0.0584000014
7107.3889,630,1,"RenderPath3D Update",0.1255
7107.393,630,1,"Application Update",0.1483
7107.7571,630,1,"Application Render",0.3619
7108.1874,630,1,"Application Compose",0.3964
7114.0857,630,1,"SubmitCommandLists",5.8882
7114.1382,630,1,"Shadowmap packing",0.000199999995
7114.1417,630,1,"Render",0.361600012
7114.1439,630,1,"Procedural Animations",0.00109999999
7114.1463,630,1,"Script Components",9.99999975e-05
7114.1493,630,1,"CPU Frame",1.14489996
7114.1513,630,1,"Input",0.124899998
7114.1536,630,1,"GUI Update",0.0207000002
7114.1556,630,1,"Frustum Culling",0.0527000017
7114.1575,630,1,"Animations",9.99999975e-05
7114.1593,630,1,"Spring Dependencies",0.000199999995
7114.1614,630,1,"GUI Render",0.136000007
7114.1633,630,1,"Physics",0.00109999999
7114.1651,630,1,"Update",0.148100004
7114.167,630,1,"Fixed Update",9.99999975e-05
7114.1689,630,1,"Spline Update",0.000199999995
7114.1708,630,1,"Compose",0.395999998
7114.1726,630,1,"Update Buffers (CPU)",0.0715999976
7114.4477,631,1,"RenderPath3D Update",0.1204
7114.4519,631,1,"Application Update",0.1466
7114.7694,631,1,"Application Render",0.3152
7115.2015,631,1,"Application Compose",0.3979
7120.8117,631,1,"SubmitCommandLists",5.5999
7120.8337,631,1,"Shadowmap packing",0.000300000014
7120.8365,631,1,"Render",0.315100014
7120.8384,631,1,"Procedural Animations",0.00150000001
7120.8407,631,1,"Script Components",0.000199999995
7120.8431,631,1,"CPU Frame",1.102
7120.845,631,1,"Input",0.124600001
7120.8472,631,1,"GUI Update",0.0232999995
7120.8491,631,1,"Frustum Culling",0.0434999987
7120.8509,631,1,"Animations",9.99999975e-05
7120.8528,631,1,"Spring Dependencies",0.000199999995
7120.855,631,1,"GUI Render",0.0527000017
7120.8568,631,1,"Physics",0.0013
7120.8585,631,1,"Update",0.146500006
7120.8602,631,1,"Fixed Update",9.99999975e-05
7120.862,631,1,"Spline Update",0.000300000014
7120.8639,631,1,"Compose",0.397599995
7120.8657,631,1,"Update Buffers (CPU)",0.0724000037
7121.0902,632,1,"RenderPath3D Update",0.1091
7121.0951,632,1,"Application Update",0.1262
7121.3716,632,1,"Application Render",0.2744
7121.776,632,1,"Application Compose",0.3845
7127.8116,632,1,"SubmitCommandLists",5.9889
7127.8325,632,1,"Shadowmap packing",0.000199999995
7127.8351,632,1,"Render",0.274199992
7127.837,632,1,"Procedural Animations",0.00039999999
7127.8391,632,1,"Script Components",0
7127.8416,632,1,"CPU Frame",0.99849999
7127.8434,632,1,"Input",0.0974999964
7127.8455,632,1,"GUI Update",0.0162000004
7127.8473,632,1,"Frustum Culling",0.0449000001
7127.8491,632,1,"Animations",9.99999975e-05
7127.8511,632,1,"Spring Dependencies",9.99999975e-05
7127.8532,632,1,"GUI Render",0.0562999994
7127.855,632,1,"Physics",0.0057000001
7127.8569,632,1,"Update",0.126100004
7127.8586,632,1,"Fixed Update",0.00170000002
7127.8604,632,1,"Spline Update",9.99999975e-05
7127.8622,632,1,"Compose",0.384200007
7127.8639,632,1,"Update Buffers (CPU)",0.052099999
7128.0996,633,1,"RenderPath3D Update",0.118
7128.1032,633,1,"Application Update",0.1334
7128.5172,633,1,"Application Render",0.4119
7128.9268,633,1,"Application Compose",0.3783
7135.0274,633,1,"SubmitCommandLists",6.0911
7135.0902,633,1,"Shadowmap packing",9.99999975e-05
7135.0946,633,1,"Render",0.41170001
7135.0967,633,1,"Procedural Animations",0.000500000024
7135.0997,633,1,"Script Components",0
7135.1024,633,1,"CPU Frame",1.11360002
7135.1043,633,1,"Input",0.101599999
7135.1072,633,1,"GUI Update",0.0161000006
7135.1091,633,1,"Frustum Culling",0.0283000004
7135.1116,633,1,"Animations",9.99999975e-05
7135.1134,633,1,"Spring Dependencies",0.000199999995
7135.1157,633,1,"GUI Render",0.0625
7135.1176,633,1,"Physics",0.000300000014
7135.1194,633,1,"Update",0.133300006
7135.1211,633,1,"Fixed Update",9.99999975e-05
7135.1229,633,1,"Spline Update",9.99999975e-05
7135.1247,633,1,"Compose",0.377900004
7135.1271,633,1,"Update Buffers (CPU)",0.070100002
7135.4974,634,1,"RenderPath3D Update",0.1482
7135.5036,634,1,"Application Update",0.1815
7135.8612,634,1,"Application Render",0.355
7136.2777,634,1,"Application Compose",0.3979
7141.8587,634,1,"SubmitCommandLists",5.573
7141.9125,634,1,"Shadowmap packing",0.000199999995
7141.9159,634,1,"Render",0.354900002
7141.9182,634,1,"Procedural Animations",0.000600000028
7141.9204,634,1,"Script Components",9.99999975e-05
7141.9233,634,1,"CPU Frame",1.23459995
7141.9253,634,1,"Input",0.178499997
7141.9274,634,1,"GUI Update",0.0285
7141.9293,634,1,"Frustum Culling",0.0595000014
7141.9313,634,1,"Animations",0
7141.9334,634,1,"Spring Dependencies",9.99999975e-05
7141.9355,634,1,"GUI Render",0.0645999983
7141.9373,634,1,"Physics",0.0159000009
7141.9391,634,1,"Update",0.181400001
7141.941,634,1,"Fixed Update",0.00789999962
7141.9429,634,1,"Spline Update",0.00139999995
7141.9449,634,1,"Compose",0.397700012
7141.9468,634,1,"Update Buffers (CPU)",0.0798999965
7142.2469,635,1,"RenderPath3D Update",0.1541
7142.2508,635,1,"Application Update",0.177
7142.6149,635,1,"Application Render",0.3618
7143.0282,635,1,"Application Compose",0.3836
7148.9884,635,1,"SubmitCommandLists",5.9498
7149.1935,635,1,"Shadowmap packing",9.99999975e-05
7149.1997,635,1,"Render",0.361600012
7149.2024,635,1,"Procedural Animations",0.00109999999
7149.2058,635,1,"Script Components",0.000199999995
7149.2098,635,1,"CPU Frame",1.15929997
7149.2116,635,1,"Input",0.119800001
7149.215,635,1,"GUI Update",0.0206000004
7149.2175,635,1,"Frustum Culling",0.0388000011
7149.2299,635,1,"Animations",9.99999975e-05
7149.2317,635,1,"Spring Dependencies",9.99999975e-05
7149.2338,635,1,"GUI Render",0.0797000006
7149.2362,635,1,"Physics",0.00079999998
7149.2384,635,1,"Update",0.176699996
7149.241,635,1,"Fixed Update",9.99999975e-05
7149.2428,635,1,"Spline Update",0.000199999995
7149.2446,635,1,"Compose",0.38319999
7149.2477,635,1,"Update Buffers (CPU)",0.0808999985
7150.054,636,1,"RenderPath3D Update",0.3841
7150.0601,636,1,"Application Update",0.4569
7150.9083,636,1,"Application Render",0.8456
7151.3612,636,1,"Application Compose",0.389
7155.6966,636,1,"SubmitCommandLists",4.3264
7155.7301,636,1,"Shadowmap packing",0.000199999995
7155.7337,636,1,"Render",0.845000029
7155.737,636,1,"Procedural Animations",0.00350000011
7155.7395,636,1,"Script Components",0.00079999998
7155.7558,636,1,"CPU Frame",2.31509995
7155.7981,636,1,"Input",0.309500009
7155.8004,636,1,"GUI Update",0.0724000037
7155.8025,636,1,"Frustum Culling",0.0995000005
7155.8044,636,1,"Animations",9.99999975e-05
7155.8066,636,1,"Spring Dependencies",9.99999975e-05
7155.8086,636,1,"GUI Render",0.0957999974
7155.8105,636,1,"Physics",0.0179999992
7155.8122,636,1,"Update",0.456699997
7155.814,636,1,"Fixed Update",0.0212999992
7155.8159,636,1,"Spline Update",0.00190000003
7155.818,636,1,"Compose",0.388599992
7155.8198,636,1,"Update Buffers (CPU)",0.191100001
7156.3874,637,1,"RenderPath3D Update",0.4107
7156.3965,637,1,"Application Update",0.4425
7156.7579,637,1,"Application Render",0.3591
7157.1998,637,1,"Application Compose",0.4085
7162.6466,637,1,"SubmitCommandLists",5.4368
7162.6909,637,1,"Shadowmap packing",0.000300000014
7162.6943,637,1,"Render",0.358700007
7162.6962,637,1,"Procedural Animations",0.00109999999
7162.6985,637,1,"Script Components",0.000199999995
7162.7009,637,1,"CPU Frame",1.49479997
7162.7028,637,1,"Input",0.126800001
7162.705,637,1,"GUI Update",0.0209999997
7162.7071,637,1,"Frustum Culling",0.1074
7162.709,637,1,"Animations",9.99999975e-05
7162.7113,637,1,"Spring Dependencies",0.000199999995
7162.7134,637,1,"GUI Render",0.0518000014
7162.7151,637,1,"Physics",0.000699999975
7162.7176,637,1,"Update",0.442200005
7162.7193,637,1,"Fixed Update",9.99999975e-05
7162.7212,637,1,"Spline Update",0.000300000014
7162.723,637,1,"Compose",0.408100009
7162.7248,637,1,"Update Buffers (CPU)",0.0540999994
7163.1913,638,1,"RenderPath3D Update",0.3009
7163.1986,638,1,"Application Update",0.3307
7163.7001,638,1,"Application Render",0.4991
7164.1118,638,1,"Application Compose",0.3897
7169.4841,638,1,"SubmitCommandLists",5.3639
7169.508,638,1,"Shadowmap packing",0.000199999995
7169.5108,638,1,"Render",0.498800009
7169.5128,638,1,"Procedural Animations",0.00109999999
7169.5151,638,1,"Script Components",0
7169.5261,638,1,"CPU Frame",1.45410001
7169.5281,638,1,"Input",0.136099994
7169.5301,638,1,"GUI Update",0.0215000007
7169.532,638,1,"Frustum Culling",0.100699998
7169.5339,638,1,"Animations",9.99999975e-05
7169.536,638,1,"Spring Dependencies",0.000199999995
7169.538,638,1,"GUI Render",0.0507000014
7169.5398,638,1,"Physics",0.00079999998
7169.5416,638,1,"Update",0.330500007
7169.5433,638,1,"Fixed Update",9.99999975e-05
7169.5451,638,1,"Spline Update",0.000199999995
7169.5469,638,1,"Compose",0.389499992
7169.5487,638,1,"Update Buffers (CPU)",0.0725999996
7169.9216,639,1,"RenderPath3D Update",0.2423
7169.9302,639,1,"Application Update",0.2642
7170.3052,639,1,"Application Render",0.3725
7170.7223,639,1,"Application Compose",0.3919
7176.476,639,1,"SubmitCommandLists",5.7448
7176.5044,639,1,"Shadowmap packing",0.000199999995
7176.5076,639,1,"Render",0.372200012
7176.5096,639,1,"Procedural Animations",0.000600000028
7176.5137,639,1,"Script Components",0
7176.5161,639,1,"CPU Frame",1.23510003
7176.518,639,1,"Input",0.111400001
7176.5203,639,1,"GUI Update",0.0284000002
7176.5227,639,1,"Frustum Culling",0.0639000013
7176.5247,639,1,"Animations",0.000199999995
7176.5265,639,1,"Spring Dependencies",9.99999975e-05
7176.5288,639,1,"GUI Render",0.0458000004
7176.5307,639,1,"Physics",0.00499999989
7176.533,639,1,"Update",0.263900012
7176.5347,639,1,"Fixed Update",0.00139999995
7176.5366,639,1,"Spline Update",9.99999975e-05
7176.5385,639,1,"Compose",0.391600013
7176.5402,639,1,"Update Buffers (CPU)",0.0285999998
7176.8827,640,1,"RenderPath3D Update",0.2115
7176.8924,640,1,"Application Update",0.2367
7177.2104,640,1,"Application Render",0.3155
7177.6084,640,1,"Application Compose",0.3786
7183.4858,640,1,"SubmitCommandLists",5.8695
7183.5145,640,1,"Shadowmap packing",0.000199999995
7183.5193,640,1,"Render",0.315200001
7183.5224,640,1,"Procedural Animations",0.000699999975
7183.5261,640,1,"Script Components",0
7183.5296,640,1,"CPU Frame",1.12600005
7183.533,640,1,"Input",0.110600002
7183.5358,640,1,"GUI Update",0.0183000006
7183.5392,640,1,"Frustum Culling",0.0502999984
7183.5425,640,1,"Animations",9.99999975e-05
7183.5459,640,1,"Spring Dependencies",0.000199999995
7183.6028,640,1,"GUI Render",0.122299999
7183.6049,640,1,"Physics",0.00039999999
7183.6069,640,1,"Update",0.236399993
7183.6086,640,1,"Fixed Update",9.99999975e-05
7183.6105,640,1,"Spline Update",9.99999975e-05
7183.6123,640,1,"Compose",0.378399998
7183.6141,640,1,"Update Buffers (CPU)",0.0357999988
7183.919,641,1,"RenderPath3D Update",0.1807
7183.9281,641,1,"Application Update",0.203
7184.4188,641,1,"Application Render",0.4873
7184.8422,641,1,"Application Compose",0.3886
7190.4215,641,1,"SubmitCommandLists",5.543
7190.4684,641,1,"Shadowmap packing",0.000199999995
7190.4717,641,1,"Render",0.486999989
7190.4738,641,1,"Procedural Animations",0.000500000024
7190.476,641,1,"Script Components",9.99999975e-05
7190.4787,641,1,"CPU Frame",1.37899995
7190.4807,641,1,"Input",0.103399999
7190.4834,641,1,"GUI Update",0.0185000002
7190.4855,641,1,"Frustum Culling",0.0296
7190.4874,641,1,"Animations",9.99999975e-05
7190.4893,641,1,"Spring Dependencies",0
7190.4915,641,1,"GUI Render",0.0577000007
7190.4933,641,1,"Physics",0.00380000006
7190.4955,641,1,"Update",0.202800006
7190.4972,641,1,"Fixed Update",0.00230000005
7190.4991,641,1,"Spline Update",9.99999975e-05
7190.501,641,1,"Compose",0.388099998
7190.503,641,1,"Update Buffers (CPU)",0.0790000036
7190.8269,642,1,"RenderPath3D Update",0.1521
7190.8315,642,1,"Application Update",0.1761
7191.2349,642,1,"Application Render",0.4012
7191.7117,642,1,"Application Compose",0.4437
7197.3097,642,1,"SubmitCommandLists",5.5859
7197.3797,642,1,"Shadowmap packing",0.000199999995
7197.3841,642,1,"Render",0.400999993
7197.3863,642,1,"Procedural Animations",0.000699999975
7197.3888,642,1,"Script Components",0.000199999995
7197.3917,642,1,"CPU Frame",1.28489995
7197.3938,642,1,"Input",0.147499993
7197.3967,642,1,"GUI Update",0.0188999996
7197.3987,642,1,"Frustum Culling",0.0399999991
7197.4005,642,1,"Animations",9.99999975e-05
7197.4029,642,1,"Spring Dependencies",0.000199999995
7197.4053,642,1,"GUI Render",0.0680999979
7197.4072,642,1,"Physics",0.000899999985
7197.4092,642,1,"Update",0.175799996
7197.4112,642,1,"Fixed Update",9.99999975e-05
7197.413,642,1,"Spline Update",0.000300000014
7197.4151,642,1,"Compose",0.443300009
7197.4169,642,1,"Update Buffers (CPU)",0.0540000014
7197.823,643,1,"RenderPath3D Update",0.1771
7197.8299,643,1,"Application Update",0.2099
7198.5594,643,1,"Application Render",0.7259
7199.0555,643,1,"Application Compose",0.4459
7204.3416,643,1,"SubmitCommandLists",5.274
7204.4077,643,1,"Shadowmap packing",0.000300000014
7204.4109,643,1,"Render",0.725399971
7204.4128,643,1,"Procedural Animations",0.0013
7204.4152,643,1,"Script Components",0.000199999995
7204.4179,643,1,"CPU Frame",1.73049998
7204.4199,643,1,"Input",0.192900002
7204.4228,643,1,"GUI Update",0.0274999999
7204.4246,643,1,"Frustum Culling",0.0450000018
7204.4264,643,1,"Animations",0.000199999995
7204.4281,643,1,"Spring Dependencies",0.000199999995
7204.4304,643,1,"GUI Render",0.0807999969
7204.4322,643,1,"Physics",0.00120000006
7204.4341,643,1,"Update",0.209600002
7204.4359,643,1,"Fixed Update",9.99999975e-05
7204.4383,643,1,"Spline Update",0.00039999999
7204.4402,643,1,"Compose",0.445300013
7204.4423,643,1,"Update Buffers (CPU)",0.548799992
7204.7911,644,1,"RenderPath3D Update",0.1717
7204.7964,644,1,"Application Update",0.2006
7205.2205,644,1,"Application Render",0.421
7205.6684,644,1,"Application Compose",0.4082
7211.3149,644,1,"SubmitCommandLists",5.6354
7211.4087,644,1,"Shadowmap packing",0.000300000014
7211.413,644,1,"Render",0.420700014
7211.4159,644,1,"Procedural Animations",0.00120000006
7211.4182,644,1,"Script Components",0.000199999995
7211.4214,644,1,"CPU Frame",1.30920005
7211.4236,644,1,"Input",0.138600007
7211.4262,644,1,"GUI Update",0.0262000002
7211.4283,644,1,"Frustum Culling",0.0631000027
7211.4301,644,1,"Animations",9.99999975e-05
7211.4327,644,1,"Spring Dependencies",0.000199999995
7211.4352,644,1,"GUI Render",0.0500000007
7211.437,644,1,"Physics",0.0057000001
7211.439,644,1,"Update",0.200399995
7211.4413,644,1,"Fixed Update",0.00499999989
7211.4433,644,1,"Spline Update",0.00039999999
7211.4452,644,1,"Compose",0.407799989
7211.4823,644,1,"Update Buffers (CPU)",0.100500003
7211.8689,645,1,"RenderPath3D Update",0.1693
7211.873,645,1,"Application Update",0.2073
7212.2408,645,1,"Application Render",0.3654
7212.6947,645,1,"Application Compose",0.4118
7218.2456,645,1,"SubmitCommandLists",5.5394
7218.3206,645,1,"Shadowmap packing",0.000699999975
7218.3242,645,1,"Render",0.36500001
7218.3264,645,1,"Procedural Animations",0.00109999999
7218.329,645,1,"Script Components",0.000199999995
7218.3316,645,1,"CPU Frame",1.35150003
7218.3335,645,1,"Input",0.173899993
7218.3359,645,1,"GUI Update",0.0296999998
7218.3379,645,1,"Frustum Culling",0.0432000011
7218.3397,645,1,"Animations",9.99999975e-05
7218.3421,645,1,"Spring Dependencies",0.000199999995
7218.3444,645,1,"GUI Render",0.0498000011
7218.3462,645,1,"Physics",0.00109999999
7218.3481,645,1,"Update",0.207000002
7218.3498,645,1,"Fixed Update",9.99999975e-05
7218.3516,645,1,"Spline Update",0.000199999995
7218.3533,645,1,"Compose",0.411500007
7218.3552,645,1,"Update Buffers (CPU)",0.0932999998
7218.6953,646,1,"RenderPath3D Update",0.1726
7218.701,646,1,"Application Update",0.2031
7219.1146,646,1,"Application Render",0.4113
7219.5711,646,1,"Application Compose",0.4048
7225.3979,646,1,"SubmitCommandLists",5.817
7225.4607,646,1,"Shadowmap packing",0.000300000014
7225.4646,646,1,"Render",0.411000013
7225.4672,646,1,"Procedural Animations",0.00120000006
7225.4698,646,1,"Script Components",0.000300000014
7225.4727,646,1,"CPU Frame",1.29869998
7225.4748,646,1,"Input",0.129099995
7225.4771,646,1,"GUI Update",0.0260000005
7225.4795,646,1,"Frustum Culling",0.0573999994
7225.4816,646,1,"Animations",9.99999975e-05
7225.484,646,1,"Spring Dependencies",0.000300000014
7225.4865,646,1,"GUI Render",0.0621000007
7225.4884,646,1,"Physics",0.00540000014
7225.4904,646,1,"Update",0.202500001
7225.4925,646,1,"Fixed Update",0.00549999997
7225.4943,646,1,"Spline Update",0.00039999999
7225.4962,646,1,"Compose",0.404500008
7225.4983,646,1,"Update Buffers (CPU)",0.0982000008
7225.87,647,1,"RenderPath3D Update",0.1796
7225.8759,647,1,"Application Update",0.2126
7226.2323,647,1,"Application Render",0.354
7226.6583,647,1,"Application Compose",0.4006
7232.0343,647,1,"SubmitCommandLists",5.3656
7232.0755,647,1,"Shadowmap packing",0.00039999999
7232.0787,647,1,"Render",0.353799999
7232.0808,647,1,"Procedural Animations",0.00170000002
7232.0831,647,1,"Script Components",0.000300000014
7232.0855,647,1,"CPU Frame",1.24150002
7232.0875,647,1,"Input",0.156000003
7232.0899,647,1,"GUI Update",0.0262000002
7232.0921,647,1,"Frustum Culling",0.0430999994
7232.094,647,1,"Animations",9.99999975e-05
7232.0965,647,1,"Spring Dependencies",9.99999975e-05
7232.0988,647,1,"GUI Render",0.0502999984
7232.1006,647,1,"Physics",0.00170000002
7232.1024,647,1,"Update",0.212300003
7232.1041,647,1,"Fixed Update",9.99999975e-05
7232.106,647,1,"Spline Update",0.000300000014
7232.1079,647,1,"Compose",0.400200009
7232.1098,647,1,"Update Buffers (CPU)",0.0816999972
7232.4291,648,1,"RenderPath3D Update",0.1685
7232.4336,648,1,"Application Update",0.1917
7232.7574,648,1,"Application Render",0.3216
7233.1747,648,1,"Application Compose",0.3932
7238.9532,648,1,"SubmitCommandLists",5.7684
7238.9809,648,1,"Shadowmap packing",0.000300000014
7238.9838,648,1,"Render",0.3213
7238.9856,648,1,"Procedural Animations",0.00079999998
7238.9879,648,1,"Script Components",0.000199999995
7238.9902,648,1,"CPU Frame",1.12899995
7238.9922,648,1,"Input",0.120800003
7238.9945,648,1,"GUI Update",0.0208000001
7238.9965,648,1,"Frustum Culling",0.0419999994
7238.9984,648,1,"Animations",9.99999975e-05
7239.0006,648,1,"Spring Dependencies",0.000199999995
7239.0028,648,1,"GUI Render",0.0439000018
7239.0045,648,1,"Physics",0.0055999998
7239.0064,648,1,"Update",0.191499993
7239.0082,648,1,"Fixed Update",0.00469999993
7239.0101,648,1,"Spline Update",0.000300000014
7239.012,648,1,"Compose",0.39289999
7239.0141,648,1,"Update Buffers (CPU)",0.0741999969
7239.2941,649,1,"RenderPath3D Update",0.1384
7239.2997,649,1,"Application Update",0.1631
7239.5696,649,1,"Application Render",0.2675
7240.0069,649,1,"Application Compose",0.3891
7245.9385,649,1,"SubmitCommandLists",5.9216
7246.0033,649,1,"Shadowmap packing",0.000199999995
7246.0066,649,1,"Render",0.26730001
7246.0087,649,1,"Procedural Animations",0.000899999985
7246.011,649,1,"Script Components",9.99999975e-05
7246.0138,649,1,"CPU Frame",1.04910004
7246.0158,649,1,"Input",0.1171
7246.0184,649,1,"GUI Update",0.0188999996
7246.0203,649,1,"Frustum Culling",0.0430000015
7246.0223,649,1,"Animations",0
7246.0241,649,1,"Spring Dependencies",0.000199999995
7246.0267,649,1,"GUI Render",0.0478999987
7246.0285,649,1,"Physics",0.000300000014
7246.0303,649,1,"Update",0.162799999
7246.0322,649,1,"Fixed Update",9.99999975e-05
7246.034,649,1,"Spline Update",0.000199999995
7246.036,649,1,"Compose",0.388900012
7246.038,649,1,"Update Buffers (CPU)",0.0639000013
7246.4172,650,1,"RenderPath3D Update",0.1586
7246.4216,650,1,"Application Update",0.1881
7246.8331,650,1,"Application Render",0.4094
7247.2707,650,1,"Application Compose",0.4006
7252.925,650,1,"SubmitCommandLists",5.6442
7252.9545,650,1,"Shadowmap packing",0.000199999995
7252.9574,650,1,"Render",0.409099996
7252.9592,650,1,"Procedural Animations",0.00100000005
7252.9615,650,1,"Script Components",0.000500000024
7252.9638,650,1,"CPU Frame",1.32229996
7252.9657,650,1,"Input",0.188299999
7252.9681,650,1,"GUI Update",0.0223999992
7252.97,650,1,"Frustum Culling",0.0472999997
7252.9718,650,1,"Animations",9.99999975e-05
7252.974,650,1,"Spring Dependencies",0.000199999995
7252.9762,650,1,"GUI Render",0.0599999987
7252.9779,650,1,"Physics",0.00079999998
7252.9798,650,1,"Update",0.187900007
7252.9815,650,1,"Fixed Update",9.99999975e-05
7252.9832,650,1,"Spline Update",0.000300000014
7252.9852,650,1,"Compose",0.400099993
7252.987,650,1,"Update Buffers (CPU)",0.0970000029
7253.3079,651,1,"RenderPath3D Update",0.1649
7253.3121,651,1,"Application Update",0.1855
7253.592,651,1,"Application Render",0.2778
7254.0197,651,1,"Application Compose",0.3954
7259.8317,651,1,"SubmitCommandLists",5.8023
7259.8882,651,1,"Shadowmap packing",0.000199999995
7259.8913,651,1,"Render",0.277500004
7259.8932,651,1,"Procedural Animations",0.000600000028
7259.8958,651,1,"Script Components",0.000199999995
7259.8981,651,1,"CPU Frame",1.08860004
7259.9001,651,1,"Input",0.130799994
7259.9027,651,1,"GUI Update",0.0179999992
7259.9049,651,1,"Frustum Culling",0.0408000015
7259.9069,651,1,"Animations",9.99999975e-05
7259.9092,651,1,"Spring Dependencies",0.000199999995
7259.9116,651,1,"GUI Render",0.0405000001
7259.9134,651,1,"Physics",0.00520000001
7259.9152,651,1,"Update",0.185399994
7259.9171,651,1,"Fixed Update",0.00319999992
7259.919,651,1,"Spline Update",0.000199999995
7259.921,651,1,"Compose",0.395099998
7259.9228,651,1,"Update Buffers (CPU)",0.0538999997
7260.2363,652,1,"RenderPath3D Update",0.1595
7260.241,652,1,"Application Update",0.1902
7260.6059,652,1,"Application Render",0.3626
7261.0599,652,1,"Application Compose",0.4158
7266.9208,652,1,"SubmitCommandLists",5.8487
7266.9833,652,1,"Shadowmap packing",0.000300000014
7266.9867,652,1,"Render",0.362399995
7266.989,652,1,"Procedural Animations",0.000899999985
7266.9914,652,1,"Script Components",0.000199999995
7266.9943,652,1,"CPU Frame",1.21440005
7266.9962,652,1,"Input",0.119800001
7266.9986,652,1,"GUI Update",0.0249000005
7267.0007,652,1,"Frustum Culling",0.0483000018
7267.0026,652,1,"Animations",0.000199999995
7267.0046,652,1,"Spring Dependencies",9.99999975e-05
7267.0075,652,1,"GUI Render",0.0496000014
7267.0096,652,1,"Physics",0.00150000001
7267.0115,652,1,"Update",0.189899996
7267.0133,652,1,"Fixed Update",9.99999975e-05
7267.0151,652,1,"Spline Update",0.000199999995
7267.017,652,1,"Compose",0.415399998
7267.019,652,1,"Update Buffers (CPU)",0.0879999995
7267.4693,653,1,"RenderPath3D Update",0.261
7267.4805,653,1,"Application Update",0.2949
7267.8656,653,1,"Application Render",0.3826
7268.3043,653,1,"Application Compose",0.4039
7273.7426,653,1,"SubmitCommandLists",5.4284
7273.8155,653,1,"Shadowmap packing",0.000300000014
7273.8205,653,1,"Render",0.382099986
7273.8239,653,1,"Procedural Animations",0.000899999985
7273.8562,653,1,"Script Components",0.000600000028
7273.8596,653,1,"CPU Frame",1.36389995
7273.8619,653,1,"Input",0.151800007
7273.8647,653,1,"GUI Update",0.0271000005
7273.8675,653,1,"Frustum Culling",0.0676999986
7273.8694,653,1,"Animations",0.000199999995
7273.8714,653,1,"Spring Dependencies",0.000199999995
7273.875,653,1,"GUI Render",0.0560999997
7273.8768,653,1,"Physics",0.0057000001
7273.8789,653,1,"Update",0.294499993
7273.8813,653,1,"Fixed Update",0.0055999998
7273.8833,653,1,"Spline Update",0.00039999999
7273.8851,653,1,"Compose",0.403200001
7273.8872,653,1,"Update Buffers (CPU)",0.0732000023
7274.3215,654,1,"RenderPath3D Update",0.2552
7274.3379,654,1,"Application Update",0.3046
7274.8525,654,1,"Application Render",0.5105
7275.4933,654,1,"Application Compose",0.5694
7280.6599,654,1,"SubmitCommandLists",5.1515
7280.7216,654,1,"Shadowmap packing",0.000500000024
7280.7265,654,1,"Render",0.50940001
7280.7295,654,1,"Procedural Animations",0.0027999999
7280.7335,654,1,"Script Components",0.00039999999
7280.7384,654,1,"CPU Frame",1.73539996
7280.7406,654,1,"Input",0.135399997
7280.7435,654,1,"GUI Update",0.0275999997
7280.7456,654,1,"Frustum Culling",0.0614
7280.7481,654,1,"Animations",0.000300000014
7280.7502,654,1,"Spring Dependencies",0.000600000028
7280.7526,654,1,"GUI Render",0.0794999972
7280.7544,654,1,"Physics",0.00139999995
7280.7564,654,1,"Update",0.30430001
7280.7581,654,1,"Fixed Update",0
7280.7603,654,1,"Spline Update",0.00079999998
7280.7622,654,1,"Compose",0.568700016
7280.7643,654,1,"Update Buffers (CPU)",0.104999997
7281.2057,655,1,"RenderPath3D Update",0.2636
7281.2167,655,1,"Application Update",0.301
7281.7485,655,1,"Application Render",0.529
7282.1998,655,1,"Application Compose",0.4116
7287.7762,655,1,"SubmitCommandLists",5.5643
7287.9656,655,1,"Shadowmap packing",0.000199999995
7287.9736,655,1,"Render",0.528400004
7287.9763,655,1,"Procedural Animations",0.00159999996
7287.9791,655,1,"Script Components",0.000199999995
7287.9823,655,1,"CPU Frame",1.52470005
7287.9853,655,1,"Input",0.143099993
7287.9895,655,1,"GUI Update",0.0259000007
7287.9918,655,1,"Frustum Culling",0.0502999984
7287.9938,655,1,"Animations",9.99999975e-05
7287.9962,655,1,"Spring Dependencies",0.000199999995
7287.999,655,1,"GUI Render",0.0568000004
7288.0012,655,1,"Physics",0.00100000005
7288.0031,655,1,"Update",0.300700009
7288.0053,655,1,"Fixed Update",9.99999975e-05
7288.0071,655,1,"Spline Update",0.000199999995
7288.0089,655,1,"Compose",0.411000013
7288.0113,655,1,"Update Buffers (CPU)",0.0961000025
7288.6694,656,1,"RenderPath3D Update",0.2307
7288.6766,656,1,"Application Update",0.3896
7289.2329,656,1,"Application Render",0.5539
7289.6988,656,1,"Application Compose",0.4221
7294.5963,656,1,"SubmitCommandLists",4.8857
7294.6858,656,1,"Shadowmap packing",0.000300000014
7294.6904,656,1,"Render",0.55339998
7294.6931,656,1,"Procedural Animations",0.00139999995
7294.6957,656,1,"Script Components",0.000500000024
7294.6985,656,1,"CPU Frame",1.86559999
7294.7006,656,1,"Input",0.241699994
7294.7031,656,1,"GUI Update",0.0551000014
7294.7053,656,1,"Frustum Culling",0.0417999998
7294.7074,656,1,"Animations",9.99999975e-05
7294.7099,656,1,"Spring Dependencies",0.00039999999
7294.7128,656,1,"GUI Render",0.0741000026
7294.7146,656,1,"Physics",0.00800000038
7294.7164,656,1,"Update",0.389099985
7294.7183,656,1,"Fixed Update",0.0140000004
7294.7201,656,1,"Spline Update",0.000500000024
7294.7219,656,1,"Compose",0.421600014
7294.7239,656,1,"Update Buffers (CPU)",0.153799996
7295.3917,657,1,"RenderPath3D Update",0.283
7295.3999,657,1,"Application Update",0.4355
7296.0525,657,1,"Application Render",0.648
7296.5216,657,1,"Application Compose",0.4325
7301.6005,657,1,"SubmitCommandLists",5.0679
7301.6951,657,1,"Shadowmap packing",0.000600000028
7301.6998,657,1,"Render",0.647599995
7301.7024,657,1,"Procedural Animations",0.00549999997
7301.705,657,1,"Script Components",0.000199999995
7301.7081,657,1,"CPU Frame",1.89760005
7301.71,657,1,"Input",0.229100004
7301.7132,657,1,"GUI Update",0.0614
7301.7153,657,1,"Frustum Culling",0.0452999994
7301.7172,657,1,"Animations",9.99999975e-05
7301.7579,657,1,"Spring Dependencies",0.000600000028
7301.7603,657,1,"GUI Render",0.0478999987
7301.7624,657,1,"Physics",0.00240000011
7301.7642,657,1,"Update",0.435200006
7301.7661,657,1,"Fixed Update",9.99999975e-05
7301.7678,657,1,"Spline Update",0.000500000024
7301.7699,657,1,"Compose",0.432000011
7301.7718,657,1,"Update Buffers (CPU)",0.194900006
7302.2869,658,1,"RenderPath3D Update",0.1284
7302.2949,658,1,"Application Update",0.288
7303.1583,658,1,"Application Render",0.8605
7303.6911,658,1,"Application Compose",0.4905
7308.5148,658,1,"SubmitCommandLists",4.8085
7308.6321,658,1,"Shadowmap packing",0.000500000024
7308.6379,658,1,"Render",0.860199988
7308.6412,658,1,"Procedural Animations",0.00219999999
7308.6448,658,1,"Script Components",0.000199999995
7308.6493,658,1,"CPU Frame",2.06710005
7308.6527,658,1,"Input",0.217700005
7308.6563,658,1,"GUI Update",0.0364000015
7308.6596,658,1,"Frustum Culling",0.0182000007
7308.6622,658,1,"Animations",9.99999975e-05
7308.6664,658,1,"Spring Dependencies",0.000300000014
7308.6704,658,1,"GUI Render",0.101099998
7308.6737,658,1,"Physics",0.00789999962
7308.6764,658,1,"Update",0.287699997
7308.6794,658,1,"Fixed Update",0.00600000005
7308.6825,658,1,"Spline Update",0.00039999999
7308.6852,658,1,"Compose",0.4903
7308.688,658,1,"Update Buffers (CPU)",0.380800009
7309.2007,659,1,"RenderPath3D Update",0.1539
7309.209,659,1,"Application Update",0.3286
7309.5848,659,1,"Application Render",0.3717
7310.0258,659,1,"Application Compose",0.4144
7311.3464,659,1,"SubmitCommandLists",1.3084
7311.3945,659,1,"Shadowmap packing",0.00039999999
7311.3997,659,1,"Render",0.371199995
7311.403,659,1,"Procedural Animations",0.00150000001
7311.4062,659,1,"Script Components",0.000199999995
7311.4096,659,1,"CPU Frame",1.4756
7311.4123,659,1,"Input",0.178599998
7311.4157,659,1,"GUI Update",0.0348000005
7311.4188,659,1,"Frustum Culling",0.0355000012
7311.4212,659,1,"Animations",0
7311.4237,659,1,"Spring Dependencies",0.00039999999
7311.4267,659,1,"GUI Render",0.0599000007
7311.4294,659,1,"Physics",0.0013
7311.4324,659,1,"Update",0.328299999
7311.435,659,1,"Fixed Update",9.99999975e-05
7311.4381,659,1,"Spline Update",0.000300000014
7311.4408,659,1,"Compose",0.414000005
7311.4435,659,1,"Update Buffers (CPU)",0.0834999979
7312.0611,660,1,"RenderPath3D Update",0.0981
7312.0683,660,1,"Application Update",0.2737
7312.4088,660,1,"Application Render",0.3381
7312.8309,660,1,"Application Compose",0.3973
7322.9397,660,1,"SubmitCommandLists",10.0968
7323.1302,660,1,"Shadowmap packing",0.000199999995
7323.1364,660,1,"Render",0.337900013
7323.1397,660,1,"Procedural Animations",0.00150000001
7323.1426,660,1,"Script Components",0.000300000014
7323.1467,660,1,"CPU Frame",1.47609997
7323.1504,660,1,"Input",0.342200011
7323.1544,660,1,"GUI Update",0.0242999997
7323.1566,660,1,"Frustum Culling",0.0394000001
7323.1584,660,1,"Animations",9.99999975e-05
7323.1612,660,1,"Spring Dependencies",9.99999975e-05
7323.1638,660,1,"GUI Render",0.0606000014
7323.166,660,1,"Physics",0.00109999999
7323.168,660,1,"Update",0.273400009
7323.1704,660,1,"Fixed Update",9.99999975e-05
7323.1723,660,1,"Spline Update",0.00039999999
7323.1744,660,1,"Compose",0.396899998
7323.1766,660,1,"Update Buffers (CPU)",0.0794999972
7324.582,661,1,"RenderPath3D Update",0.5053
7324.6003,661,1,"Application Update",0.8287
7325.2611,661,1,"Application Render",0.6529
7325.8938,661,1,"Application Compose",0.5853
7329.3166,661,1,"SubmitCommandLists",3.4073
7329.4293,661,1,"Shadowmap packing",0.00039999999
7329.4384,661,1,"Render",0.652400017
7329.4448,661,1,"Procedural Animations",0.00469999993
7329.4493,661,1,"Script Components",0.0013
7329.4556,661,1,"CPU Frame",2.9210999
7329.4592,661,1,"Input",0.548200011
7329.4652,661,1,"GUI Update",0.144400001
7329.4699,661,1,"Frustum Culling",0.0666999966
7329.4737,661,1,"Animations",0.000300000014
7329.4782,661,1,"Spring Dependencies",0.000199999995
7329.4837,661,1,"GUI Render",0.0882999972
7329.487,661,1,"Physics",0.0243999995
7329.4916,661,1,"Update",0.828400016
7329.4952,661,1,"Fixed Update",0.0209999997
7329.5913,661,1,"Spline Update",0.00200000009
7329.5958,661,1,"Compose",0.584599972
7329.6009,661,1,"Update Buffers (CPU)",0.133200005
7330.3595,662,1,"RenderPath3D Update",0.2632
7330.3742,662,1,"Application Update",0.4278
7331.0601,662,1,"Application Render",0.6798
7331.7584,662,1,"Application Compose",0.6346
7336.3592,662,1,"SubmitCommandLists",4.5694
7336.4591,662,1,"Shadowmap packing",0.00039999999
7336.4641,662,1,"Render",0.679199994
7336.4662,662,1,"Procedural Animations",0.00270000007
7336.4688,662,1,"Script Components",0.0013
7336.473,662,1,"CPU Frame",2.41869998
7336.4755,662,1,"Input",0.308200002
7336.4805,662,1,"GUI Update",0.0825000033
7336.4827,662,1,"Frustum Culling",0.0302000009
7336.4853,662,1,"Animations",9.99999975e-05
7336.4894,662,1,"Spring Dependencies",0.000300000014
7336.4934,662,1,"GUI Render",0.102600001
7336.4951,662,1,"Physics",0.00310000009
7336.4973,662,1,"Update",0.427300006
7336.5002,662,1,"Fixed Update",9.99999975e-05
7336.5021,662,1,"Spline Update",0.00109999999
7336.5042,662,1,"Compose",0.633000016
7336.5066,662,1,"Update Buffers (CPU)",0.213300005
7337.041,663,1,"RenderPath3D Update",0.2199
7337.048,663,1,"Application Update",0.2636
7337.5682,663,1,"Application Render",0.5151
7338.0676,663,1,"Application Compose",0.4527
7343.3163,663,1,"SubmitCommandLists",5.2291
7343.4663,663,1,"Shadowmap packing",0.00039999999
7343.4731,663,1,"Render",0.514500022
7343.4772,663,1,"Procedural Animations",0.00400000019
7343.4802,663,1,"Script Components",0.000300000014
7343.4846,663,1,"CPU Frame",1.68439996
7343.4871,663,1,"Input",0.226600006
7343.495,663,1,"GUI Update",0.0410999991
7343.4984,663,1,"Frustum Culling",0.0538999997
7343.5009,663,1,"Animations",9.99999975e-05
7343.5043,663,1,"Spring Dependencies",0.00039999999
7343.5085,663,1,"GUI Render",0.0788000003
7343.5106,663,1,"Physics",0.0133999996
7343.5123,663,1,"Update",0.262899995
7343.5147,663,1,"Fixed Update",0.0208999999
7343.5171,663,1,"Spline Update",0.000300000014
7343.519,663,1,"Compose",0.451900005
7343.5219,663,1,"Update Buffers (CPU)",0.118600003
7344.2286,664,1,"RenderPath3D Update",0.2908
7344.2361,664,1,"Application Update",0.3794
7345.0536,664,1,"Application Render",0.8148
7345.5135,664,1,"Application Compose",0.4167
7350.2188,664,1,"SubmitCommandLists",4.695
7350.3262,664,1,"Shadowmap packing",0.000300000014
7350.3305,664,1,"Render",0.814599991
7350.3329,664,1,"Procedural Animations",0.00310000009
7350.3361,664,1,"Script Components",0.000600000028
7350.3389,664,1,"CPU Frame",2.13639998
7350.3415,664,1,"Input",0.311500013
7350.3447,664,1,"GUI Update",0.0837000012
7350.3472,664,1,"Frustum Culling",0.0504000001
7350.3491,664,1,"Animations",0
7350.3516,664,1,"Spring Dependencies",9.99999975e-05
7350.3547,664,1,"GUI Render",0.0750999972
7350.3568,664,1,"Physics",0.00469999993
7350.3585,664,1,"Update",0.378699988
7350.3611,664,1,"Fixed Update",9.99999975e-05
7350.3629,664,1,"Spline Update",0.00100000005
7350.3651,664,1,"Compose",0.416500002
7350.3676,664,1,"Update Buffers (CPU)",0.220599994
7351.2401,665,1,"RenderPath3D Update",0.3206
7351.245,665,1,"Application Update",0.3909
7351.7378,665,1,"Application Render",0.4906
7352.1938,665,1,"Application Compose",0.4135
7357.0382,665,1,"SubmitCommandLists",4.8311
7357.1236,665,1,"Shadowmap packing",0.000300000014
7357.1278,665,1,"Render",0.49000001
7357.1304,665,1,"Procedural Animations",0.00340000005
7357.1328,665,1,"Script Components",0.00079999998
7357.1359,665,1,"CPU Frame",1.94850004
7357.1379,665,1,"Input",0.441599995
7357.1405,665,1,"GUI Update",0.0647
7357.1428,665,1,"Frustum Culling",0.054299999
7357.1448,665,1,"Animations",0
7357.1473,665,1,"Spring Dependencies",0.000600000028
7357.15,665,1,"GUI Render",0.0496000014
7357.152,665,1,"Physics",0.0197999999
7357.1538,665,1,"Update",0.390700012
7357.1565,665,1,"Fixed Update",0.0192000009
7357.1583,665,1,"Spline Update",0.0013
7357.1607,665,1,"Compose",0.412999988
7357.1628,665,1,"Update Buffers (CPU)",0.113399997
7357.5932,666,1,"RenderPath3D Update",0.1869
7357.598,666,1,"Application Update",0.2433
7358.0251,666,1,"Application Render",0.425
7358.6079,666,1,"Application Compose",0.454
7363.9831,666,1,"SubmitCommandLists",5.3634
7364.0515,666,1,"Shadowmap packing",0.000300000014
7364.0554,666,1,"Render",0.424699992
7364.0579,666,1,"Procedural Animations",0.00249999994
7364.0604,666,1,"Script Components",0.00039999999
7364.0632,666,1,"CPU Frame",1.54960001
7364.0655,666,1,"Input",0.175300002
7364.0683,666,1,"GUI Update",0.0357999988
7364.0708,666,1,"Frustum Culling",0.0335999988
7364.073,666,1,"Animations",9.99999975e-05
7364.0757,666,1,"Spring Dependencies",0.000199999995
7364.0783,666,1,"GUI Render",0.0631000027
7364.0801,666,1,"Physics",0.00139999995
7364.0819,666,1,"Update",0.243100002
7364.0847,666,1,"Fixed Update",9.99999975e-05
7364.0865,666,1,"Spline Update",0.000600000028
7364.0884,666,1,"Compose",0.453399986
7364.0908,666,1,"Update Buffers (CPU)",0.0930000022
7364.4963,667,1,"RenderPath3D Update",0.1703
7364.5014,667,1,"Application Update",0.2341
7364.966,667,1,"Application Render",0.4623
7365.4111,667,1,"Application Compose",0.4027
7370.9378,667,1,"SubmitCommandLists",5.5144
7371.0209,667,1,"Shadowmap packing",0.000300000014
7371.025,667,1,"Render",0.462000012
7371.0277,667,1,"Procedural Animations",0.00139999995
7371.0303,667,1,"Script Components",0.000199999995
7371.034,667,1,"CPU Frame",1.41170001
7371.036,667,1,"Input",0.161400005
7371.0392,667,1,"GUI Update",0.0320999995
7371.0427,667,1,"Frustum Culling",0.0465000011
7371.0447,667,1,"Animations",9.99999975e-05
7371.0474,667,1,"Spring Dependencies",0.000199999995
7371.05,667,1,"GUI Render",0.0482000001
7371.0521,667,1,"Physics",0.0013
7371.054,667,1,"Update",0.233500004
7371.0558,667,1,"Fixed Update",9.99999975e-05
7371.0577,667,1,"Spline Update",0.000300000014
7371.0595,667,1,"Compose",0.4023
7371.062,667,1,"Update Buffers (CPU)",0.1426
7371.4693,668,1,"RenderPath3D Update",0.1767
7371.474,668,1,"Application Update",0.2191
7371.8596,668,1,"Application Render",0.3832
7372.298,668,1,"Application Compose",0.4036
7378.0025,668,1,"SubmitCommandLists",5.6947
7378.0435,668,1,"Shadowmap packing",0.00039999999
7378.048,668,1,"Render",0.3829
7378.0504,668,1,"Procedural Animations",0.00209999993
7378.0528,668,1,"Script Components",0.000300000014
7378.0553,668,1,"CPU Frame",1.33850002
7378.0572,668,1,"Input",0.166999996
7378.0595,668,1,"GUI Update",0.0285
7378.0616,668,1,"Frustum Culling",0.0384000018
7378.0635,668,1,"Animations",9.99999975e-05
7378.0658,668,1,"Spring Dependencies",0.000600000028
7378.0679,668,1,"GUI Render",0.0560000017
7378.0698,668,1,"Physics",0.00620000018
7378.0717,668,1,"Update",0.218999997
7378.0736,668,1,"Fixed Update",0.00769999996
7378.0755,668,1,"Spline Update",0.000500000024
7378.0774,668,1,"Compose",0.403100014
7378.0794,668,1,"Update Buffers (CPU)",0.0952999964
7378.3775,669,1,"RenderPath3D Update",0.1506
7378.382,669,1,"Application Update",0.1783
7378.7033,669,1,"Application Render",0.3191
7379.1174,669,1,"Application Compose",0.3934
7384.8408,669,1,"SubmitCommandLists",5.7138
7384.8646,669,1,"Shadowmap packing",0.000300000014
7384.8676,669,1,"Render",0.318899989
7384.8696,669,1,"Procedural Animations",0.00139999995
7384.8719,669,1,"Script Components",0.000199999995
7384.8744,669,1,"CPU Frame",1.10679996
7384.8764,669,1,"Input",0.118199997
7384.8784,669,1,"GUI Update",0.0211999994
7384.8809,669,1,"Frustum Culling",0.0516999997
7384.8828,669,1,"Animations",9.99999975e-05
7384.885,669,1,"Spring Dependencies",0.000300000014
7384.8871,669,1,"GUI Render",0.0469000004
7384.889,669,1,"Physics",0.000699999975
7384.8908,669,1,"Update",0.178200006
7384.8926,669,1,"Fixed Update",9.99999975e-05
7384.8943,669,1,"Spline Update",0.000199999995
7384.8962,669,1,"Compose",0.39320001
7384.8981,669,1,"Update Buffers (CPU)",0.0746000037
7385.0998,670,1,"RenderPath3D Update",0.0787
7385.1045,670,1,"Application Update",0.0966
7385.3949,670,1,"Application Render",0.2868
7385.8136,670,1,"Application Compose",0.4004
7391.8177,670,1,"SubmitCommandLists",5.9962
7391.858,670,1,"Shadowmap packing",9.99999975e-05
7391.8614,670,1,"Render",0.286599994
7391.8636,670,1,"Procedural Animations",0.00039999999
7392.0897,670,1,"Script Components",0
7392.0933,670,1,"CPU Frame",0.967700005
7392.0954,670,1,"Input",0.103
7392.0979,670,1,"GUI Update",0.0165999997
7392.1,670,1,"Frustum Culling",0.0395000018
7392.102,670,1,"Animations",9.99999975e-05
7392.1041,670,1,"Spring Dependencies",9.99999975e-05
7392.1062,670,1,"GUI Render",0.0593000017
7392.108,670,1,"Physics",0.0046000001
7392.1099,670,1,"Update",0.0964000002
7392.1116,670,1,"Fixed Update",0.00179999997
7392.1137,670,1,"Spline Update",0.000199999995
7392.1157,670,1,"Compose",0.400200009
7392.1176,670,1,"Update Buffers (CPU)",0.0498000011
7392.3623,671,1,"RenderPath3D Update",0.0935
7392.3679,671,1,"Application Update",0.122
7392.698,671,1,"Application Render",0.3265
7393.1148,671,1,"Application Compose",0.3916
7398.7511,671,1,"SubmitCommandLists",5.6275
7398.7788,671,1,"Shadowmap packing",0.000199999995
7398.7816,671,1,"Render",0.326200008
7398.7835,671,1,"Procedural Animations",0.00079999998
7398.7856,671,1,"Script Components",0.000199999995
7398.7879,671,1,"CPU Frame",1.28740001
7398.7897,671,1,"Input",0.1193
7398.7919,671,1,"GUI Update",0.0232999995
7398.7939,671,1,"Frustum Culling",0.0342999995
7398.7957,671,1,"Animations",9.99999975e-05
7398.7977,671,1,"Spring Dependencies",9.99999975e-05
7398.7998,671,1,"GUI Render",0.0577999987
7398.8016,671,1,"Physics",0.000699999975
7398.8036,671,1,"Update",0.121799998
7398.8053,671,1,"Fixed Update",0
7398.8071,671,1,"Spline Update",9.99999975e-05
7398.8089,671,1,"Compose",0.391299993
7398.8108,671,1,"Update Buffers (CPU)",0.0744000003
7399.1109,672,1,"RenderPath3D Update",0.1602
7399.1153,672,1,"Application Update",0.1822
7399.425,672,1,"Application Render",0.3076
7399.833,672,1,"Application Compose",0.3872
7405.6743,672,1,"SubmitCommandLists",5.8315
7405.7376,672,1,"Shadowmap packing",0.000199999995
7405.7414,672,1,"Render",0.307399988
7405.7438,672,1,"Procedural Animations",0.00100000005
7405.7464,672,1,"Script Components",0
7405.7491,672,1,"CPU Frame",1.07679999
7405.7512,672,1,"Input",0.112599999
7405.7535,672,1,"GUI Update",0.0204000007
7405.7558,672,1,"Frustum Culling",0.0428999998
7405.758,672,1,"Animations",9.99999975e-05
7405.7604,672,1,"Spring Dependencies",9.99999975e-05
7405.763,672,1,"GUI Render",0.0425999984
7405.7648,672,1,"Physics",0.0055999998
7405.7676,672,1,"Update",0.181899995
7405.7694,672,1,"Fixed Update",0.00449999981
7405.7714,672,1,"Spline Update",0.000199999995
7405.7734,672,1,"Compose",0.386900008
7405.7756,672,1,"Update Buffers (CPU)",0.0571000017
7406.2606,673,1,"RenderPath3D Update",0.261
7406.2709,673,1,"Application Update",0.3063
7406.7059,673,1,"Application Render",0.4326
7407.144,673,1,"Application Compose",0.4024
7412.616,673,1,"SubmitCommandLists",5.4609
7412.6792,673,1,"Shadowmap packing",0.000199999995
7412.6833,673,1,"Render",0.432099998
7412.6855,673,1,"Procedural Animations",0.0013
7412.6877,673,1,"Script Components",0.000300000014
7412.6908,673,1,"CPU Frame",1.45309997
7412.6928,673,1,"Input",0.178599998
7412.6957,673,1,"GUI Update",0.0298999995
7412.6978,673,1,"Frustum Culling",0.0692000017
7412.6998,673,1,"Animations",9.99999975e-05
7412.7023,673,1,"Spring Dependencies",0.000500000024
7412.7048,673,1,"GUI Render",0.0515000001
7412.7066,673,1,"Physics",0.000699999975
7412.7084,673,1,"Update",0.305999994
7412.7103,673,1,"Fixed Update",9.99999975e-05
7412.7121,673,1,"Spline Update",0.000300000014
7412.7139,673,1,"Compose",0.40200001
7412.7161,673,1,"Update Buffers (CPU)",0.0856999978
7413.1058,674,1,"RenderPath3D Update",0.171
7413.1105,674,1,"Application Update",0.2083
7413.5171,674,1,"Application Render",0.4043
7413.9613,674,1,"Application Compose",0.4068
7419.5166,674,1,"SubmitCommandLists",5.5438
7419.5907,674,1,"Shadowmap packing",0.000199999995
7419.5946,674,1,"Render",0.404000014
7419.5967,674,1,"Procedural Animations",0.00109999999
7419.5993,674,1,"Script Components",0.000300000014
7419.6021,674,1,"CPU Frame",1.32700002
7419.604,674,1,"Input",0.174999997
7419.6069,674,1,"GUI Update",0.0320999995
7419.6091,674,1,"Frustum Culling",0.0421999991
7419.6111,674,1,"Animations",9.99999975e-05
7419.66,674,1,"Spring Dependencies",9.99999975e-05
7419.6627,674,1,"GUI Render",0.066399999
7419.6646,674,1,"Physics",0.00100000005
7419.6666,674,1,"Update",0.208000004
7419.6686,674,1,"Fixed Update",9.99999975e-05
7419.6704,674,1,"Spline Update",0.000199999995
7419.6723,674,1,"Compose",0.406399995
7419.6742,674,1,"Update Buffers (CPU)",0.102300003
7420.0887,675,1,"RenderPath3D Update",0.1807
7420.0947,675,1,"Application Update",0.2387
7420.4883,675,1,"Application Render",0.391
7420.9282,675,1,"Application Compose",0.4037
7427.3332,675,1,"SubmitCommandLists",6.3934
7427.4324,675,1,"Shadowmap packing",0.000300000014
7427.4383,675,1,"Render",0.390599996
7427.4407,675,1,"Procedural Animations",0.00109999999
7427.4437,675,1,"Script Components",9.99999975e-05
7427.448,675,1,"CPU Frame",1.39339995
7427.4502,675,1,"Input",0.163800001
7427.453,675,1,"GUI Update",0.0307999998
7427.4551,675,1,"Frustum Culling",0.0549000017
7427.4577,675,1,"Animations",9.99999975e-05
7427.4598,675,1,"Spring Dependencies",0.000500000024
7427.4622,675,1,"GUI Render",0.0425999984
7427.4641,675,1,"Physics",0.00789999962
7427.4659,675,1,"Update",0.238499999
7427.4679,675,1,"Fixed Update",0.0074
7427.4698,675,1,"Spline Update",0.000300000014
7427.4717,675,1,"Compose",0.403400004
7427.4737,675,1,"Update Buffers (CPU)",0.0737999976
7427.858,676,1,"RenderPath3D Update",0.2083
7427.8626,676,1,"Application Update",0.2448
7428.26,676,1,"Application Render",0.3952
7428.6839,676,1,"Application Compose",0.3985
7434.2309,676,1,"SubmitCommandLists",5.537
7434.288,676,1,"Shadowmap packing",0.00039999999
7434.292,676,1,"Render",0.394600004
7434.2944,676,1,"Procedural Animations",0.00109999999
7434.2968,676,1,"Script Components",0.000199999995
7434.2994,676,1,"CPU Frame",1.329
7434.3014,676,1,"Input",0.131999999
7434.3038,676,1,"GUI Update",0.0318000019
7434.306,676,1,"Frustum Culling",0.0419999994
7434.3079,676,1,"Animations",9.99999975e-05
7434.3104,676,1,"Spring Dependencies",9.99999975e-05
7434.3127,676,1,"GUI Render",0.057599999
7434.3146,676,1,"Physics",0.000699999975
7434.3166,676,1,"Update",0.244499996
7434.3186,676,1,"Fixed Update",0
7434.3207,676,1,"Spline Update",0.000300000014
7434.3226,676,1,"Compose",0.398299992
7434.3246,676,1,"Update Buffers (CPU)",0.118900001
7434.6711,677,1,"RenderPath3D Update",0.1801
7434.6758,677,1,"Application Update",0.2068
7435.0432,677,1,"Application Render",0.3653
7435.4869,677,1,"Application Compose",0.4049
7441.0057,677,1,"SubmitCommandLists",5.5072
7441.1262,677,1,"Shadowmap packing",0.00039999999
7441.1324,677,1,"Render",0.36500001
7441.135,677,1,"Procedural Animations",0.00100000005
7441.1378,677,1,"Script Components",9.99999975e-05
7441.1411,677,1,"CPU Frame",1.2414
7441.1431,677,1,"Input",0.129600003
7441.1473,677,1,"GUI Update",0.0267999992
7441.1497,677,1,"Frustum Culling",0.0485000014
7441.1516,677,1,"Animations",9.99999975e-05
7441.1536,677,1,"Spring Dependencies",0.000300000014
7441.1564,677,1,"GUI Render",0.0631999969
7441.1586,677,1,"Physics",0.00590000022
7441.1608,677,1,"Update",0.206599995
7441.163,677,1,"Fixed Update",0.00529999984
7441.1651,677,1,"Spline Update",0.000199999995
7441.167,677,1,"Compose",0.404500008
7441.1705,677,1,"Update Buffers (CPU)",0.0710000023
7441.734,678,1,"RenderPath3D Update",0.1719
7441.7401,678,1,"Application Update",0.2715
7442.2511,678,1,"Application Render",0.5084
7442.7428,678,1,"Application Compose",0.453
7447.9852,678,1,"SubmitCommandLists",5.2215
7448.041,678,1,"Shadowmap packing",0.00039999999
7448.0448,678,1,"Render",0.508099973
7448.0471,678,1,"Procedural Animations",0.00109999999
7448.0493,678,1,"Script Components",0.000300000014
7448.0519,678,1,"CPU Frame",1.70650005
7448.054,678,1,"Input",0.279599994
7448.0566,678,1,"GUI Update",0.0436999984
7448.0587,678,1,"Frustum Culling",0.0487999991
7448.0607,678,1,"Animations",9.99999975e-05
7448.0631,678,1,"Spring Dependencies",0.000300000014
7448.0655,678,1,"GUI Render",0.0579999983
7448.0675,678,1,"Physics",0.0013
7448.0694,678,1,"Update",0.270999998
7448.0716,678,1,"Fixed Update",9.99999975e-05
7448.0734,678,1,"Spline Update",0.000300000014
7448.1112,678,1,"Compose",0.452499986
7448.1134,678,1,"Update Buffers (CPU)",0.0996000022
7448.5713,679,1,"RenderPath3D Update",0.1653
7448.5775,679,1,"Application Update",0.303
7448.9809,679,1,"Application Render",0.4008
7449.419,679,1,"Application Compose",0.4036
7455.1385,679,1,"SubmitCommandLists",5.7079
7455.2217,679,1,"Shadowmap packing",0.000300000014
7455.2259,679,1,"Render",0.400400013
7455.2281,679,1,"Procedural Animations",0.00109999999
7455.2305,679,1,"Script Components",0.000199999995
7455.2334,679,1,"CPU Frame",1.41700006
7455.2354,679,1,"Input",0.152199998
7455.2381,679,1,"GUI Update",0.0326000005
7455.2401,679,1,"Frustum Culling",0.050999999
7455.242,679,1,"Animations",0
7455.2444,679,1,"Spring Dependencies",0.000300000014
7455.2467,679,1,"GUI Render",0.0505000018
7455.2485,679,1,"Physics",0.000899999985
7455.2504,679,1,"Update",0.3028
7455.2524,679,1,"Fixed Update",9.99999975e-05
7455.2548,679,1,"Spline Update",0.000199999995
7455.2569,679,1,"Compose",0.403200001
7455.2591,679,1,"Update Buffers (CPU)",0.0944000036
7455.58,680,1,"RenderPath3D Update",0.1662
7455.5846,680,1,"Application Update",0.194
7455.8934,680,1,"Application Render",0.3063
7456.3336,680,1,"Application Compose",0.4018
7462.0672,680,1,"SubmitCommandLists",5.721
7462.1241,680,1,"Shadowmap packing",0.000300000014
7462.1278,680,1,"Render",0.306100011
7462.13,680,1,"Procedural Animations",0.0013
7462.1327,680,1,"Script Components",9.99999975e-05
7462.1359,680,1,"CPU Frame",1.17680001
7462.1379,680,1,"Input",0.1184
7462.1406,680,1,"GUI Update",0.0259000007
7462.1427,680,1,"Frustum Culling",0.0397000015
7462.1449,680,1,"Animations",9.99999975e-05
7462.1468,680,1,"Spring Dependencies",0.000300000014
7462.149,680,1,"GUI Render",0.0513000004
7462.1508,680,1,"Physics",0.00590000022
7462.1527,680,1,"Update",0.193900004
7462.1547,680,1,"Fixed Update",0.0046000001
7462.1566,680,1,"Spline Update",0.000199999995
7462.1585,680,1,"Compose",0.401300013
7462.1605,680,1,"Update Buffers (CPU)",0.0753000006
7462.4789,681,1,"RenderPath3D Update",0.1481
7462.4834,681,1,"Application Update",0.1985
7462.8303,681,1,"Application Render",0.3447
7463.2708,681,1,"Application Compose",0.4051
7469.1989,681,1,"SubmitCommandLists",5.9162
7469.3377,681,1,"Shadowmap packing",0.000199999995
7469.3438,681,1,"Render",0.344399989
7469.3471,681,1,"Procedural Animations",0.00120000006
7469.3497,681,1,"Script Components",0.000199999995
7469.3533,681,1,"CPU Frame",1.18869996
7469.3572,681,1,"Input",0.117299996
7469.362,681,1,"GUI Update",0.0255999994
7469.3659,681,1,"Frustum Culling",0.0476000011
7469.3698,681,1,"Animations",9.99999975e-05
7469.3745,681,1,"Spring Dependencies",0.000199999995
7469.3798,681,1,"GUI Render",0.0483999997
7469.3836,681,1,"Physics",0.00120000006
7469.3875,681,1,"Update",0.198300004
7469.3906,681,1,"Fixed Update",0
7469.3932,681,1,"Spline Update",0.000199999995
7469.3951,681,1,"Compose",0.404799998
7469.3973,681,1,"Update Buffers (CPU)",0.0847000033
7469.9644,682,1,"RenderPath3D Update",0.1722
7469.973,682,1,"Application Update",0.3241
7470.6239,682,1,"Application Render",0.6459
7471.2253,682,1,"Application Compose",0.5266
7475.8817,682,1,"SubmitCommandLists",4.6295
7475.9521,682,1,"Shadowmap packing",0.000199999995
7475.956,682,1,"Render",0.645600021
7475.9585,682,1,"Procedural Animations",0.00150000001
7475.9611,682,1,"Script Components",0.000600000028
7475.9639,682,1,"CPU Frame",1.98650002
7475.9658,682,1,"Input",0.229699999
7475.9692,682,1,"GUI Update",0.0482000001
7475.9715,682,1,"Frustum Culling",0.0482000001
7475.9733,682,1,"Animations",9.99999975e-05
7475.9761,682,1,"Spring Dependencies",0.00079999998
7475.9787,682,1,"GUI Render",0.104099996
7475.9806,682,1,"Physics",0.00689999992
7475.9826,682,1,"Update",0.323700011
7475.9845,682,1,"Fixed Update",0.00680000009
7475.9864,682,1,"Spline Update",0.00100000005
7475.9883,682,1,"Compose",0.525600016
7475.9911,682,1,"Update Buffers (CPU)",0.110600002
7476.5053,683,1,"RenderPath3D Update",0.1933
7476.5135,683,1,"Application Update",0.3092
7476.9378,683,1,"Application Render",0.4202
7477.4029,683,1,"Application Compose",0.4029
7482.8887,683,1,"SubmitCommandLists",5.4753
7482.9634,683,1,"Shadowmap packing",0.000300000014
7482.968,683,1,"Render",0.419699997
7482.9704,683,1,"Procedural Animations",0.0013
7482.9735,683,1,"Script Components",0.000500000024
7482.9763,683,1,"CPU Frame",1.49779999
7482.9783,683,1,"Input",0.200499997
7482.9809,683,1,"GUI Update",0.0388000011
7482.9831,683,1,"Frustum Culling",0.0581
7482.985,683,1,"Animations",9.99999975e-05
7482.9874,683,1,"Spring Dependencies",0.000300000014
7482.9898,683,1,"GUI Render",0.0579999983
7482.9916,683,1,"Physics",0.00200000009
7482.9934,683,1,"Update",0.308699995
7482.9953,683,1,"Fixed Update",0
7482.9973,683,1,"Spline Update",0.000600000028
7482.9994,683,1,"Compose",0.402500004
7483.0012,683,1,"Update Buffers (CPU)",0.107100002
7483.5017,684,1,"RenderPath3D Update",0.1669
7483.5085,684,1,"Application Update",0.2964
7483.8635,684,1,"Application Render",0.3525
7484.3776,684,1,"Application Compose",0.4871
7489.5244,684,1,"SubmitCommandLists",5.1304
7489.5615,684,1,"Shadowmap packing",0.000199999995
7489.565,684,1,"Render",0.352400005
7489.5671,684,1,"Procedural Animations",0.0013
7489.5694,684,1,"Script Components",0.000199999995
7489.5718,684,1,"CPU Frame",1.47389996
7489.5739,684,1,"Input",0.195700005
7489.5761,684,1,"GUI Update",0.0346999988
7489.5782,684,1,"Frustum Culling",0.0362999998
7489.5802,684,1,"Animations",9.99999975e-05
7489.5824,684,1,"Spring Dependencies",0.000199999995
7489.5847,684,1,"GUI Render",0.0648000017
7489.5865,684,1,"Physics",0.00490000006
7489.5883,684,1,"Update",0.296200007
7489.5903,684,1,"Fixed Update",0.00510000018
7489.592,684,1,"Spline Update",0.000300000014
7489.5941,684,1,"Compose",0.486799985
7489.596,684,1,"Update Buffers (CPU)",0.0824000016
7489.8851,685,1,"RenderPath3D Update",0.1373
7489.8891,685,1,"Application Update",0.1634
7490.2129,685,1,"Application Render",0.3216
7490.6327,685,1,"Application Compose",0.3955
7496.7384,685,1,"SubmitCommandLists",6.0968
7496.7743,685,1,"Shadowmap packing",0.000300000014
7496.7774,685,1,"Render",0.3213
7496.7795,685,1,"Procedural Animations",0.00120000006
7496.7819,685,1,"Script Components",0.000199999995
7496.7843,685,1,"CPU Frame",1.09870005
7496.7863,685,1,"Input",0.123400003
7496.7886,685,1,"GUI Update",0.0237000007
7496.7906,685,1,"Frustum Culling",0.0370999984
7496.7926,685,1,"Animations",9.99999975e-05
7496.7951,685,1,"Spring Dependencies",0.000500000024
7496.7973,685,1,"GUI Render",0.0617000014
7496.7992,685,1,"Physics",0.00120000006
7496.801,685,1,"Update",0.163200006
7496.8028,685,1,"Fixed Update",9.99999975e-05
7496.8046,685,1,"Spline Update",0.000199999995
7496.8065,685,1,"Compose",0.395200014
7496.8084,685,1,"Update Buffers (CPU)",0.0669
7497.0811,686,1,"RenderPath3D Update",0.1286
7497.0869,686,1,"Application Update",0.1551
7497.4064,686,1,"Application Render",0.3166
7497.8214,686,1,"Application Compose",0.3927
7503.5777,686,1,"SubmitCommandLists",5.7456
7503.7775,686,1,"Shadowmap packing",0.000600000028
7503.7844,686,1,"Render",0.316199988
7503.789,686,1,"Procedural Animations",0.00100000005
7503.7939,686,1,"Script Components",0.000199999995
7503.8,686,1,"CPU Frame",1.07500005
7503.8038,686,1,"Input",0.116599999
7503.8087,686,1,"GUI Update",0.0219000001
7503.8129,686,1,"Frustum Culling",0.0397999994
7503.8167,686,1,"Animations",0
7503.8213,686,1,"Spring Dependencies",9.99999975e-05
7503.8266,686,1,"GUI Render",0.0500999987
7503.8298,686,1,"Physics",0.00109999999
7503.8338,686,1,"Update",0.154899999
7503.8374,686,1,"Fixed Update",0
7503.8411,686,1,"Spline Update",0.000300000014
7503.8447,686,1,"Compose",0.392399997
7503.8491,686,1,"Update Buffers (CPU)",0.066399999
7504.4884,687,1,"RenderPath3D Update",0.2286
7504.4952,687,1,"Application Update",0.3161
7504.8943,687,1,"Application Render",0.3964
7505.3603,687,1,"Application Compose",0.4275
7510.6812,687,1,"SubmitCommandLists",5.2998
7510.7453,687,1,"Shadowmap packing",0.000300000014
7510.7488,687,1,"Render",0.396100014
7510.7512,687,1,"Procedural Animations",0.00150000001
7510.7536,687,1,"Script Components",0.00109999999
7510.7796,687,1,"CPU Frame",1.72160006
7510.7817,687,1,"Input",0.289499998
7510.7844,687,1,"GUI Update",0.0504000001
7510.7865,687,1,"Frustum Culling",0.0485999994
7510.7886,687,1,"Animations",0
7510.7908,687,1,"Spring Dependencies",0.000300000014
7510.7933,687,1,"GUI Render",0.0560999997
7510.7952,687,1,"Physics",0.00760000013
7510.7971,687,1,"Update",0.315499991
7510.799,687,1,"Fixed Update",0.0156999994
7510.801,687,1,"Spline Update",0.000300000014
7510.8029,687,1,"Compose",0.42719999
7510.8049,687,1,"Update Buffers (CPU)",0.119199999
7511.1314,688,1,"RenderPath3D Update",0.1659
7511.1363,688,1,"Application Update",0.1979
7511.467,688,1,"Application Render",0.3285
7511.8889,688,1,"Application Compose",0.3981
7517.6522,688,1,"SubmitCommandLists",5.753
7517.7282,688,1,"Shadowmap packing",0.00039999999
7517.7322,688,1,"Render",0.328299999
7517.7348,688,1,"Procedural Animations",0.00109999999
7517.7373,688,1,"Script Components",9.99999975e-05
7517.7411,688,1,"CPU Frame",1.18990004
7517.7431,688,1,"Input",0.124300003
7517.746,688,1,"GUI Update",0.0277999993
7517.7482,688,1,"Frustum Culling",0.0533000007
7517.7501,688,1,"Animations",0
7517.7523,688,1,"Spring Dependencies",0.000199999995
7517.7548,688,1,"GUI Render",0.0650999993
7517.7568,688,1,"Physics",0.000899999985
7517.7588,688,1,"Update",0.197799996
7517.7607,688,1,"Fixed Update",9.99999975e-05
7517.7625,688,1,"Spline Update",0.000300000014
7517.7645,688,1,"Compose",0.397799999
7517.7663,688,1,"Update Buffers (CPU)",0.0720999986
7518.0776,689,1,"RenderPath3D Update",0.1452
7518.0834,689,1,"Application Update",0.1749
7518.486,689,1,"Application Render",0.4003
7518.9485,689,1,"Application Compose",0.4151
7524.352,689,1,"SubmitCommandLists",5.3906
7524.427,689,1,"Shadowmap packing",0.000300000014
7524.4307,689,1,"Render",0.400000006
7524.4329,689,1,"Procedural Animations",0.0013
7524.4357,689,1,"Script Components",0.00039999999
7524.4382,689,1,"CPU Frame",1.27719998
7524.4404,689,1,"Input",0.125100002
7524.4428,689,1,"GUI Update",0.0283000004
7524.445,689,1,"Frustum Culling",0.0351000018
7524.4471,689,1,"Animations",0
7524.4493,689,1,"Spring Dependencies",0.000199999995
7524.4518,689,1,"GUI Render",0.0623999983
7524.4536,689,1,"Physics",0.00630000001
7524.4554,689,1,"Update",0.174700007
7524.4573,689,1,"Fixed Update",0.00700000022
7524.4592,689,1,"Spline Update",0.000600000028
7524.461,689,1,"Compose",0.414600015
7524.4632,689,1,"Update Buffers (CPU)",0.104699999
7524.7772,690,1,"RenderPath3D Update",0.1416
7524.782,690,1,"Application Update",0.1743
7525.1507,690,1,"Application Render",0.3664
7525.5919,690,1,"Application Compose",0.4059
7531.4614,690,1,"SubmitCommandLists",5.8576
7531.5282,690,1,"Shadowmap packing",0.000300000014
7531.5339,690,1,"Render",0.366100013
7531.5374,690,1,"Procedural Animations",0.00139999995
7531.5402,690,1,"Script Components",0.000199999995
7531.5433,690,1,"CPU Frame",1.21870005
7531.5452,690,1,"Input",0.134900004
7531.5477,690,1,"GUI Update",0.0281000007
7531.5501,690,1,"Frustum Culling",0.052099999
7531.552,690,1,"Animations",9.99999975e-05
7531.5546,690,1,"Spring Dependencies",0.000300000014
7531.557,690,1,"GUI Render",0.0595000014
7531.5588,690,1,"Physics",0.00100000005
7531.5607,690,1,"Update",0.174099997
7531.5626,690,1,"Fixed Update",0
7531.5647,690,1,"Spline Update",0.000300000014
7531.5667,690,1,"Compose",0.405699998
7531.5694,690,1,"Update Buffers (CPU)",0.0820000023
7531.8974,691,1,"RenderPath3D Update",0.1412
7531.9026,691,1,"Application Update",0.1798
7532.3271,691,1,"Application Render",0.4221
7532.8594,691,1,"Application Compose",0.4156
7538.4636,691,1,"SubmitCommandLists",5.5929
7538.5441,691,1,"Shadowmap packing",0.00039999999
7538.5484,691,1,"Render",0.421499997
7538.5507,691,1,"Procedural Animations",0.00120000006
7538.5533,691,1,"Script Components",0.000199999995
7538.5565,691,1,"CPU Frame",1.38139999
7538.5589,691,1,"Input",0.142299995
7538.5617,691,1,"GUI Update",0.0263999999
7538.5639,691,1,"Frustum Culling",0.0377000012
7538.5659,691,1,"Animations",9.99999975e-05
7538.5683,691,1,"Spring Dependencies",0.000300000014
7538.6053,691,1,"GUI Render",0.0544999987
7538.6073,691,1,"Physics",0.0013
7538.6092,691,1,"Update",0.179499999
7538.6112,691,1,"Fixed Update",9.99999975e-05
7538.6131,691,1,"Spline Update",0.000300000014
7538.615,691,1,"Compose",0.414799988
7538.6171,691,1,"Update Buffers (CPU)",0.107199997
7539.4871,692,1,"RenderPath3D Update",0.1774
7539.4947,692,1,"Application Update",0.2151
7539.9005,692,1,"Application Render",0.4031
7540.3552,692,1,"Application Compose",0.4107
7545.2334,692,1,"SubmitCommandLists",4.8653
7545.3919,692,1,"Shadowmap packing",0.000300000014
7545.3991,692,1,"Render",0.402700007
7545.4016,692,1,"Procedural Animations",0.0013
7545.404,692,1,"Script Components",0.000699999975
7545.4088,692,1,"CPU Frame",1.87020004
7545.4115,692,1,"Input",0.641600013
7545.4154,692,1,"GUI Update",0.0351000018
7545.4181,692,1,"Frustum Culling",0.0516999997
7545.4203,692,1,"Animations",9.99999975e-05
7545.4242,692,1,"Spring Dependencies",0.000199999995
7545.4273,692,1,"GUI Render",0.0658999979
7545.4302,692,1,"Physics",0.00600000005
7545.4325,692,1,"Update",0.2148
7545.4346,692,1,"Fixed Update",0.00630000001
7545.4363,692,1,"Spline Update",0.000500000024
7545.4389,692,1,"Compose",0.410400003
7545.4413,692,1,"Update Buffers (CPU)",0.0848999992
7545.9331,693,1,"RenderPath3D Update",0.2129
7545.9378,693,1,"Application Update",0.2728
7546.4429,693,1,"Application Render",0.5028
7546.8982,693,1,"Application Compose",0.4223
7552.1028,693,1,"SubmitCommandLists",5.1941
7552.1887,693,1,"Shadowmap packing",0.000300000014
7552.1926,693,1,"Render",0.502499998
7552.1948,693,1,"Procedural Animations",0.00200000009
7552.1971,693,1,"Script Components",0.000199999995
7552.1998,693,1,"CPU Frame",1.62170005
7552.202,693,1,"Input",0.208499998
7552.2042,693,1,"GUI Update",0.0450000018
7552.2063,693,1,"Frustum Culling",0.0489000008
7552.2084,693,1,"Animations",9.99999975e-05
7552.2109,693,1,"Spring Dependencies",0.00079999998
7552.2132,693,1,"GUI Render",0.0697999969
7552.2151,693,1,"Physics",0.00289999996
7552.2173,693,1,"Update",0.272500008
7552.2195,693,1,"Fixed Update",9.99999975e-05
7552.2213,693,1,"Spline Update",0.00150000001
7552.2234,693,1,"Compose",0.421999991
7552.2256,693,1,"Update Buffers (CPU)",0.133200005
7552.5633,694,1,"RenderPath3D Update",0.1486
7552.5703,694,1,"Application Update",0.1796
7553.0239,694,1,"Application Render",0.4501
7553.7733,694,1,"Application Compose",0.6967
7559.3175,694,1,"SubmitCommandLists",5.5011
7559.3982,694,1,"Shadowmap packing",0.000699999975
7559.4022,694,1,"Render",0.449800014
7559.4048,694,1,"Procedural Animations",0.00120000006
7559.4073,694,1,"Script Components",0.000199999995
7559.4101,694,1,"CPU Frame",1.66429996
7559.412,694,1,"Input",0.150399998
7559.4146,694,1,"GUI Update",0.0280000009
7559.4169,694,1,"Frustum Culling",0.0381000005
7559.4186,694,1,"Animations",9.99999975e-05
7559.4211,694,1,"Spring Dependencies",0.000199999995
7559.4232,694,1,"GUI Render",0.0973000005
7559.4251,694,1,"Physics",0.00540000014
7559.4269,694,1,"Update",0.179399997
7559.4287,694,1,"Fixed Update",0.00490000006
7559.4304,694,1,"Spline Update",0.000300000014
7559.4323,694,1,"Compose",0.696200013
7559.4341,694,1,"Update Buffers (CPU)",0.109700002
7559.809,695,1,"RenderPath3D Update",0.1828
7559.8186,695,1,"Application Update",0.2187
7560.1956,695,1,"Application Render",0.3743
7560.7068,695,1,"Application Compose",0.4575
7566.2123,695,1,"SubmitCommandLists",5.4851
7566.2747,695,1,"Shadowmap packing",0.00039999999
7566.278,695,1,"Render",0.373899996
7566.2804,695,1,"Procedural Animations",0.00150000001
7566.2826,695,1,"Script Components",0.000199999995
7566.285,695,1,"CPU Frame",1.36020005
7566.287,695,1,"Input",0.156900004
7566.2897,695,1,"GUI Update",0.0267999992
7566.292,695,1,"Frustum Culling",0.0373000018
7566.294,695,1,"Animations",9.99999975e-05
7566.2965,695,1,"Spring Dependencies",0.000300000014
7566.2988,695,1,"GUI Render",0.0785999969
7566.3005,695,1,"Physics",0.0013
7566.3024,695,1,"Update",0.218600005
7566.3043,695,1,"Fixed Update",0
7566.3063,695,1,"Spline Update",0.000300000014
7566.3082,695,1,"Compose",0.456800014
7566.3568,695,1,"Update Buffers (CPU)",0.0799999982
7566.8165,696,1,"RenderPath3D Update",0.2885
7566.827,696,1,"Application Update",0.3241
7567.6085,696,1,"Application Render",0.7787
7568.1131,696,1,"Application Compose",0.4547
7573.1631,696,1,"SubmitCommandLists",5.0385
7573.2774,696,1,"Shadowmap packing",0.000199999995
7573.2825,696,1,"Render",0.778299987
7573.2854,696,1,"Procedural Animations",0.0013
7573.2878,696,1,"Script Components",0.000199999995
7573.2909,696,1,"CPU Frame",1.8858
7573.2937,696,1,"Input",0.130199999
7573.2967,696,1,"GUI Update",0.0271000005
7573.3046,696,1,"Frustum Culling",0.0445999987
7573.3065,696,1,"Animations",9.99999975e-05
7573.3104,696,1,"Spring Dependencies",0.00039999999
7573.3133,696,1,"GUI Render",0.0900000036
7573.3154,696,1,"Physics",0.00499999989
7573.3172,696,1,"Update",0.323799998
7573.3191,696,1,"Fixed Update",0.0057000001
7573.321,696,1,"Spline Update",0.000199999995
7573.3229,696,1,"Compose",0.454100013
7573.3258,696,1,"Update Buffers (CPU)",0.162499994
7573.8368,697,1,"RenderPath3D Update",0.1374
7573.8417,697,1,"Application Update",0.2073
7574.2176,697,1,"Application Render",0.3738
7574.6588,697,1,"Application Compose",0.4146
7579.9394,697,1,"SubmitCommandLists",5.2596
7580.0804,697,1,"Shadowmap packing",0.000199999995
7580.0861,697,1,"Render",0.373699993
7580.0893,697,1,"Procedural Animations",0.0013
7580.092,697,1,"Script Components",0.000199999995
7580.0961,697,1,"CPU Frame",1.4677
7580.0987,697,1,"Input",0.2958
7580.1028,697,1,"GUI Update",0.0317000002
7580.1056,697,1,"Frustum Culling",0.0395000018
7580.1078,697,1,"Animations",9.99999975e-05
7580.111,697,1,"Spring Dependencies",0.000199999995
7580.1147,697,1,"GUI Render",0.0533000007
7580.1168,697,1,"Physics",0.00139999995
7580.1192,697,1,"Update",0.207000002
7580.1215,697,1,"Fixed Update",0
7580.1242,697,1,"Spline Update",0.000199999995
7580.1262,697,1,"Compose",0.414400011
7580.1289,697,1,"Update Buffers (CPU)",0.0953999981
7580.8139,698,1,"RenderPath3D Update",0.1597
7580.8204,698,1,"Application Update",0.3916
7581.2226,698,1,"Application Render",0.3998
7581.7497,698,1,"Application Compose",0.4733
7587.1388,698,1,"SubmitCommandLists",5.3685
7587.2742,698,1,"Shadowmap packing",0.000300000014
7587.2807,698,1,"Render",0.399500012
7587.2841,698,1,"Procedural Animations",0.0013
7587.2875,698,1,"Script Components",0.000199999995
7587.2907,698,1,"CPU Frame",1.76909995
7587.2929,698,1,"Input",0.279799998
7587.2974,698,1,"GUI Update",0.0351999998
7587.2997,698,1,"Frustum Culling",0.0421000011
7587.3016,698,1,"Animations",9.99999975e-05
7587.3044,698,1,"Spring Dependencies",0.000199999995
7587.3069,698,1,"GUI Render",0.0615000017
7587.3089,698,1,"Physics",0.0013
7587.3106,698,1,"Update",0.391000003
7587.3128,698,1,"Fixed Update",9.99999975e-05
7587.3147,698,1,"Spline Update",0.000300000014
7587.3166,698,1,"Compose",0.472900003
7587.3188,698,1,"Update Buffers (CPU)",0.101499997
7587.6907,699,1,"RenderPath3D Update",0.1862
7587.6967,699,1,"Application Update",0.2166
7588.181,699,1,"Application Render",0.4813
7588.6902,699,1,"Application Compose",0.4629
7593.8117,699,1,"SubmitCommandLists",5.0977
7593.9162,699,1,"Shadowmap packing",0.000300000014
7593.9206,699,1,"Render",0.481099993
7593.9247,699,1,"Procedural Animations",0.00109999999
7593.9271,699,1,"Script Components",0.000300000014
7593.9304,699,1,"CPU Frame",1.50999999
7593.9324,699,1,"Input",0.139699996
7593.9356,699,1,"GUI Update",0.0357000008
7593.9385,699,1,"Frustum Culling",0.0494000018
7593.9407,699,1,"Animations",9.99999975e-05
7593.9436,699,1,"Spring Dependencies",0.000300000014
7593.9459,699,1,"GUI Render",0.0621999986
7593.9478,699,1,"Physics",0.00889999978
7593.9496,699,1,"Update",0.216399997
7593.9515,699,1,"Fixed Update",0.00710000005
7593.9535,699,1,"Spline Update",0.000300000014
7593.9554,699,1,"Compose",0.462500006
7593.9573,699,1,"Update Buffers (CPU)",0.125400007
7594.3101,700,1,"RenderPath3D Update",0.176
7594.3165,700,1,"Application Update",0.2107
7594.7276,700,1,"Application Render",0.408
7595.2561,700,1,"Application Compose",0.4801
7600.7158,700,1,"SubmitCommandLists",5.3609
7600.8213,700,1,"Shadowmap packing",0.000300000014
7600.8264,700,1,"Render",0.407700002
7600.8287,700,1,"Procedural Animations",0.00170000002
7600.8317,700,1,"Script Components",0.000300000014
7600.8344,700,1,"CPU Frame",1.49030006
7600.8365,700,1,"Input",0.138300002
7600.8404,700,1,"GUI Update",0.0305000003
7600.8425,700,1,"Frustum Culling",0.0480999984
7600.8445,700,1,"Animations",9.99999975e-05
7600.8476,700,1,"Spring Dependencies",0.000199999995
7600.8501,700,1,"GUI Render",0.0562000014
7600.8524,700,1,"Physics",0.00159999996
7600.8542,700,1,"Update",0.210500002
7600.8567,700,1,"Fixed Update",9.99999975e-05
7600.8585,700,1,"Spline Update",0.000300000014
7600.8604,700,1,"Compose",0.478799999
7600.8631,700,1,"Update Buffers (CPU)",0.0847000033
7601.2271,701,1,"RenderPath3D Update",0.1695
7601.2315,701,1,"Application Update",0.1971
7601.5984,701,1,"Application Render",0.3647
7602.0892,701,1,"Application Compose",0.4605
7607.9637,701,1,"SubmitCommandLists",5.8486
7608.0874,701,1,"Shadowmap packing",0.000500000024
7608.0921,701,1,"Render",0.364499986
7608.0947,701,1,"Procedural Animations",0.0013
7608.0973,701,1,"Script Components",0.000199999995
7608.1021,701,1,"CPU Frame",1.34459996
7608.1044,701,1,"Input",0.150999993
7608.1086,701,1,"GUI Update",0.0271000005
7608.1112,701,1,"Frustum Culling",0.0399999991
7608.1136,701,1,"Animations",9.99999975e-05
7608.117,701,1,"Spring Dependencies",0.000199999995
7608.1204,701,1,"GUI Render",0.0566000007
7608.1225,701,1,"Physics",0.00719999988
7608.1244,701,1,"Update",0.196999997
7608.1274,701,1,"Fixed Update",0.00590000022
7608.1295,701,1,"Spline Update",0.000199999995
7608.1314,701,1,"Compose",0.459899992
7608.1336,701,1,"Update Buffers (CPU)",0.0788000003
7608.5999,702,1,"RenderPath3D Update",0.1978
7608.606,702,1,"Application Update",0.2679
7609.0385,702,1,"Application Render",0.4282
7609.5148,702,1,"Application Compose",0.4435
7613.8151,702,1,"SubmitCommandLists",4.2819
7613.9709,702,1,"Shadowmap packing",0.000300000014
7613.976,702,1,"Render",0.4278
7613.9789,702,1,"Procedural Animations",0.00319999992
7613.9815,702,1,"Script Components",0.000199999995
7613.9854,702,1,"CPU Frame",1.51760006
7613.9876,702,1,"Input",0.184200004
7613.9919,702,1,"GUI Update",0.0518000014
7613.9945,702,1,"Frustum Culling",0.0555000007
7613.9969,702,1,"Animations",9.99999975e-05
7614.0017,702,1,"Spring Dependencies",0.00039999999
7614.0059,702,1,"GUI Render",0.0623000003
7614.0086,702,1,"Physics",0.00170000002
7614.011,702,1,"Update",0.267199993
7614.0129,702,1,"Fixed Update",9.99999975e-05
7614.0147,702,1,"Spline Update",0.000699999975
7614.0178,702,1,"Compose",0.443100005
7614.0213,702,1,"Update Buffers (CPU)",0.0898000002
7614.7246,703,1,"RenderPath3D Update",0.3036
7614.7304,703,1,"Application Update",0.385
7615.2825,703,1,"Application Render",0.5497
7615.7838,703,1,"Application Compose",0.4386
7620.8108,703,1,"SubmitCommandLists",5.0141
7620.9572,703,1,"Shadowmap packing",0.000300000014
7620.9633,703,1,"Render",0.549399972
7620.9656,703,1,"Procedural Animations",0.00200000009
7620.9688,703,1,"Script Components",0.00159999996
7620.9725,703,1,"CPU Frame",1.92770004
7620.9763,703,1,"Input",0.291599989
7620.9795,703,1,"GUI Update",0.0658999979
7620.9827,703,1,"Frustum Culling",0.0456000008
7620.9849,703,1,"Animations",9.99999975e-05
7620.9879,703,1,"Spring Dependencies",0.0013
7620.9914,703,1,"GUI Render",0.0742999986
7620.9932,703,1,"Physics",0.0037
7620.9952,703,1,"Update",0.384600013
7620.9982,703,1,"Fixed Update",9.99999975e-05
7621,703,1,"Spline Update",0.00100000005
7621.002,703,1,"Compose",0.43720001
7621.0045,703,1,"Update Buffers (CPU)",0.173099995
7621.6773,704,1,"RenderPath3D Update",0.2842
7621.6825,704,1,"Application Update",0.344
7622.2206,704,1,"Application Render",0.5356
7622.6855,704,1,"Application Compose",0.4294
7627.6135,704,1,"SubmitCommandLists",4.9164
7627.6804,704,1,"Shadowmap packing",0.000699999975
7627.685,704,1,"Render",0.5352
7627.6876,704,1,"Procedural Animations",0.00439999998
7627.6902,704,1,"Script Components",0.000600000028
7627.7871,704,1,"CPU Frame",1.8391
7627.7897,704,1,"Input",0.292299986
7627.7934,704,1,"GUI Update",0.0546000004
7627.7963,704,1,"Frustum Culling",0.0458000004
7627.7983,704,1,"Animations",9.99999975e-05
7627.8012,704,1,"Spring Dependencies",0.000600000028
7627.8048,704,1,"GUI Render",0.0860000029
7627.8073,704,1,"Physics",0.0141000003
7627.8094,704,1,"Update",0.343499988
7627.8114,704,1,"Fixed Update",0.0162000004
7627.8135,704,1,"Spline Update",0.00179999997
7627.8154,704,1,"Compose",0.429100007
7627.8178,704,1,"Update Buffers (CPU)",0.129600003
7628.4593,705,1,"RenderPath3D Update",0.2667
7628.464,705,1,"Application Update",0.3697
7628.9331,705,1,"Application Render",0.467
7629.3958,705,1,"Application Compose",0.4315
7634.7724,705,1,"SubmitCommandLists",5.3655
7634.8952,705,1,"Shadowmap packing",0.000199999995
7634.9018,705,1,"Render",0.466600001
7634.9045,705,1,"Procedural Animations",0.00319999992
7634.9067,705,1,"Script Components",0.00079999998
7634.9104,705,1,"CPU Frame",1.76419997
7634.9126,705,1,"Input",0.25999999
7634.9179,705,1,"GUI Update",0.072300002
7634.9209,705,1,"Frustum Culling",0.0483000018
7634.9233,705,1,"Animations",9.99999975e-05
7634.9264,705,1,"Spring Dependencies",0.00120000006
7634.93,705,1,"GUI Render",0.068400003
7634.932,705,1,"Physics",0.00230000005
7634.9339,705,1,"Update",0.369300008
7634.9364,705,1,"Fixed Update",0
7634.939,705,1,"Spline Update",0.00139999995
7634.9414,705,1,"Compose",0.431300014
7634.9444,705,1,"Update Buffers (CPU)",0.150199994
7635.5834,706,1,"RenderPath3D Update",0.2884
7635.5884,706,1,"Application Update",0.3436
7636.0915,706,1,"Application Render",0.4996
7636.5505,706,1,"Application Compose",0.4221
7641.7065,706,1,"SubmitCommandLists",5.144
7641.8447,706,1,"Shadowmap packing",0.000199999995
7641.8492,706,1,"Render",0.499300003
7641.8521,706,1,"Procedural Animations",0.00469999993
7641.8549,706,1,"Script Components",0.000699999975
7641.8609,706,1,"CPU Frame",1.74960005
7641.8633,706,1,"Input",0.265700012
7641.8676,706,1,"GUI Update",0.0538000017
7641.8708,706,1,"Frustum Culling",0.0509000011
7641.8728,706,1,"Animations",9.99999975e-05
7641.8756,706,1,"Spring Dependencies",0.00079999998
7641.8785,706,1,"GUI Render",0.077200003
7641.8804,706,1,"Physics",0.0143999998
7641.8827,706,1,"Update",0.343300015
7641.8857,706,1,"Fixed Update",0.0174000002
7641.8881,706,1,"Spline Update",0.0013
7641.8907,706,1,"Compose",0.421700001
7641.8929,706,1,"Update Buffers (CPU)",0.126000002
7642.621,707,1,"RenderPath3D Update",0.3786
7642.632,707,1,"Application Update",0.4575
7643.2719,707,1,"Application Render",0.6371
7643.7002,707,1,"Application Compose",0.4013
7648.6371,707,1,"SubmitCommandLists",4.9258
7648.7782,707,1,"Shadowmap packing",0.000300000014
7648.7822,707,1,"Render",0.636799991
7648.7858,707,1,"Procedural Animations",0.00300000003
7648.7882,707,1,"Script Components",0.00100000005
7648.7915,707,1,"CPU Frame",1.95790005
7648.7944,707,1,"Input",0.261000007
7648.7994,707,1,"GUI Update",0.0515000001
7648.8015,707,1,"Frustum Culling",0.0447999984
7648.8039,707,1,"Animations",9.99999975e-05
7648.8076,707,1,"Spring Dependencies",0.0013
7648.8127,707,1,"GUI Render",0.112300001
7648.8156,707,1,"Physics",0.00179999997
7648.8175,707,1,"Update",0.456999987
7648.8199,707,1,"Fixed Update",9.99999975e-05
7648.8217,707,1,"Spline Update",0.00100000005
7648.8235,707,1,"Compose",0.40110001
7648.827,707,1,"Update Buffers (CPU)",0.123300001
7649.6394,708,1,"RenderPath3D Update",0.3973
7649.6517,708,1,"Application Update",0.4841
7650.3846,708,1,"Application Render",0.7301
7650.8621,708,1,"Application Compose",0.4234
7655.6165,708,1,"SubmitCommandLists",4.7426
7655.7975,708,1,"Shadowmap packing",0.000199999995
7655.804,708,1,"Render",0.729700029
7655.8071,708,1,"Procedural Animations",0.0013
7655.8104,708,1,"Script Components",0.00120000006
7655.8142,708,1,"CPU Frame",2.19099998
7655.8165,708,1,"Input",0.298299998
7655.8203,708,1,"GUI Update",0.0627000034
7655.8229,708,1,"Frustum Culling",0.104699999
7655.8248,708,1,"Animations",9.99999975e-05
7655.8279,708,1,"Spring Dependencies",0.000600000028
7655.8875,708,1,"GUI Render",0.0755999982
7655.8893,708,1,"Physics",0.0219999999
7655.8923,708,1,"Update",0.483799994
7655.8943,708,1,"Fixed Update",0.0175999999
7655.8961,708,1,"Spline Update",0.000699999975
7655.8979,708,1,"Compose",0.423099995
7655.9005,708,1,"Update Buffers (CPU)",0.149599999
7656.5764,709,1,"RenderPath3D Update",0.2878
7656.5832,709,1,"Application Update",0.3705
7657.2088,709,1,"Application Render",0.6227
7657.6853,709,1,"Application Compose",0.4226
7662.5223,709,1,"SubmitCommandLists",4.8269
7662.6984,709,1,"Shadowmap packing",9.99999975e-05
7662.7072,709,1,"Render",0.622200012
7662.7101,709,1,"Procedural Animations",0.00200000009
7662.7151,709,1,"Script Components",0.000300000014
7662.7196,709,1,"CPU Frame",2.02169991
7662.7214,709,1,"Input",0.288199991
7662.7254,709,1,"GUI Update",0.0669
7662.7287,709,1,"Frustum Culling",0.052099999
7662.7311,709,1,"Animations",9.99999975e-05
7662.733,709,1,"Spring Dependencies",0.000899999985
7662.7376,709,1,"GUI Render",0.0781999975
7662.7401,709,1,"Physics",0.00209999993
7662.7427,709,1,"Update",0.370000005
7662.745,709,1,"Fixed Update",9.99999975e-05
7662.7469,709,1,"Spline Update",0.00100000005
7662.7488,709,1,"Compose",0.422199994
7662.7515,709,1,"Update Buffers (CPU)",0.1461
7663.4244,710,1,"RenderPath3D Update",0.2845
7663.429,710,1,"Application Update",0.3592
7663.9583,710,1,"Application Render",0.5269
7664.4168,710,1,"Application Compose",0.4177
7669.4456,710,1,"SubmitCommandLists",5.018
7669.5908,710,1,"Shadowmap packing",0.000199999995
7669.5991,710,1,"Render",0.526600003
7669.6033,710,1,"Procedural Animations",0.00319999992
7669.6055,710,1,"Script Components",0.00039999999
7669.6091,710,1,"CPU Frame",1.85239995
7669.6126,710,1,"Input",0.2949
7669.6158,710,1,"GUI Update",0.0670000017
7669.6197,710,1,"Frustum Culling",0.0549999997
7669.6226,710,1,"Animations",9.99999975e-05
7669.6267,710,1,"Spring Dependencies",0.00120000006
7669.6308,710,1,"GUI Render",0.0798999965
7669.6339,710,1,"Physics",0.00240000011
7669.6365,710,1,"Update",0.358999997
7669.6397,710,1,"Fixed Update",0
7669.6434,710,1,"Spline Update",0.00120000006
7669.6453,710,1,"Compose",0.417199999
7669.6486,710,1,"Update Buffers (CPU)",0.137400001
7670.3447,711,1,"RenderPath3D Update",0.3108
7670.3519,711,1,"Application Update",0.3887
7670.9375,711,1,"Application Render",0.5829
7671.4221,711,1,"Application Compose",0.446
7676.4048,711,1,"SubmitCommandLists",4.9665
7676.5578,711,1,"Shadowmap packing",9.99999975e-05
7676.5637,711,1,"Render",0.582599998
7676.5669,711,1,"Procedural Animations",0.00340000005
7676.5701,711,1,"Script Components",0.00039999999
7676.5735,711,1,"CPU Frame",1.94309998
7676.5759,711,1,"Input",0.263099998
7676.5794,711,1,"GUI Update",0.0612000003
7676.5816,711,1,"Frustum Culling",0.0617999993
7676.5835,711,1,"Animations",0.00079999998
7676.5853,711,1,"Spring Dependencies",0.00139999995
7676.5882,711,1,"GUI Render",0.0785000026
7676.5903,711,1,"Physics",0.0162000004
7676.5926,711,1,"Update",0.388200015
7676.5947,711,1,"Fixed Update",0.0195000004
7676.5964,711,1,"Spline Update",0.00219999999
7676.5987,711,1,"Compose",0.445800006
7676.6016,711,1,"Update Buffers (CPU)",0.157299995
7677.1961,712,1,"RenderPath3D Update",0.2775
7677.2011,712,1,"Application Update",0.3451
7677.7454,712,1,"Application Render",0.5415
7678.2072,712,1,"Application Compose",0.425
7683.3284,712,1,"SubmitCommandLists",5.1096
7683.4498,712,1,"Shadowmap packing",0.00039999999
7683.4562,712,1,"Render",0.541199982
7683.46,712,1,"Procedural Animations",0.00319999992
7683.4635,712,1,"Script Components",0.000699999975
7683.4675,712,1,"CPU Frame",1.76849997
7683.4699,712,1,"Input",0.237100005
7683.4747,712,1,"GUI Update",0.0516000018
7683.4777,712,1,"Frustum Culling",0.0555000007
7683.4798,712,1,"Animations",9.99999975e-05
7683.4821,712,1,"Spring Dependencies",0.00139999995
7683.4848,712,1,"GUI Render",0.0788000003
7683.4877,712,1,"Physics",0.00230000005
7683.4904,712,1,"Update",0.344799995
7683.4955,712,1,"Fixed Update",9.99999975e-05
7683.4984,712,1,"Spline Update",0.000699999975
7683.5003,712,1,"Compose",0.424699992
7683.6245,712,1,"Update Buffers (CPU)",0.200599998
7684.298,713,1,"RenderPath3D Update",0.2871
7684.303,713,1,"Application Update",0.384
7684.9928,713,1,"Application Render",0.6872
7685.473,713,1,"Application Compose",0.4231
7690.3147,713,1,"SubmitCommandLists",4.8291
7690.4814,713,1,"Shadowmap packing",9.99999975e-05
7690.4898,713,1,"Render",0.686999977
7690.4951,713,1,"Procedural Animations",0.00260000001
7690.5018,713,1,"Script Components",0.00039999999
7690.5066,713,1,"CPU Frame",2.11400008
7690.5119,713,1,"Input",0.249799997
7690.5202,713,1,"GUI Update",0.0680999979
7690.5236,713,1,"Frustum Culling",0.0522000007
7690.526,713,1,"Animations",9.99999975e-05
7690.5279,713,1,"Spring Dependencies",0.000600000028
7690.5324,713,1,"GUI Render",0.100900002
7690.5345,713,1,"Physics",0.0141000003
7690.5362,713,1,"Update",0.383899987
7690.5393,713,1,"Fixed Update",0.0219000001
7690.5418,713,1,"Spline Update",0.000899999985
7690.5441,713,1,"Compose",0.422699988
7690.5475,713,1,"Update Buffers (CPU)",0.149499997
7691.3561,714,1,"RenderPath3D Update",0.3015
7691.3617,714,1,"Application Update",0.425
7691.9447,714,1,"Application Render",0.5804
7692.449,714,1,"Application Compose",0.4519
7697.1651,714,1,"SubmitCommandLists",4.7035
7697.2928,714,1,"Shadowmap packing",0.00039999999
7697.2972,714,1,"Render",0.5801
7697.3004,714,1,"Procedural Animations",0.00240000011
7697.3042,714,1,"Script Components",0.00039999999
7697.3092,714,1,"CPU Frame",2.08349991
7697.314,714,1,"Input",0.361799985
7697.3193,714,1,"GUI Update",0.0697999969
7697.3234,714,1,"Frustum Culling",0.0538000017
7697.3277,714,1,"Animations",9.99999975e-05
7697.3312,714,1,"Spring Dependencies",0.000699999975
7697.3345,714,1,"GUI Render",0.104000002
7697.3363,714,1,"Physics",0.00430000015
7697.3391,714,1,"Update",0.424600005
7697.3422,714,1,"Fixed Update",0
7697.3455,714,1,"Spline Update",0.00120000006
7697.3474,714,1,"Compose",0.451499999
7697.3516,714,1,"Update Buffers (CPU)",0.171100006
7698.0086,715,1,"RenderPath3D Update",0.2781
7698.0152,715,1,"Application Update",0.3599
7698.6561,715,1,"Application Render",0.6382
7699.1412,715,1,"Application Compose",0.4329
7704.2105,715,1,"SubmitCommandLists",5.0563
7704.3917,715,1,"Shadowmap packing",0.000300000014
7704.3994,715,1,"Render",0.638000011
7704.4025,715,1,"Procedural Animations",0.00359999994
7704.4054,715,1,"Script Components",0.000699999975
7704.4106,715,1,"CPU Frame",1.9425
7704.4146,715,1,"Input",0.278899997
7704.4215,715,1,"GUI Update",0.0489999987
7704.4253,715,1,"Frustum Culling",0.0669
7704.4275,715,1,"Animations",9.99999975e-05
7704.4322,715,1,"Spring Dependencies",0.000500000024
7704.4365,715,1,"GUI Render",0.0885000005
7704.4383,715,1,"Physics",0.00319999992
7704.4412,715,1,"Update",0.359600008
7704.4435,715,1,"Fixed Update",0
7704.4475,715,1,"Spline Update",0.000699999975
7704.4503,715,1,"Compose",0.432599992
7704.4534,715,1,"Update Buffers (CPU)",0.145500004
7705.1743,716,1,"RenderPath3D Update",0.2623
7705.1812,716,1,"Application Update",0.3582
7705.8274,716,1,"Application Render",0.6433
7706.3082,716,1,"Application Compose",0.4276
7711.0381,716,1,"SubmitCommandLists",4.7184
7711.2109,716,1,"Shadowmap packing",0.000300000014
7711.2167,716,1,"Render",0.643000007
7711.2199,716,1,"Procedural Animations",0.00159999996
7711.2249,716,1,"Script Components",0.00079999998
7711.2294,716,1,"CPU Frame",2.05870008
7711.2319,716,1,"Input",0.319200009
7711.2358,716,1,"GUI Update",0.0650999993
7711.2388,716,1,"Frustum Culling",0.0379999988
7711.2406,716,1,"Animations",0
7711.2434,716,1,"Spring Dependencies",0.000699999975
7711.2471,716,1,"GUI Render",0.0738999993
7711.2488,716,1,"Physics",0.00899999961
7711.2512,716,1,"Update",0.357899994
7711.2532,716,1,"Fixed Update",0.0177999996
7711.2556,716,1,"Spline Update",0.000699999975
7711.2574,716,1,"Compose",0.427300006
7711.2611,716,1,"Update Buffers (CPU)",0.158299997
7712.0879,717,1,"RenderPath3D Update",0.4449
7712.1028,717,1,"Application Update",0.5683
7712.6986,717,1,"Application Render",0.593
7713.1658,717,1,"Application Compose",0.4229
7718.1071,717,1,"SubmitCommandLists",4.93
7718.4181,717,1,"Shadowmap packing",0.000199999995
7718.4257,717,1,"Render",0.592299998
7718.429,717,1,"Procedural Animations",0.00329999998
7718.4317,717,1,"Script Components",0.000600000028
7718.4358,717,1,"CPU Frame",2.07599998
7718.439,717,1,"Input",0.25150001
7718.4458,717,1,"GUI Update",0.0798000023
7718.4489,717,1,"Frustum Culling",0.0731000006
7718.4514,717,1,"Animations",0.000600000028
7718.4543,717,1,"Spring Dependencies",0.000600000028
7718.4576,717,1,"GUI Render",0.070100002
7718.46,717,1,"Physics",0.00480000023
7718.4619,717,1,"Update",0.567700028
7718.4648,717,1,"Fixed Update",0
7718.4684,717,1,"Spline Update",0.000699999975
7718.4708,717,1,"Compose",0.422399998
7718.4735,717,1,"Update Buffers (CPU)",0.137700006
7719.3792,718,1,"RenderPath3D Update",0.4231
7719.3955,718,1,"Application Update",0.5473
7720.1833,718,1,"Application Render",0.785
7720.627,718,1,"Application Compose",0.4068
7724.8999,718,1,"SubmitCommandLists",4.2628
7725.0496,718,1,"Shadowmap packing",0.000199999995
7725.0543,718,1,"Render",0.784500003
7725.0565,718,1,"Procedural Animations",0.00249999994
7725.0591,718,1,"Script Components",0.00079999998
7725.0619,718,1,"CPU Frame",2.39650011
7725.0643,718,1,"Input",0.320199996
7725.0672,718,1,"GUI Update",0.0766000003
7725.0695,718,1,"Frustum Culling",0.0560999997
7725.0719,718,1,"Animations",0.000199999995
7725.0737,718,1,"Spring Dependencies",0.00079999998
7725.0764,718,1,"GUI Render",0.0738999993
7725.079,718,1,"Physics",0.0171000008
7725.0814,718,1,"Update",0.547100008
7725.0844,718,1,"Fixed Update",0.0204000007
7725.0862,718,1,"Spline Update",0.00100000005
7725.0884,718,1,"Compose",0.406599998
7725.091,718,1,"Update Buffers (CPU)",0.158800006
7725.8658,719,1,"RenderPath3D Update",0.3034
7725.8736,719,1,"Application Update",0.4128
7726.5015,719,1,"Application Render",0.6243
7726.9925,719,1,"Application Compose",0.4325
7731.966,719,1,"SubmitCommandLists",4.961
7732.1681,719,1,"Shadowmap packing",0.00039999999
7732.1776,719,1,"Render",0.624000013
7732.1828,719,1,"Procedural Animations",0.00300000003
7732.1877,719,1,"Script Components",0.000300000014
7732.1935,719,1,"CPU Frame",2.0559001
7732.1974,719,1,"Input",0.336899996
7732.2032,719,1,"GUI Update",0.0649000034
7732.2086,719,1,"Frustum Culling",0.0447000004
7732.2127,719,1,"Animations",9.99999975e-05
7732.2182,719,1,"Spring Dependencies",0.00079999998
7732.2225,719,1,"GUI Render",0.100100003
7732.2258,719,1,"Physics",0.00359999994
7732.2294,719,1,"Update",0.411199987
7732.233,719,1,"Fixed Update",9.99999975e-05
7732.2364,719,1,"Spline Update",0.00079999998
7732.2402,719,1,"Compose",0.431800008
7732.2442,719,1,"Update Buffers (CPU)",0.144999996
7733.1976,720,1,"RenderPath3D Update",0.3591
7733.2124,720,1,"Application Update",0.4774
7733.9416,720,1,"Application Render",0.7253
7734.582,720,1,"Application Compose",0.6013
7738.9643,720,1,"SubmitCommandLists",4.359
7739.1754,720,1,"Shadowmap packing",0.000300000014
7739.1839,720,1,"Render",0.72420001
7739.188,720,1,"Procedural Animations",0.00289999996
7739.193,720,1,"Script Components",0.00100000005
7739.1987,720,1,"CPU Frame",2.56999993
7739.2031,720,1,"Input",0.435000002
7739.2112,720,1,"GUI Update",0.0954999998
7739.2152,720,1,"Frustum Culling",0.0773999989
7739.217,720,1,"Animations",9.99999975e-05
7739.2227,720,1,"Spring Dependencies",0.000699999975
7739.2301,720,1,"GUI Render",0.108999997
7739.2334,720,1,"Physics",0.0137
7739.2354,720,1,"Update",0.476999998
7739.2387,720,1,"Fixed Update",0.0210999995
7739.2414,720,1,"Spline Update",0.000899999985
7739.2451,720,1,"Compose",0.601000011
7739.2502,720,1,"Update Buffers (CPU)",0.1646
7740.2033,721,1,"RenderPath3D Update",0.2712
7740.2112,721,1,"Application Update",0.3826
7740.8462,721,1,"Application Render",0.6317
7741.3559,721,1,"Application Compose",0.4548
7745.8291,721,1,"SubmitCommandLists",4.4584
7745.9036,721,1,"Shadowmap packing",0.00039999999
7745.9072,721,1,"Render",0.631399989
7745.9095,721,1,"Procedural Animations",0.00400000019
7745.9123,721,1,"Script Components",0.000899999985
7745.917,721,1,"CPU Frame",2.329
7745.9741,721,1,"Input",0.540700018
7745.9802,721,1,"GUI Update",0.0815000013
7745.9847,721,1,"Frustum Culling",0.0496999994
7745.9877,721,1,"Animations",9.99999975e-05
7745.991,721,1,"Spring Dependencies",0.000300000014
7745.9954,721,1,"GUI Render",0.0727000013
7745.9979,721,1,"Physics",0.0027999999
7746.0007,721,1,"Update",0.381500006
7746.0039,721,1,"Fixed Update",0.000199999995
7746.0075,721,1,"Spline Update",0.00150000001
7746.0101,721,1,"Compose",0.45449999
7746.0141,721,1,"Update Buffers (CPU)",0.177300006
7746.8313,722,1,"RenderPath3D Update",0.2353
7746.8412,722,1,"Application Update",0.4375
7747.4918,722,1,"Application Render",0.6459
7748.1137,722,1,"Application Compose",0.5637
7752.836,722,1,"SubmitCommandLists",4.6766
7753.0047,722,1,"Shadowmap packing",0.000300000014
7753.0121,722,1,"Render",0.645299971
7753.0181,722,1,"Procedural Animations",0.00150000001
7753.0225,722,1,"Script Components",0.00039999999
7753.0299,722,1,"CPU Frame",2.28270006
7753.0344,722,1,"Input",0.359499991
7753.0404,722,1,"GUI Update",0.0763999969
7753.0447,722,1,"Frustum Culling",0.0361000001
7753.0482,722,1,"Animations",9.99999975e-05
7753.0524,722,1,"Spring Dependencies",0.00039999999
7753.0569,722,1,"GUI Render",0.0789000019
7753.06,722,1,"Physics",0.00190000003
7753.0635,722,1,"Update",0.43689999
7753.068,722,1,"Fixed Update",0
7753.0719,722,1,"Spline Update",0.00100000005
7753.0759,722,1,"Compose",0.563199997
7753.0804,722,1,"Update Buffers (CPU)",0.165800005
7754.0421,723,1,"RenderPath3D Update",0.1729
7754.05,723,1,"Application Update",0.588
7754.6018,723,1,"Application Render",0.5476
7755.1286,723,1,"Application Compose",0.4748
7759.871,723,1,"SubmitCommandLists",4.7287
7760.0671,723,1,"Shadowmap packing",0.000500000024
7760.0892,723,1,"Render",0.547100008
7760.0938,723,1,"Procedural Animations",0.00150000001
7760.0984,723,1,"Script Components",0.00039999999
7760.1068,723,1,"CPU Frame",2.24449992
7760.111,723,1,"Input",0.336600006
7760.1198,723,1,"GUI Update",0.0562000014
7760.1242,723,1,"Frustum Culling",0.0171000008
7760.1295,723,1,"Animations",9.99999975e-05
7760.1358,723,1,"Spring Dependencies",0.000300000014
7760.141,723,1,"GUI Render",0.103200004
7760.1446,723,1,"Physics",0.00810000021
7760.1473,723,1,"Update",0.587499976
7760.1509,723,1,"Fixed Update",0.0168999992
7760.154,723,1,"Spline Update",0.000500000024
7760.1576,723,1,"Compose",0.4745
7760.1608,723,1,"Update Buffers (CPU)",0.136899993
7760.9741,724,1,"RenderPath3D Update",0.2666
7760.9885,724,1,"Application Update",0.4592
7762.0914,724,1,"Application Render",1.0987
7762.9112,724,1,"Application Compose",0.7089
7766.7681,724,1,"SubmitCommandLists",3.8321
7766.8942,724,1,"Shadowmap packing",0.000300000014
7766.9048,724,1,"Render",1.09809995
7766.9118,724,1,"Procedural Animations",0.00219999999
7766.9169,724,1,"Script Components",0.000300000014
7766.922,724,1,"CPU Frame",3.00769997
7766.9249,724,1,"Input",0.330300003
7766.9308,724,1,"GUI Update",0.061900001
7766.9358,724,1,"Frustum Culling",0.0384999998
7766.9394,724,1,"Animations",9.99999975e-05
7766.9446,724,1,"Spring Dependencies",0.000699999975
7766.9504,724,1,"GUI Render",0.218899995
7766.9552,724,1,"Physics",0.0013
7766.9581,724,1,"Update",0.458299994
7766.9631,724,1,"Fixed Update",9.99999975e-05
7766.9656,724,1,"Spline Update",0.0013
7766.9684,724,1,"Compose",0.707499981
7766.9734,724,1,"Update Buffers (CPU)",0.396699995
7767.7049,725,1,"RenderPath3D Update",0.2453
7767.7763,725,1,"Application Update",0.3974
7768.6577,725,1,"Application Render",0.8761
7769.4214,725,1,"Application Compose",0.6206
7773.8607,725,1,"SubmitCommandLists",4.409
7774.1731,725,1,"Shadowmap packing",0.00039999999
7774.186,725,1,"Render",0.875800014
7774.1933,725,1,"Procedural Animations",0.00219999999
7774.2005,725,1,"Script Components",0.00039999999
7774.2073,725,1,"CPU Frame",2.62140012
7774.2107,725,1,"Input",0.355800003
7774.2169,725,1,"GUI Update",0.0847999975
7774.2236,725,1,"Frustum Culling",0.0401000008
7774.2271,725,1,"Animations",0
7774.2319,725,1,"Spring Dependencies",0.00100000005
7774.2362,725,1,"GUI Render",0.0857999995
7774.2999,725,1,"Physics",0.0116999997
7774.3042,725,1,"Update",0.396899998
7774.3103,725,1,"Fixed Update",0.0184000004
7774.3142,725,1,"Spline Update",0.00159999996
7774.3171,725,1,"Compose",0.619899988
7774.3225,725,1,"Update Buffers (CPU)",0.142800003
7775.2106,726,1,"RenderPath3D Update",0.3445
7775.229,726,1,"Application Update",0.481
7775.966,726,1,"Application Render",0.7328
7776.6484,726,1,"Application Compose",0.6221
7780.7766,726,1,"SubmitCommandLists",4.1061
7780.9702,726,1,"Shadowmap packing",0.000699999975
7780.9887,726,1,"Render",0.732200027
7780.9955,726,1,"Procedural Animations",0.0037
7780.9995,726,1,"Script Components",0.000500000024
7781.0044,726,1,"CPU Frame",2.69899988
7781.0077,726,1,"Input",0.382400006
7781.0125,726,1,"GUI Update",0.0926000029
7781.0172,726,1,"Frustum Culling",0.0272000004
7781.0198,726,1,"Animations",0
7781.0251,726,1,"Spring Dependencies",0.00159999996
7781.0299,726,1,"GUI Render",0.107500002
7781.0337,726,1,"Physics",0.00400000019
7781.0363,726,1,"Update",0.479999989
7781.0399,726,1,"Fixed Update",0
7781.0425,726,1,"Spline Update",0.00159999996
7781.0457,726,1,"Compose",0.621800005
7781.0519,726,1,"Update Buffers (CPU)",0.138999999
7781.7269,727,1,"RenderPath3D Update",0.2386
7781.733,727,1,"Application Update",0.3245
7782.1994,727,1,"Application Render",0.463
7782.7503,727,1,"Application Compose",0.5041
7787.4744,727,1,"SubmitCommandLists",4.7022
7787.5596,727,1,"Shadowmap packing",0.00039999999
7787.5639,727,1,"Render",0.462700009
7787.5668,727,1,"Procedural Animations",0.00209999993
7787.5701,727,1,"Script Components",0.000500000024
7787.5741,727,1,"CPU Frame",1.94130003
7787.5769,727,1,"Input",0.324200004
7787.5803,727,1,"GUI Update",0.0868000016
7787.5835,727,1,"Frustum Culling",0.0461999997
7787.5862,727,1,"Animations",9.99999975e-05
7787.5893,727,1,"Spring Dependencies",0.00079999998
7787.5933,727,1,"GUI Render",0.0795999989
7787.5968,727,1,"Physics",0.00249999994
7787.5999,727,1,"Update",0.324299991
7787.6026,727,1,"Fixed Update",0.000199999995
7787.6056,727,1,"Spline Update",0.000500000024
7787.6093,727,1,"Compose",0.503600001
7787.6129,727,1,"Update Buffers (CPU)",0.133699998
7788.2451,728,1,"RenderPath3D Update",0.2879
7788.2581,728,1,"Application Update",0.3503
7788.7955,728,1,"Application Render",0.5336
7789.3367,728,1,"Application Compose",0.4988
7794.647,728,1,"SubmitCommandLists",5.2942
7794.7556,728,1,"Shadowmap packing",0.000300000014
7794.7642,728,1,"Render",0.533200026
7794.7681,728,1,"Procedural Animations",0.00540000014
7794.7727,728,1,"Script Components",0.000500000024
7794.7769,728,1,"CPU Frame",1.84019995
7794.7793,728,1,"Input",0.257099986
7794.7835,728,1,"GUI Update",0.0680999979
7794.7863,728,1,"Frustum Culling",0.0439000018
7794.7881,728,1,"Animations",9.99999975e-05
7794.7936,728,1,"Spring Dependencies",0.00100000005
7794.7968,728,1,"GUI Render",0.0791999996
7794.7986,728,1,"Physics",0.0154999997
7794.8005,728,1,"Update",0.3495
7794.8028,728,1,"Fixed Update",0.0165999997
7794.8046,728,1,"Spline Update",0.00240000011
7794.8064,728,1,"Compose",0.498299986
7794.809,728,1,"Update Buffers (CPU)",0.133699998
7795.5051,729,1,"RenderPath3D Update",0.2884
7795.5096,729,1,"Application Update",0.3773
7796.0252,729,1,"Application Render",0.5134
7796.56,729,1,"Application Compose",0.4629
7801.3585,729,1,"SubmitCommandLists",4.7834
7801.4439,729,1,"Shadowmap packing",0.000300000014
7801.4481,729,1,"Render",0.513000011
7801.4512,729,1,"Procedural Animations",0.00260000001
7801.4552,729,1,"Script Components",0.000500000024
7801.4581,729,1,"CPU Frame",1.8872
7801.4608,729,1,"Input",0.297300011
7801.4635,729,1,"GUI Update",0.0861999989
7801.466,729,1,"Frustum Culling",0.0461000018
7801.4681,729,1,"Animations",9.99999975e-05
7801.4715,729,1,"Spring Dependencies",0.000300000014
7801.4741,729,1,"GUI Render",0.0632999986
7801.4759,729,1,"Physics",0.00289999996
7801.4777,729,1,"Update",0.377099991
7801.4801,729,1,"Fixed Update",9.99999975e-05
7801.4826,729,1,"Spline Update",0.00179999997
7801.4849,729,1,"Compose",0.462599993
7801.4871,729,1,"Update Buffers (CPU)",0.126000002
7802.2066,730,1,"RenderPath3D Update",0.2393
7802.213,730,1,"Application Update",0.3214
7802.6945,730,1,"Application Render",0.4785
7803.1432,730,1,"Application Compose",0.4174
7808.3761,730,1,"SubmitCommandLists",5.2225
7808.4441,730,1,"Shadowmap packing",0.000600000028
7808.4488,730,1,"Render",0.478199989
7808.4519,730,1,"Procedural Animations",0.00300000003
7808.455,730,1,"Script Components",0.000300000014
7808.4589,730,1,"CPU Frame",1.74940002
7808.4619,730,1,"Input",0.276199996
7808.4665,730,1,"GUI Update",0.0518999994
7808.4693,730,1,"Frustum Culling",0.0394000001
7808.4728,730,1,"Animations",0
7808.4754,730,1,"Spring Dependencies",0.000199999995
7808.4793,730,1,"GUI Render",0.0724999979
7808.4819,730,1,"Physics",0.0172000006
7808.4844,730,1,"Update",0.320800006
7808.4873,730,1,"Fixed Update",0.0129000004
7808.4903,730,1,"Spline Update",0.000300000014
7808.4931,730,1,"Compose",0.416900009
7808.4966,730,1,"Update Buffers (CPU)",0.108999997
7809.1498,731,1,"RenderPath3D Update",0.2572
7809.161,731,1,"Application Update",0.3307
7809.6271,731,1,"Application Render",0.463
7810.0678,731,1,"Application Compose",0.4067
7815.2422,731,1,"SubmitCommandLists",5.1643
7815.2823,731,1,"Shadowmap packing",0.00039999999
7815.2857,731,1,"Render",0.462599993
7815.2888,731,1,"Procedural Animations",0.00419999985
7815.2916,731,1,"Script Components",0.00039999999
7815.2944,731,1,"CPU Frame",1.67299998
7815.297,731,1,"Input",0.309799999
7815.3005,731,1,"GUI Update",0.057
7815.3032,731,1,"Frustum Culling",0.0401999988
7815.3051,731,1,"Animations",9.99999975e-05
7815.3083,731,1,"Spring Dependencies",0.000199999995
7815.311,731,1,"GUI Render",0.0628999993
7815.3138,731,1,"Physics",0.00389999989
7815.3167,731,1,"Update",0.330500007
7815.3192,731,1,"Fixed Update",0.000500000024
7815.3211,731,1,"Spline Update",0.000300000014
7815.323,731,1,"Compose",0.406199992
7815.3274,731,1,"Update Buffers (CPU)",0.117200002
7815.7972,732,1,"RenderPath3D Update",0.1857
7815.8029,732,1,"Application Update",0.2378
7816.2632,732,1,"Application Render",0.458
7816.6988,732,1,"Application Compose",0.4002
7822.1938,732,1,"SubmitCommandLists",5.4848
7822.3853,732,1,"Shadowmap packing",0.000300000014
7822.3949,732,1,"Render",0.457700014
7822.4028,732,1,"Procedural Animations",0.00389999989
7822.4103,732,1,"Script Components",0.000300000014
7822.4201,732,1,"CPU Frame",1.44710004
7822.4249,732,1,"Input",0.220899999
7822.4321,732,1,"GUI Update",0.0337000005
7822.4372,732,1,"Frustum Culling",0.0381999984
7822.4409,732,1,"Animations",9.99999975e-05
7822.4468,732,1,"Spring Dependencies",0.000300000014
7822.4527,732,1,"GUI Render",0.0667999983
7822.4558,732,1,"Physics",0.0092000002
7822.4595,732,1,"Update",0.2377
7822.4631,732,1,"Fixed Update",0.00630000001
7822.4687,732,1,"Spline Update",0.000500000024
7822.4727,732,1,"Compose",0.399899989
7822.4779,732,1,"Update Buffers (CPU)",0.152099997
7823.2714,733,1,"RenderPath3D Update",0.2643
7823.2782,733,1,"Application Update",0.3778
7823.8285,733,1,"Application Render",0.5476
7824.333,733,1,"Application Compose",0.4483
7829.3554,733,1,"SubmitCommandLists",5.009
7829.5635,733,1,"Shadowmap packing",0.00039999999
7829.5703,733,1,"Render",0.547399998
7829.5739,733,1,"Procedural Animations",0.00359999994
7829.578,733,1,"Script Components",0.000600000028
7829.5847,733,1,"CPU Frame",2.09640002
7829.5874,733,1,"Input",0.388799995
7829.5945,733,1,"GUI Update",0.0769999996
7829.5964,733,1,"Frustum Culling",0.0258000009
7829.5997,733,1,"Animations",9.99999975e-05
7829.6053,733,1,"Spring Dependencies",0.000699999975
7829.6106,733,1,"GUI Render",0.0719999969
7829.6132,733,1,"Physics",0.0027999999
7829.6155,733,1,"Update",0.377299994
7829.6191,733,1,"Fixed Update",0
7829.6233,733,1,"Spline Update",0.000699999975
7829.6265,733,1,"Compose",0.448000014
7829.6298,733,1,"Update Buffers (CPU)",0.173299998
7830.7402,734,1,"RenderPath3D Update",0.3214
7830.7512,734,1,"Application Update",0.6087
7831.591,734,1,"Application Render",0.835
7832.1194,734,1,"Application Compose",0.4609
7836.1834,734,1,"SubmitCommandLists",4.0458
7836.2498,734,1,"Shadowmap packing",0.00039999999
7836.307,734,1,"Render",0.833800018
7836.3109,734,1,"Procedural Animations",0.00540000014
7836.3154,734,1,"Script Components",0.00150000001
7836.3183,734,1,"CPU Frame",2.70449996
7836.3211,734,1,"Input",0.4648
7836.3259,734,1,"GUI Update",0.0776000023
7836.3292,734,1,"Frustum Culling",0.0557999983
7836.3314,734,1,"Animations",9.99999975e-05
7836.3348,734,1,"Spring Dependencies",0.000500000024
7836.338,734,1,"GUI Render",0.0991000012
7836.3399,734,1,"Physics",0.00350000011
7836.3416,734,1,"Update",0.607599974
7836.3441,734,1,"Fixed Update",9.99999975e-05
7836.346,734,1,"Spline Update",0.000600000028
7836.348,734,1,"Compose",0.460399985
7836.3505,734,1,"Update Buffers (CPU)",0.1972
7836.8148,735,1,"RenderPath3D Update",0.224
7836.8192,735,1,"Application Update",0.2619
7837.2641,735,1,"Application Render",0.4423
7837.7177,735,1,"Application Compose",0.4102
7843.014,735,1,"SubmitCommandLists",5.2843
7843.0713,735,1,"Shadowmap packing",0.000199999995
7843.0744,735,1,"Render",0.442000002
7843.0766,735,1,"Procedural Animations",0.00120000006
7843.079,735,1,"Script Components",0.000300000014
7843.0818,735,1,"CPU Frame",1.5165
7843.0838,735,1,"Input",0.1822
7843.0866,735,1,"GUI Update",0.0322999991
7843.089,735,1,"Frustum Culling",0.055399999
7843.0909,735,1,"Animations",9.99999975e-05
7843.0935,735,1,"Spring Dependencies",0.000899999985
7843.0967,735,1,"GUI Render",0.0593000017
7843.0986,735,1,"Physics",0.00960000046
7843.1005,735,1,"Update",0.261599988
7843.1026,735,1,"Fixed Update",0.0107000005
7843.1045,735,1,"Spline Update",0.000199999995
7843.1064,735,1,"Compose",0.409700006
7843.1085,735,1,"Update Buffers (CPU)",0.111900002
7843.7537,736,1,"RenderPath3D Update",0.3227
7843.7628,736,1,"Application Update",0.401
7844.3231,736,1,"Application Render",0.5574
7844.803,736,1,"Application Compose",0.4337
7849.9902,736,1,"SubmitCommandLists",5.169
7850.1135,736,1,"Shadowmap packing",0.000300000014
7850.1207,736,1,"Render",0.556999981
7850.1237,736,1,"Procedural Animations",0.00230000005
7850.1275,736,1,"Script Components",0.000199999995
7850.1322,736,1,"CPU Frame",1.77429998
7850.1354,736,1,"Input",0.236300007
7850.1393,736,1,"GUI Update",0.0471000001
7850.143,736,1,"Frustum Culling",0.102300003
7850.145,736,1,"Animations",9.99999975e-05
7850.1483,736,1,"Spring Dependencies",0.00039999999
7850.1516,736,1,"GUI Render",0.0678000003
7850.1534,736,1,"Physics",0.00230000005
7850.1551,736,1,"Update",0.400599986
7850.1583,736,1,"Fixed Update",9.99999975e-05
7850.1602,736,1,"Spline Update",0.00079999998
7850.1622,736,1,"Compose",0.433400005
7850.1645,736,1,"Update Buffers (CPU)",0.136899993
7850.9751,737,1,"RenderPath3D Update",0.4303
7850.9914,737,1,"Application Update",0.5176
7851.846,737,1,"Application Render",0.8512
7852.3073,737,1,"Application Compose",0.4147
7856.9789,737,1,"SubmitCommandLists",4.66
7857.0478,737,1,"Shadowmap packing",0.00039999999
7857.0513,737,1,"Render",0.850899994
7857.0534,737,1,"Procedural Animations",0.00499999989
7857.056,737,1,"Script Components",0.000699999975
7857.0597,737,1,"CPU Frame",2.29369998
7857.0631,737,1,"Input",0.259200007
7857.0689,737,1,"GUI Update",0.061900001
7857.0712,737,1,"Frustum Culling",0.134900004
7857.0736,737,1,"Animations",9.99999975e-05
7857.0762,737,1,"Spring Dependencies",0.000500000024
7857.0787,737,1,"GUI Render",0.0724000037
7857.0805,737,1,"Physics",0.0228000004
7857.0822,737,1,"Update",0.51730001
7857.0855,737,1,"Fixed Update",0.0249000005
7857.0876,737,1,"Spline Update",0.000500000024
7857.0895,737,1,"Compose",0.413899988
7857.0927,737,1,"Update Buffers (CPU)",0.179199994
7857.6573,738,1,"RenderPath3D Update",0.3157
7857.6705,738,1,"Application Update",0.3867
7858.2145,738,1,"Application Render",0.5404
7858.6497,738,1,"Application Compose",0.4036
7863.914,738,1,"SubmitCommandLists",5.2509
7864.0576,738,1,"Shadowmap packing",0.000600000028
7864.063,738,1,"Render",0.539699972
7864.0666,738,1,"Procedural Animations",0.00200000009
7864.0696,738,1,"Script Components",9.99999975e-05
7864.0754,738,1,"CPU Frame",1.65620005
7864.0773,738,1,"Input",0.173299998
7864.4787,738,1,"GUI Update",0.0348000005
7864.4827,738,1,"Frustum Culling",0.101599999
7864.4847,738,1,"Animations",0
7864.4872,738,1,"Spring Dependencies",9.99999975e-05
7864.4914,738,1,"GUI Render",0.0524999984
7864.4936,738,1,"Physics",0.00100000005
7864.4956,738,1,"Update",0.386299998
7864.4985,738,1,"Fixed Update",9.99999975e-05
7864.5003,738,1,"Spline Update",0.000199999995
7864.5022,738,1,"Compose",0.403200001
7864.5057,738,1,"Update Buffers (CPU)",0.118900001
7865.1277,739,1,"RenderPath3D Update",0.3235
7865.1401,739,1,"Application Update",0.3869
7865.6454,739,1,"Application Render",0.5026
7866.0804,739,1,"Application Compose",0.4075
7870.7772,739,1,"SubmitCommandLists",4.6826
7870.8272,739,1,"Shadowmap packing",0.000300000014
7870.8306,739,1,"Render",0.502300024
7870.8327,739,1,"Procedural Animations",0.00289999996
7870.835,739,1,"Script Components",0.000500000024
7870.8376,739,1,"CPU Frame",2.13330007
7870.8397,739,1,"Input",0.227799997
7870.8424,739,1,"GUI Update",0.0406000018
7870.8444,739,1,"Frustum Culling",0.100500003
7870.8464,739,1,"Animations",9.99999975e-05
7870.8486,739,1,"Spring Dependencies",0.00079999998
7870.8509,739,1,"GUI Render",0.0555000007
7870.8527,739,1,"Physics",0.000899999985
7870.8546,739,1,"Update",0.385600001
7870.8566,739,1,"Fixed Update",0
7870.8586,739,1,"Spline Update",0.00109999999
7870.8606,739,1,"Compose",0.407299995
7870.8626,739,1,"Update Buffers (CPU)",0.0852999985
7871.2579,740,1,"RenderPath3D Update",0.1967
7871.2632,740,1,"Application Update",0.2334
7871.8689,740,1,"Application Render",0.6032
7872.3366,740,1,"Application Compose",0.4099
7877.6038,740,1,"SubmitCommandLists",5.2563
7877.6388,740,1,"Shadowmap packing",0.00039999999
7877.6422,740,1,"Render",0.602900028
7877.6443,740,1,"Procedural Animations",0.00240000011
7877.6465,740,1,"Script Components",0.000300000014
7877.6489,740,1,"CPU Frame",1.54690003
7877.6511,740,1,"Input",0.148300007
7877.6544,740,1,"GUI Update",0.0417000018
7877.6566,740,1,"Frustum Culling",0.0502999984
7877.6587,740,1,"Animations",0
7877.6607,740,1,"Spring Dependencies",0.000199999995
7877.6628,740,1,"GUI Render",0.0839999989
7877.6645,740,1,"Physics",0.00820000004
7877.6664,740,1,"Update",0.2333
7877.6683,740,1,"Fixed Update",0.00879999995
7877.6703,740,1,"Spline Update",0.000300000014
7877.6722,740,1,"Compose",0.409500003
7877.6741,740,1,"Update Buffers (CPU)",0.194800004
7878.3863,741,1,"RenderPath3D Update",0.2625
7878.3923,741,1,"Application Update",0.5555
7878.7699,741,1,"Application Render",0.3754
7879.2073,741,1,"Application Compose",0.407
7884.6102,741,1,"SubmitCommandLists",5.3922
7884.6477,741,1,"Shadowmap packing",0.000199999995
7884.6508,741,1,"Render",0.375099987
7884.6527,741,1,"Procedural Animations",0.00209999993
7884.6551,741,1,"Script Components",0.00039999999
7884.6575,741,1,"CPU Frame",1.59539998
7884.6599,741,1,"Input",0.152799994
7884.6619,741,1,"GUI Update",0.0447000004
7884.6639,741,1,"Frustum Culling",0.0482000001
7884.6658,741,1,"Animations",0.00039999999
7884.6675,741,1,"Spring Dependencies",0.00079999998
7884.6695,741,1,"GUI Render",0.0461999997
7884.6713,741,1,"Physics",0.00380000006
7884.6731,741,1,"Update",0.5546
7884.6748,741,1,"Fixed Update",9.99999975e-05
7884.6771,741,1,"Spline Update",0.00150000001
7884.6791,741,1,"Compose",0.406599998
7884.6809,741,1,"Update Buffers (CPU)",0.0672999993
7884.9736,742,1,"RenderPath3D Update",0.1583
7884.9788,742,1,"Application Update",0.1799
7885.2939,742,1,"Application Render",0.3128
7885.7036,742,1,"Application Compose",0.3892
7891.5608,742,1,"SubmitCommandLists",5.8477
7891.6123,742,1,"Shadowmap packing",0.000300000014
7891.6156,742,1,"Render",0.3125
7891.6178,742,1,"Procedural Animations",0.000699999975
7891.6199,742,1,"Script Components",9.99999975e-05
7891.6236,742,1,"CPU Frame",1.07939994
7891.6255,742,1,"Input",0.1105
7891.6283,742,1,"GUI Update",0.0200999994
7891.6305,742,1,"Frustum Culling",0.0555999987
7891.6324,742,1,"Animations",9.99999975e-05
7891.6343,742,1,"Spring Dependencies",9.99999975e-05
7891.6364,742,1,"GUI Render",0.0491999984
7891.6383,742,1,"Physics",0.0057000001
7891.8214,742,1,"Update",0.179700002
7891.8237,742,1,"Fixed Update",0.0027999999
7891.8255,742,1,"Spline Update",0.000199999995
7891.8274,742,1,"Compose",0.388799995
7891.8294,742,1,"Update Buffers (CPU)",0.0617000014
7892.1157,743,1,"RenderPath3D Update",0.1279
7892.1197,743,1,"Application Update",0.1568
7892.4401,743,1,"Application Render",0.3182
7892.8741,743,1,"Application Compose",0.4016
7898.5289,743,1,"SubmitCommandLists",5.6448
7898.5848,743,1,"Shadowmap packing",0.000199999995
7898.588,743,1,"Render",0.317999989
7898.5902,743,1,"Procedural Animations",0.00100000005
7898.5927,743,1,"Script Components",9.99999975e-05
7898.5958,743,1,"CPU Frame",1.29589999
7898.5978,743,1,"Input",0.125100002
7898.6004,743,1,"GUI Update",0.0258000009
7898.6027,743,1,"Frustum Culling",0.0515000001
7898.6045,743,1,"Animations",9.99999975e-05
7898.6063,743,1,"Spring Dependencies",0.000600000028
7898.6088,743,1,"GUI Render",0.0502999984
7898.6106,743,1,"Physics",0.00100000005
7898.6124,743,1,"Update",0.156000003
7898.6141,743,1,"Fixed Update",9.99999975e-05
7898.6159,743,1,"Spline Update",0.000300000014
7898.6177,743,1,"Compose",0.401300013
7898.6195,743,1,"Update Buffers (CPU)",0.0720999986
7898.9903,744,1,"RenderPath3D Update",0.2022
7898.9946,744,1,"Application Update",0.233
7899.3787,744,1,"Application Render",0.3817
7899.8207,744,1,"Application Compose",0.4034
7905.4913,744,1,"SubmitCommandLists",5.6592
7905.5308,744,1,"Shadowmap packing",0.000300000014
7905.534,744,1,"Render",0.381599993
7905.5364,744,1,"Procedural Animations",0.00100000005
7905.5389,744,1,"Script Components",0.000300000014
7905.5414,744,1,"CPU Frame",1.27849996
7905.5434,744,1,"Input",0.128000006
7905.5457,744,1,"GUI Update",0.0259000007
7905.5481,744,1,"Frustum Culling",0.0606000014
7905.55,744,1,"Animations",9.99999975e-05
7905.5524,744,1,"Spring Dependencies",0.000199999995
7905.5547,744,1,"GUI Render",0.0621999986
7905.5567,744,1,"Physics",0.00469999993
7905.5588,744,1,"Update",0.232800007
7905.5606,744,1,"Fixed Update",0.00499999989
7905.5624,744,1,"Spline Update",0.00120000006
7905.5642,744,1,"Compose",0.402799994
7905.5663,744,1,"Update Buffers (CPU)",0.0913999975
7905.8932,745,1,"RenderPath3D Update",0.1854
7905.8983,745,1,"Application Update",0.2164
7906.2449,745,1,"Application Render",0.3443
7906.659,745,1,"Application Compose",0.3923
7912.441,745,1,"SubmitCommandLists",5.7719
7912.5146,745,1,"Shadowmap packing",0.000300000014
7912.5183,745,1,"Render",0.344000012
7912.5206,745,1,"Procedural Animations",0.00109999999
7912.5235,745,1,"Script Components",9.99999975e-05
7912.5273,745,1,"CPU Frame",1.15740001
7912.5292,745,1,"Input",0.108199999
7912.5324,745,1,"GUI Update",0.0231999997
7912.5356,745,1,"Frustum Culling",0.057500001
7912.5381,745,1,"Animations",9.99999975e-05
7912.5402,745,1,"Spring Dependencies",0.000199999995
7912.5427,745,1,"GUI Render",0.0617000014
7912.5449,745,1,"Physics",0.000600000028
7912.5467,745,1,"Update",0.216100007
7912.5487,745,1,"Fixed Update",0
7912.5508,745,1,"Spline Update",9.99999975e-05
7912.5527,745,1,"Compose",0.391900003
7912.5546,745,1,"Update Buffers (CPU)",0.0737999976
7913.0012,746,1,"RenderPath3D Update",0.1917
7913.0066,746,1,"Application Update",0.2451
7913.4485,746,1,"Application Render",0.4394
7913.8962,746,1,"Application Compose",0.4055
7919.3605,746,1,"SubmitCommandLists",5.4528
7919.4077,746,1,"Shadowmap packing",0.000199999995
7919.4114,746,1,"Render",0.439200014
7919.4133,746,1,"Procedural Animations",0.00120000006
7919.4159,746,1,"Script Components",0.000300000014
7919.4184,746,1,"CPU Frame",1.4368
7919.4205,746,1,"Input",0.193900004
7919.4233,746,1,"GUI Update",0.0395000018
7919.4253,746,1,"Frustum Culling",0.0432000011
7919.4272,746,1,"Animations",0
7919.4293,746,1,"Spring Dependencies",0.000300000014
7919.4314,746,1,"GUI Render",0.0480000004
7919.4332,746,1,"Physics",0.00139999995
7919.435,746,1,"Update",0.2447
7919.437,746,1,"Fixed Update",9.99999975e-05
7919.4393,746,1,"Spline Update",0.00100000005
7919.4417,746,1,"Compose",0.404900014
7919.4437,746,1,"Update Buffers (CPU)",0.109899998
7919.9041,747,1,"RenderPath3D Update",0.1751
7919.9088,747,1,"Application Update",0.2079
7920.2731,747,1,"Application Render",0.362
7920.7105,747,1,"Application Compose",0.4009
7926.2678,747,1,"SubmitCommandLists",5.5469
7926.2954,747,1,"Shadowmap packing",0.000199999995
7926.2985,747,1,"Render",0.361900002
7926.3005,747,1,"Procedural Animations",0.00109999999
7926.3027,747,1,"Script Components",0.000199999995
7926.3054,747,1,"CPU Frame",1.3391
7926.3072,747,1,"Input",0.135199994
7926.3093,747,1,"GUI Update",0.0259000007
7926.3113,747,1,"Frustum Culling",0.0419999994
7926.3133,747,1,"Animations",9.99999975e-05
7926.3155,747,1,"Spring Dependencies",0.000199999995
7926.3178,747,1,"GUI Render",0.0615999997
7926.3197,747,1,"Physics",0.00930000003
7926.3215,747,1,"Update",0.207599998
7926.3233,747,1,"Fixed Update",0.00779999979
7926.3252,747,1,"Spline Update",0.000300000014
7926.3271,747,1,"Compose",0.400200009
7926.329,747,1,"Update Buffers (CPU)",0.0833000019
7926.6194,748,1,"RenderPath3D Update",0.1516
7926.6234,748,1,"Application Update",0.1752
7926.9215,748,1,"Application Render",0.296
7927.3337,748,1,"Application Compose",0.3907
7933.1963,748,1,"SubmitCommandLists",5.8533
7933.2436,748,1,"Shadowmap packing",0.00039999999
7933.2468,748,1,"Render",0.295899987
7933.2488,748,1,"Procedural Animations",0.000600000028
7933.2512,748,1,"Script Components",0.000199999995
7933.2535,748,1,"CPU Frame",1.06009996
7933.2555,748,1,"Input",0.112899996
7933.2581,748,1,"GUI Update",0.0194000006
7933.2602,748,1,"Frustum Culling",0.0568999983
7933.262,748,1,"Animations",9.99999975e-05
7933.2645,748,1,"Spring Dependencies",9.99999975e-05
7933.2667,748,1,"GUI Render",0.0443999991
7933.2685,748,1,"Physics",0.000500000024
7933.2704,748,1,"Update",0.175099999
7933.2722,748,1,"Fixed Update",0
7933.2742,748,1,"Spline Update",0.000199999995
7933.2761,748,1,"Compose",0.390300006
7933.278,748,1,"Update Buffers (CPU)",0.0650999993
7933.7241,749,1,"RenderPath3D Update",0.2872
7933.7301,749,1,"Application Update",0.3155
7934.1338,749,1,"Application Render",0.401
7934.5572,749,1,"Application Compose",0.397
7940.1702,749,1,"SubmitCommandLists",5.6039
7940.1977,749,1,"Shadowmap packing",0.000500000024
7940.2006,749,1,"Render",0.400700003
7940.2025,749,1,"Procedural Animations",0.00139999995
7940.2047,749,1,"Script Components",0
7940.207,749,1,"CPU Frame",1.34870005
7940.2091,749,1,"Input",0.123899996
7940.2113,749,1,"GUI Update",0.0267999992
7940.2134,749,1,"Frustum Culling",0.101199999
7940.2153,749,1,"Animations",9.99999975e-05
7940.2176,749,1,"Spring Dependencies",0.000600000028
7940.2198,749,1,"GUI Render",0.0505999997
7940.2216,749,1,"Physics",0.00609999988
7940.2234,749,1,"Update",0.315400004
7940.2251,749,1,"Fixed Update",0.00480000023
7940.2269,749,1,"Spline Update",0.000199999995
7940.2289,749,1,"Compose",0.396699995
7940.2306,749,1,"Update Buffers (CPU)",0.0785999969
7940.6144,750,1,"RenderPath3D Update",0.2483
7940.624,750,1,"Application Update",0.2788
7940.9548,750,1,"Application Render",0.3282
7941.3702,750,1,"Application Compose",0.3924
7947.0747,750,1,"SubmitCommandLists",5.6954
7947.1154,750,1,"Shadowmap packing",0.000199999995
7947.1184,750,1,"Render",0.327899992
7947.1203,750,1,"Procedural Animations",0.00079999998
7947.1225,750,1,"Script Components",0
7947.125,750,1,"CPU Frame",1.19500005
7947.1271,750,1,"Input",0.109300002
7947.1291,750,1,"GUI Update",0.0186000001
7947.1312,750,1,"Frustum Culling",0.0687000006
7947.1331,750,1,"Animations",0.000199999995
7947.1349,750,1,"Spring Dependencies",0.000300000014
7947.137,750,1,"GUI Render",0.0460000001
7947.1389,750,1,"Physics",0.000699999975
7947.1406,750,1,"Update",0.278400004
7947.1423,750,1,"Fixed Update",9.99999975e-05
7947.1445,750,1,"Spline Update",0.000199999995
7947.1464,750,1,"Compose",0.391900003
7947.1481,750,1,"Update Buffers (CPU)",0.0632999986
7947.4324,751,1,"RenderPath3D Update",0.1325
7947.4368,751,1,"Application Update",0.1582
7947.782,751,1,"Application Render",0.3426
7948.2127,751,1,"Application Compose",0.3949
7954.1054,751,1,"SubmitCommandLists",5.8818
7954.1505,751,1,"Shadowmap packing",0.000300000014
7954.35,751,1,"Render",0.342299998
7954.3526,751,1,"Procedural Animations",0.000600000028
7954.3548,751,1,"Script Components",9.99999975e-05
7954.3577,751,1,"CPU Frame",1.12129998
7954.3596,751,1,"Input",0.124899998
7954.362,751,1,"GUI Update",0.0208000001
7954.3641,751,1,"Frustum Culling",0.0491000004
7954.366,751,1,"Animations",9.99999975e-05
7954.3679,751,1,"Spring Dependencies",9.99999975e-05
7954.37,751,1,"GUI Render",0.0430000015
7954.3717,751,1,"Physics",0.000899999985
7954.3736,751,1,"Update",0.158000007
7954.3754,751,1,"Fixed Update",9.99999975e-05
7954.3771,751,1,"Spline Update",0.000300000014
7954.3789,751,1,"Compose",0.394499987
7954.3807,751,1,"Update Buffers (CPU)",0.0749000013
7954.7068,752,1,"RenderPath3D Update",0.1737
7954.7121,752,1,"Application Update",0.1989
7955.0776,752,1,"Application Render",0.3634
7955.514,752,1,"Application Compose",0.4011
7960.9985,752,1,"SubmitCommandLists",5.474
7961.0366,752,1,"Shadowmap packing",0.000199999995
7961.0398,752,1,"Render",0.363099992
7961.0419,752,1,"Procedural Animations",0.00109999999
7961.0441,752,1,"Script Components",0.000199999995
7961.0464,752,1,"CPU Frame",1.39670002
7961.0482,752,1,"Input",0.120300002
7961.0503,752,1,"GUI Update",0.0221999995
7961.0523,752,1,"Frustum Culling",0.0511000007
7961.0542,752,1,"Animations",9.99999975e-05
7961.0562,752,1,"Spring Dependencies",9.99999975e-05
7961.0582,752,1,"GUI Render",0.0478000008
7961.06,752,1,"Physics",0.00810000021
7961.062,752,1,"Update",0.198799998
7961.0641,752,1,"Fixed Update",0.00449999981
7961.066,752,1,"Spline Update",0.000300000014
7961.068,752,1,"Compose",0.400599986
7961.0698,752,1,"Update Buffers (CPU)",0.0697000027
7961.3405,753,1,"RenderPath3D Update",0.1411
7961.3452,753,1,"Application Update",0.1632
7961.6596,753,1,"Application Render",0.3123
7962.1098,753,1,"Application Compose",0.4006
7967.9696,753,1,"SubmitCommandLists",5.8496
7967.9972,753,1,"Shadowmap packing",0.000199999995
7968.0006,753,1,"Render",0.312099993
7968.0027,753,1,"Procedural Animations",0.000600000028
7968.0051,753,1,"Script Components",9.99999975e-05
7968.0079,753,1,"CPU Frame",1.09609997
7968.01,753,1,"Input",0.107299998
7968.0121,753,1,"GUI Update",0.0190999992
7968.0141,753,1,"Frustum Culling",0.0700000003
7968.016,753,1,"Animations",9.99999975e-05
7968.0179,753,1,"Spring Dependencies",9.99999975e-05
7968.02,753,1,"GUI Render",0.055399999
7968.0219,753,1,"Physics",0.000600000028
7968.0239,753,1,"Update",0.162900001
7968.0258,753,1,"Fixed Update",9.99999975e-05
7968.0276,753,1,"Spline Update",0.000500000024
7968.0295,753,1,"Compose",0.400200009
7968.0313,753,1,"Update Buffers (CPU)",0.0653000027
7968.3294,754,1,"RenderPath3D Update",0.1731
7968.3335,754,1,"Application Update",0.1907
7968.6097,754,1,"Application Render",0.2741
7969.0138,754,1,"Application Compose",0.3839
7974.8953,754,1,"SubmitCommandLists",5.8725
7974.9328,754,1,"Shadowmap packing",0.000199999995
7974.9365,754,1,"Render",0.273999989
7974.9386,754,1,"Procedural Animations",0.000500000024
7974.9411,754,1,"Script Components",9.99999975e-05
7974.944,754,1,"CPU Frame",1.03849995
7974.946,754,1,"Input",0.104599997
7974.9483,754,1,"GUI Update",0.0183000006
7974.9505,754,1,"Frustum Culling",0.0549000017
7974.9524,754,1,"Animations",0
7974.9542,754,1,"Spring Dependencies",9.99999975e-05
7974.9563,754,1,"GUI Render",0.0485999994
7974.9581,754,1,"Physics",0.00400000019
7974.9599,754,1,"Update",0.190500006
7974.9615,754,1,"Fixed Update",0.00230000005
7974.9633,754,1,"Spline Update",0.000300000014
7974.9653,754,1,"Compose",0.383599997
7974.9671,754,1,"Update Buffers (CPU)",0.0463999994
7975.274,755,1,"RenderPath3D Update",0.1649
7975.2786,755,1,"Application Update",0.1904
7975.5758,755,1,"Application Render",0.295
7975.9808,755,1,"Application Compose",0.3873
7981.8368,755,1,"SubmitCommandLists",5.8479
7981.888,755,1,"Shadowmap packing",0.000199999995
7981.8918,755,1,"Render",0.294800013
7981.8941,755,1,"Procedural Animations",0.00120000006
7981.8965,755,1,"Script Components",9.99999975e-05
7981.8996,755,1,"CPU Frame",1.07609999
7981.9727,755,1,"Input",0.114799999
7981.9782,755,1,"GUI Update",0.0304000005
7981.9814,755,1,"Frustum Culling",0.0456000008
7981.9844,755,1,"Animations",9.99999975e-05
7981.9876,755,1,"Spring Dependencies",0.000199999995
7981.9909,755,1,"GUI Render",0.0491999984
7981.9935,755,1,"Physics",0.00079999998
7981.9967,755,1,"Update",0.190099999
7982.0007,755,1,"Fixed Update",9.99999975e-05
7982.0037,755,1,"Spline Update",0.000300000014
7982.007,755,1,"Compose",0.386999995
7982.0113,755,1,"Update Buffers (CPU)",0.072300002
7982.5255,756,1,"RenderPath3D Update",0.2295
7982.5317,756,1,"Application Update",0.2649
7982.9839,756,1,"Application Render",0.4499
7983.4261,756,1,"Application Compose",0.4167
7988.7882,756,1,"SubmitCommandLists",5.3533
7988.8327,756,1,"Shadowmap packing",0.000199999995
7988.8356,756,1,"Render",0.449699998
7988.8376,756,1,"Procedural Animations",0.00230000005
7988.8399,756,1,"Script Components",0.000199999995
7988.8421,756,1,"CPU Frame",1.57620001
7988.844,756,1,"Input",0.229000002
7988.8463,756,1,"GUI Update",0.0432999991
7988.8485,756,1,"Frustum Culling",0.056499999
7988.8506,756,1,"Animations",9.99999975e-05
7988.8531,756,1,"Spring Dependencies",0.00039999999
7988.8554,756,1,"GUI Render",0.0816000029
7988.8572,756,1,"Physics",0.00910000037
7988.8589,756,1,"Update",0.264499992
7988.8607,756,1,"Fixed Update",0.00999999978
7988.8625,756,1,"Spline Update",0.000600000028
7988.8644,756,1,"Compose",0.416299999
7988.8663,756,1,"Update Buffers (CPU)",0.124700002
7989.2546,757,1,"RenderPath3D Update",0.1785
7989.259,757,1,"Application Update",0.2094
7989.6543,757,1,"Application Render",0.3933
7990.0937,757,1,"Application Compose",0.4021
7995.727,757,1,"SubmitCommandLists",5.6228
7995.7636,757,1,"Shadowmap packing",0.000199999995
7995.7665,757,1,"Render",0.393000007
7995.7687,757,1,"Procedural Animations",0.00079999998
7995.771,757,1,"Script Components",9.99999975e-05
7995.7736,757,1,"CPU Frame",1.29879999
7995.7758,757,1,"Input",0.175600007
7995.778,757,1,"GUI Update",0.0237000007
7995.7802,757,1,"Frustum Culling",0.0584000014
7995.7822,757,1,"Animations",0
7995.7841,757,1,"Spring Dependencies",9.99999975e-05
7995.7864,757,1,"GUI Render",0.0463000014
7995.7882,757,1,"Physics",0.000899999985
7995.7901,757,1,"Update",0.209199995
7995.792,757,1,"Fixed Update",0
7995.7937,757,1,"Spline Update",0.000199999995
7995.7957,757,1,"Compose",0.40169999
7995.7976,757,1,"Update Buffers (CPU)",0.0697999969
7996.1126,758,1,"RenderPath3D Update",0.1629
7996.117,758,1,"Application Update",0.1889
7996.4242,758,1,"Application Render",0.3051
7996.8335,758,1,"Application Compose",0.3893
8002.6765,758,1,"SubmitCommandLists",5.8311
