elapsed_ms,frame,scene,event,ms
2967.9387,1,1,"Scene switch",2044.6814
2994.7819,1,1,"RenderPath3D Update",4.9399
2994.8419,1,1,"Application Update",2071.7107
3013.7809,1,1,"Application Render",18.9304
3014.6477,1,1,"Application Compose",0.457
3020.7073,1,1,"SubmitCommandLists",6.0346
3022.1975,1,1,"CPU Frame",0
3047.7604,2,1,"RenderPath3D Update",0.425
3047.7723,2,1,"Application Update",18.895
3052.6013,2,1,"Application Render",4.824
3054.8803,2,1,"Application Compose",0.8068
3059.9005,2,1,"SubmitCommandLists",4.9153
3073.2015,2,1,"Shadowmap packing",0.000500000024
3073.2694,2,1,"Render",4.82329988
3073.2726,2,1,"Procedural Animations",0.00230000005
3073.2764,2,1,"Script Components",0.00150000001
3073.2817,2,1,"CPU Frame",32.8282013
3073.2843,2,1,"Input",0.750199974
3073.2894,2,1,"GUI Update",0.1197
3073.2927,2,1,"Frustum Culling",0.0388999991
3073.2949,2,1,"Animations",0
3073.2981,2,1,"Spring Dependencies",0.000600000028
3073.3027,2,1,"GUI Render",0.149299994
3073.3053,2,1,"Physics",0.0220999997
3073.3091,2,1,"Update",18.8943005
3073.3114,2,1,"Fixed Update",0.0103000002
3073.3145,2,1,"Spline Update",0.00159999996
3073.3171,2,1,"Compose",0.8046
3073.3197,2,1,"Update Buffers (CPU)",0.148699999
3093.486,3,1,"RenderPath3D Update",0.3847
3093.4995,3,1,"Application Update",19.6454
3095.5906,3,1,"Application Render",2.0866
3096.451,3,1,"Application Compose",0.7718
3100.0527,3,1,"SubmitCommandLists",3.566
3100.1573,3,1,"Shadowmap packing",0.000300000014
3100.1641,3,1,"Render",2.08590007
3100.1684,3,1,"Procedural Animations",0.00289999996
3100.1733,3,1,"Script Components",0.000899999985
3100.1785,3,1,"CPU Frame",23.4001007
3100.1833,3,1,"Input",0.4375
3100.1882,3,1,"GUI Update",0.125
3100.192,3,1,"Frustum Culling",0.0507000014
3100.196,3,1,"Animations",0.000699999975
3100.1998,3,1,"Spring Dependencies",0.000300000014
3100.2038,3,1,"GUI Render",0.124399997
3100.2076,3,1,"Physics",0.0254999995
3100.2113,3,1,"Update",19.6445007
3100.2147,3,1,"Fixed Update",0.0129000004
3100.2193,3,1,"Spline Update",0.000699999975
3100.2228,3,1,"Compose",0.770900011
3100.2267,3,1,"Update Buffers (CPU)",0.246800005
3127.9168,4,1,"RenderPath3D Update",0.3798
3127.9384,4,1,"Application Update",27.4243
3128.6523,4,1,"Application Render",0.7091
3129.429,4,1,"Application Compose",0.7294
3134.5905,4,1,"SubmitCommandLists",5.1342
3134.7528,4,1,"Shadowmap packing",0.00150000001
3134.7588,4,1,"Render",0.708500028
3134.7628,4,1,"Procedural Animations",0.00190000003
3134.7672,4,1,"Script Components",0.000300000014
3134.7724,4,1,"CPU Frame",29.3442001
3134.7764,4,1,"Input",0.234099999
3134.7815,4,1,"GUI Update",0.0456000008
3134.7867,4,1,"Frustum Culling",0.107100002
3134.7905,4,1,"Animations",9.99999975e-05
3134.7949,4,1,"Spring Dependencies",0.000300000014
3134.7994,4,1,"GUI Render",0.154499993
3134.8028,4,1,"Physics",0.00960000046
3134.8062,4,1,"Update",27.4237995
3134.8095,4,1,"Fixed Update",0.00689999992
3134.813,4,1,"Spline Update",0.000300000014
3134.8165,4,1,"Compose",0.728799999
3134.8206,4,1,"Update Buffers (CPU)",0.0970000029
3160.4218,5,1,"RenderPath3D Update",0.5349
3160.4595,5,1,"Application Update",25.3202
3161.4844,5,1,"Application Render",1.0207
3161.9551,5,1,"Application Compose",0.4267
3164.4778,5,1,"SubmitCommandLists",2.5081
3164.5555,5,1,"Shadowmap packing",0.00179999997
3164.5613,5,1,"Render",1.01839995
3164.565,5,1,"Procedural Animations",0.00789999962
3164.5699,5,1,"Script Components",0.000699999975
3164.5752,5,1,"CPU Frame",27.2943001
3164.5788,5,1,"Input",0.238800004
3164.5835,5,1,"GUI Update",0.0724999979
3164.5871,5,1,"Frustum Culling",0.1382
3164.5908,5,1,"Animations",0.00039999999
3164.5991,5,1,"Spring Dependencies",0.00039999999
3164.603,5,1,"GUI Render",0.0925000012
3164.6064,5,1,"Physics",0.0303000007
3164.611,5,1,"Update",25.3192005
3164.6145,5,1,"Fixed Update",0.0131999999
3164.6186,5,1,"Spline Update",0.000899999985
3164.6226,5,1,"Compose",0.426299989
3164.6259,5,1,"Update Buffers (CPU)",0.169400007
3189.6527,6,1,"RenderPath3D Update",0.2227
3189.6609,6,1,"Application Update",24.7415
3190.1912,6,1,"Application Render",0.5275
3191.0973,6,1,"Application Compose",0.6302
3194.0572,6,1,"SubmitCommandLists",2.9332
3194.1251,6,1,"Shadowmap packing",0.000199999995
3194.132,6,1,"Render",0.52700001
3194.1353,6,1,"Procedural Animations",0.00139999995
3194.14,6,1,"Script Components",0.000300000014
3194.1433,6,1,"CPU Frame",26.5970993
3194.1462,6,1,"Input",0.231800005
3194.1501,6,1,"GUI Update",0.0403000005
3194.1533,6,1,"Frustum Culling",0.0568999983
3194.156,6,1,"Animations",0.000199999995
3194.1591,6,1,"Spring Dependencies",0.00039999999
3194.1629,6,1,"GUI Render",0.0445000008
3194.1661,6,1,"Physics",0.00639999984
3194.1694,6,1,"Update",24.7411003
3194.1723,6,1,"Fixed Update",0.00789999962
3194.1754,6,1,"Spline Update",0.000199999995
3194.1786,6,1,"Compose",0.629400015
3194.1812,6,1,"Update Buffers (CPU)",0.0935000032
3221.3518,7,1,"RenderPath3D Update",0.316
3221.3679,7,1,"Application Update",26.9933
3221.8005,7,1,"Application Render",0.4279
3222.4518,7,1,"Application Compose",0.6213
3224.609,7,1,"SubmitCommandLists",2.1396
3224.6462,7,1,"Shadowmap packing",0.000300000014
3224.65,7,1,"Render",0.42750001
3224.6521,7,1,"Procedural Animations",0.00209999993
3224.6547,7,1,"Script Components",0.000300000014
3224.657,7,1,"CPU Frame",28.3670006
3224.6591,7,1,"Input",0.144400001
3224.6618,7,1,"GUI Update",0.0540000014
3224.6637,7,1,"Frustum Culling",0.0487999991
3224.6655,7,1,"Animations",9.99999975e-05
3224.668,7,1,"Spring Dependencies",0.00039999999
3224.6701,7,1,"GUI Render",0.0825000033
3224.6721,7,1,"Physics",0.00680000009
3224.674,7,1,"Update",26.9927998
3224.6757,7,1,"Fixed Update",0.00889999978
3224.6777,7,1,"Spline Update",0.000300000014
3224.6795,7,1,"Compose",0.620899975
3224.6814,7,1,"Update Buffers (CPU)",0.104000002
3252.268,8,1,"RenderPath3D Update",0.3105
3252.2841,8,1,"Application Update",27.3594
3252.9267,8,1,"Application Render",0.6382
3253.6118,8,1,"Application Compose",0.6555
3255.9452,8,1,"SubmitCommandLists",2.3143
3256.0641,8,1,"Shadowmap packing",0.000300000014
3256.0719,8,1,"Render",0.636900008
3256.0754,8,1,"Procedural Animations",0.00170000002
3256.081,8,1,"Script Components",0.00039999999
3256.1003,8,1,"CPU Frame",28.9953003
3256.1042,8,1,"Input",0.175500005
3256.1096,8,1,"GUI Update",0.0487000011
3256.1136,8,1,"Frustum Culling",0.0634000003
3256.1178,8,1,"Animations",0.00039999999
3256.1213,8,1,"Spring Dependencies",0.000199999995
3256.126,8,1,"GUI Render",0.0681999996
3256.1298,8,1,"Physics",0.0104
3256.1342,8,1,"Update",27.3589993
3256.1386,8,1,"Fixed Update",0.0124000004
3256.142,8,1,"Spline Update",0.000300000014
3256.1455,8,1,"Compose",0.655099988
3256.1501,8,1,"Update Buffers (CPU)",0.0973000005
3283.0329,9,1,"RenderPath3D Update",0.3089
3283.0486,9,1,"Application Update",26.5193
3283.9886,9,1,"Application Render",0.9356
3284.5583,9,1,"Application Compose",0.5051
3287.2669,9,1,"SubmitCommandLists",2.6905
3287.3618,9,1,"Shadowmap packing",0.000699999975
3287.3683,9,1,"Render",0.935000002
3287.3705,9,1,"Procedural Animations",0.00289999996
3287.3732,9,1,"Script Components",0.000500000024
3287.3758,9,1,"CPU Frame",28.5694008
3287.3782,9,1,"Input",0.297399998
3287.381,9,1,"GUI Update",0.0698999986
3287.3831,9,1,"Frustum Culling",0.0756999999
3287.3853,9,1,"Animations",0.000199999995
3287.3872,9,1,"Spring Dependencies",0.000699999975
3287.3896,9,1,"GUI Render",0.0714000016
3287.3913,9,1,"Physics",0.0125000002
3287.3935,9,1,"Update",26.5188007
3287.3951,9,1,"Fixed Update",0.0153999999
3287.3973,9,1,"Spline Update",0.00079999998
3287.3991,9,1,"Compose",0.504800022
3287.4009,9,1,"Update Buffers (CPU)",0.203199998
3319.3037,10,1,"RenderPath3D Update",0.6157
3319.3325,10,1,"Application Update",31.7524
3320.142,10,1,"Application Render",0.8059
3320.6603,10,1,"Application Compose",0.4838
3321.9978,10,1,"SubmitCommandLists",1.3156
3322.0563,10,1,"Shadowmap packing",0.000899999985
3322.0607,10,1,"Render",0.805499971
3322.0627,10,1,"Procedural Animations",0.00389999989
3322.0654,10,1,"Script Components",0.00150000001
3322.0678,10,1,"CPU Frame",33.3381004
3322.07,10,1,"Input",0.145600006
3322.0726,10,1,"GUI Update",0.116599999
3322.0745,10,1,"Frustum Culling",0.0623000003
3322.1701,10,1,"Animations",0.000899999985
3322.1723,10,1,"Spring Dependencies",0.0013
3322.1746,10,1,"GUI Render",0.185000002
3322.1764,10,1,"Physics",0.180399999
3322.1787,10,1,"Update",31.7516994
3322.1805,10,1,"Fixed Update",0.00639999984
3322.1825,10,1,"Spline Update",0.000899999985
3322.1943,10,1,"Compose",0.4833
3322.1963,10,1,"Update Buffers (CPU)",0.185299993
3348.5835,11,1,"RenderPath3D Update",0.4243
3348.5968,11,1,"Application Update",26.1185
3349.3858,11,1,"Application Render",0.7843
3350.1412,11,1,"Application Compose",0.682
3351.4762,11,1,"SubmitCommandLists",1.3143
3351.5327,11,1,"Shadowmap packing",0.000899999985
3351.5389,11,1,"Render",0.783699989
3351.5424,11,1,"Procedural Animations",0.00340000005
3351.5468,11,1,"Script Components",0.00120000006
3351.5515,11,1,"CPU Frame",28.1165009
3351.5555,11,1,"Input",0.253300011
3351.5602,11,1,"GUI Update",0.158299997
3351.5643,11,1,"Frustum Culling",0.0549000017
3351.5683,11,1,"Animations",0.000600000028
3351.572,11,1,"Spring Dependencies",0.000699999975
3351.5762,11,1,"GUI Render",0.126499996
3351.5796,11,1,"Physics",0.0178999994
3351.5833,11,1,"Update",26.1180992
3351.5867,11,1,"Fixed Update",0.00609999988
3351.5903,11,1,"Spline Update",0.000699999975
3351.5936,11,1,"Compose",0.681400001
3351.5972,11,1,"Update Buffers (CPU)",0.158500001
3371.0398,12,1,"RenderPath3D Update",0.2071
3371.0481,12,1,"Application Update",19.1133
3371.5511,12,1,"Application Render",0.5001
3371.9886,12,1,"Application Compose",0.4142
3373.2757,12,1,"SubmitCommandLists",1.2696
3373.3283,12,1,"Shadowmap packing",0.000199999995
3373.3324,12,1,"Render",0.499799997
3373.335,12,1,"Procedural Animations",0.00159999996
3373.3376,12,1,"Script Components",0.000300000014
3373.3402,12,1,"CPU Frame",20.4958992
3373.3426,12,1,"Input",0.274599999
3373.3458,12,1,"GUI Update",0.0395999998
3373.3476,12,1,"Frustum Culling",0.0447000004
3373.3503,12,1,"Animations",9.99999975e-05
3373.3527,12,1,"Spring Dependencies",0.000300000014
3373.3548,12,1,"GUI Render",0.137799993
3373.3565,12,1,"Physics",0.00769999996
3373.3589,12,1,"Update",19.1126003
3373.3607,12,1,"Fixed Update",0.0177999996
3373.3625,12,1,"Spline Update",0.000199999995
3373.3646,12,1,"Compose",0.413599998
3373.3664,12,1,"Update Buffers (CPU)",0.0821999982
3394.1812,13,1,"RenderPath3D Update",0.4254
3394.212,13,1,"Application Update",20.6322
3395.0861,13,1,"Application Render",0.868
3395.7391,13,1,"Application Compose",0.6132
3397.0723,13,1,"SubmitCommandLists",1.3156
3397.1471,13,1,"Shadowmap packing",0.00170000002
3397.1508,13,1,"Render",0.866299987
3397.1529,13,1,"Procedural Animations",0.00410000002
3397.1556,13,1,"Script Components",0.00150000001
3397.1582,13,1,"CPU Frame",22.4442005
3397.1601,13,1,"Input",0.187700003
3397.1626,13,1,"GUI Update",0.0771000013
3397.1646,13,1,"Frustum Culling",0.061999999
3397.1666,13,1,"Animations",0.000300000014
3397.1685,13,1,"Spring Dependencies",0.00079999998
3397.1711,13,1,"GUI Render",0.0709000006
3397.1729,13,1,"Physics",0.0233999994
3397.1753,13,1,"Update",20.6313
3397.1772,13,1,"Fixed Update",0.00829999987
3397.179,13,1,"Spline Update",0.00170000002
3397.1809,13,1,"Compose",0.612600029
3397.1827,13,1,"Update Buffers (CPU)",0.146599993
3416.7299,14,1,"RenderPath3D Update",0.2601
3416.7426,14,1,"Application Update",19.4031
3417.1625,14,1,"Application Render",0.4116
3417.6071,14,1,"Application Compose",0.4187
3418.5582,14,1,"SubmitCommandLists",0.9417
3418.6057,14,1,"Shadowmap packing",0.00039999999
3418.6093,14,1,"Render",0.411199987
3418.6112,14,1,"Procedural Animations",0.0013
3418.6138,14,1,"Script Components",0.00039999999
3418.6163,14,1,"CPU Frame",20.4923
3418.6184,14,1,"Input",0.133300006
3418.6213,14,1,"GUI Update",0.0408000015
3418.6233,14,1,"Frustum Culling",0.0584999993
3418.6256,14,1,"Animations",9.99999975e-05
3418.6279,14,1,"Spring Dependencies",0.000300000014
3418.6301,14,1,"GUI Render",0.0640999973
3418.632,14,1,"Physics",0.00689999992
3418.634,14,1,"Update",19.4027004
3418.636,14,1,"Fixed Update",0.00620000018
3418.6378,14,1,"Spline Update",0.00039999999
3418.6846,14,1,"Compose",0.418500006
3418.6867,14,1,"Update Buffers (CPU)",0.0927999988
3438.1068,15,1,"RenderPath3D Update",0.3315
3438.1193,15,1,"Application Update",19.2651
3438.6706,15,1,"Application Render",0.5482
3439.1098,15,1,"Application Compose",0.4112
3439.9315,15,1,"SubmitCommandLists",0.8117
3439.9614,15,1,"Shadowmap packing",0.000300000014
3439.9648,15,1,"Render",0.547699988
3439.967,15,1,"Procedural Animations",0.00190000003
3439.9698,15,1,"Script Components",0.000199999995
3439.9726,15,1,"CPU Frame",20.5323009
3439.9751,15,1,"Input",0.150700003
3439.9776,15,1,"GUI Update",0.0410000011
3439.9795,15,1,"Frustum Culling",0.0931999981
3439.9814,15,1,"Animations",0.000199999995
3439.9834,15,1,"Spring Dependencies",0.000300000014
3439.9853,15,1,"GUI Render",0.0456999987
3439.9871,15,1,"Physics",0.00529999984
3439.9891,15,1,"Update",19.2646999
3439.9908,15,1,"Fixed Update",0.00350000011
3439.9927,15,1,"Spline Update",0.000300000014
3439.9945,15,1,"Compose",0.41080001
3439.9964,15,1,"Update Buffers (CPU)",0.0768000036
3459.6443,16,1,"RenderPath3D Update",0.2839
3459.6655,16,1,"Application Update",19.4856
3460.1879,16,1,"Application Render",0.5194
3460.6445,16,1,"Application Compose",0.4166
3461.3797,16,1,"SubmitCommandLists",0.7245
3461.4008,16,1,"Shadowmap packing",0.000300000014
3461.404,16,1,"Render",0.518899977
3461.406,16,1,"Procedural Animations",0.00139999995
3461.4083,16,1,"Script Components",0.000600000028
3461.4107,16,1,"CPU Frame",20.7071991
3461.4128,16,1,"Input",0.160999998
3461.415,16,1,"GUI Update",0.0678000003
3461.4171,16,1,"Frustum Culling",0.0498999991
3461.4191,16,1,"Animations",0.000199999995
3461.4212,16,1,"Spring Dependencies",0.000300000014
3461.4233,16,1,"GUI Render",0.192499995
3461.4253,16,1,"Physics",0.0108000003
3461.4272,16,1,"Update",19.4853992
3461.4289,16,1,"Fixed Update",0.00529999984
3461.4312,16,1,"Spline Update",0.000500000024
3461.4331,16,1,"Compose",0.416099995
3461.4348,16,1,"Update Buffers (CPU)",0.0935000032
3481.5504,17,1,"RenderPath3D Update",0.1947
3481.5584,17,1,"Application Update",19.9228
3482.0555,17,1,"Application Render",0.4943
3482.4898,17,1,"Application Compose",0.4097
3483.5348,17,1,"SubmitCommandLists",1.0345
3483.5631,17,1,"Shadowmap packing",0.000300000014
3483.5669,17,1,"Render",0.493900001
3483.5688,17,1,"Procedural Animations",0.00150000001
3483.5714,17,1,"Script Components",0.000300000014
3483.5739,17,1,"CPU Frame",21.1054001
3483.5758,17,1,"Input",0.182300001
3483.5797,17,1,"GUI Update",0.0410000011
3483.582,17,1,"Frustum Culling",0.0493000001
3483.584,17,1,"Animations",9.99999975e-05
3483.5865,17,1,"Spring Dependencies",9.99999975e-05
3483.5886,17,1,"GUI Render",0.153300002
3483.5903,17,1,"Physics",0.00600000005
3483.5922,17,1,"Update",19.9225006
3483.594,17,1,"Fixed Update",0.00359999994
3483.5968,17,1,"Spline Update",0.000199999995
3483.5986,17,1,"Compose",0.409200013
3483.6005,17,1,"Update Buffers (CPU)",0.0949999988
3501.7795,18,1,"RenderPath3D Update",0.197
3501.7872,18,1,"Application Update",18.0187
3502.2435,18,1,"Application Render",0.4536
3502.6781,18,1,"Application Compose",0.4127
3503.5535,18,1,"SubmitCommandLists",0.8651
3503.5768,18,1,"Shadowmap packing",0.000199999995
3503.5803,18,1,"Render",0.453200012
3503.5823,18,1,"Procedural Animations",0.0013
3503.5848,18,1,"Script Components",0.000300000014
3503.5873,18,1,"CPU Frame",19.1331005
3503.5897,18,1,"Input",0.150600001
3503.592,18,1,"GUI Update",0.0416000001
3503.5939,18,1,"Frustum Culling",0.0379999988
3503.5958,18,1,"Animations",9.99999975e-05
3503.5981,18,1,"Spring Dependencies",9.99999975e-05
3503.6001,18,1,"GUI Render",0.0428999998
3503.6019,18,1,"Physics",0.00520000001
3503.6038,18,1,"Update",18.0184002
3503.6056,18,1,"Fixed Update",0.00510000018
3503.6076,18,1,"Spline Update",0.000300000014
3503.6095,18,1,"Compose",0.412299991
3503.6113,18,1,"Update Buffers (CPU)",0.0815000013
3522.5214,19,1,"RenderPath3D Update",0.23
3522.5337,19,1,"Application Update",18.7899
3523.0366,19,1,"Application Render",0.4946
3523.4783,19,1,"Application Compose",0.4151
3524.3093,19,1,"SubmitCommandLists",0.8211
3524.4525,19,1,"Shadowmap packing",0.000199999995
3524.4563,19,1,"Render",0.494199991
3524.4587,19,1,"Procedural Animations",0.00159999996
3524.4611,19,1,"Script Components",0.000300000014
3524.4636,19,1,"CPU Frame",19.9174004
3524.4656,19,1,"Input",0.122000001
3524.4678,19,1,"GUI Update",0.0397999994
3524.4697,19,1,"Frustum Culling",0.0476000011
3524.4717,19,1,"Animations",9.99999975e-05
3524.4741,19,1,"Spring Dependencies",0.000199999995
3524.4762,19,1,"GUI Render",0.178399995
3524.4781,19,1,"Physics",0.00659999996
3524.4801,19,1,"Update",18.7894993
3524.4819,19,1,"Fixed Update",0.00270000007
3524.484,19,1,"Spline Update",0.000300000014
3524.486,19,1,"Compose",0.414099991
3524.4878,19,1,"Update Buffers (CPU)",0.0939000025
3544.1023,20,1,"RenderPath3D Update",0.3394
3544.1112,20,1,"Application Update",19.4821
3544.4761,20,1,"Application Render",0.3614
3544.9449,20,1,"Application Compose",0.419
3545.866,20,1,"SubmitCommandLists",0.9047
3545.8903,20,1,"Shadowmap packing",0.000300000014
3545.8937,20,1,"Render",0.360700011
3545.8957,20,1,"Procedural Animations",0.00150000001
3545.8982,20,1,"Script Components",0.000300000014
3545.9005,20,1,"CPU Frame",20.5167007
3545.9025,20,1,"Input",0.129999995
3545.9048,20,1,"GUI Update",0.0516000018
3545.9069,20,1,"Frustum Culling",0.0627000034
3545.9089,20,1,"Animations",9.99999975e-05
3545.9112,20,1,"Spring Dependencies",0.000199999995
3545.9136,20,1,"GUI Render",0.0434999987
3545.9154,20,1,"Physics",0.0178999994
3545.9175,20,1,"Update",19.4818993
3545.9265,20,1,"Fixed Update",0.00300000003
3545.9286,20,1,"Spline Update",0.000300000014
3545.9304,20,1,"Compose",0.41839999
3545.9323,20,1,"Update Buffers (CPU)",0.071800001
3564.6012,21,1,"RenderPath3D Update",0.3937
3564.6219,21,1,"Application Update",18.5377
3565.3077,21,1,"Application Render",0.6817
3565.8129,21,1,"Application Compose",0.437
3566.8606,21,1,"SubmitCommandLists",1.0369
3566.8915,21,1,"Shadowmap packing",0.000699999975
3566.8951,21,1,"Render",0.680400014
3566.8972,21,1,"Procedural Animations",0.00439999998
3566.8995,21,1,"Script Components",0.000699999975
3566.9038,21,1,"CPU Frame",19.9424
3566.906,21,1,"Input",0.140000001
3566.9083,21,1,"GUI Update",0.0838999972
3566.9102,21,1,"Frustum Culling",0.0659999996
3566.9121,21,1,"Animations",0.000199999995
3566.914,21,1,"Spring Dependencies",0.000899999985
3566.9162,21,1,"GUI Render",0.0693999976
3566.9179,21,1,"Physics",0.00960000046
3566.9198,21,1,"Update",18.5373001
3566.9216,21,1,"Fixed Update",0.00260000001
3566.9234,21,1,"Spline Update",0.0013
3566.9255,21,1,"Compose",0.4366
3566.9272,21,1,"Update Buffers (CPU)",0.156000003
3585.9962,22,1,"RenderPath3D Update",0.2622
3586.0075,22,1,"Application Update",18.9278
3586.3953,22,1,"Application Render",0.3842
3586.8522,22,1,"Application Compose",0.4168
3587.6905,22,1,"SubmitCommandLists",0.8202
3587.718,22,1,"Shadowmap packing",0.000199999995
3587.7217,22,1,"Render",0.3838
3587.7237,22,1,"Procedural Animations",0.00230000005
3587.7261,22,1,"Script Components",0.000500000024
3587.7287,22,1,"CPU Frame",19.9832001
3587.7308,22,1,"Input",0.142100006
3587.7332,22,1,"GUI Update",0.065700002
3587.7351,22,1,"Frustum Culling",0.059700001
3587.7371,22,1,"Animations",0.000600000028
3587.7389,22,1,"Spring Dependencies",0.00120000006
3587.741,22,1,"GUI Render",0.0617000014
3587.743,22,1,"Physics",0.00899999961
3587.7447,22,1,"Update",18.9274998
3587.7465,22,1,"Fixed Update",0.00389999989
3587.7482,22,1,"Spline Update",0.000300000014
3587.7501,22,1,"Compose",0.416200012
3587.7519,22,1,"Update Buffers (CPU)",0.0760999992
3606.9755,23,1,"RenderPath3D Update",0.3461
3606.9873,23,1,"Application Update",19.0704
3607.6268,23,1,"Application Render",0.6355
3608.0689,23,1,"Application Compose",0.4161
3609.1584,23,1,"SubmitCommandLists",1.0733
3609.1866,23,1,"Shadowmap packing",0.000199999995
3609.1905,23,1,"Render",0.635299981
3609.1925,23,1,"Procedural Animations",0.00179999997
3609.195,23,1,"Script Components",0.000500000024
3609.1975,23,1,"CPU Frame",20.3705006
3609.1995,23,1,"Input",0.154599994
3609.2017,23,1,"GUI Update",0.1017
3609.2038,23,1,"Frustum Culling",0.0551999994
3609.2523,23,1,"Animations",9.99999975e-05
3609.2546,23,1,"Spring Dependencies",0.00079999998
3609.2568,23,1,"GUI Render",0.064199999
3609.26,23,1,"Physics",0.0127999997
3609.262,23,1,"Update",19.0699997
3609.2639,23,1,"Fixed Update",0.00419999985
3609.2659,23,1,"Spline Update",0.00150000001
3609.2678,23,1,"Compose",0.415699989
3609.2697,23,1,"Update Buffers (CPU)",0.142299995
3627.586,24,1,"RenderPath3D Update",0.39
3627.6023,24,1,"Application Update",18.177
3628.2259,24,1,"Application Render",0.6193
3628.6944,24,1,"Application Compose",0.4237
3629.6622,24,1,"SubmitCommandLists",0.956
3629.6877,24,1,"Shadowmap packing",0.000600000028
3629.6909,24,1,"Render",0.618799984
3629.6928,24,1,"Procedural Animations",0.00270000007
3629.6952,24,1,"Script Components",0.00150000001
3629.6976,24,1,"CPU Frame",19.5277996
3629.6995,24,1,"Input",0.139300004
3629.7018,24,1,"GUI Update",0.100599997
3629.7037,24,1,"Frustum Culling",0.0452000014
3629.7057,24,1,"Animations",0.000600000028
3629.7075,24,1,"Spring Dependencies",0.000500000024
3629.7096,24,1,"GUI Render",0.0549000017
3629.7114,24,1,"Physics",0.0188999996
3629.7133,24,1,"Update",18.1762009
3629.715,24,1,"Fixed Update",0.00540000014
3629.7169,24,1,"Spline Update",0.00139999995
3629.7188,24,1,"Compose",0.423000008
3629.7206,24,1,"Update Buffers (CPU)",0.116499998
3650.612,25,1,"RenderPath3D Update",0.3134
3650.6272,25,1,"Application Update",20.7682
3651.3206,25,1,"Application Render",0.6893
3651.8267,25,1,"Application Compose",0.4595
3652.8403,25,1,"SubmitCommandLists",0.9952
3652.872,25,1,"Shadowmap packing",0.000199999995
3652.8756,25,1,"Render",0.688600004
3652.8776,25,1,"Procedural Animations",0.00359999994
3652.8799,25,1,"Script Components",0.00079999998
3652.8821,25,1,"CPU Frame",22.1567993
3652.884,25,1,"Input",0.128299996
3652.8864,25,1,"GUI Update",0.0873000026
3652.8883,25,1,"Frustum Culling",0.0522999987
3652.8902,25,1,"Animations",0.000300000014
3652.892,25,1,"Spring Dependencies",0.00079999998
3652.8941,25,1,"GUI Render",0.0768999979
3652.8958,25,1,"Physics",0.0130000003
3652.8978,25,1,"Update",20.7679996
3652.8997,25,1,"Fixed Update",0.00329999998
3652.9015,25,1,"Spline Update",0.0013
3652.9035,25,1,"Compose",0.459100008
3652.9053,25,1,"Update Buffers (CPU)",0.170100003
3672.7519,26,1,"RenderPath3D Update",0.1737
3672.7609,26,1,"Application Update",19.6919
3673.3422,26,1,"Application Render",0.5783
3673.8052,26,1,"Application Compose",0.4224
3674.6499,26,1,"SubmitCommandLists",0.8341
3674.671,26,1,"Shadowmap packing",0.000199999995
3674.6743,26,1,"Render",0.578000009
3674.6764,26,1,"Procedural Animations",0.00150000001
3674.6789,26,1,"Script Components",0.000300000014
3674.6814,26,1,"CPU Frame",20.9522991
3674.6834,26,1,"Input",0.154799998
3674.6855,26,1,"GUI Update",0.0436000004
3674.6877,26,1,"Frustum Culling",0.0529000014
3674.6895,26,1,"Animations",0.000199999995
3674.6912,26,1,"Spring Dependencies",0.000300000014
3674.6933,26,1,"GUI Render",0.0991000012
3674.695,26,1,"Physics",0.00789999962
3674.6971,26,1,"Update",19.6916008
3674.6988,26,1,"Fixed Update",0.00319999992
3674.7006,26,1,"Spline Update",0.000300000014
3674.7024,26,1,"Compose",0.421999991
3674.7042,26,1,"Update Buffers (CPU)",0.141299993
3693.7339,27,1,"RenderPath3D Update",0.3764
3693.7491,27,1,"Application Update",18.9144
3694.3823,27,1,"Application Render",0.6295
3694.8129,27,1,"Application Compose",0.4056
3695.7993,27,1,"SubmitCommandLists",0.9756
3695.8234,27,1,"Shadowmap packing",0.000500000024
3695.8274,27,1,"Render",0.628700018
3695.8296,27,1,"Procedural Animations",0.00579999993
3695.832,27,1,"Script Components",0.000500000024
3695.8345,27,1,"CPU Frame",20.1569996
3695.8364,27,1,"Input",0.122299999
3695.8396,27,1,"GUI Update",0.103100002
3695.8416,27,1,"Frustum Culling",0.0612000003
3695.8435,27,1,"Animations",9.99999975e-05
3695.8469,27,1,"Spring Dependencies",0.000699999975
3695.8491,27,1,"GUI Render",0.0546999983
3695.851,27,1,"Physics",0.0196000002
3695.8529,27,1,"Update",18.9137993
3695.8547,27,1,"Fixed Update",0.00319999992
3695.8565,27,1,"Spline Update",0.0013
3695.9134,27,1,"Compose",0.405299991
3695.9154,27,1,"Update Buffers (CPU)",0.131999999
3715.3352,28,1,"RenderPath3D Update",0.3001
3715.3483,28,1,"Application Update",19.2343
3715.8593,28,1,"Application Render",0.5082
3716.3246,28,1,"Application Compose",0.4344
3717.2141,28,1,"SubmitCommandLists",0.8754
3717.2582,28,1,"Shadowmap packing",0.000199999995
3717.263,28,1,"Render",0.507799983
3717.2651,28,1,"Procedural Animations",0.00150000001
3717.2684,28,1,"Script Components",0.000199999995
3717.2711,28,1,"CPU Frame",20.5205994
3717.2736,28,1,"Input",0.188700005
3717.2764,28,1,"GUI Update",0.0401000008
3717.2784,28,1,"Frustum Culling",0.0969000012
3717.2803,28,1,"Animations",9.99999975e-05
3717.2827,28,1,"Spring Dependencies",0.000199999995
3717.2854,28,1,"GUI Render",0.103699997
3717.2872,28,1,"Physics",0.00650000013
3717.2896,28,1,"Update",19.2341003
3717.2914,28,1,"Fixed Update",0.00329999998
3717.2934,28,1,"Spline Update",0.000300000014
3717.2953,28,1,"Compose",0.433899999
3717.2971,28,1,"Update Buffers (CPU)",0.074500002
3740.7782,29,1,"RenderPath3D Update",0.3418
3740.7905,29,1,"Application Update",23.276
3741.1574,29,1,"Application Render",0.364
3741.6163,29,1,"Application Compose",0.4195
3742.7552,29,1,"SubmitCommandLists",1.1229
3742.7994,29,1,"Shadowmap packing",9.99999975e-05
3742.8055,29,1,"Render",0.363499999
3742.8081,29,1,"Procedural Animations",0.00329999998
3742.8104,29,1,"Script Components",0.000600000028
3742.8131,29,1,"CPU Frame",24.3917999
3742.8151,29,1,"Input",0.202299997
3742.8201,29,1,"GUI Update",0.0443999991
3742.8224,29,1,"Frustum Culling",0.0562999994
3742.8246,29,1,"Animations",0.000500000024
3742.8271,29,1,"Spring Dependencies",0.000300000014
3742.8291,29,1,"GUI Render",0.058600001
3742.831,29,1,"Physics",0.0055999998
3742.8333,29,1,"Update",23.2756996
3742.8351,29,1,"Fixed Update",0.00590000022
3742.837,29,1,"Spline Update",0.000600000028
3742.8392,29,1,"Compose",0.418900013
3742.8409,29,1,"Update Buffers (CPU)",0.0768999979
3761.5245,30,1,"RenderPath3D Update",0.2486
3761.5628,30,1,"Application Update",18.5089
3763.2214,30,1,"Application Render",1.6523
3763.7625,30,1,"Application Compose",0.4866
3765.5335,30,1,"SubmitCommandLists",1.7502
3765.5901,30,1,"Shadowmap packing",0.00329999998
3765.5949,30,1,"Render",1.65120006
3765.597,30,1,"Procedural Animations",0.00159999996
3765.5995,30,1,"Script Components",0.000300000014
3765.6034,30,1,"CPU Frame",20.9936008
3765.6059,30,1,"Input",0.200399995
3765.61,30,1,"GUI Update",0.0377000012
3765.6148,30,1,"Frustum Culling",0.108400002
3765.6172,30,1,"Animations",0.000199999995
3765.6191,30,1,"Spring Dependencies",0.000199999995
3765.6211,30,1,"GUI Render",0.112800002
3765.6231,30,1,"Physics",0.00789999962
3765.6249,30,1,"Update",18.5086994
3765.6266,30,1,"Fixed Update",0.00439999998
3765.6283,30,1,"Spline Update",0.000300000014
3765.6302,30,1,"Compose",0.486200005
3765.6328,30,1,"Update Buffers (CPU)",0.27610001
3788.5681,31,1,"RenderPath3D Update",0.41
3788.5882,31,1,"Application Update",22.6738
3789.2655,31,1,"Application Render",0.6686
3789.7113,31,1,"Application Compose",0.4133
3790.6567,31,1,"SubmitCommandLists",0.9351
3790.695,31,1,"Shadowmap packing",0.0013
3790.6986,31,1,"Render",0.667599976
3790.7005,31,1,"Procedural Animations",0.00270000007
3790.7028,31,1,"Script Components",0.00139999995
3790.7059,31,1,"CPU Frame",24.1597996
3790.7082,31,1,"Input",0.261999995
3790.7112,31,1,"GUI Update",0.136800006
3790.7135,31,1,"Frustum Culling",0.0377999991
3790.7154,31,1,"Animations",0.00120000006
3790.7172,31,1,"Spring Dependencies",0.00079999998
3790.7202,31,1,"GUI Render",0.0625
3790.7221,31,1,"Physics",0.00999999978
3790.7243,31,1,"Update",22.6728001
3790.726,31,1,"Fixed Update",0.00870000012
3790.728,31,1,"Spline Update",0.00109999999
3790.7298,31,1,"Compose",0.412999988
3790.7316,31,1,"Update Buffers (CPU)",0.144600004
3809.4101,32,1,"RenderPath3D Update",0.3792
3809.425,32,1,"Application Update",18.4984
3809.949,32,1,"Application Render",0.5209
3810.4393,32,1,"Application Compose",0.4343
3811.3155,32,1,"SubmitCommandLists",0.8645
3811.341,32,1,"Shadowmap packing",0.00039999999
3811.3831,32,1,"Render",0.520399988
3811.3852,32,1,"Procedural Animations",0.00120000006
3811.3875,32,1,"Script Components",0.000300000014
3811.39,32,1,"CPU Frame",19.7677002
3811.3921,32,1,"Input",0.181899995
3811.3943,32,1,"GUI Update",0.0397999994
3811.3963,32,1,"Frustum Culling",0.0472999997
3811.398,32,1,"Animations",0.000199999995
3811.3999,32,1,"Spring Dependencies",0.000500000024
3811.402,32,1,"GUI Render",0.155200005
3811.4038,32,1,"Physics",0.00779999979
3811.4061,32,1,"Update",18.4981003
3811.4079,32,1,"Fixed Update",0.0057000001
3811.4097,32,1,"Spline Update",0.000300000014
3811.4115,32,1,"Compose",0.433899999
3811.4135,32,1,"Update Buffers (CPU)",0.0975999981
3830.296,33,1,"RenderPath3D Update",0.1835
3830.3047,33,1,"Application Update",18.7434
3830.9087,33,1,"Application Render",0.601
3831.3876,33,1,"Application Compose",0.4344
3832.345,33,1,"SubmitCommandLists",0.9432
3832.3898,33,1,"Shadowmap packing",9.99999975e-05
3832.3949,33,1,"Render",0.600700021
3832.3978,33,1,"Procedural Animations",0.00150000001
3832.4012,33,1,"Script Components",0.000300000014
3832.4047,33,1,"CPU Frame",20.0643997
3832.4071,33,1,"Input",0.137899995
3832.4103,33,1,"GUI Update",0.0388000011
3832.4129,33,1,"Frustum Culling",0.0522000007
3832.4147,33,1,"Animations",0.000199999995
3832.4166,33,1,"Spring Dependencies",0.000300000014
3832.4188,33,1,"GUI Render",0.0830999985
3832.421,33,1,"Physics",0.00689999992
3832.4237,33,1,"Update",18.7432003
3832.4256,33,1,"Fixed Update",0.00289999996
3832.4275,33,1,"Spline Update",0.000300000014
3832.4296,33,1,"Compose",0.433899999
3832.4314,33,1,"Update Buffers (CPU)",0.1175
3854.3855,34,1,"RenderPath3D Update",0.3931
3854.4024,34,1,"Application Update",21.7373
3855.1179,34,1,"Application Render",0.7118
3855.6204,34,1,"Application Compose",0.4497
3857.4772,34,1,"SubmitCommandLists",1.8395
3857.5169,34,1,"Shadowmap packing",0.000600000028
3857.521,34,1,"Render",0.711300015
3857.5234,34,1,"Procedural Animations",0.00249999994
3857.5261,34,1,"Script Components",0.00109999999
3857.5284,34,1,"CPU Frame",23.2605991
3857.5303,34,1,"Input",0.218999997
3857.5328,34,1,"GUI Update",0.182300001
3857.5347,34,1,"Frustum Culling",0.0714000016
3857.5365,34,1,"Animations",0.00079999998
3857.5385,34,1,"Spring Dependencies",0.000600000028
3857.541,34,1,"GUI Render",0.0571999997
3857.5427,34,1,"Physics",0.0107000005
3857.5446,34,1,"Update",21.7369995
3857.5464,34,1,"Fixed Update",0.00639999984
3857.5483,34,1,"Spline Update",0.00190000003
3857.5502,34,1,"Compose",0.449200004
3857.5518,34,1,"Update Buffers (CPU)",0.120399997
3876.9848,35,1,"RenderPath3D Update",0.4009
3877.0023,35,1,"Application Update",19.2716
3877.8631,35,1,"Application Render",0.8559
3878.4195,35,1,"Application Compose",0.4966
3880.7469,35,1,"SubmitCommandLists",2.3002
3880.8325,35,1,"Shadowmap packing",0.000500000024
3880.8385,35,1,"Render",0.855199993
3880.8421,35,1,"Procedural Animations",0.00490000006
3880.8456,35,1,"Script Components",0.00109999999
3880.8567,35,1,"CPU Frame",20.9281006
3880.859,35,1,"Input",0.1664
3880.8625,35,1,"GUI Update",0.112800002
3880.8658,35,1,"Frustum Culling",0.0643000007
3880.8686,35,1,"Animations",0.00039999999
3880.8712,35,1,"Spring Dependencies",0.000600000028
3880.8738,35,1,"GUI Render",0.129299998
3880.8756,35,1,"Physics",0.0190999992
3880.8788,35,1,"Update",19.2709007
3880.8812,35,1,"Fixed Update",0.00439999998
3880.883,35,1,"Spline Update",0.00100000005
3880.8855,35,1,"Compose",0.495400012
3880.8889,35,1,"Update Buffers (CPU)",0.223199993
3901.8615,36,1,"RenderPath3D Update",0.3029
3901.8792,36,1,"Application Update",20.3687
3902.4477,36,1,"Application Render",0.5655
3902.8901,36,1,"Application Compose",0.4061
3903.5926,36,1,"SubmitCommandLists",0.6916
3903.6128,36,1,"Shadowmap packing",0.000199999995
3903.6163,36,1,"Render",0.564499974
3903.6298,36,1,"Procedural Animations",0.00179999997
3903.6322,36,1,"Script Components",0.000500000024
3903.6347,36,1,"CPU Frame",22.1119995
3903.6368,36,1,"Input",0.591899991
3903.6391,36,1,"GUI Update",0.0472999997
3903.641,36,1,"Frustum Culling",0.0895999968
3903.7363,36,1,"Animations",0.000199999995
3903.7386,36,1,"Spring Dependencies",0.000199999995
3903.7407,36,1,"GUI Render",0.122100003
3903.7426,36,1,"Physics",0.00899999961
3903.7447,36,1,"Update",20.368
3903.7466,36,1,"Fixed Update",0.00970000029
3903.7484,36,1,"Spline Update",0.00039999999
3903.7504,36,1,"Compose",0.405600011
3903.7521,36,1,"Update Buffers (CPU)",0.1153
3927.7898,37,1,"RenderPath3D Update",0.2062
3927.8003,37,1,"Application Update",23.9058
3928.4004,37,1,"Application Render",0.5965
3928.8574,37,1,"Application Compose",0.4227
3929.8994,37,1,"SubmitCommandLists",1.0307
3929.9318,37,1,"Shadowmap packing",0.000199999995
3929.9352,37,1,"Render",0.596099973
3929.9374,37,1,"Procedural Animations",0.00159999996
3929.9397,37,1,"Script Components",0.000300000014
3929.9424,37,1,"CPU Frame",25.2602997
3929.9449,37,1,"Input",0.134000003
3929.9478,37,1,"GUI Update",0.0489000008
3929.9497,37,1,"Frustum Culling",0.0581
3929.9517,37,1,"Animations",0.000300000014
3929.9536,37,1,"Spring Dependencies",0.000699999975
3929.9556,37,1,"GUI Render",0.123499997
3929.9574,37,1,"Physics",0.00590000022
3929.9593,37,1,"Update",23.9051991
3929.9611,37,1,"Fixed Update",0.00200000009
3929.9629,37,1,"Spline Update",0.00039999999
3929.9648,37,1,"Compose",0.422500014
3929.9666,37,1,"Update Buffers (CPU)",0.115599997
3949.0926,38,1,"RenderPath3D Update",0.2904
3949.1016,38,1,"Application Update",18.99
3949.7298,38,1,"Application Render",0.6252
3950.2045,38,1,"Application Compose",0.4319
3951.4886,38,1,"SubmitCommandLists",1.267
3951.576,38,1,"Shadowmap packing",0.000199999995
3951.5816,38,1,"Render",0.624599993
3951.5836,38,1,"Procedural Animations",0.0193000007
3951.5876,38,1,"Script Components",0.00079999998
3951.5898,38,1,"CPU Frame",20.2940998
3951.5916,38,1,"Input",0.134200007
3951.5952,38,1,"GUI Update",0.0684999973
3951.5975,38,1,"Frustum Culling",0.0441000015
3951.6008,38,1,"Animations",0.000199999995
3951.6028,38,1,"Spring Dependencies",0.000199999995
3951.6051,38,1,"GUI Render",0.121699996
3951.6068,38,1,"Physics",0.0131999999
3951.6089,38,1,"Update",18.9897003
3951.6107,38,1,"Fixed Update",0.0046000001
3951.6126,38,1,"Spline Update",0.000600000028
3951.6144,38,1,"Compose",0.431600004
3951.6163,38,1,"Update Buffers (CPU)",0.138400003
3970.8696,39,1,"RenderPath3D Update",0.2888
3970.8809,39,1,"Application Update",19.0679
3971.5774,39,1,"Application Render",0.693
3972.0801,39,1,"Application Compose",0.4625
3973.132,39,1,"SubmitCommandLists",1.03
3973.1537,39,1,"Shadowmap packing",0.000899999985
3973.1568,39,1,"Render",0.692200005
3973.1589,39,1,"Procedural Animations",0.00310000009
3973.1614,39,1,"Script Components",0.000300000014
3973.1639,39,1,"CPU Frame",20.5533009
3973.1659,39,1,"Input",0.182099998
3973.1683,39,1,"GUI Update",0.0817999989
3973.1702,39,1,"Frustum Culling",0.0522999987
3973.1722,39,1,"Animations",0.00039999999
3973.1741,39,1,"Spring Dependencies",0.000699999975
3973.1761,39,1,"GUI Render",0.127000004
3973.1779,39,1,"Physics",0.0137999998
3973.1797,39,1,"Update",19.0674992
3973.1814,39,1,"Fixed Update",0.00650000013
3973.1831,39,1,"Spline Update",0.00100000005
3973.185,39,1,"Compose",0.462000012
3973.1868,39,1,"Update Buffers (CPU)",0.133499995
3991.7241,40,1,"RenderPath3D Update",0.2143
3991.7324,40,1,"Application Update",18.3992
3992.2413,40,1,"Application Render",0.5061
3992.6726,40,1,"Application Compose",0.4046
3993.6972,40,1,"SubmitCommandLists",1.0122
3993.7241,40,1,"Shadowmap packing",0.000199999995
3993.7274,40,1,"Render",0.505500019
3993.7294,40,1,"Procedural Animations",0.00120000006
3993.7319,40,1,"Script Components",0.000699999975
3993.7346,40,1,"CPU Frame",19.5354996
3993.7368,40,1,"Input",0.136399999
3993.7394,40,1,"GUI Update",0.0406000018
3993.7414,40,1,"Frustum Culling",0.0412999988
3993.7438,40,1,"Animations",0.000300000014
3993.7456,40,1,"Spring Dependencies",0.00039999999
3993.7476,40,1,"GUI Render",0.063500002
3993.7494,40,1,"Physics",0.00659999996
3993.7513,40,1,"Update",18.3988991
3993.753,40,1,"Fixed Update",0.00400000019
3993.7548,40,1,"Spline Update",0.000199999995
3993.7905,40,1,"Compose",0.404100001
3993.7928,40,1,"Update Buffers (CPU)",0.0932999998
4012.6777,41,1,"RenderPath3D Update",0.322
4012.6902,41,1,"Application Update",18.7228
4013.2028,41,1,"Application Render",0.5096
4013.7483,41,1,"Application Compose",0.5091
4014.7863,41,1,"SubmitCommandLists",1.0164
4014.8163,41,1,"Shadowmap packing",0.000199999995
4014.8199,41,1,"Render",0.509199977
4014.822,41,1,"Procedural Animations",0.00109999999
4014.8246,41,1,"Script Components",0.000300000014
4014.8275,41,1,"CPU Frame",20.0449009
4014.8294,41,1,"Input",0.163800001
4014.8318,41,1,"GUI Update",0.0408999994
4014.8338,41,1,"Frustum Culling",0.0644999966
4014.8357,41,1,"Animations",0.00039999999
4014.8376,41,1,"Spring Dependencies",0.000300000014
4014.8398,41,1,"GUI Render",0.0538999997
4014.8415,41,1,"Physics",0.00510000018
4014.8434,41,1,"Update",18.7226009
4014.8451,41,1,"Fixed Update",0.00319999992
4014.847,41,1,"Spline Update",0.000300000014
4014.8488,41,1,"Compose",0.50880003
4014.8506,41,1,"Update Buffers (CPU)",0.0799999982
4033.5965,42,1,"RenderPath3D Update",0.2994
4033.609,42,1,"Application Update",18.564
4034.1045,42,1,"Application Render",0.492
4034.5535,42,1,"Application Compose",0.4202
4035.4236,42,1,"SubmitCommandLists",0.8602
4035.4547,42,1,"Shadowmap packing",0.000300000014
4035.4601,42,1,"Render",0.491600007
4035.4626,42,1,"Procedural Animations",0.00159999996
4035.4665,42,1,"Script Components",0.000500000024
4035.4702,42,1,"CPU Frame",19.7586002
4035.5054,42,1,"Input",0.184100002
4035.5116,42,1,"GUI Update",0.0542000011
4035.515,42,1,"Frustum Culling",0.111199997
4035.5182,42,1,"Animations",0.000199999995
4035.5217,42,1,"Spring Dependencies",0.000300000014
4035.5251,42,1,"GUI Render",0.0551999994
4035.5277,42,1,"Physics",0.00689999992
4035.5306,42,1,"Update",18.5634003
4035.5339,42,1,"Fixed Update",0.00400000019
4035.5368,42,1,"Spline Update",0.000500000024
4035.5391,42,1,"Compose",0.4199
4035.5413,42,1,"Update Buffers (CPU)",0.105400003
4054.3494,43,1,"RenderPath3D Update",0.3875
4054.3669,43,1,"Application Update",18.6671
4054.978,43,1,"Application Render",0.6082
4055.4311,43,1,"Application Compose",0.4238
4056.2466,43,1,"SubmitCommandLists",0.8037
4056.2676,43,1,"Shadowmap packing",0.000699999975
4056.2706,43,1,"Render",0.607599974
4056.2725,43,1,"Procedural Animations",0.00439999998
4056.2749,43,1,"Script Components",0.000500000024
4056.2773,43,1,"CPU Frame",19.9997005
4056.2791,43,1,"Input",0.148599997
4056.2814,43,1,"GUI Update",0.0742999986
4056.2833,43,1,"Frustum Culling",0.0832000002
4056.2852,43,1,"Animations",0.00039999999
4056.2871,43,1,"Spring Dependencies",0.000199999995
4056.2891,43,1,"GUI Render",0.1074
4056.291,43,1,"Physics",0.00779999979
4056.293,43,1,"Update",18.6667995
4056.2947,43,1,"Fixed Update",0.0027999999
4056.2966,43,1,"Spline Update",0.000600000028
4056.2985,43,1,"Compose",0.423500001
4056.3003,43,1,"Update Buffers (CPU)",0.1153
4075.0669,44,1,"RenderPath3D Update",0.1802
4075.0753,44,1,"Application Update",18.6398
4075.5775,44,1,"Application Render",0.4994
4076.0326,44,1,"Application Compose",0.4128
4076.8237,44,1,"SubmitCommandLists",0.7786
4076.8452,44,1,"Shadowmap packing",0.000300000014
4076.8486,44,1,"Render",0.499000013
4076.8506,44,1,"Procedural Animations",0.00139999995
4076.853,44,1,"Script Components",0.000199999995
4076.8555,44,1,"CPU Frame",19.7814999
4076.8576,44,1,"Input",0.126599997
4076.8598,44,1,"GUI Update",0.0414999984
4076.8618,44,1,"Frustum Culling",0.0465000011
4076.8636,44,1,"Animations",0.00039999999
4076.8654,44,1,"Spring Dependencies",0.000199999995
4076.8674,44,1,"GUI Render",0.133300006
4076.8692,44,1,"Physics",0.00749999983
4076.8711,44,1,"Update",18.6396008
4076.8729,44,1,"Fixed Update",0.0027999999
4076.8747,44,1,"Spline Update",0.000199999995
4076.8765,44,1,"Compose",0.412
4076.8784,44,1,"Update Buffers (CPU)",0.0987000018
4095.8819,45,1,"RenderPath3D Update",0.2215
4095.8906,45,1,"Application Update",18.8754
4096.3569,45,1,"Application Render",0.4626
4096.8026,45,1,"Application Compose",0.4184
4097.4905,45,1,"SubmitCommandLists",0.6777
4097.5157,45,1,"Shadowmap packing",0.00039999999
4097.5478,45,1,"Render",0.462099999
4097.5503,45,1,"Procedural Animations",0.00120000006
4097.5526,45,1,"Script Components",0.000300000014
4097.5552,45,1,"CPU Frame",19.9733009
4097.5572,45,1,"Input",0.128199995
4097.5596,45,1,"GUI Update",0.0571999997
4097.5615,45,1,"Frustum Culling",0.0449000001
4097.5634,45,1,"Animations",0.000300000014
4097.5652,45,1,"Spring Dependencies",0.00109999999
4097.5674,45,1,"GUI Render",0.0533999987
4097.5692,45,1,"Physics",0.00719999988
4097.5709,45,1,"Update",18.8750992
4097.5728,45,1,"Fixed Update",0.00310000009
4097.5747,45,1,"Spline Update",0.000600000028
4097.5766,45,1,"Compose",0.418000013
4097.5783,45,1,"Update Buffers (CPU)",0.111299999
4117.471,46,1,"RenderPath3D Update",0.3354
4117.4845,46,1,"Application Update",19.7742
4118.1106,46,1,"Application Render",0.6231
4118.5501,46,1,"Application Compose",0.4079
4119.3637,46,1,"SubmitCommandLists",0.8032
4119.3851,46,1,"Shadowmap packing",0.00039999999
4119.3882,46,1,"Render",0.622500002
4119.3903,46,1,"Procedural Animations",0.00159999996
4119.3927,46,1,"Script Components",0.000500000024
4119.395,46,1,"CPU Frame",21.0536003
4119.3971,46,1,"Input",0.124200001
4119.3994,46,1,"GUI Update",0.0487000011
4119.4014,46,1,"Frustum Culling",0.0887999982
4119.4032,46,1,"Animations",0.000199999995
4119.405,46,1,"Spring Dependencies",0.000300000014
4119.4072,46,1,"GUI Render",0.0632999986
4119.4089,46,1,"Physics",0.00769999996
4119.4109,46,1,"Update",19.7740002
4119.4127,46,1,"Fixed Update",0.00190000003
4119.4145,46,1,"Spline Update",0.00039999999
4119.4163,46,1,"Compose",0.407400012
4119.4181,46,1,"Update Buffers (CPU)",0.103699997
4138.0548,47,1,"RenderPath3D Update",0.3362
4138.0697,47,1,"Application Update",18.4904
4138.5026,47,1,"Application Render",0.43
4138.9524,47,1,"Application Compose",0.4206
4139.8547,47,1,"SubmitCommandLists",0.8918
4139.8764,47,1,"Shadowmap packing",0.00039999999
4139.8797,47,1,"Render",0.429399997
4139.8817,47,1,"Procedural Animations",0.00170000002
4139.8841,47,1,"Script Components",0.00230000005
4139.8863,47,1,"CPU Frame",19.5834007
4139.8884,47,1,"Input",0.153200001
4139.8905,47,1,"GUI Update",0.0456999987
4139.893,47,1,"Frustum Culling",0.0647
4139.895,47,1,"Animations",9.99999975e-05
4139.8973,47,1,"Spring Dependencies",0.00039999999
4139.8995,47,1,"GUI Render",0.0513000004
4139.9013,47,1,"Physics",0.00860000029
4139.9032,47,1,"Update",18.4902
4139.9049,47,1,"Fixed Update",0.00260000001
4139.9066,47,1,"Spline Update",0.00039999999
4139.9085,47,1,"Compose",0.420100003
4139.9103,47,1,"Update Buffers (CPU)",0.0979999974
4158.0571,48,1,"RenderPath3D Update",0.2752
4158.0699,48,1,"Application Update",17.977
4158.636,48,1,"Application Render",0.5633
4159.1004,48,1,"Application Compose",0.4195
4159.8067,48,1,"SubmitCommandLists",0.694
4159.829,48,1,"Shadowmap packing",0.000300000014
4159.832,48,1,"Render",0.562900007
4159.8338,48,1,"Procedural Animations",0.00630000001
4159.8364,48,1,"Script Components",0.000300000014
4159.8389,48,1,"CPU Frame",19.2420006
4159.841,48,1,"Input",0.175099999
4159.8431,48,1,"GUI Update",0.0434999987
4159.8451,48,1,"Frustum Culling",0.0568000004
4159.847,48,1,"Animations",0.000199999995
4159.8488,48,1,"Spring Dependencies",0.000300000014
4159.8507,48,1,"GUI Render",0.137700006
4159.8525,48,1,"Physics",0.00760000013
4159.8543,48,1,"Update",17.9766006
4159.8561,48,1,"Fixed Update",0.00200000009
4159.8578,48,1,"Spline Update",0.000500000024
4159.8597,48,1,"Compose",0.419
4159.8615,48,1,"Update Buffers (CPU)",0.0998999998
4179.163,49,1,"RenderPath3D Update",0.2777
4179.175,49,1,"Application Update",19.1653
4179.709,49,1,"Application Render",0.5302
4180.1476,49,1,"Application Compose",0.412
4180.9487,49,1,"SubmitCommandLists",0.7905
4180.9702,49,1,"Shadowmap packing",0.00079999998
4180.9734,49,1,"Render",0.529799998
4180.9755,49,1,"Procedural Animations",0.00179999997
4180.9779,49,1,"Script Components",0.000300000014
4180.9803,49,1,"CPU Frame",20.3355007
4180.9823,49,1,"Input",0.140400007
4180.9846,49,1,"GUI Update",0.0812000036
4180.9866,49,1,"Frustum Culling",0.055399999
4181.0257,49,1,"Animations",0.000199999995
4181.0277,49,1,"Spring Dependencies",0.000899999985
4181.0299,49,1,"GUI Render",0.0531000011
4181.0318,49,1,"Physics",0.00689999992
4181.0338,49,1,"Update",19.1646996
4181.0355,49,1,"Fixed Update",0.00249999994
4181.0374,49,1,"Spline Update",0.000199999995
4181.0392,49,1,"Compose",0.411500007
4181.0409,49,1,"Update Buffers (CPU)",0.107600003
4200.5373,50,1,"RenderPath3D Update",0.2521
4200.5468,50,1,"Application Update",19.3745
4201.1655,50,1,"Application Render",0.6156
4201.6087,50,1,"Application Compose",0.4033
4202.3385,50,1,"SubmitCommandLists",0.7063
4202.3627,50,1,"Shadowmap packing",0.000300000014
4202.3674,50,1,"Render",0.615199983
4202.3704,50,1,"Procedural Animations",0.00190000003
4202.374,50,1,"Script Components",0.000300000014
4202.3779,50,1,"CPU Frame",20.6551991
4202.3813,50,1,"Input",0.123099998
4202.3842,50,1,"GUI Update",0.0623999983
4202.3863,50,1,"Frustum Culling",0.0560000017
4202.3882,50,1,"Animations",0.000199999995
4202.39,50,1,"Spring Dependencies",0.000600000028
4202.3922,50,1,"GUI Render",0.0675000027
4202.3939,50,1,"Physics",0.0074
4202.3958,50,1,"Update",19.3742008
4202.3975,50,1,"Fixed Update",0.00289999996
4202.3993,50,1,"Spline Update",0.000199999995
4202.4011,50,1,"Compose",0.402799994
4202.4029,50,1,"Update Buffers (CPU)",0.1118
4223.2599,51,1,"RenderPath3D Update",0.2839
4223.2739,51,1,"Application Update",20.7428
4223.8515,51,1,"Application Render",0.5744
4224.3017,51,1,"Application Compose",0.4071
4225.0377,51,1,"SubmitCommandLists",0.7246
4225.0592,51,1,"Shadowmap packing",0.000199999995
4225.0623,51,1,"Render",0.574000001
4225.0642,51,1,"Procedural Animations",0.0013
4225.0665,51,1,"Script Components",0.000300000014
4225.0692,51,1,"CPU Frame",21.9587994
4225.0712,51,1,"Input",0.119000003
4225.0733,51,1,"GUI Update",0.0467999987
4225.0754,51,1,"Frustum Culling",0.0604999997
4225.0775,51,1,"Animations",0.000199999995
4225.0793,51,1,"Spring Dependencies",0.00039999999
4225.0814,51,1,"GUI Render",0.140400007
4225.0833,51,1,"Physics",0.00710000005
4225.0853,51,1,"Update",20.7423992
4225.0871,51,1,"Fixed Update",0.0037
4225.0889,51,1,"Spline Update",0.00039999999
4225.0908,51,1,"Compose",0.406399995
4225.0925,51,1,"Update Buffers (CPU)",0.0715000033
4244.6184,52,1,"RenderPath3D Update",0.1837
4244.6268,52,1,"Application Update",19.3954
4245.0445,52,1,"Application Render",0.4141
4245.494,52,1,"Application Compose",0.4252
4246.4601,52,1,"SubmitCommandLists",0.9562
4246.4835,52,1,"Shadowmap packing",0.00039999999
4246.4868,52,1,"Render",0.413599998
4246.489,52,1,"Procedural Animations",0.00179999997
4246.4913,52,1,"Script Components",0.00039999999
4246.4936,52,1,"CPU Frame",20.4510994
4246.4956,52,1,"Input",0.127399996
4246.4979,52,1,"GUI Update",0.0454000011
4246.5,52,1,"Frustum Culling",0.0513000004
4246.502,52,1,"Animations",9.99999975e-05
4246.505,52,1,"Spring Dependencies",0.000300000014
4246.5073,52,1,"GUI Render",0.0461999997
4246.5091,52,1,"Physics",0.00879999995
4246.5115,52,1,"Update",19.3950005
4246.5133,52,1,"Fixed Update",0.00510000018
4246.5151,52,1,"Spline Update",0.000199999995
4246.517,52,1,"Compose",0.424699992
4246.5188,52,1,"Update Buffers (CPU)",0.123099998
4266.8474,53,1,"RenderPath3D Update",0.2151
4266.8668,53,1,"Application Update",20.1981
4267.3116,53,1,"Application Render",0.442
4267.8575,53,1,"Application Compose",0.5116
4269.3586,53,1,"SubmitCommandLists",1.4871
4269.4274,53,1,"Shadowmap packing",0.000199999995
4269.4341,53,1,"Render",0.441700011
4269.4371,53,1,"Procedural Animations",0.0013
4269.4412,53,1,"Script Components",0.00039999999
4269.4459,53,1,"CPU Frame",21.3950996
4269.4488,53,1,"Input",0.137199998
4269.4555,53,1,"GUI Update",0.0450000018
4269.4593,53,1,"Frustum Culling",0.060800001
4269.4625,53,1,"Animations",0.000199999995
4269.4656,53,1,"Spring Dependencies",0.000199999995
4269.4703,53,1,"GUI Render",0.0427000001
4269.4733,53,1,"Physics",0.00680000009
4269.4766,53,1,"Update",20.1977997
4269.4801,53,1,"Fixed Update",0.00410000002
4269.4828,53,1,"Spline Update",0.00039999999
4269.4859,53,1,"Compose",0.511200011
4269.542,53,1,"Update Buffers (CPU)",0.0917999968
4290.6484,54,1,"RenderPath3D Update",0.3612
4290.664,54,1,"Application Update",20.8383
4291.3418,54,1,"Application Render",0.6719
4291.843,54,1,"Application Compose",0.4366
4292.9024,54,1,"SubmitCommandLists",1.0402
4292.9686,54,1,"Shadowmap packing",0.000899999985
4292.9733,54,1,"Render",0.670599997
4292.9755,54,1,"Procedural Animations",0.00310000009
4292.9779,54,1,"Script Components",0.00100000005
4292.9801,54,1,"CPU Frame",22.4699993
4292.9822,54,1,"Input",0.248400003
4292.9844,54,1,"GUI Update",0.132200003
4292.9863,54,1,"Frustum Culling",0.0502999984
4292.9883,54,1,"Animations",0.000199999995
4292.9902,54,1,"Spring Dependencies",0.000199999995
4292.9923,54,1,"GUI Render",0.122199997
4292.9941,54,1,"Physics",0.0126999998
4292.996,54,1,"Update",20.8374004
4292.9978,54,1,"Fixed Update",0.0160000008
4292.9997,54,1,"Spline Update",0.00179999997
4293.0016,54,1,"Compose",0.43599999
4293.0035,54,1,"Update Buffers (CPU)",0.148100004
4314.8993,55,1,"RenderPath3D Update",0.3842
4314.9131,55,1,"Application Update",21.7587
4315.5708,55,1,"Application Render",0.6548
4316.0364,55,1,"Application Compose",0.4362
4317.6228,55,1,"SubmitCommandLists",1.5769
4317.7695,55,1,"Shadowmap packing",0.00039999999
4317.7782,55,1,"Render",0.654299974
4317.7807,55,1,"Procedural Animations",0.00139999995
4317.784,55,1,"Script Components",0.0105999997
4317.7881,55,1,"CPU Frame",23.0911007
4317.79,55,1,"Input",0.139899999
4317.793,55,1,"GUI Update",0.0537
4317.7962,55,1,"Frustum Culling",0.0706999972
4317.798,55,1,"Animations",9.99999975e-05
4317.8016,55,1,"Spring Dependencies",0.00109999999
4317.8048,55,1,"GUI Render",0.0621999986
4317.8072,55,1,"Physics",0.0121999998
4317.8096,55,1,"Update",21.7581997
4317.8113,55,1,"Fixed Update",0.00400000019
4317.8139,55,1,"Spline Update",0.000300000014
4317.8159,55,1,"Compose",0.435900003
4317.8182,55,1,"Update Buffers (CPU)",0.125799999
4339.7026,56,1,"RenderPath3D Update",0.2619
4339.7122,56,1,"Application Update",21.5193
4340.2243,56,1,"Application Render",0.5089
4340.6758,56,1,"Application Compose",0.4146
4341.3779,56,1,"SubmitCommandLists",0.6918
4341.4026,56,1,"Shadowmap packing",0.000199999995
4341.406,56,1,"Render",0.50849998
4341.408,56,1,"Procedural Animations",0.00190000003
4341.4103,56,1,"Script Components",0.000300000014
4341.4128,56,1,"CPU Frame",22.9535999
4341.4148,56,1,"Input",0.331200004
4341.4172,56,1,"GUI Update",0.0898000002
4341.4193,56,1,"Frustum Culling",0.0480000004
4341.4212,56,1,"Animations",0.000600000028
4341.423,56,1,"Spring Dependencies",0.00039999999
4341.4251,56,1,"GUI Render",0.0920000002
4341.4268,56,1,"Physics",0.00930000003
4341.429,56,1,"Update",21.5188999
4341.4308,56,1,"Fixed Update",0.023
4341.4327,56,1,"Spline Update",0.000699999975
4341.4346,56,1,"Compose",0.414400011
4341.4364,56,1,"Update Buffers (CPU)",0.134399995
4360.4563,57,1,"RenderPath3D Update",0.2444
4360.4668,57,1,"Application Update",18.8955
4361.1148,57,1,"Application Render",0.6434
4361.7114,57,1,"Application Compose",0.5231
4362.5364,57,1,"SubmitCommandLists",0.8099
4362.5618,57,1,"Shadowmap packing",0.000199999995
4362.5652,57,1,"Render",0.643000007
4362.5672,57,1,"Procedural Animations",0.00230000005
4362.5698,57,1,"Script Components",0.00039999999
4362.5722,57,1,"CPU Frame",20.3316994
4362.5743,57,1,"Input",0.126800001
4362.5766,57,1,"GUI Update",0.0593999997
4362.5785,57,1,"Frustum Culling",0.0377000012
4362.5804,57,1,"Animations",0.000500000024
4362.5822,57,1,"Spring Dependencies",0.000199999995
4362.5842,57,1,"GUI Render",0.168300003
4362.5859,57,1,"Physics",0.0133999996
4362.5879,57,1,"Update",18.8950005
4362.5899,57,1,"Fixed Update",0.00260000001
4362.5916,57,1,"Spline Update",0.000899999985
4362.5936,57,1,"Compose",0.522700012
4362.5972,57,1,"Update Buffers (CPU)",0.148800001
4382.1006,58,1,"RenderPath3D Update",0.2223
4382.1082,58,1,"Application Update",19.359
4382.4514,58,1,"Application Render",0.3401
4382.8732,58,1,"Application Compose",0.3973
4383.6854,58,1,"SubmitCommandLists",0.8021
4383.7081,58,1,"Shadowmap packing",0.000199999995
4383.7484,58,1,"Render",0.339700013
4383.7505,58,1,"Procedural Animations",0.00150000001
4383.7534,58,1,"Script Components",0.00039999999
4383.7561,58,1,"CPU Frame",20.3293991
4383.7581,58,1,"Input",0.140900001
4383.7609,58,1,"GUI Update",0.0471000001
4383.763,58,1,"Frustum Culling",0.0438000001
4383.7656,58,1,"Animations",9.99999975e-05
4383.7684,58,1,"Spring Dependencies",0.000300000014
4383.7708,58,1,"GUI Render",0.0469999984
4383.7726,58,1,"Physics",0.00590000022
4383.7749,58,1,"Update",19.3586998
4383.7766,58,1,"Fixed Update",0.00410000002
4383.7785,58,1,"Spline Update",0.00039999999
4383.7803,58,1,"Compose",0.396899998
4383.782,58,1,"Update Buffers (CPU)",0.0940999985
4401.9319,59,1,"RenderPath3D Update",0.3165
4401.9467,59,1,"Application Update",17.938
4402.5251,59,1,"Application Render",0.5754
4402.9964,59,1,"Application Compose",0.4239
4403.6784,59,1,"SubmitCommandLists",0.67
4403.7008,59,1,"Shadowmap packing",0.000600000028
4403.7038,59,1,"Render",0.574899971
4403.7059,59,1,"Procedural Animations",0.00120000006
4403.7081,59,1,"Script Components",0.00039999999
4403.7108,59,1,"CPU Frame",19.3055992
4403.7127,59,1,"Input",0.210899994
4403.715,59,1,"GUI Update",0.0540999994
4403.7169,59,1,"Frustum Culling",0.0430999994
4403.7189,59,1,"Animations",0.000199999995
4403.7209,59,1,"Spring Dependencies",9.99999975e-05
4403.7246,59,1,"GUI Render",0.0540000014
4403.7273,59,1,"Physics",0.00850000046
4403.7305,59,1,"Update",17.9375992
4403.7557,59,1,"Fixed Update",0.00680000009
4403.7731,59,1,"Spline Update",0.00039999999
4403.7767,59,1,"Compose",0.423200011
4403.7798,59,1,"Update Buffers (CPU)",0.134399995
4423.296,60,1,"RenderPath3D Update",0.2185
4423.3054,60,1,"Application Update",19.3401
4423.7375,60,1,"Application Render",0.4292
4424.1691,60,1,"Application Compose",0.4025
4424.8466,60,1,"SubmitCommandLists",0.6679
4424.8723,60,1,"Shadowmap packing",0.000300000014
4424.876,60,1,"Render",0.4287
4424.8781,60,1,"Procedural Animations",0.00170000002
4424.8807,60,1,"Script Components",0.00039999999
4424.8833,60,1,"CPU Frame",20.4845009
4424.8852,60,1,"Input",0.172800004
4424.8877,60,1,"GUI Update",0.0604000017
4424.8899,60,1,"Frustum Culling",0.0472999997
4424.8918,60,1,"Animations",0.000199999995
4424.8936,60,1,"Spring Dependencies",0.000600000028
4424.8956,60,1,"GUI Render",0.0491999984
4424.8974,60,1,"Physics",0.0148999998
4424.8993,60,1,"Update",19.3398991
4424.9011,60,1,"Fixed Update",0.00350000011
4424.9029,60,1,"Spline Update",0.00039999999
4424.9048,60,1,"Compose",0.402099997
4424.9066,60,1,"Update Buffers (CPU)",0.115999997
4443.4517,61,1,"RenderPath3D Update",0.215
4443.4682,61,1,"Application Update",18.4236
4444.1231,61,1,"Application Render",0.6499
4444.5966,61,1,"Application Compose",0.431
4445.3928,61,1,"SubmitCommandLists",0.7849
4445.4179,61,1,"Shadowmap packing",0.00039999999
4445.421,61,1,"Render",0.649399996
4445.423,61,1,"Procedural Animations",0.00170000002
4445.4253,61,1,"Script Components",0.000600000028
4445.4278,61,1,"CPU Frame",19.7416992
4445.4302,61,1,"Input",0.128299996
4445.4326,61,1,"GUI Update",0.0520000011
4445.4346,61,1,"Frustum Culling",0.0436000004
4445.4365,61,1,"Animations",0.000199999995
4445.4383,61,1,"Spring Dependencies",0.00039999999
4445.4403,61,1,"GUI Render",0.0588999987
4445.4421,61,1,"Physics",0.0203000009
4445.4439,61,1,"Update",18.4230995
4445.4456,61,1,"Fixed Update",0.0037
4445.4474,61,1,"Spline Update",0.000600000028
4445.4494,61,1,"Compose",0.430400014
4445.4512,61,1,"Update Buffers (CPU)",0.116599999
4463.1116,62,1,"RenderPath3D Update",0.3115
4463.1235,62,1,"Application Update",17.5366
4463.9163,62,1,"Application Render",0.789
4464.427,62,1,"Application Compose",0.4542
4465.6112,62,1,"SubmitCommandLists",1.164
4465.6373,62,1,"Shadowmap packing",0.00120000006
4465.6408,62,1,"Render",0.788200021
4465.6428,62,1,"Procedural Animations",0.00289999996
4465.6453,62,1,"Script Components",0.000699999975
4465.6478,62,1,"CPU Frame",19.0279007
4465.6498,62,1,"Input",0.127100006
4465.6522,62,1,"GUI Update",0.0860999972
4465.6619,62,1,"Frustum Culling",0.0476999991
4465.7049,62,1,"Animations",0.000199999995
4465.7072,62,1,"Spring Dependencies",0.000699999975
4465.7098,62,1,"GUI Render",0.0926000029
4465.7115,62,1,"Physics",0.0153999999
4465.7136,62,1,"Update",17.5363007
4465.7154,62,1,"Fixed Update",0.00240000011
4465.7175,62,1,"Spline Update",0.00079999998
4465.7194,62,1,"Compose",0.452899992
4465.7212,62,1,"Update Buffers (CPU)",0.159899995
4484.9082,63,1,"RenderPath3D Update",0.3816
4484.9319,63,1,"Application Update",19.0006
4485.7344,63,1,"Application Render",0.7986
4486.2974,63,1,"Application Compose",0.4629
4487.6333,63,1,"SubmitCommandLists",1.3211
4487.6732,63,1,"Shadowmap packing",0.00159999996
4487.6769,63,1,"Render",0.797599971
4487.6789,63,1,"Procedural Animations",0.00260000001
4487.681,63,1,"Script Components",0.00150000001
4487.6836,63,1,"CPU Frame",20.6800995
4487.6856,63,1,"Input",0.189199999
4487.6883,63,1,"GUI Update",0.111400001
4487.6901,63,1,"Frustum Culling",0.0474000014
4487.6921,63,1,"Animations",0.000500000024
4487.694,63,1,"Spring Dependencies",0.000600000028
4487.6961,63,1,"GUI Render",0.124899998
4487.6981,63,1,"Physics",0.0141000003
4487.7002,63,1,"Update",18.9995995
4487.702,63,1,"Fixed Update",0.0100999996
4487.7038,63,1,"Spline Update",0.00039999999
4487.7057,63,1,"Compose",0.462000012
4487.7074,63,1,"Update Buffers (CPU)",0.155599996
4505.3876,64,1,"RenderPath3D Update",0.3689
4505.4043,64,1,"Application Update",17.5361
4506.1049,64,1,"Application Render",0.6969
4506.6238,64,1,"Application Compose",0.4683
4507.8551,64,1,"SubmitCommandLists",1.2101
4507.8824,64,1,"Shadowmap packing",0.000600000028
4507.8856,64,1,"Render",0.69630003
4507.888,64,1,"Procedural Animations",0.0027999999
4507.8905,64,1,"Script Components",0.00039999999
4507.893,64,1,"CPU Frame",18.9769001
4507.8953,64,1,"Input",0.148900002
4507.8976,64,1,"GUI Update",0.0966999978
4507.8998,64,1,"Frustum Culling",0.056400001
4507.9017,64,1,"Animations",0.00039999999
4507.9035,64,1,"Spring Dependencies",0.000600000028
4507.9055,64,1,"GUI Render",0.0678000003
4507.9073,64,1,"Physics",0.0092000002
4507.9092,64,1,"Update",17.5356007
4507.911,64,1,"Fixed Update",0.00469999993
4507.9129,64,1,"Spline Update",0.00079999998
4507.9147,64,1,"Compose",0.467799991
4507.9166,64,1,"Update Buffers (CPU)",0.196700007
4526.1508,65,1,"RenderPath3D Update",0.2097
4526.162,65,1,"Application Update",18.1126
4526.6321,65,1,"Application Render",0.4656
4527.0896,65,1,"Application Compose",0.4195
4527.9115,65,1,"SubmitCommandLists",0.8114
4527.9412,65,1,"Shadowmap packing",0.000199999995
4527.9444,65,1,"Render",0.465299994
4527.9465,65,1,"Procedural Animations",0.00170000002
4527.949,65,1,"Script Components",0.000300000014
4527.9515,65,1,"CPU Frame",19.2252007
4527.9535,65,1,"Input",0.122699998
4527.9561,65,1,"GUI Update",0.0443999991
4527.9581,65,1,"Frustum Culling",0.0414999984
4527.9602,65,1,"Animations",9.99999975e-05
4527.9626,65,1,"Spring Dependencies",0.00039999999
4527.9648,65,1,"GUI Render",0.0744000003
4527.9667,65,1,"Physics",0.00800000038
4527.9686,65,1,"Update",18.1123009
4527.9703,65,1,"Fixed Update",0.00389999989
4527.9721,65,1,"Spline Update",0.000300000014
4527.9739,65,1,"Compose",0.418900013
4527.9757,65,1,"Update Buffers (CPU)",0.120700002
4545.8124,66,1,"RenderPath3D Update",0.2012
4545.8211,66,1,"Application Update",17.712
4546.2213,66,1,"Application Render",0.3972
4546.657,66,1,"Application Compose",0.4033
4547.4085,66,1,"SubmitCommandLists",0.7421
4547.4344,66,1,"Shadowmap packing",0.000300000014
4547.4377,66,1,"Render",0.396699995
4547.4397,66,1,"Procedural Animations",0.00150000001
4547.442,66,1,"Script Components",0.000500000024
4547.4445,66,1,"CPU Frame",18.7383003
4547.4466,66,1,"Input",0.122900002
4547.4488,66,1,"GUI Update",0.0555000007
4547.451,66,1,"Frustum Culling",0.0362000018
4547.4529,66,1,"Animations",0.000199999995
4547.4548,66,1,"Spring Dependencies",0.000300000014
4547.4569,66,1,"GUI Render",0.0658000037
4547.4586,66,1,"Physics",0.00710000005
4547.4605,66,1,"Update",17.7117996
4547.4623,66,1,"Fixed Update",0.00400000019
4547.464,66,1,"Spline Update",0.000699999975
4547.466,66,1,"Compose",0.40290001
4547.4948,66,1,"Update Buffers (CPU)",0.102799997
4565.6398,67,1,"RenderPath3D Update",0.2804
4565.6486,67,1,"Application Update",18.0101
4566.2321,67,1,"Application Render",0.5807
4566.669,67,1,"Application Compose",0.408
4567.5842,67,1,"SubmitCommandLists",0.9005
4567.6153,67,1,"Shadowmap packing",0.000300000014
4567.6188,67,1,"Render",0.580200016
4567.6212,67,1,"Procedural Animations",0.00289999996
4567.6237,67,1,"Script Components",0.000699999975
4567.6264,67,1,"CPU Frame",19.2549992
4567.6284,67,1,"Input",0.133499995
4567.6308,67,1,"GUI Update",0.0688999966
4567.6328,67,1,"Frustum Culling",0.0461000018
4567.6346,67,1,"Animations",9.99999975e-05
4567.6369,67,1,"Spring Dependencies",0.00039999999
4567.6395,67,1,"GUI Render",0.0628999993
4567.6413,67,1,"Physics",0.00889999978
4567.6431,67,1,"Update",18.0098
4567.6448,67,1,"Fixed Update",0.00329999998
4567.6468,67,1,"Spline Update",0.00109999999
4567.6487,67,1,"Compose",0.407599986
4567.6504,67,1,"Update Buffers (CPU)",0.125799999
4586.2609,68,1,"RenderPath3D Update",0.3483
4586.2781,68,1,"Application Update",18.4825
4586.8794,68,1,"Application Render",0.596
4587.3647,68,1,"Application Compose",0.4448
4588.2502,68,1,"SubmitCommandLists",0.8564
4588.2773,68,1,"Shadowmap packing",0.000199999995
4588.2808,68,1,"Render",0.595499992
4588.2828,68,1,"Procedural Animations",0.00319999992
4588.285,68,1,"Script Components",0.00179999997
4588.2876,68,1,"CPU Frame",19.7742996
4588.2896,68,1,"Input",0.1329
4588.2922,68,1,"GUI Update",0.106299996
4588.2941,68,1,"Frustum Culling",0.0625
4588.2962,68,1,"Animations",0.000500000024
4588.2981,68,1,"Spring Dependencies",0.000500000024
4588.3001,68,1,"GUI Render",0.0472000018
4588.302,68,1,"Physics",0.0147000002
4588.3038,68,1,"Update",18.4818993
4588.3056,68,1,"Fixed Update",0.00480000023
4588.3075,68,1,"Spline Update",0.00179999997
4588.3093,68,1,"Compose",0.444400012
4588.3111,68,1,"Update Buffers (CPU)",0.175400004
4607.0971,69,1,"RenderPath3D Update",0.3538
4607.1105,69,1,"Application Update",18.6394
4607.6304,69,1,"Application Render",0.5172
4608.0769,69,1,"Application Compose",0.4079
4609.1551,69,1,"SubmitCommandLists",1.0651
4609.2152,69,1,"Shadowmap packing",0.00039999999
4609.2186,69,1,"Render",0.516799986
4609.2208,69,1,"Procedural Animations",0.00159999996
4609.223,69,1,"Script Components",0.000199999995
4609.226,69,1,"CPU Frame",19.8209991
4609.2282,69,1,"Input",0.148599997
4609.2305,69,1,"GUI Update",0.0522999987
4609.2324,69,1,"Frustum Culling",0.0769999996
4609.2347,69,1,"Animations",9.99999975e-05
4609.2372,69,1,"Spring Dependencies",0.000300000014
4609.2394,69,1,"GUI Render",0.159999996
4609.2411,69,1,"Physics",0.00540000014
4609.243,69,1,"Update",18.6390991
4609.2449,69,1,"Fixed Update",0.0046000001
4609.2467,69,1,"Spline Update",0.000300000014
4609.2486,69,1,"Compose",0.407400012
4609.2511,69,1,"Update Buffers (CPU)",0.0716999993
4628.2372,70,1,"RenderPath3D Update",0.3248
4628.2499,70,1,"Application Update",18.8141
4628.8611,70,1,"Application Render",0.6081
4629.3938,70,1,"Application Compose",0.4908
4630.4126,70,1,"SubmitCommandLists",0.9832
4630.4533,70,1,"Shadowmap packing",0.000699999975
4630.457,70,1,"Render",0.60769999
4630.459,70,1,"Procedural Animations",0.00230000005
4630.4618,70,1,"Script Components",0.00100000005
4630.4642,70,1,"CPU Frame",20.2115993
4630.4666,70,1,"Input",0.169400007
4630.4695,70,1,"GUI Update",0.1118
4630.4716,70,1,"Frustum Culling",0.0527000017
4630.4736,70,1,"Animations",0.000199999995
4630.4767,70,1,"Spring Dependencies",0.000199999995
4630.4787,70,1,"GUI Render",0.140400007
4630.4805,70,1,"Physics",0.0142999999
4630.4823,70,1,"Update",18.8129997
4630.4839,70,1,"Fixed Update",0.00749999983
4630.4859,70,1,"Spline Update",0.0013
4630.4879,70,1,"Compose",0.48969999
4630.4897,70,1,"Update Buffers (CPU)",0.0829999968
4648.9247,71,1,"RenderPath3D Update",0.2553
4648.9329,71,1,"Application Update",18.2392
4649.43,71,1,"Application Render",0.4942
4649.9091,71,1,"Application Compose",0.4372
4650.6125,71,1,"SubmitCommandLists",0.6921
4650.6425,71,1,"Shadowmap packing",0.00039999999
4650.7474,71,1,"Render",0.493800014
4650.7506,71,1,"Procedural Animations",0.00170000002
4650.7533,71,1,"Script Components",0.000500000024
4650.7566,71,1,"CPU Frame",19.4811001
4650.7586,71,1,"Input",0.188899994
4650.7613,71,1,"GUI Update",0.0610000007
4650.7634,71,1,"Frustum Culling",0.0538999997
4650.7653,71,1,"Animations",9.99999975e-05
4650.7678,71,1,"Spring Dependencies",0.000199999995
4650.77,71,1,"GUI Render",0.165800005
4650.7718,71,1,"Physics",0.00860000029
4650.7739,71,1,"Update",18.2388992
4650.7757,71,1,"Fixed Update",0.00639999984
4650.7777,71,1,"Spline Update",0.000699999975
4650.7796,71,1,"Compose",0.436500013
4650.7813,71,1,"Update Buffers (CPU)",0.0807999969
4669.7395,72,1,"RenderPath3D Update",0.1706
4669.748,72,1,"Application Update",18.8209
4670.244,72,1,"Application Render",0.4929
4670.7071,72,1,"Application Compose",0.4282
4671.5992,72,1,"SubmitCommandLists",0.8812
4671.6286,72,1,"Shadowmap packing",0.000199999995
4671.6321,72,1,"Render",0.492599994
4671.6342,72,1,"Procedural Animations",0.00179999997
4671.6367,72,1,"Script Components",0.000300000014
4671.6393,72,1,"CPU Frame",20.0856991
4671.6411,72,1,"Input",0.134299994
4671.6433,72,1,"GUI Update",0.0399999991
4671.6451,72,1,"Frustum Culling",0.0540000014
4671.6471,72,1,"Animations",9.99999975e-05
4671.6496,72,1,"Spring Dependencies",0.000199999995
4671.6519,72,1,"GUI Render",0.0680000037
4671.6536,72,1,"Physics",0.00650000013
4671.6554,72,1,"Update",18.8206005
4671.6571,72,1,"Fixed Update",0.00430000015
4671.6588,72,1,"Spline Update",0.000300000014
4671.6608,72,1,"Compose",0.427300006
4671.6625,72,1,"Update Buffers (CPU)",0.1338
4690.31,73,1,"RenderPath3D Update",0.2715
4690.3214,73,1,"Application Update",18.4896
4690.9162,73,1,"Application Render",0.5903
4691.3552,73,1,"Application Compose",0.4131
4692.2492,73,1,"SubmitCommandLists",0.8764
4692.2801,73,1,"Shadowmap packing",0.00039999999
4692.2832,73,1,"Render",0.589699984
4692.2851,73,1,"Procedural Animations",0.00170000002
4692.2874,73,1,"Script Components",0.000899999985
4692.2899,73,1,"CPU Frame",19.7479
4692.2919,73,1,"Input",0.157199994
4692.2941,73,1,"GUI Update",0.0763999969
4692.296,73,1,"Frustum Culling",0.0533000007
4692.298,73,1,"Animations",0.00079999998
4692.2999,73,1,"Spring Dependencies",0.000199999995
4692.3022,73,1,"GUI Render",0.134399995
4692.3041,73,1,"Physics",0.00810000021
4692.3059,73,1,"Update",18.4890995
4692.3078,73,1,"Fixed Update",0.00639999984
4692.3097,73,1,"Spline Update",0.000899999985
4692.3115,73,1,"Compose",0.412699997
4692.3133,73,1,"Update Buffers (CPU)",0.128000006
4711.5857,74,1,"RenderPath3D Update",0.3363
4711.6014,74,1,"Application Update",19.1539
4712.1603,74,1,"Application Render",0.5558
4712.6526,74,1,"Application Compose",0.4581
4713.7017,74,1,"SubmitCommandLists",1.0285
4713.7526,74,1,"Shadowmap packing",0.000300000014
4713.7566,74,1,"Render",0.555299997
4713.7593,74,1,"Procedural Animations",0.00190000003
4713.763,74,1,"Script Components",0.000699999975
4713.7657,74,1,"CPU Frame",20.3983994
4713.7676,74,1,"Input",0.123800002
4713.7705,74,1,"GUI Update",0.0588000007
4713.7728,74,1,"Frustum Culling",0.060899999
4713.7747,74,1,"Animations",0.000300000014
4713.7764,74,1,"Spring Dependencies",0.000300000014
4713.7785,74,1,"GUI Render",0.174700007
4713.7803,74,1,"Physics",0.0111999996
4713.7822,74,1,"Update",19.1532993
4713.7839,74,1,"Fixed Update",0.00389999989
4713.7857,74,1,"Spline Update",0.000300000014
4713.7875,74,1,"Compose",0.457800001
4713.7892,74,1,"Update Buffers (CPU)",0.0710000023
4732.362,75,1,"RenderPath3D Update",0.1578
4732.3699,75,1,"Application Update",18.357
4732.891,75,1,"Application Render",0.5182
4733.3755,75,1,"Application Compose",0.441
4734.2183,75,1,"SubmitCommandLists",0.8331
4734.2484,75,1,"Shadowmap packing",0.000500000024
4734.252,75,1,"Render",0.51789999
4734.2539,75,1,"Procedural Animations",0.00139999995
4734.2564,75,1,"Script Components",0.000300000014
4734.259,75,1,"CPU Frame",19.6546993
4734.2611,75,1,"Input",0.206400007
4734.2635,75,1,"GUI Update",0.0425999984
4734.2658,75,1,"Frustum Culling",0.0590999983
4734.3224,75,1,"Animations",9.99999975e-05
4734.3249,75,1,"Spring Dependencies",0.000199999995
4734.3274,75,1,"GUI Render",0.0824000016
4734.3292,75,1,"Physics",0.00600000005
4734.3315,75,1,"Update",18.3567009
4734.3333,75,1,"Fixed Update",0.00590000022
4734.3353,75,1,"Spline Update",0.000300000014
4734.3372,75,1,"Compose",0.439900011
4734.339,75,1,"Update Buffers (CPU)",0.122400001
4752.8947,76,1,"RenderPath3D Update",0.193
4752.903,76,1,"Application Update",18.399
4753.343,76,1,"Application Render",0.4371
4753.805,76,1,"Application Compose",0.4251
4754.6728,76,1,"SubmitCommandLists",0.8565
4754.6962,76,1,"Shadowmap packing",0.000300000014
4754.6995,76,1,"Render",0.436699986
4754.7015,76,1,"Procedural Animations",0.00109999999
4754.704,76,1,"Script Components",0.000300000014
4754.7063,76,1,"CPU Frame",19.5774994
4754.7083,76,1,"Input",0.155499995
4754.7106,76,1,"GUI Update",0.0467999987
4754.7126,76,1,"Frustum Culling",0.0379000008
4754.7146,76,1,"Animations",9.99999975e-05
4754.717,76,1,"Spring Dependencies",0.000300000014
4754.7192,76,1,"GUI Render",0.0617000014
4754.7211,76,1,"Physics",0.00710000005
4754.723,76,1,"Update",18.3985996
4754.7248,76,1,"Fixed Update",0.00329999998
4754.7265,76,1,"Spline Update",0.000199999995
4754.7284,76,1,"Compose",0.424699992
4754.7302,76,1,"Update Buffers (CPU)",0.103500001
4779.3803,77,1,"RenderPath3D Update",0.401
4779.3962,77,1,"Application Update",24.5199
4780.3567,77,1,"Application Render",0.9557
4780.9458,77,1,"Application Compose",0.523
4782.9493,77,1,"SubmitCommandLists",1.9743
4782.9893,77,1,"Shadowmap packing",0.000199999995
4782.994,77,1,"Render",0.953499973
4782.9961,77,1,"Procedural Animations",0.00170000002
4782.9987,77,1,"Script Components",0.00139999995
4783.0028,77,1,"CPU Frame",26.2688999
4783.0048,77,1,"Input",0.135499999
4783.0082,77,1,"GUI Update",0.116300002
4783.0103,77,1,"Frustum Culling",0.0588999987
4783.0122,77,1,"Animations",0.00039999999
4783.0141,77,1,"Spring Dependencies",0.00170000002
4783.0165,77,1,"GUI Render",0.128600001
4783.0186,77,1,"Physics",0.0187999997
4783.0205,77,1,"Update",24.5193996
4783.0237,77,1,"Fixed Update",0.00410000002
4783.0257,77,1,"Spline Update",0.00159999996
4783.0276,77,1,"Compose",0.522599995
4783.0297,77,1,"Update Buffers (CPU)",0.228100002
4801.2401,78,1,"RenderPath3D Update",0.3391
4801.2569,78,1,"Application Update",18.0033
4801.8049,78,1,"Application Render",0.5438
4802.2529,78,1,"Application Compose",0.4077
4803.1587,78,1,"SubmitCommandLists",0.8941
4803.1971,78,1,"Shadowmap packing",0.000300000014
4803.2011,78,1,"Render",0.543299973
4803.203,78,1,"Procedural Animations",0.00260000001
4803.2054,78,1,"Script Components",0.000500000024
4803.2081,78,1,"CPU Frame",19.2943993
4803.21,78,1,"Input",0.206
4803.2125,78,1,"GUI Update",0.0631999969
4803.2153,78,1,"Frustum Culling",0.0626000017
4803.2172,78,1,"Animations",9.99999975e-05
4803.22,78,1,"Spring Dependencies",0.00039999999
4803.2221,78,1,"GUI Render",0.147200003
4803.224,78,1,"Physics",0.0109999999
4803.2262,78,1,"Update",18.0030003
4803.228,78,1,"Fixed Update",0.00829999987
4803.2298,78,1,"Spline Update",0.000600000028
4803.2316,78,1,"Compose",0.407099992
4803.2333,78,1,"Update Buffers (CPU)",0.0766000003
4821.6708,79,1,"RenderPath3D Update",0.1768
4821.6799,79,1,"Application Update",18.2497
4822.2626,79,1,"Application Render",0.5799
4822.7341,79,1,"Application Compose",0.4311
4823.8443,79,1,"SubmitCommandLists",1.0978
4823.8949,79,1,"Shadowmap packing",0.000300000014
4823.8989,79,1,"Render",0.57950002
4823.9014,79,1,"Procedural Animations",0.0013
4823.9039,79,1,"Script Components",0.000300000014
4823.9071,79,1,"CPU Frame",19.5667992
4823.909,79,1,"Input",0.181400001
4823.9121,79,1,"GUI Update",0.0423000008
4823.9142,79,1,"Frustum Culling",0.0489000008
4823.9166,79,1,"Animations",0.000199999995
4823.9188,79,1,"Spring Dependencies",0.000300000014
4823.9215,79,1,"GUI Render",0.101000004
4823.9232,79,1,"Physics",0.00710000005
4823.9253,79,1,"Update",18.2495003
4823.9271,79,1,"Fixed Update",0.00710000005
4823.9288,79,1,"Spline Update",0.00039999999
4823.9307,79,1,"Compose",0.430599988
4823.9905,79,1,"Update Buffers (CPU)",0.109399997
4841.5916,80,1,"RenderPath3D Update",0.1872
4841.5995,80,1,"Application Update",17.3498
4842.0566,80,1,"Application Render",0.4544
4842.5316,80,1,"Application Compose",0.4313
4844.6233,80,1,"SubmitCommandLists",2.0663
4844.7035,80,1,"Shadowmap packing",0.000300000014
4844.7076,80,1,"Render",0.453999996
4844.7095,80,1,"Procedural Animations",0.00120000006
4844.7129,80,1,"Script Components",0.00039999999
4844.7166,80,1,"CPU Frame",18.6690998
4844.7192,80,1,"Input",0.239600003
4844.7244,80,1,"GUI Update",0.0581
4844.7268,80,1,"Frustum Culling",0.0340999998
4844.7287,80,1,"Animations",9.99999975e-05
4844.7322,80,1,"Spring Dependencies",0.000500000024
4844.7343,80,1,"GUI Render",0.141100004
4844.7361,80,1,"Physics",0.00820000004
4844.7394,80,1,"Update",17.3495007
4844.742,80,1,"Fixed Update",0.00820000004
4844.7444,80,1,"Spline Update",0.000300000014
4844.7462,80,1,"Compose",0.430599988
4844.7484,80,1,"Update Buffers (CPU)",0.0812999979
4862.5526,81,1,"RenderPath3D Update",0.1962
4862.5616,81,1,"Application Update",17.5171
4862.9805,81,1,"Application Render",0.416
4863.4121,81,1,"Application Compose",0.4073
4864.5806,81,1,"SubmitCommandLists",1.1583
4864.6312,81,1,"Shadowmap packing",0.00039999999
4864.6367,81,1,"Render",0.415600002
4864.6386,81,1,"Procedural Animations",0.00139999995
4864.6418,81,1,"Script Components",0.000300000014
4864.6451,81,1,"CPU Frame",18.7621994
4864.647,81,1,"Input",0.271100014
4864.6503,81,1,"GUI Update",0.0419000015
4864.6522,81,1,"Frustum Culling",0.0373000018
4864.6546,81,1,"Animations",0.000199999995
4864.6564,81,1,"Spring Dependencies",0.000500000024
4864.659,81,1,"GUI Render",0.0476999991
4864.6608,81,1,"Physics",0.00710000005
4864.6635,81,1,"Update",17.5168991
4864.6652,81,1,"Fixed Update",0.0132999998
4864.667,81,1,"Spline Update",0.000300000014
4864.6693,81,1,"Compose",0.407000005
4864.6711,81,1,"Update Buffers (CPU)",0.1065
4887.5702,82,1,"RenderPath3D Update",0.4865
4887.5974,82,1,"Application Update",22.5953
4888.668,82,1,"Application Render",1.0651
4889.3107,82,1,"Application Compose",0.5587
4891.7284,82,1,"SubmitCommandLists",2.3896
4891.7941,82,1,"Shadowmap packing",0.000600000028
4891.7986,82,1,"Render",1.06420004
4891.8005,82,1,"Procedural Animations",0.00669999979
4891.8039,82,1,"Script Components",0.00120000006
4891.8093,82,1,"CPU Frame",24.7140007
4891.8115,82,1,"Input",0.313300014
4891.8189,82,1,"GUI Update",0.151299998
4891.8206,82,1,"Frustum Culling",0.0520000011
4891.8245,82,1,"Animations",0.00079999998
4891.8282,82,1,"Spring Dependencies",0.00109999999
4891.8302,82,1,"GUI Render",0.1461
4891.832,82,1,"Physics",0.0204000007
4891.8346,82,1,"Update",22.5946999
4891.8379,82,1,"Fixed Update",0.00769999996
4891.8406,82,1,"Spline Update",0.00120000006
4891.8429,82,1,"Compose",0.557399988
4891.8453,82,1,"Update Buffers (CPU)",0.26820001
4910.0609,83,1,"RenderPath3D Update",0.2259
4910.0697,83,1,"Application Update",17.8544
4910.6452,83,1,"Application Render",0.5725
4911.1272,83,1,"Application Compose",0.435
4911.9525,83,1,"SubmitCommandLists",0.814
4911.9727,83,1,"Shadowmap packing",0.000199999995
4911.9759,83,1,"Render",0.572099984
4911.9778,83,1,"Procedural Animations",0.00319999992
4911.9801,83,1,"Script Components",0.000300000014
4911.9826,83,1,"CPU Frame",19.382
4911.9846,83,1,"Input",0.345200002
4911.9868,83,1,"GUI Update",0.0683000013
4911.9888,83,1,"Frustum Culling",0.0509000011
4911.9908,83,1,"Animations",0.000199999995
4911.9927,83,1,"Spring Dependencies",0.00039999999
4911.9947,83,1,"GUI Render",0.171299994
4911.9965,83,1,"Physics",0.00820000004
4911.9985,83,1,"Update",17.8540993
4912.0003,83,1,"Fixed Update",0.00889999978
4912.002,83,1,"Spline Update",0.000699999975
4912.0042,83,1,"Compose",0.433200002
4912.0061,83,1,"Update Buffers (CPU)",0.114600003
4935.7906,84,1,"RenderPath3D Update",0.3862
4935.8086,84,1,"Application Update",23.6438
4936.4197,84,1,"Application Render",0.6071
4936.8986,84,1,"Application Compose",0.4458
4938.2944,84,1,"SubmitCommandLists",1.384
4938.3327,84,1,"Shadowmap packing",0.000899999985
4938.3895,84,1,"Render",0.60650003
4938.3918,84,1,"Procedural Animations",0.00310000009
4938.3946,84,1,"Script Components",0.00200000009
4938.3971,84,1,"CPU Frame",24.9414005
4938.3993,84,1,"Input",0.149700001
4938.4024,84,1,"GUI Update",0.113700002
4938.4047,84,1,"Frustum Culling",0.0491999984
4938.4066,84,1,"Animations",0.00079999998
4938.4085,84,1,"Spring Dependencies",0.00079999998
4938.4105,84,1,"GUI Render",0.060800001
4938.4125,84,1,"Physics",0.0165999997
4938.4145,84,1,"Update",23.6429005
4938.4162,84,1,"Fixed Update",0.00260000001
4938.4187,84,1,"Spline Update",0.000899999985
4938.4205,84,1,"Compose",0.445300013
4938.4224,84,1,"Update Buffers (CPU)",0.182300001
4957.1581,85,1,"RenderPath3D Update",0.2653
4957.1692,85,1,"Application Update",18.5518
4957.8451,85,1,"Application Render",0.6722
4958.405,85,1,"Application Compose",0.4742
4959.2593,85,1,"SubmitCommandLists",0.8405
4959.2804,85,1,"Shadowmap packing",0.000199999995
4959.2837,85,1,"Render",0.671700001
4959.2857,85,1,"Procedural Animations",0.00170000002
4959.2881,85,1,"Script Components",0.000199999995
4959.2904,85,1,"CPU Frame",20.0962009
4959.2923,85,1,"Input",0.170900002
4959.2947,85,1,"GUI Update",0.0837000012
4959.2967,85,1,"Frustum Culling",0.0494999997
4959.2986,85,1,"Animations",0.000199999995
4959.3003,85,1,"Spring Dependencies",0.000600000028
4959.3023,85,1,"GUI Render",0.0997999981
4959.304,85,1,"Physics",0.00970000029
4959.306,85,1,"Update",18.5515003
4959.308,85,1,"Fixed Update",0.00700000022
4959.3099,85,1,"Spline Update",0.000600000028
4959.3117,85,1,"Compose",0.473699987
4959.3136,85,1,"Update Buffers (CPU)",0.167600006
4977.2509,86,1,"RenderPath3D Update",0.3319
4977.2639,86,1,"Application Update",17.8002
4977.7911,86,1,"Application Render",0.5244
4978.2223,86,1,"Application Compose",0.402
4979.1664,86,1,"SubmitCommandLists",0.9345
4979.1948,86,1,"Shadowmap packing",0.000300000014
4979.1981,86,1,"Render",0.523800015
4979.2003,86,1,"Procedural Animations",0.00179999997
4979.2027,86,1,"Script Components",0.000300000014
4979.2054,86,1,"CPU Frame",18.9575996
4979.2076,86,1,"Input",0.139400005
4979.2102,86,1,"GUI Update",0.0419000015
4979.2123,86,1,"Frustum Culling",0.0922999978
4979.2144,86,1,"Animations",9.99999975e-05
4979.2169,86,1,"Spring Dependencies",0.000199999995
4979.2191,86,1,"GUI Render",0.128299996
4979.2208,86,1,"Physics",0.00719999988
4979.2228,86,1,"Update",17.7999001
4979.2246,86,1,"Fixed Update",0.00490000006
4979.2264,86,1,"Spline Update",0.000300000014
4979.2283,86,1,"Compose",0.401600003
4979.23,86,1,"Update Buffers (CPU)",0.0653999969
4997.4478,87,1,"RenderPath3D Update",0.2864
4997.465,87,1,"Application Update",18.0554
4998.0465,87,1,"Application Render",0.5778
4998.4798,87,1,"Application Compose",0.4069
4999.5392,87,1,"SubmitCommandLists",1.0473
4999.5689,87,1,"Shadowmap packing",0.00039999999
4999.5731,87,1,"Render",0.577099979
4999.5752,87,1,"Procedural Animations",0.00139999995
4999.5778,87,1,"Script Components",0.000300000014
4999.5914,87,1,"CPU Frame",19.3062992
4999.5935,87,1,"Input",0.171499997
4999.5971,87,1,"GUI Update",0.0397999994
4999.6117,87,1,"Frustum Culling",0.0703999996
4999.6151,87,1,"Animations",0.000199999995
4999.6304,87,1,"Spring Dependencies",0.000199999995
4999.6342,87,1,"GUI Render",0.0599000007
4999.6373,87,1,"Physics",0.00579999993
4999.6404,87,1,"Update",18.0552006
4999.6432,87,1,"Fixed Update",0.00240000011
4999.6463,87,1,"Spline Update",0.00039999999
4999.6493,87,1,"Compose",0.406300008
4999.6526,87,1,"Update Buffers (CPU)",0.0969000012
5017.5976,88,1,"RenderPath3D Update",0.2828
5017.6101,88,1,"Application Update",17.8123
5018.2171,88,1,"Application Render",0.6041
5018.6998,88,1,"Application Compose",0.4426
5020.2329,88,1,"SubmitCommandLists",1.5175
5020.2992,88,1,"Shadowmap packing",0.000199999995
5020.3061,88,1,"Render",0.603699982
5020.3095,88,1,"Procedural Animations",0.00219999999
5020.3155,88,1,"Script Components",0.000300000014
5020.3202,88,1,"CPU Frame",19.1522007
5020.3243,88,1,"Input",0.134399995
5020.3297,88,1,"GUI Update",0.0390000008
5020.3331,88,1,"Frustum Culling",0.0524000004
5020.471,88,1,"Animations",0.000199999995
5020.4739,88,1,"Spring Dependencies",9.99999975e-05
5020.478,88,1,"GUI Render",0.0631000027
5020.4804,88,1,"Physics",0.00889999978
5020.4834,88,1,"Update",17.8120003
5020.4853,88,1,"Fixed Update",0.00350000011
5020.4879,88,1,"Spline Update",0.000300000014
5020.4898,88,1,"Compose",0.442299992
5020.4928,88,1,"Update Buffers (CPU)",0.145300001
5037.342,89,1,"RenderPath3D Update",0.3768
5037.351,89,1,"Application Update",16.3808
5037.9682,89,1,"Application Render",0.6141
5038.3974,89,1,"Application Compose",0.4001
5039.417,89,1,"SubmitCommandLists",1.0094
5039.4619,89,1,"Shadowmap packing",0.000500000024
5039.4665,89,1,"Render",0.613699973
5039.4686,89,1,"Procedural Animations",0.00139999995
5039.4723,89,1,"Script Components",0.000500000024
5039.4748,89,1,"CPU Frame",18.1492996
5039.4773,89,1,"Input",0.465299994
5039.4816,89,1,"GUI Update",0.0604999997
5039.4842,89,1,"Frustum Culling",0.101800002
5039.4866,89,1,"Animations",0.000199999995
5039.4884,89,1,"Spring Dependencies",0.000199999995
5039.4905,89,1,"GUI Render",0.0782999992
5039.4927,89,1,"Physics",0.00510000018
5039.4952,89,1,"Update",16.3805008
5039.497,89,1,"Fixed Update",0.00340000005
5039.499,89,1,"Spline Update",0.000300000014
5039.5009,89,1,"Compose",0.399599999
5039.5031,89,1,"Update Buffers (CPU)",0.119000003
5058.1533,90,1,"RenderPath3D Update",0.4758
5058.1819,90,1,"Application Update",18.4329
5058.9026,90,1,"Application Render",0.7158
5059.3931,90,1,"Application Compose",0.4245
5060.4618,90,1,"SubmitCommandLists",1.0566
5060.4899,90,1,"Shadowmap packing",0.000300000014
5060.4933,90,1,"Render",0.71509999
5060.4953,90,1,"Procedural Animations",0.00380000006
5060.4976,90,1,"Script Components",0.00109999999
5060.5,90,1,"CPU Frame",19.9638004
5060.5022,90,1,"Input",0.230599999
5060.5044,90,1,"GUI Update",0.1039
5060.5064,90,1,"Frustum Culling",0.075000003
5060.5084,90,1,"Animations",0.00120000006
5060.5102,90,1,"Spring Dependencies",0.000300000014
5060.5125,90,1,"GUI Render",0.111599997
5060.5142,90,1,"Physics",0.0179999992
5060.516,90,1,"Update",18.4316006
5060.5178,90,1,"Fixed Update",0.00609999988
5060.5197,90,1,"Spline Update",0.00109999999
5060.5216,90,1,"Compose",0.423900008
5060.5233,90,1,"Update Buffers (CPU)",0.158099994
5077.7787,91,1,"RenderPath3D Update",0.1846
5077.7871,91,1,"Application Update",17.1178
5078.3357,91,1,"Application Render",0.5456
5078.8141,91,1,"Application Compose",0.4261
5079.8046,91,1,"SubmitCommandLists",0.9765
5079.8429,91,1,"Shadowmap packing",0.00039999999
5079.8479,91,1,"Render",0.545300007
5079.85,91,1,"Procedural Animations",0.00170000002
5079.8535,91,1,"Script Components",0.000300000014
5079.8566,91,1,"CPU Frame",18.343399
5079.8594,91,1,"Input",0.134800002
5079.8627,91,1,"GUI Update",0.0647
5079.8647,91,1,"Frustum Culling",0.0502999984
5079.867,91,1,"Animations",0.000199999995
5079.8689,91,1,"Spring Dependencies",0.000199999995
5079.8709,91,1,"GUI Render",0.0584999993
5079.873,91,1,"Physics",0.00639999984
5079.875,91,1,"Update",17.1175003
5079.8768,91,1,"Fixed Update",0.00439999998
5079.8786,91,1,"Spline Update",0.000199999995
5079.8805,91,1,"Compose",0.425500005
5079.8825,91,1,"Update Buffers (CPU)",0.129199997
5097.5957,92,1,"RenderPath3D Update",0.2032
5097.6035,92,1,"Application Update",17.577
5098.0716,92,1,"Application Render",0.4652
5098.4975,92,1,"Application Compose",0.4037
5099.4009,92,1,"SubmitCommandLists",0.8898
5099.4219,92,1,"Shadowmap packing",0.000300000014
5099.4251,92,1,"Render",0.464899987
5099.4272,92,1,"Procedural Animations",0.00159999996
5099.4295,92,1,"Script Components",0.000300000014
5099.4318,92,1,"CPU Frame",18.6791992
5099.4338,92,1,"Input",0.1338
5099.4361,92,1,"GUI Update",0.0403999984
5099.4382,92,1,"Frustum Culling",0.0535000004
5099.4401,92,1,"Animations",0.000199999995
5099.442,92,1,"Spring Dependencies",0.000199999995
5099.4444,92,1,"GUI Render",0.054299999
5099.4462,92,1,"Physics",0.00540000014
5099.4481,92,1,"Update",17.5765991
5099.4499,92,1,"Fixed Update",0.00439999998
5099.4517,92,1,"Spline Update",0.000199999995
5099.4534,92,1,"Compose",0.403400004
5099.4917,92,1,"Update Buffers (CPU)",0.0781000033
5117.7156,93,1,"RenderPath3D Update",0.1582
5117.7257,93,1,"Application Update",18.1022
5118.0876,93,1,"Application Render",0.3591
5118.5092,93,1,"Application Compose",0.3989
5119.1804,93,1,"SubmitCommandLists",0.6613
5119.2018,93,1,"Shadowmap packing",0.000199999995
5119.2052,93,1,"Render",0.358399987
5119.2073,93,1,"Procedural Animations",0.00139999995
5119.2097,93,1,"Script Components",0.000300000014
5119.2121,93,1,"CPU Frame",19.1021996
5119.2142,93,1,"Input",0.123400003
5119.2166,93,1,"GUI Update",0.0427000001
5119.2186,93,1,"Frustum Culling",0.0355000012
5119.2206,93,1,"Animations",0.000199999995
5119.2224,93,1,"Spring Dependencies",0.000199999995
5119.2243,93,1,"GUI Render",0.0463000014
5119.2261,93,1,"Physics",0.00960000046
5119.2279,93,1,"Update",18.1018009
5119.2297,93,1,"Fixed Update",0.00260000001
5119.2314,93,1,"Spline Update",0.000199999995
5119.2332,93,1,"Compose",0.398499995
5119.2349,93,1,"Update Buffers (CPU)",0.0991000012
5137.5401,94,1,"RenderPath3D Update",0.2339
5137.5504,94,1,"Application Update",18.164
5138.0347,94,1,"Application Render",0.4812
5138.5244,94,1,"Application Compose",0.4483
5139.4062,94,1,"SubmitCommandLists",0.8647
5139.4314,94,1,"Shadowmap packing",0.000300000014
5139.4345,94,1,"Render",0.480699986
5139.4364,94,1,"Procedural Animations",0.00230000005
5139.4388,94,1,"Script Components",0.000300000014
5139.4414,94,1,"CPU Frame",19.3423004
5139.4435,94,1,"Input",0.1435
5139.4456,94,1,"GUI Update",0.0568000004
5139.4477,94,1,"Frustum Culling",0.0522000007
5139.4496,94,1,"Animations",0.00039999999
5139.4514,94,1,"Spring Dependencies",0.000300000014
5139.4536,94,1,"GUI Render",0.065700002
5139.4556,94,1,"Physics",0.00769999996
5139.4576,94,1,"Update",18.1637001
5139.4592,94,1,"Fixed Update",0.00230000005
5139.461,94,1,"Spline Update",0.000500000024
5139.463,94,1,"Compose",0.447899997
5139.4648,94,1,"Update Buffers (CPU)",0.113399997
5157.5193,95,1,"RenderPath3D Update",0.3368
5157.5323,95,1,"Application Update",17.928
5158.0072,95,1,"Application Render",0.4722
5158.4278,95,1,"Application Compose",0.399
5159.3042,95,1,"SubmitCommandLists",0.8676
5159.3319,95,1,"Shadowmap packing",0.000300000014
5159.3353,95,1,"Render",0.471799999
5159.3377,95,1,"Procedural Animations",0.00139999995
5159.3403,95,1,"Script Components",0.000300000014
5159.3426,95,1,"CPU Frame",19.0139999
5159.3446,95,1,"Input",0.129899994
5159.347,95,1,"GUI Update",0.070100002
5159.3491,95,1,"Frustum Culling",0.0755999982
5159.3511,95,1,"Animations",0.000199999995
5159.353,95,1,"Spring Dependencies",0.000899999985
5159.3552,95,1,"GUI Render",0.0535999984
5159.3569,95,1,"Physics",0.00879999995
5159.3589,95,1,"Update",17.9277
5159.3607,95,1,"Fixed Update",0.00350000011
5159.3626,95,1,"Spline Update",0.000300000014
5159.3645,95,1,"Compose",0.398600012
5159.3662,95,1,"Update Buffers (CPU)",0.0644000024
5177.4998,96,1,"RenderPath3D Update",0.3575
5177.5173,96,1,"Application Update",17.9784
5178.2181,96,1,"Application Render",0.6961
5178.6763,96,1,"Application Compose",0.4229
5179.6152,96,1,"SubmitCommandLists",0.9241
5179.6447,96,1,"Shadowmap packing",0.00109999999
5179.6482,96,1,"Render",0.694899976
5179.6502,96,1,"Procedural Animations",0.00209999993
5179.6526,96,1,"Script Components",0.00039999999
5179.6555,96,1,"CPU Frame",19.3654003
5179.6575,96,1,"Input",0.162699997
5179.6603,96,1,"GUI Update",0.0483000018
5179.6624,96,1,"Frustum Culling",0.0841000006
5179.6643,96,1,"Animations",0.000500000024
5179.6666,96,1,"Spring Dependencies",0.000199999995
5179.6686,96,1,"GUI Render",0.129600003
5179.6703,96,1,"Physics",0.0100999996
5179.6723,96,1,"Update",17.9778004
5179.674,96,1,"Fixed Update",0.00350000011
5179.6761,96,1,"Spline Update",0.000199999995
5179.6779,96,1,"Compose",0.422300011
5179.6799,96,1,"Update Buffers (CPU)",0.103500001
5197.4436,97,1,"RenderPath3D Update",0.296
5197.4593,97,1,"Application Update",17.6113
5198.1597,97,1,"Application Render",0.695
5198.8607,97,1,"Application Compose",0.6483
5201.2427,97,1,"SubmitCommandLists",2.3327
5201.3189,97,1,"Shadowmap packing",0.00870000012
5201.4107,97,1,"Render",0.694199979
5201.4147,97,1,"Procedural Animations",0.00260000001
5201.4193,97,1,"Script Components",0.000600000028
5201.4245,97,1,"CPU Frame",19.2549
5201.4284,97,1,"Input",0.154300004
5201.4327,97,1,"GUI Update",0.0734999999
5201.4366,97,1,"Frustum Culling",0.0562999994
5201.4423,97,1,"Animations",0.000300000014
5201.4457,97,1,"Spring Dependencies",0.000199999995
5201.4497,97,1,"GUI Render",0.0961999968
5201.4532,97,1,"Physics",0.0103000002
5201.4569,97,1,"Update",17.6110001
5201.4614,97,1,"Fixed Update",0.00689999992
5201.4673,97,1,"Spline Update",0.00109999999
5201.471,97,1,"Compose",0.647599995
5201.4749,97,1,"Update Buffers (CPU)",0.159299999
5219.557,98,1,"RenderPath3D Update",0.2196
5219.5677,98,1,"Application Update",17.8592
5220.1516,98,1,"Application Render",0.5802
5220.6276,98,1,"Application Compose",0.4379
5221.5456,98,1,"SubmitCommandLists",0.9045
5221.5693,98,1,"Shadowmap packing",0.00039999999
5221.5726,98,1,"Render",0.579699993
5221.5745,98,1,"Procedural Animations",0.00230000005
5221.5768,98,1,"Script Components",0.000199999995
5221.579,98,1,"CPU Frame",19.3533993
5221.5809,98,1,"Input",0.213699996
5221.5832,98,1,"GUI Update",0.0445999987
5221.5852,98,1,"Frustum Culling",0.0515000001
5221.5871,98,1,"Animations",0.000300000014
5221.5891,98,1,"Spring Dependencies",0.000699999975
5221.5911,98,1,"GUI Render",0.0895999968
5221.5928,98,1,"Physics",0.00989999995
5221.5947,98,1,"Update",17.8586998
5221.5965,98,1,"Fixed Update",0.00689999992
5221.5983,98,1,"Spline Update",0.00039999999
5221.6001,98,1,"Compose",0.436399996
5221.6018,98,1,"Update Buffers (CPU)",0.170300007
5241.6088,99,1,"RenderPath3D Update",0.2247
5241.6187,99,1,"Application Update",19.8818
5242.1904,99,1,"Application Render",0.5687
5242.6327,99,1,"Application Compose",0.4124
5243.3727,99,1,"SubmitCommandLists",0.7183
5243.3965,99,1,"Shadowmap packing",0.00039999999
5243.3997,99,1,"Render",0.568400025
5243.4016,99,1,"Procedural Animations",0.00190000003
5243.4041,99,1,"Script Components",0.00039999999
5243.4064,99,1,"CPU Frame",21.0802002
5243.4085,99,1,"Input",0.126300007
5243.4109,99,1,"GUI Update",0.0487999991
5243.4131,99,1,"Frustum Culling",0.0537
5243.415,99,1,"Animations",9.99999975e-05
5243.4175,99,1,"Spring Dependencies",0.000300000014
5243.4199,99,1,"GUI Render",0.0649999976
5243.4216,99,1,"Physics",0.0100999996
5243.4234,99,1,"Update",19.8815994
5243.4251,99,1,"Fixed Update",0.00270000007
5243.4271,99,1,"Spline Update",0.000500000024
5243.429,99,1,"Compose",0.412099987
5243.431,99,1,"Update Buffers (CPU)",0.115999997
5263.2803,100,1,"RenderPath3D Update",0.3913
5263.299,100,1,"Application Update",19.7326
5263.8149,100,1,"Application Render",0.5124
5264.245,100,1,"Application Compose",0.4038
5265.136,100,1,"SubmitCommandLists",0.8808
5265.1587,100,1,"Shadowmap packing",0.000300000014
5265.1621,100,1,"Render",0.511600018
5265.1641,100,1,"Procedural Animations",0.00190000003
5265.1665,100,1,"Script Components",0.000300000014
5265.1692,100,1,"CPU Frame",20.8654003
5265.1713,100,1,"Input",0.126599997
5265.1738,100,1,"GUI Update",0.0661000013
5265.1757,100,1,"Frustum Culling",0.0802000016
5265.1776,100,1,"Animations",0.000199999995
5265.1796,100,1,"Spring Dependencies",0.000199999995
5265.1815,100,1,"GUI Render",0.103500001
5265.1833,100,1,"Physics",0.0148
5265.1858,100,1,"Update",19.7320995
5265.1875,100,1,"Fixed Update",0.00260000001
5265.1894,100,1,"Spline Update",0.00039999999
5265.1913,100,1,"Compose",0.403299987
5265.1931,100,1,"Update Buffers (CPU)",0.0913000032
5284.1047,101,1,"RenderPath3D Update",0.2064
5284.114,101,1,"Application Update",18.7837
5284.7685,101,1,"Application Render",0.6509
5285.4808,101,1,"Application Compose",0.6346
5286.6122,101,1,"SubmitCommandLists",1.1094
5286.6963,101,1,"Shadowmap packing",0.000600000028
5286.7029,101,1,"Render",0.6505
5286.705,101,1,"Procedural Animations",0.00159999996
5286.7074,101,1,"Script Components",0.00039999999
5286.7099,101,1,"CPU Frame",20.3477001
5286.7119,101,1,"Input",0.128099993
5286.7145,101,1,"GUI Update",0.0593999997
5286.7479,101,1,"Frustum Culling",0.0364999995
5286.7502,101,1,"Animations",0.000300000014
5286.752,101,1,"Spring Dependencies",0.000300000014
5286.7542,101,1,"GUI Render",0.119999997
5286.756,101,1,"Physics",0.00630000001
5286.7581,101,1,"Update",18.7833996
5286.7599,101,1,"Fixed Update",0.00270000007
5286.7619,101,1,"Spline Update",0.000699999975
5286.7637,101,1,"Compose",0.634000003
5286.7656,101,1,"Update Buffers (CPU)",0.162100002
5305.5688,102,1,"RenderPath3D Update",0.2849
5305.5819,102,1,"Application Update",18.6832
5306.1674,102,1,"Application Render",0.5815
5306.6274,102,1,"Application Compose",0.4233
5307.6,102,1,"SubmitCommandLists",0.9619
5307.6488,102,1,"Shadowmap packing",0.00230000005
5307.6537,102,1,"Render",0.58099997
5307.6565,102,1,"Procedural Animations",0.00289999996
5307.6601,102,1,"Script Components",0.00039999999
5307.665,102,1,"CPU Frame",19.9543991
5307.6681,102,1,"Input",0.122000001
5307.6717,102,1,"GUI Update",0.0861999989
5307.675,102,1,"Frustum Culling",0.0549000017
5307.6779,102,1,"Animations",0.000199999995
5307.6809,102,1,"Spring Dependencies",0.000300000014
5307.6843,102,1,"GUI Render",0.113899998
5307.6871,102,1,"Physics",0.0105999997
5307.6902,102,1,"Update",18.6828003
5307.6932,102,1,"Fixed Update",0.00469999993
5307.6963,102,1,"Spline Update",0.000500000024
5307.6994,102,1,"Compose",0.423000008
5307.7022,102,1,"Update Buffers (CPU)",0.0960000008
5326.9401,103,1,"RenderPath3D Update",0.2039
5326.9532,103,1,"Application Update",19.0865
5327.332,103,1,"Application Render",0.3746
5327.7585,103,1,"Application Compose",0.3989
5328.6687,103,1,"SubmitCommandLists",0.8996
5328.6925,103,1,"Shadowmap packing",0.000300000014
5328.6962,103,1,"Render",0.373800009
5328.6982,103,1,"Procedural Animations",0.00230000005
5328.7007,103,1,"Script Components",0.000300000014
5328.703,103,1,"CPU Frame",20.1331997
5328.7049,103,1,"Input",0.1523
5328.7072,103,1,"GUI Update",0.0436000004
5328.7092,103,1,"Frustum Culling",0.0324000008
5328.711,103,1,"Animations",0.000300000014
5328.7128,103,1,"Spring Dependencies",0.000300000014
5328.7149,103,1,"GUI Render",0.0625
5328.7168,103,1,"Physics",0.0111999996
5328.7187,103,1,"Update",19.0862007
5328.7204,103,1,"Fixed Update",0.0037
5328.7222,103,1,"Spline Update",0.00079999998
5328.7242,103,1,"Compose",0.398600012
5328.726,103,1,"Update Buffers (CPU)",0.0866999999
5345.8929,104,1,"RenderPath3D Update",0.3138
5345.9071,104,1,"Application Update",16.9766
5346.3482,104,1,"Application Render",0.4382
5346.7699,104,1,"Application Compose",0.3966
5347.5599,104,1,"SubmitCommandLists",0.7804
5347.5836,104,1,"Shadowmap packing",0.000300000014
5347.5909,104,1,"Render",0.43779999
5347.5949,104,1,"Procedural Animations",0.00159999996
5347.5989,104,1,"Script Components",0.000300000014
5347.6032,104,1,"CPU Frame",18.0949001
5347.6064,104,1,"Input",0.188700005
5347.61,104,1,"GUI Update",0.0577999987
5347.6136,104,1,"Frustum Culling",0.077200003
5347.6168,104,1,"Animations",0.000199999995
5347.62,104,1,"Spring Dependencies",9.99999975e-05
5347.624,104,1,"GUI Render",0.0430000015
5347.6273,104,1,"Physics",0.00680000009
5347.6304,104,1,"Update",16.9764004
5347.6336,104,1,"Fixed Update",0.00760000013
5347.636,104,1,"Spline Update",0.000500000024
5347.638,104,1,"Compose",0.396200001
5347.6398,104,1,"Update Buffers (CPU)",0.115900002
5365.361,105,1,"RenderPath3D Update",0.2834
5365.3814,105,1,"Application Update",17.6001
5366.1377,105,1,"Application Render",0.7522
5366.5707,105,1,"Application Compose",0.4081
5367.5463,105,1,"SubmitCommandLists",0.9652
5367.5708,105,1,"Shadowmap packing",0.000899999985
5367.5739,105,1,"Render",0.751299977
5367.5758,105,1,"Procedural Animations",0.00240000011
5367.5781,105,1,"Script Components",0.000300000014
5367.5803,105,1,"CPU Frame",19.0058002
5367.5823,105,1,"Input",0.133000001
5367.5849,105,1,"GUI Update",0.0450000018
5367.587,105,1,"Frustum Culling",0.0555000007
5367.5893,105,1,"Animations",0.000199999995
5367.5912,105,1,"Spring Dependencies",0.00039999999
5367.5931,105,1,"GUI Render",0.144999996
5367.595,105,1,"Physics",0.00719999988
5367.5968,105,1,"Update",17.5995007
5367.6407,105,1,"Fixed Update",0.00260000001
5367.6442,105,1,"Spline Update",0.00039999999
5367.6477,105,1,"Compose",0.407700002
5367.6519,105,1,"Update Buffers (CPU)",0.199699998
5385.1955,106,1,"RenderPath3D Update",0.3177
5385.2126,106,1,"Application Update",17.3945
5385.9608,106,1,"Application Render",0.7446
5386.3849,106,1,"Application Compose",0.4025
5387.2829,106,1,"SubmitCommandLists",0.8877
5387.3093,106,1,"Shadowmap packing",0.000199999995
5387.3126,106,1,"Render",0.743799984
5387.3146,106,1,"Procedural Animations",0.00310000009
5387.3171,106,1,"Script Components",0.000199999995
5387.3197,106,1,"CPU Frame",18.8334007
5387.3217,106,1,"Input",0.155200005
5387.3243,106,1,"GUI Update",0.0414000005
5387.3263,106,1,"Frustum Culling",0.0634000003
5387.3281,106,1,"Animations",0.000199999995
5387.3299,106,1,"Spring Dependencies",9.99999975e-05
5387.3326,106,1,"GUI Render",0.0482000001
5387.3344,106,1,"Physics",0.00639999984
5387.3363,106,1,"Update",17.3938007
5387.3381,106,1,"Fixed Update",0.00260000001
5387.3404,106,1,"Spline Update",0.000300000014
5387.3423,106,1,"Compose",0.4023
5387.3442,106,1,"Update Buffers (CPU)",0.202999994
5405.8673,107,1,"RenderPath3D Update",0.4308
5405.8829,107,1,"Application Update",18.3498
5406.4464,107,1,"Application Render",0.5598
5406.9081,107,1,"Application Compose",0.4189
5407.8368,107,1,"SubmitCommandLists",0.9093
5407.8653,107,1,"Shadowmap packing",0.000199999995
5407.8688,107,1,"Render",0.558799982
5407.8708,107,1,"Procedural Animations",0.00230000005
5407.8735,107,1,"Script Components",0.000500000024
5407.8764,107,1,"CPU Frame",19.6205997
5407.8784,107,1,"Input",0.177100003
5407.8805,107,1,"GUI Update",0.0662999973
5407.8825,107,1,"Frustum Culling",0.0988999978
5407.8846,107,1,"Animations",0.000300000014
5407.8866,107,1,"Spring Dependencies",0.000500000024
5407.8887,107,1,"GUI Render",0.127900004
5407.8905,107,1,"Physics",0.00870000012
5407.8924,107,1,"Update",18.3495007
5407.8941,107,1,"Fixed Update",0.00510000018
5407.896,107,1,"Spline Update",0.000899999985
5407.8983,107,1,"Compose",0.418500006
5407.9001,107,1,"Update Buffers (CPU)",0.0828000009
5426.2158,108,1,"RenderPath3D Update",0.2713
5426.2258,108,1,"Application Update",18.1563
5426.7658,108,1,"Application Render",0.5372
5427.2083,108,1,"Application Compose",0.4177
5428.078,108,1,"SubmitCommandLists",0.8483
5428.1011,108,1,"Shadowmap packing",0.000300000014
5428.1045,108,1,"Render",0.53670001
5428.1064,108,1,"Procedural Animations",0.00209999993
5428.1088,108,1,"Script Components",0.000600000028
5428.1112,108,1,"CPU Frame",19.3638992
5428.1132,108,1,"Input",0.156399995
5428.1156,108,1,"GUI Update",0.0715999976
5428.1176,108,1,"Frustum Culling",0.0447999984
5428.1197,108,1,"Animations",0.00039999999
5428.1217,108,1,"Spring Dependencies",0.000199999995
5428.1239,108,1,"GUI Render",0.129600003
5428.1257,108,1,"Physics",0.0132999998
5428.1276,108,1,"Update",18.1555996
5428.1295,108,1,"Fixed Update",0.0057000001
5428.1314,108,1,"Spline Update",0.000600000028
5428.1332,108,1,"Compose",0.417400002
5428.135,108,1,"Update Buffers (CPU)",0.114
5445.1953,109,1,"RenderPath3D Update",0.3256
5445.2078,109,1,"Application Update",16.9117
5445.6803,109,1,"Application Render",0.4697
5446.1307,109,1,"Application Compose",0.4114
5447.0155,109,1,"SubmitCommandLists",0.8699
5447.0365,109,1,"Shadowmap packing",0.000199999995
5447.0396,109,1,"Render",0.469199985
5447.0417,109,1,"Procedural Animations",0.00120000006
5447.044,109,1,"Script Components",0.000300000014
5447.0466,109,1,"CPU Frame",18.0475006
5447.0486,109,1,"Input",0.148000002
5447.0509,109,1,"GUI Update",0.0469999984
5447.0528,109,1,"Frustum Culling",0.0606000014
5447.0548,109,1,"Animations",0.000199999995
5447.0566,109,1,"Spring Dependencies",0.00039999999
5447.0588,109,1,"GUI Render",0.162599996
5447.0605,109,1,"Physics",0.00700000022
5447.0625,109,1,"Update",16.9113007
5447.0644,109,1,"Fixed Update",0.0057000001
5447.0663,109,1,"Spline Update",0.000600000028
5447.0681,109,1,"Compose",0.410899997
5447.0699,109,1,"Update Buffers (CPU)",0.0678000003
5464.0863,110,1,"RenderPath3D Update",0.234
5464.1414,110,1,"Application Update",16.9264
5464.7297,110,1,"Application Render",0.5849
5465.175,110,1,"Application Compose",0.4148
5465.9633,110,1,"SubmitCommandLists",0.777
5465.9865,110,1,"Shadowmap packing",0.00039999999
5465.9902,110,1,"Render",0.584599972
5465.9922,110,1,"Procedural Animations",0.00249999994
5465.9944,110,1,"Script Components",0.000300000014
5465.9971,110,1,"CPU Frame",18.1544991
5465.9989,110,1,"Input",0.137099996
5466.0018,110,1,"GUI Update",0.0524999984
5466.0036,110,1,"Frustum Culling",0.0494999997
5466.0055,110,1,"Animations",0.000199999995
5466.0072,110,1,"Spring Dependencies",0.000300000014
5466.0092,110,1,"GUI Render",0.0513000004
5466.0109,110,1,"Physics",0.00960000046
5466.013,110,1,"Update",16.9260006
5466.0149,110,1,"Fixed Update",0.00270000007
5466.0169,110,1,"Spline Update",0.000600000028
5466.0187,110,1,"Compose",0.414400011
5466.0204,110,1,"Update Buffers (CPU)",0.104999997
5484.0374,111,1,"RenderPath3D Update",0.3216
5484.05,111,1,"Application Update",17.8886
5484.6193,111,1,"Application Render",0.5651
5485.1396,111,1,"Application Compose",0.4725
5486.5955,111,1,"SubmitCommandLists",1.4393
5486.6238,111,1,"Shadowmap packing",0.000500000024
5486.6276,111,1,"Render",0.564499974
5486.6297,111,1,"Procedural Animations",0.00300000003
5486.6322,111,1,"Script Components",0.00079999998
5486.6348,111,1,"CPU Frame",19.1706009
5486.6371,111,1,"Input",0.132400006
5486.6394,111,1,"GUI Update",0.103799999
5486.6413,111,1,"Frustum Culling",0.0428000018
5486.6433,111,1,"Animations",0.000300000014
5486.6451,111,1,"Spring Dependencies",0.000699999975
5486.6471,111,1,"GUI Render",0.0975999981
5486.6491,111,1,"Physics",0.0135000004
5486.6508,111,1,"Update",17.8882999
5486.6525,111,1,"Fixed Update",0.00230000005
5486.6543,111,1,"Spline Update",0.00190000003
5486.6562,111,1,"Compose",0.471899986
5486.658,111,1,"Update Buffers (CPU)",0.124799997
5503.6436,112,1,"RenderPath3D Update",0.221
5503.6521,112,1,"Application Update",16.8138
5504.3002,112,1,"Application Render",0.645
5504.7498,112,1,"Application Compose",0.4022
5505.7226,112,1,"SubmitCommandLists",0.962
5505.7492,112,1,"Shadowmap packing",0.000199999995
5505.7529,112,1,"Render",0.644500017
5505.7549,112,1,"Procedural Animations",0.00159999996
5505.7571,112,1,"Script Components",0.00039999999
5505.7595,112,1,"CPU Frame",18.1460991
5505.7617,112,1,"Input",0.169100001
5505.764,112,1,"GUI Update",0.0789000019
5505.7671,112,1,"Frustum Culling",0.0509000011
5505.7689,112,1,"Animations",0.000199999995
5505.7709,112,1,"Spring Dependencies",0.000300000014
5505.7729,112,1,"GUI Render",0.1043
5505.7747,112,1,"Physics",0.00749999983
5505.7768,112,1,"Update",16.8134995
5505.7786,112,1,"Fixed Update",0.0037
5505.7809,112,1,"Spline Update",0.000500000024
5505.7827,112,1,"Compose",0.40169999
5505.7847,112,1,"Update Buffers (CPU)",0.125300005
5523.517,113,1,"RenderPath3D Update",0.2705
5523.5298,113,1,"Application Update",17.5798
5524.046,113,1,"Application Render",0.5128
5524.5335,113,1,"Application Compose",0.4671
5525.5527,113,1,"SubmitCommandLists",0.9874
5525.6083,113,1,"Shadowmap packing",0.00039999999
5525.6154,113,1,"Render",0.512199998
5525.6178,113,1,"Procedural Animations",0.00230000005
5525.6202,113,1,"Script Components",0.000899999985
5525.6234,113,1,"CPU Frame",18.8108006
5525.6257,113,1,"Input",0.1567
5525.6288,113,1,"GUI Update",0.0763999969
5525.6312,113,1,"Frustum Culling",0.0518000014
5525.6332,113,1,"Animations",0.000300000014
5525.6351,113,1,"Spring Dependencies",0.000600000028
5525.6377,113,1,"GUI Render",0.0460000001
5525.6405,113,1,"Physics",0.0181000009
5525.6428,113,1,"Update",17.5793991
5525.6447,113,1,"Fixed Update",0.00340000005
5525.6465,113,1,"Spline Update",0.000899999985
5525.6483,113,1,"Compose",0.466800004
5525.65,113,1,"Update Buffers (CPU)",0.0825000033
5542.7414,114,1,"RenderPath3D Update",0.3313
5542.7564,114,1,"Application Update",16.8696
5543.3624,114,1,"Application Render",0.6029
5543.8474,114,1,"Application Compose",0.4339
5544.8219,114,1,"SubmitCommandLists",0.9593
5544.8725,114,1,"Shadowmap packing",0.000199999995
5544.949,114,1,"Render",0.602500021
5544.9511,114,1,"Procedural Animations",0.00150000001
5544.9543,114,1,"Script Components",0.000300000014
5544.9571,114,1,"CPU Frame",18.2714996
5544.9595,114,1,"Input",0.211799994
5544.9622,114,1,"GUI Update",0.0406999998
5544.9644,114,1,"Frustum Culling",0.0803999975
5544.9663,114,1,"Animations",0.000199999995
5544.9682,114,1,"Spring Dependencies",0.000300000014
5544.9706,114,1,"GUI Render",0.0724999979
5544.9724,114,1,"Physics",0.00680000009
5544.9746,114,1,"Update",16.8691998
5544.9768,114,1,"Fixed Update",0.00989999995
5544.9789,114,1,"Spline Update",0.00039999999
5544.9808,114,1,"Compose",0.433400005
5544.9826,114,1,"Update Buffers (CPU)",0.135600001
5562.4764,115,1,"RenderPath3D Update",0.3211
5562.4907,115,1,"Application Update",17.334
5563.021,115,1,"Application Render",0.5269
5563.4901,115,1,"Application Compose",0.4192
5564.3358,115,1,"SubmitCommandLists",0.8327
5564.3549,115,1,"Shadowmap packing",0.000300000014
5564.3581,115,1,"Render",0.52609998
5564.36,115,1,"Procedural Animations",0.00469999993
5564.3622,115,1,"Script Components",0.000300000014
5564.3645,115,1,"CPU Frame",18.6518002
5564.3664,115,1,"Input",0.158899993
5564.3684,115,1,"GUI Update",0.0549000017
5564.3707,115,1,"Frustum Culling",0.0945999995
5564.3726,115,1,"Animations",0.00159999996
5564.3746,115,1,"Spring Dependencies",0.000199999995
5564.3769,115,1,"GUI Render",0.106899999
5564.3787,115,1,"Physics",0.00810000021
5564.3807,115,1,"Update",17.3337002
5564.3825,115,1,"Fixed Update",0.00400000019
5564.3842,115,1,"Spline Update",0.00120000006
5564.3861,115,1,"Compose",0.418500006
5564.3879,115,1,"Update Buffers (CPU)",0.068599999
5581.4977,116,1,"RenderPath3D Update",0.3095
5581.5188,116,1,"Application Update",16.9901
5582.1908,116,1,"Application Render",0.6686
5582.6752,116,1,"Application Compose",0.4339
5583.4858,116,1,"SubmitCommandLists",0.7986
5583.507,116,1,"Shadowmap packing",0.00039999999
5583.5104,116,1,"Render",0.667400002
5583.5125,116,1,"Procedural Animations",0.00170000002
5583.5148,116,1,"Script Components",0.000500000024
5583.5172,116,1,"CPU Frame",18.3360004
5583.5191,116,1,"Input",0.131999999
5583.5213,116,1,"GUI Update",0.0533999987
5583.5233,116,1,"Frustum Culling",0.0943000019
5583.5253,116,1,"Animations",0.000199999995
5583.5272,116,1,"Spring Dependencies",0.000199999995
5583.5292,116,1,"GUI Render",0.135199994
5583.531,116,1,"Physics",0.00860000029
5583.5329,116,1,"Update",16.9897995
5583.5347,116,1,"Fixed Update",0.00289999996
5583.5366,116,1,"Spline Update",0.000500000024
5583.5385,116,1,"Compose",0.433499992
5583.5402,116,1,"Update Buffers (CPU)",0.101300001
5601.2107,117,1,"RenderPath3D Update",0.2059
5601.219,117,1,"Application Update",17.5389
5601.5873,117,1,"Application Render",0.3651
5602.026,117,1,"Application Compose",0.4027
5602.6995,117,1,"SubmitCommandLists",0.6637
5602.7207,117,1,"Shadowmap packing",0.000300000014
5602.7241,117,1,"Render",0.364800006
5602.7261,117,1,"Procedural Animations",0.0013
5602.7285,117,1,"Script Components",0.000300000014
5602.7309,117,1,"CPU Frame",18.5352993
5602.7328,117,1,"Input",0.128099993
5602.735,117,1,"GUI Update",0.0447999984
5602.7372,117,1,"Frustum Culling",0.0560000017
5602.7391,117,1,"Animations",0.000199999995
5602.7414,117,1,"Spring Dependencies",0.000300000014
5602.7436,117,1,"GUI Render",0.0425999984
5602.7453,117,1,"Physics",0.00659999996
5602.7472,117,1,"Update",17.5387001
5602.7489,117,1,"Fixed Update",0.0046000001
5602.7508,117,1,"Spline Update",0.000300000014
5602.7526,117,1,"Compose",0.4023
5602.7545,117,1,"Update Buffers (CPU)",0.0764999986
5621.6213,118,1,"RenderPath3D Update",0.2715
5621.6338,118,1,"Application Update",18.7389
5622.2941,118,1,"Application Render",0.6561
5622.7623,118,1,"Application Compose",0.4196
5623.9168,118,1,"SubmitCommandLists",1.1433
5623.9449,118,1,"Shadowmap packing",0.00039999999
5623.9482,118,1,"Render",0.655700028
5623.9502,118,1,"Procedural Animations",0.00240000011
5623.9524,118,1,"Script Components",0.00039999999
5623.9548,118,1,"CPU Frame",20.0578995
5623.9567,118,1,"Input",0.132200003
5623.9976,118,1,"GUI Update",0.0645999983
5623.9998,118,1,"Frustum Culling",0.0458999984
5624.0017,118,1,"Animations",0.000300000014
5624.0037,118,1,"Spring Dependencies",0.00039999999
5624.0059,118,1,"GUI Render",0.1417
5624.0079,118,1,"Physics",0.0135000004
5624.01,118,1,"Update",18.7378998
5624.0121,118,1,"Fixed Update",0.00240000011
5624.0141,118,1,"Spline Update",0.000699999975
5624.016,118,1,"Compose",0.41929999
5624.018,118,1,"Update Buffers (CPU)",0.109399997
5641.5184,119,1,"RenderPath3D Update",0.3496
5641.5338,119,1,"Application Update",17.3305
5642.0828,119,1,"Application Render",0.5458
5642.5368,119,1,"Application Compose",0.4192
5643.4629,119,1,"SubmitCommandLists",0.9111
5643.4921,119,1,"Shadowmap packing",0.000199999995
5643.496,119,1,"Render",0.54519999
5643.4984,119,1,"Procedural Animations",0.00159999996
5643.5007,119,1,"Script Components",0.00079999998
5643.5036,119,1,"CPU Frame",18.6107006
5643.5056,119,1,"Input",0.170200005
5643.5092,119,1,"GUI Update",0.101800002
5643.511,119,1,"Frustum Culling",0.0562999994
5643.5134,119,1,"Animations",9.99999975e-05
5643.5157,119,1,"Spring Dependencies",0.000300000014
5643.5181,119,1,"GUI Render",0.125300005
5643.5199,119,1,"Physics",0.0144999996
5643.5221,119,1,"Update",17.3295002
5643.524,119,1,"Fixed Update",0.00700000022
5643.5258,119,1,"Spline Update",0.00179999997
5643.5276,119,1,"Compose",0.41870001
5643.5295,119,1,"Update Buffers (CPU)",0.127200007
5661.8352,120,1,"RenderPath3D Update",0.2105
5661.8447,120,1,"Application Update",18.1739
5662.4808,120,1,"Application Render",0.6331
5662.9494,120,1,"Application Compose",0.4251
5663.7455,120,1,"SubmitCommandLists",0.7863
5663.7704,120,1,"Shadowmap packing",0.000300000014
5663.7741,120,1,"Render",0.632499993
5663.776,120,1,"Procedural Animations",0.00219999999
5663.7783,120,1,"Script Components",0.00039999999
5663.7806,120,1,"CPU Frame",19.4768009
5663.7827,120,1,"Input",0.130400002
5663.7854,120,1,"GUI Update",0.0452999994
5663.7874,120,1,"Frustum Culling",0.0489999987
5663.7893,120,1,"Animations",0.000199999995
5663.7911,120,1,"Spring Dependencies",0.000199999995
5663.7931,120,1,"GUI Render",0.120999999
5663.7949,120,1,"Physics",0.00650000013
5663.7968,120,1,"Update",18.1735992
5663.7986,120,1,"Fixed Update",0.00520000001
5663.8005,120,1,"Spline Update",0.00039999999
5663.8023,120,1,"Compose",0.423599988
5663.8043,120,1,"Update Buffers (CPU)",0.157000005
5681.4446,121,1,"RenderPath3D Update",0.1973
5681.4528,121,1,"Application Update",17.4986
5681.83,121,1,"Application Render",0.3743
5682.2721,121,1,"Application Compose",0.4051
5683.1207,121,1,"SubmitCommandLists",0.8381
5683.1443,121,1,"Shadowmap packing",9.99999975e-05
5683.1479,121,1,"Render",0.373800009
5683.1499,121,1,"Procedural Animations",0.00139999995
5683.1524,121,1,"Script Components",0.000300000014
5683.1547,121,1,"CPU Frame",18.5198994
5683.1567,121,1,"Input",0.141200006
5683.1594,121,1,"GUI Update",0.0498999991
5683.1614,121,1,"Frustum Culling",0.0485999994
5683.1632,121,1,"Animations",9.99999975e-05
5683.1651,121,1,"Spring Dependencies",0.000199999995
5683.1673,121,1,"GUI Render",0.0458999984
5683.1691,121,1,"Physics",0.00680000009
5683.171,121,1,"Update",17.4983006
5683.1729,121,1,"Fixed Update",0.0027999999
5683.1747,121,1,"Spline Update",0.000300000014
5683.1765,121,1,"Compose",0.404599994
5683.1782,121,1,"Update Buffers (CPU)",0.0891000032
5700.8365,122,1,"RenderPath3D Update",0.1973
5700.8454,122,1,"Application Update",17.5055
5701.1776,122,1,"Application Render",0.3292
5701.5963,122,1,"Application Compose",0.3973
5702.4448,122,1,"SubmitCommandLists",0.8385
5702.4748,122,1,"Shadowmap packing",0.000199999995
5702.4779,122,1,"Render",0.328900009
5702.4801,122,1,"Procedural Animations",0.0013
5702.4823,122,1,"Script Components",0.000300000014
5702.4852,122,1,"CPU Frame",18.4685993
5702.4872,122,1,"Input",0.150700003
5702.4898,122,1,"GUI Update",0.0390999988
5702.4917,122,1,"Frustum Culling",0.0590000004
5702.4939,122,1,"Animations",0.000199999995
5702.4957,122,1,"Spring Dependencies",0.000199999995
5702.4977,122,1,"GUI Render",0.0478999987
5702.5536,122,1,"Physics",0.00620000018
5702.5556,122,1,"Update",17.5051003
5702.5577,122,1,"Fixed Update",0.00400000019
5702.5595,122,1,"Spline Update",0.00039999999
5702.5614,122,1,"Compose",0.397000015
5702.5632,122,1,"Update Buffers (CPU)",0.0800999999
5720.2766,123,1,"RenderPath3D Update",0.2129
5720.2858,123,1,"Application Update",17.5754
5720.6829,123,1,"Application Render",0.3941
5721.1136,123,1,"Application Compose",0.4033
5722.0819,123,1,"SubmitCommandLists",0.9581
5722.1139,123,1,"Shadowmap packing",0.000300000014
5722.1175,123,1,"Render",0.39379999
5722.1194,123,1,"Procedural Animations",0.00150000001
5722.1221,123,1,"Script Components",0.000300000014
5722.1257,123,1,"CPU Frame",18.6609993
5722.1276,123,1,"Input",0.138300002
5722.1303,123,1,"GUI Update",0.0489999987
5722.1322,123,1,"Frustum Culling",0.0485000014
5722.1341,123,1,"Animations",9.99999975e-05
5722.1369,123,1,"Spring Dependencies",0.000300000014
5722.1392,123,1,"GUI Render",0.0588999987
5722.1411,123,1,"Physics",0.00710000005
5722.1434,123,1,"Update",17.5751991
5722.1451,123,1,"Fixed Update",0.00319999992
5722.1469,123,1,"Spline Update",0.000300000014
5722.1488,123,1,"Compose",0.40259999
5722.1505,123,1,"Update Buffers (CPU)",0.0866999999
5740.2576,124,1,"RenderPath3D Update",0.2719
5740.2777,124,1,"Application Update",17.967
5741.0899,124,1,"Application Render",0.8084
5741.5716,124,1,"Application Compose",0.4478
5742.526,124,1,"SubmitCommandLists",0.9377
5742.5488,124,1,"Shadowmap packing",0.000899999985
5742.552,124,1,"Render",0.807399988
5742.554,124,1,"Procedural Animations",0.00260000001
5742.5564,124,1,"Script Components",0.00109999999
5742.5588,124,1,"CPU Frame",19.4797001
5742.5608,124,1,"Input",0.148599997
5742.563,124,1,"GUI Update",0.0500000007
5742.565,124,1,"Frustum Culling",0.0522999987
5742.5668,124,1,"Animations",9.99999975e-05
5742.5692,124,1,"Spring Dependencies",0.00109999999
5742.5712,124,1,"GUI Render",0.248999998
5742.5731,124,1,"Physics",0.00529999984
5742.575,124,1,"Update",17.9666004
5742.5767,124,1,"Fixed Update",0.00389999989
5742.5786,124,1,"Spline Update",0.000699999975
5742.5808,124,1,"Compose",0.447100013
5742.5826,124,1,"Update Buffers (CPU)",0.194800004
5760.2251,125,1,"RenderPath3D Update",0.2761
5760.2372,125,1,"Application Update",17.4973
5760.8778,125,1,"Application Render",0.6378
5761.4718,125,1,"Application Compose",0.545
5764.2528,125,1,"SubmitCommandLists",2.7222
5764.3245,125,1,"Shadowmap packing",0.000300000014
5764.3309,125,1,"Render",0.637300014
5764.3329,125,1,"Procedural Animations",0.00150000001
5764.3358,125,1,"Script Components",0.000300000014
5764.3386,125,1,"CPU Frame",18.9484997
5764.3416,125,1,"Input",0.147499993
5764.3464,125,1,"GUI Update",0.0388999991
5764.3482,125,1,"Frustum Culling",0.0632999986
5764.3503,125,1,"Animations",0.000199999995
5764.3523,125,1,"Spring Dependencies",9.99999975e-05
5764.3567,125,1,"GUI Render",0.0762000009
5764.3585,125,1,"Physics",0.00719999988
5764.3614,125,1,"Update",17.4969006
5764.3636,125,1,"Fixed Update",0.00389999989
5764.366,125,1,"Spline Update",0.000199999995
5764.3684,125,1,"Compose",0.544399977
5764.3716,125,1,"Update Buffers (CPU)",0.121799998
5783.7693,126,1,"RenderPath3D Update",0.499
5783.7943,126,1,"Application Update",19.0127
5785.0876,126,1,"Application Render",1.2852
5785.7549,126,1,"Application Compose",0.5832
5787.6872,126,1,"SubmitCommandLists",1.8871
5787.7403,126,1,"Shadowmap packing",0.000500000024
5787.7439,126,1,"Render",1.28340006
5787.7463,126,1,"Procedural Animations",0.00710000005
5787.7488,126,1,"Script Components",0.000699999975
5787.7514,126,1,"CPU Frame",21.4909992
5787.7536,126,1,"Input",0.381999999
5787.7566,126,1,"GUI Update",0.147
5787.7588,126,1,"Frustum Culling",0.0724999979
5787.7609,126,1,"Animations",0.000899999985
5787.7629,126,1,"Spring Dependencies",0.000899999985
5787.765,126,1,"GUI Render",0.190899998
5787.7668,126,1,"Physics",0.0233999994
5787.7692,126,1,"Update",19.0121994
5787.7711,126,1,"Fixed Update",0.0109000001
5787.7729,126,1,"Spline Update",0.000500000024
5787.7747,126,1,"Compose",0.582799971
5787.831,126,1,"Update Buffers (CPU)",0.363099992
5805.4752,127,1,"RenderPath3D Update",0.3945
5805.4882,127,1,"Application Update",17.4322
5805.9843,127,1,"Application Render",0.4908
5806.4227,127,1,"Application Compose",0.4039
5807.253,127,1,"SubmitCommandLists",0.8187
5807.2733,127,1,"Shadowmap packing",0.000199999995
5807.2764,127,1,"Render",0.4903
5807.2783,127,1,"Procedural Animations",0.0027999999
5807.2806,127,1,"Script Components",0.000300000014
5807.2834,127,1,"CPU Frame",18.7112999
5807.2856,127,1,"Input",0.207300007
5807.288,127,1,"GUI Update",0.125400007
5807.2899,127,1,"Frustum Culling",0.0414000005
5807.2919,127,1,"Animations",0.000600000028
5807.2937,127,1,"Spring Dependencies",0.000199999995
5807.2958,127,1,"GUI Render",0.0612999983
5807.2976,127,1,"Physics",0.0187999997
5807.2993,127,1,"Update",17.4316998
5807.3011,127,1,"Fixed Update",0.0057000001
5807.3028,127,1,"Spline Update",0.00079999998
5807.3049,127,1,"Compose",0.403499991
5807.3068,127,1,"Update Buffers (CPU)",0.0865999982
5824.9574,128,1,"RenderPath3D Update",0.2501
5824.9719,128,1,"Application Update",17.5257
5825.5747,128,1,"Application Render",0.5994
5826.0189,128,1,"Application Compose",0.4073
5826.7099,128,1,"SubmitCommandLists",0.681
5826.7301,128,1,"Shadowmap packing",0.000199999995
5826.7336,128,1,"Render",0.59890002
5826.7354,128,1,"Procedural Animations",0.00249999994
5826.7378,128,1,"Script Components",0.000199999995
5826.74,128,1,"CPU Frame",18.7618008
5826.742,128,1,"Input",0.131500006
5826.7443,128,1,"GUI Update",0.0513999984
5826.7462,128,1,"Frustum Culling",0.0498000011
5826.7485,128,1,"Animations",0.000199999995
5826.7502,128,1,"Spring Dependencies",0.000300000014
5826.7523,128,1,"GUI Render",0.0465999991
5826.7542,128,1,"Physics",0.00949999969
5826.7563,128,1,"Update",17.5252991
5826.7582,128,1,"Fixed Update",0.00230000005
5826.76,128,1,"Spline Update",0.000300000014
5826.7618,128,1,"Compose",0.406699985
5826.7636,128,1,"Update Buffers (CPU)",0.113300003
5843.4048,129,1,"RenderPath3D Update",0.2891
5843.4174,129,1,"Application Update",16.5192
5843.9882,129,1,"Application Render",0.5673
5844.4669,129,1,"Application Compose",0.4242
5845.8216,129,1,"SubmitCommandLists",1.3378
5845.8689,129,1,"Shadowmap packing",0.000500000024
5845.8735,129,1,"Render",0.566799998
5845.8762,129,1,"Procedural Animations",0.00260000001
5845.8791,129,1,"Script Components",0.000500000024
5845.882,129,1,"CPU Frame",17.7537003
5845.8844,129,1,"Input",0.126200005
5845.8884,129,1,"GUI Update",0.0710000023
5845.8902,129,1,"Frustum Culling",0.0571999997
5845.8929,129,1,"Animations",0.000600000028
5845.8951,129,1,"Spring Dependencies",0.000500000024
5845.897,129,1,"GUI Render",0.0680000037
5845.8988,129,1,"Physics",0.0119000003
5845.9013,129,1,"Update",16.5184994
5845.903,129,1,"Fixed Update",0.00289999996
5845.9051,129,1,"Spline Update",0.000899999985
5845.9069,129,1,"Compose",0.423700005
5845.909,129,1,"Update Buffers (CPU)",0.103500001
5866.9879,130,1,"RenderPath3D Update",0.2791
5867.0039,130,1,"Application Update",20.8834
5867.6949,130,1,"Application Render",0.688
5868.3023,130,1,"Application Compose",0.5509
5869.1577,130,1,"SubmitCommandLists",0.8366
5869.1789,130,1,"Shadowmap packing",0.00039999999
5869.1818,130,1,"Render",0.687600017
5869.1837,130,1,"Procedural Animations",0.00359999994
5869.1861,130,1,"Script Components",0.00139999995
5869.1884,130,1,"CPU Frame",22.4703999
5869.1903,130,1,"Input",0.195299998
5869.1927,130,1,"GUI Update",0.0626000017
5869.1948,130,1,"Frustum Culling",0.0549999997
5869.1967,130,1,"Animations",0.00039999999
5869.1986,130,1,"Spring Dependencies",0.000500000024
5869.2007,130,1,"GUI Render",0.0815000013
5869.2026,130,1,"Physics",0.0103000002
5869.2046,130,1,"Update",20.8829994
5869.2064,130,1,"Fixed Update",0.0057000001
5869.2083,130,1,"Spline Update",0.00120000006
5869.2102,130,1,"Compose",0.549799979
5869.2122,130,1,"Update Buffers (CPU)",0.181400001
5889.6032,131,1,"RenderPath3D Update",0.2117
5889.6109,131,1,"Application Update",20.2199
5890.0482,131,1,"Application Render",0.434
5890.4765,131,1,"Application Compose",0.4041
5891.2687,131,1,"SubmitCommandLists",0.7347
5891.2912,131,1,"Shadowmap packing",0.000500000024
5891.2956,131,1,"Render",0.433699995
5891.2981,131,1,"Procedural Animations",0.00150000001
5891.3005,131,1,"Script Components",0.000300000014
5891.3029,131,1,"CPU Frame",21.3598003
5891.3048,131,1,"Input",0.169499993
5891.307,131,1,"GUI Update",0.0432999991
5891.3094,131,1,"Frustum Culling",0.0253999997
5891.3114,131,1,"Animations",0.000199999995
5891.3132,131,1,"Spring Dependencies",0.000300000014
5891.3152,131,1,"GUI Render",0.147100002
5891.317,131,1,"Physics",0.00579999993
5891.3189,131,1,"Update",20.2196007
5891.3206,131,1,"Fixed Update",0.0037
5891.3227,131,1,"Spline Update",0.00039999999
5891.3247,131,1,"Compose",0.403699994
5891.3265,131,1,"Update Buffers (CPU)",0.0812999979
5917.3147,132,1,"RenderPath3D Update",0.5724
5917.3436,132,1,"Application Update",25.8004
5918.0066,132,1,"Application Render",0.6591
5918.4981,132,1,"Application Compose",0.4414
5919.4869,132,1,"SubmitCommandLists",0.9747
5919.5203,132,1,"Shadowmap packing",0.000699999975
5919.5242,132,1,"Render",0.657999992
5919.5267,132,1,"Procedural Animations",0.00600000005
5919.5293,132,1,"Script Components",0.00230000005
5919.5322,132,1,"CPU Frame",27.2241001
5919.5343,132,1,"Input",0.2042
5919.5368,132,1,"GUI Update",0.151999995
5919.5386,132,1,"Frustum Culling",0.0649000034
5919.5411,132,1,"Animations",0.000699999975
5919.543,132,1,"Spring Dependencies",0.00079999998
5919.5452,132,1,"GUI Render",0.0529000014
5919.5469,132,1,"Physics",0.0269000009
5919.5489,132,1,"Update",25.7998009
5919.5507,132,1,"Fixed Update",0.00469999993
5919.5524,132,1,"Spline Update",0.000899999985
5919.5542,132,1,"Compose",0.440899998
5919.5561,132,1,"Update Buffers (CPU)",0.1017
5939.0568,133,1,"RenderPath3D Update",0.2535
5939.0676,133,1,"Application Update",19.3308
5939.6015,133,1,"Application Render",0.5301
5940.0319,133,1,"Application Compose",0.4063
5940.7209,133,1,"SubmitCommandLists",0.6793
5940.7416,133,1,"Shadowmap packing",0.000199999995
5940.7449,133,1,"Render",0.529699981
5940.7469,133,1,"Procedural Animations",0.00170000002
5940.7494,133,1,"Script Components",0.000300000014
5940.7517,133,1,"CPU Frame",20.5347996
5940.7538,133,1,"Input",0.172199994
5940.7561,133,1,"GUI Update",0.0691
5940.758,133,1,"Frustum Culling",0.0465999991
5940.7602,133,1,"Animations",0.000199999995
5940.7619,133,1,"Spring Dependencies",0.000300000014
5940.7639,133,1,"GUI Render",0.0467000008
5940.7656,133,1,"Physics",0.0133999996
5940.7676,133,1,"Update",19.3300991
5940.7694,133,1,"Fixed Update",0.0027999999
5940.7714,133,1,"Spline Update",0.000600000028
5940.7732,133,1,"Compose",0.405699998
5940.7749,133,1,"Update Buffers (CPU)",0.130400002
5958.2807,134,1,"RenderPath3D Update",0.1965
5958.2899,134,1,"Application Update",17.3804
5958.8013,134,1,"Application Render",0.5086
5959.2203,134,1,"Application Compose",0.3956
5960.0538,134,1,"SubmitCommandLists",0.8244
5960.0866,134,1,"Shadowmap packing",0.000300000014
5960.0904,134,1,"Render",0.508300006
5960.0925,134,1,"Procedural Animations",0.00120000006
5960.095,134,1,"Script Components",0.000300000014
5960.0982,134,1,"CPU Frame",18.4943008
5960.1002,134,1,"Input",0.126300007
5960.1038,134,1,"GUI Update",0.0403000005
5960.1063,134,1,"Frustum Culling",0.0544999987
5960.1085,134,1,"Animations",0.00039999999
5960.1104,134,1,"Spring Dependencies",0.000300000014
5960.1125,134,1,"GUI Render",0.0593000017
5960.1143,134,1,"Physics",0.00680000009
5960.1163,134,1,"Update",17.3801003
5960.1181,134,1,"Fixed Update",0.00350000011
5960.1199,134,1,"Spline Update",0.000300000014
5960.1218,134,1,"Compose",0.395099998
5960.1236,134,1,"Update Buffers (CPU)",0.0694999993
5977.4377,135,1,"RenderPath3D Update",0.1941
5977.4464,135,1,"Application Update",17.153
5977.9528,135,1,"Application Render",0.5035
5978.389,135,1,"Application Compose",0.4072
5979.1822,135,1,"SubmitCommandLists",0.7785
5979.2036,135,1,"Shadowmap packing",0.000300000014
5979.2072,135,1,"Render",0.503199995
5979.2092,135,1,"Procedural Animations",0.0013
5979.2114,135,1,"Script Components",0.000300000014
5979.2502,135,1,"CPU Frame",18.3250008
5979.2523,135,1,"Input",0.160400003
5979.2546,135,1,"GUI Update",0.0423999988
5979.2565,135,1,"Frustum Culling",0.0386999995
5979.2584,135,1,"Animations",0.000199999995
5979.2602,135,1,"Spring Dependencies",0.00079999998
5979.2623,135,1,"GUI Render",0.0538999997
5979.2641,135,1,"Physics",0.00659999996
5979.2661,135,1,"Update",17.1527004
5979.2679,135,1,"Fixed Update",0.00350000011
5979.2698,135,1,"Spline Update",0.000300000014
5979.2717,135,1,"Compose",0.406699985
5979.2735,135,1,"Update Buffers (CPU)",0.116800003
5996.9065,136,1,"RenderPath3D Update",0.3576
5996.9228,136,1,"Application Update",17.5158
5997.6022,136,1,"Application Render",0.6759
5998.068,136,1,"Application Compose",0.4275
5999.0613,136,1,"SubmitCommandLists",0.9801
5999.0933,136,1,"Shadowmap packing",0.000899999985
5999.097,136,1,"Render",0.675300002
5999.0989,136,1,"Procedural Animations",0.00179999997
5999.1014,136,1,"Script Components",0.000300000014
5999.1042,136,1,"CPU Frame",18.8803997
5999.1063,136,1,"Input",0.124499999
5999.1085,136,1,"GUI Update",0.0666999966
5999.1109,136,1,"Frustum Culling",0.100299999
5999.1128,136,1,"Animations",0.00039999999
5999.1147,136,1,"Spring Dependencies",0.000199999995
5999.1168,136,1,"GUI Render",0.0834999979
5999.1187,136,1,"Physics",0.0239000004
5999.1205,136,1,"Update",17.5153008
5999.1222,136,1,"Fixed Update",0.00289999996
5999.1241,136,1,"Spline Update",0.000699999975
5999.1261,136,1,"Compose",0.426800013
5999.128,136,1,"Update Buffers (CPU)",0.116099998
6016.7935,137,1,"RenderPath3D Update",0.271
6016.8054,137,1,"Application Update",17.4075
6017.3357,137,1,"Application Render",0.527
6017.8138,137,1,"Application Compose",0.4277
6018.8675,137,1,"SubmitCommandLists",1.0343
6018.9092,137,1,"Shadowmap packing",0.00039999999
6018.9137,137,1,"Render",0.52640003
6018.9155,137,1,"Procedural Animations",0.00190000003
6018.918,137,1,"Script Components",0.00139999995
6018.9213,137,1,"CPU Frame",18.7462006
6018.9236,137,1,"Input",0.251300007
6018.9262,137,1,"GUI Update",0.0788000003
6018.9283,137,1,"Frustum Culling",0.0394000001
6018.9301,137,1,"Animations",0.000199999995
6018.932,137,1,"Spring Dependencies",0.00039999999
6018.9341,137,1,"GUI Render",0.160899997
6018.9358,137,1,"Physics",0.0105999997
6018.9378,137,1,"Update",17.4071999
6018.9395,137,1,"Fixed Update",0.00769999996
6018.9414,137,1,"Spline Update",0.00039999999
6018.9433,137,1,"Compose",0.427100003
6018.9453,137,1,"Update Buffers (CPU)",0.0813999996
6036.2396,138,1,"RenderPath3D Update",0.3454
6036.2519,138,1,"Application Update",17.1081
6037.0314,138,1,"Application Render",0.7751
6037.5225,138,1,"Application Compose",0.4356
6038.717,138,1,"SubmitCommandLists",1.1794
6038.788,138,1,"Shadowmap packing",0.000600000028
6038.793,138,1,"Render",0.774399996
6038.7961,138,1,"Procedural Animations",0.00310000009
6038.7999,138,1,"Script Components",0.0013
6038.804,138,1,"CPU Frame",18.6361008
6038.8076,138,1,"Input",0.181500003
6038.8118,138,1,"GUI Update",0.0976999998
6038.8151,138,1,"Frustum Culling",0.0555999987
6038.8182,138,1,"Animations",0.000899999985
6038.8217,138,1,"Spring Dependencies",0.000199999995
6038.8251,138,1,"GUI Render",0.129500002
6038.8284,138,1,"Physics",0.0148
6038.8316,138,1,"Update",17.1077995
6038.8341,138,1,"Fixed Update",0.00700000022
6038.8371,138,1,"Spline Update",0.00079999998
6038.8399,138,1,"Compose",0.435099989
6038.8432,138,1,"Update Buffers (CPU)",0.179700002
6056.0744,139,1,"RenderPath3D Update",0.2122
6056.082,139,1,"Application Update",17.0315
6056.5784,139,1,"Application Render",0.4931
6056.9957,139,1,"Application Compose",0.3952
6057.7413,139,1,"SubmitCommandLists",0.736
6057.7772,139,1,"Shadowmap packing",0.000300000014
6057.7802,139,1,"Render",0.492700011
6057.7823,139,1,"Procedural Animations",0.00120000006
6057.785,139,1,"Script Components",0.000300000014
6057.7883,139,1,"CPU Frame",18.2555008
6057.7902,139,1,"Input",0.1884
6057.7929,139,1,"GUI Update",0.0403000005
6057.795,139,1,"Frustum Culling",0.0533000007
6057.797,139,1,"Animations",9.99999975e-05
6057.7996,139,1,"Spring Dependencies",0.000300000014
6057.945,139,1,"GUI Render",0.0518000014
6057.9471,139,1,"Physics",0.00669999979
6057.9492,139,1,"Update",17.0312004
6057.9512,139,1,"Fixed Update",0.00689999992
6057.9536,139,1,"Spline Update",0.000300000014
6057.9555,139,1,"Compose",0.394800007
6057.9577,139,1,"Update Buffers (CPU)",0.0716999993
6075.984,140,1,"RenderPath3D Update",0.1727
6075.9942,140,1,"Application Update",17.8514
6076.4082,140,1,"Application Render",0.4099
6076.8398,140,1,"Application Compose",0.402
6077.5203,140,1,"SubmitCommandLists",0.6702
6077.5419,140,1,"Shadowmap packing",0.000500000024
6077.5451,140,1,"Render",0.409200013
6077.5471,140,1,"Procedural Animations",0.00170000002
6077.5497,140,1,"Script Components",0.00039999999
6077.5521,140,1,"CPU Frame",19.0890999
6077.5541,140,1,"Input",0.172800004
6077.5565,140,1,"GUI Update",0.0546999983
6077.5584,140,1,"Frustum Culling",0.0507000014
6077.5602,140,1,"Animations",9.99999975e-05
6077.5624,140,1,"Spring Dependencies",0.00100000005
6077.5645,140,1,"GUI Render",0.0627000034
6077.5663,140,1,"Physics",0.0140000004
6077.5683,140,1,"Update",17.8509998
6077.57,140,1,"Fixed Update",0.00549999997
6077.5719,140,1,"Spline Update",0.000500000024
6077.5738,140,1,"Compose",0.401499987
6077.5755,140,1,"Update Buffers (CPU)",0.1153
6094.4499,141,1,"RenderPath3D Update",0.1783
6094.4635,141,1,"Application Update",16.7418
6094.9451,141,1,"Application Render",0.4786
6095.3842,141,1,"Application Compose",0.4021
6096.3011,141,1,"SubmitCommandLists",0.9055
6096.3257,141,1,"Shadowmap packing",0.000199999995
6096.3293,141,1,"Render",0.477999985
6096.3313,141,1,"Procedural Animations",0.00100000005
6096.3338,141,1,"Script Components",0.000300000014
6096.3362,141,1,"CPU Frame",17.8591003
6096.3383,141,1,"Input",0.137700006
6096.3404,141,1,"GUI Update",0.0392999984
6096.3424,141,1,"Frustum Culling",0.0631999969
6096.3444,141,1,"Animations",0.000199999995
6096.3463,141,1,"Spring Dependencies",0.000300000014
6096.3484,141,1,"GUI Render",0.140900001
6096.3501,141,1,"Physics",0.00669999979
6096.3519,141,1,"Update",16.7413998
6096.3537,141,1,"Fixed Update",0.00300000003
6096.3558,141,1,"Spline Update",0.000199999995
6096.3577,141,1,"Compose",0.4014
6096.3596,141,1,"Update Buffers (CPU)",0.0716999993
6114.7872,142,1,"RenderPath3D Update",0.1962
6114.7959,142,1,"Application Update",18.2787
6115.351,142,1,"Application Render",0.5515
6115.8698,142,1,"Application Compose",0.4522
6116.8429,142,1,"SubmitCommandLists",0.9582
6116.8795,142,1,"Shadowmap packing",0.000199999995
6116.8828,142,1,"Render",0.551199973
6116.8846,142,1,"Procedural Animations",0.00190000003
6116.8877,142,1,"Script Components",0.000600000028
6116.8901,142,1,"CPU Frame",19.5648003
6116.892,142,1,"Input",0.147
6116.8951,142,1,"GUI Update",0.0700000003
6116.8972,142,1,"Frustum Culling",0.0311999992
6116.8994,142,1,"Animations",0.000199999995
6116.9012,142,1,"Spring Dependencies",0.000300000014
6116.9035,142,1,"GUI Render",0.0929000005
6116.9052,142,1,"Physics",0.00719999988
6116.9072,142,1,"Update",18.2784004
6116.9089,142,1,"Fixed Update",0.00449999981
6116.9107,142,1,"Spline Update",0.000500000024
6116.9126,142,1,"Compose",0.451799989
6116.9151,142,1,"Update Buffers (CPU)",0.168200001
6134.5684,143,1,"RenderPath3D Update",0.2333
6134.5765,143,1,"Application Update",17.4995
6134.9725,143,1,"Application Render",0.3929
6135.4413,143,1,"Application Compose",0.4341
6136.1855,143,1,"SubmitCommandLists",0.7328
6136.206,143,1,"Shadowmap packing",0.000199999995
6136.2097,143,1,"Render",0.392500013
6136.2118,143,1,"Procedural Animations",0.00120000006
6136.2142,143,1,"Script Components",0.00039999999
6136.2165,143,1,"CPU Frame",18.5860996
6136.2184,143,1,"Input",0.149399996
6136.2206,143,1,"GUI Update",0.0670000017
6136.2226,143,1,"Frustum Culling",0.0439000018
6136.2245,143,1,"Animations",0.000199999995
6136.2263,143,1,"Spring Dependencies",0.000300000014
6136.2283,143,1,"GUI Render",0.0698999986
6136.2301,143,1,"Physics",0.00659999996
6136.2319,143,1,"Update",17.4990997
6136.2337,143,1,"Fixed Update",0.0055999998
6136.2355,143,1,"Spline Update",0.000300000014
6136.2747,143,1,"Compose",0.433800012
6136.277,143,1,"Update Buffers (CPU)",0.0894000009
6153.5464,144,1,"RenderPath3D Update",0.1319
6153.5562,144,1,"Application Update",17.1448
6154.0612,144,1,"Application Render",0.502
6154.4819,144,1,"Application Compose",0.3977
6155.3108,144,1,"SubmitCommandLists",0.8174
6155.332,144,1,"Shadowmap packing",0.000500000024
6155.3353,144,1,"Render",0.501600027
6155.3372,144,1,"Procedural Animations",0.00120000006
6155.3395,144,1,"Script Components",0.000300000014
6155.342,144,1,"CPU Frame",18.2924004
6155.344,144,1,"Input",0.124600001
6155.3465,144,1,"GUI Update",0.0401000008
6155.3485,144,1,"Frustum Culling",0.0527999997
6155.3504,144,1,"Animations",0.000199999995
6155.3523,144,1,"Spring Dependencies",0.000300000014
6155.3544,144,1,"GUI Render",0.0894000009
6155.3562,144,1,"Physics",0.00540000014
6155.358,144,1,"Update",17.1445007
6155.3599,144,1,"Fixed Update",0.00400000019
6155.3616,144,1,"Spline Update",0.000199999995
6155.3635,144,1,"Compose",0.397300005
6155.3653,144,1,"Update Buffers (CPU)",0.0794999972
6172.5838,145,1,"RenderPath3D Update",0.2319
6172.5949,145,1,"Application Update",17.0958
6173.1977,145,1,"Application Render",0.5996
6173.726,145,1,"Application Compose",0.4839
6174.6195,145,1,"SubmitCommandLists",0.8807
6174.6433,145,1,"Shadowmap packing",0.00039999999
6174.6913,145,1,"Render",0.599300027
6174.6939,145,1,"Procedural Animations",0.00159999996
6174.6962,145,1,"Script Components",0.000500000024
6174.6986,145,1,"CPU Frame",18.4118996
6174.7006,145,1,"Input",0.126100004
6174.703,145,1,"GUI Update",0.0577999987
6174.705,145,1,"Frustum Culling",0.0513000004
6174.7069,145,1,"Animations",0.000199999995
6174.7087,145,1,"Spring Dependencies",0.000199999995
6174.7108,145,1,"GUI Render",0.053199999
6174.7126,145,1,"Physics",0.00860000029
6174.7145,145,1,"Update",17.0953999
6174.7163,145,1,"Fixed Update",0.00230000005
6174.7182,145,1,"Spline Update",0.000300000014
6174.7201,145,1,"Compose",0.483399987
6174.722,145,1,"Update Buffers (CPU)",0.117299996
6192.0759,146,1,"RenderPath3D Update",0.1979
6192.0834,146,1,"Application Update",17.21
6192.3947,146,1,"Application Render",0.3086
6192.8527,146,1,"Application Compose",0.4202
6193.7086,146,1,"SubmitCommandLists",0.8429
6193.7321,146,1,"Shadowmap packing",0.000300000014
6193.7354,146,1,"Render",0.308200002
6193.7373,146,1,"Procedural Animations",0.0013
6193.7397,146,1,"Script Components",0.000300000014
6193.7423,146,1,"CPU Frame",18.2280998
6193.7443,146,1,"Input",0.141900003
6193.7467,146,1,"GUI Update",0.0434000008
6193.7491,146,1,"Frustum Culling",0.0379999988
6193.751,146,1,"Animations",0.000300000014
6193.7529,146,1,"Spring Dependencies",0.000300000014
6193.7548,146,1,"GUI Render",0.0452999994
6193.7567,146,1,"Physics",0.00889999978
6193.7586,146,1,"Update",17.2096004
6193.7604,146,1,"Fixed Update",0.00340000005
6193.7623,146,1,"Spline Update",0.00039999999
6193.7643,146,1,"Compose",0.4199
6193.766,146,1,"Update Buffers (CPU)",0.0780000016
6211.9916,147,1,"RenderPath3D Update",0.3357
6212.0072,147,1,"Application Update",18.0789
6212.5626,147,1,"Application Render",0.5512
6213.1235,147,1,"Application Compose",0.4888
6214.2874,147,1,"SubmitCommandLists",1.1351
6214.3338,147,1,"Shadowmap packing",0.000500000024
6214.3373,147,1,"Render",0.550700009
6214.3393,147,1,"Procedural Animations",0.00350000011
6214.3419,147,1,"Script Components",0.00120000006
6214.3446,147,1,"CPU Frame",19.4141006
6214.3465,147,1,"Input",0.151800007
6214.3497,147,1,"GUI Update",0.108800001
6214.3517,147,1,"Frustum Culling",0.0307
6214.3539,147,1,"Animations",0.00039999999
6214.3558,147,1,"Spring Dependencies",0.00120000006
6214.3581,147,1,"GUI Render",0.0505999997
6214.3608,147,1,"Physics",0.0199999996
6214.3628,147,1,"Update",18.0785999
6214.3646,147,1,"Fixed Update",0.00400000019
6214.3664,147,1,"Spline Update",0.000500000024
6214.3683,147,1,"Compose",0.488200009
6214.3701,147,1,"Update Buffers (CPU)",0.104400001
6232.5893,148,1,"RenderPath3D Update",0.2328
6232.5986,148,1,"Application Update",18.0386
6233.0882,148,1,"Application Render",0.4868
6233.5788,148,1,"Application Compose",0.4033
6234.3638,148,1,"SubmitCommandLists",0.7747
6234.3858,148,1,"Shadowmap packing",0.000199999995
6234.3895,148,1,"Render",0.486499995
6234.3914,148,1,"Procedural Animations",0.00190000003
6234.3938,148,1,"Script Components",0.00039999999
6234.3962,148,1,"CPU Frame",19.2712994
6234.3983,148,1,"Input",0.174999997
6234.4011,148,1,"GUI Update",0.0650999993
6234.4032,148,1,"Frustum Culling",0.0388999991
6234.4051,148,1,"Animations",0.000199999995
6234.4069,148,1,"Spring Dependencies",0.0013
6234.4091,148,1,"GUI Render",0.154200003
6234.4108,148,1,"Physics",0.00659999996
6234.4127,148,1,"Update",18.0382996
6234.4145,148,1,"Fixed Update",0.00579999993
6234.4164,148,1,"Spline Update",0.00079999998
6234.4183,148,1,"Compose",0.402799994
6234.4205,148,1,"Update Buffers (CPU)",0.0816000029
6252.8571,149,1,"RenderPath3D Update",0.3246
6252.8695,149,1,"Application Update",18.2886
6253.3852,149,1,"Application Render",0.512
6253.9543,149,1,"Application Compose",0.5234
6254.8863,149,1,"SubmitCommandLists",0.9108
6254.9117,149,1,"Shadowmap packing",0.000300000014
6254.9155,149,1,"Render",0.511699975
6254.9174,149,1,"Procedural Animations",0.00319999992
6254.9197,149,1,"Script Components",0.00100000005
6254.922,149,1,"CPU Frame",19.5862999
6254.9241,149,1,"Input",0.1505
6254.9264,149,1,"GUI Update",0.0984999985
6254.9285,149,1,"Frustum Culling",0.0590999983
6254.9306,149,1,"Animations",0.00039999999
6254.9326,149,1,"Spring Dependencies",0.000300000014
6254.9348,149,1,"GUI Render",0.0445999987
6254.9367,149,1,"Physics",0.0151000004
6254.9386,149,1,"Update",18.2879009
6254.9405,149,1,"Fixed Update",0.00350000011
6254.9424,149,1,"Spline Update",0.00079999998
6254.9444,149,1,"Compose",0.522800028
6254.9463,149,1,"Update Buffers (CPU)",0.0929000005
6274.2217,150,1,"RenderPath3D Update",0.3823
6274.2429,150,1,"Application Update",19.1435
6274.8867,150,1,"Application Render",0.6392
6275.6191,150,1,"Application Compose",0.6605
6277.1364,150,1,"SubmitCommandLists",1.4865
6277.1918,150,1,"Shadowmap packing",0.00039999999
6277.1977,150,1,"Render",0.638599992
6277.2007,150,1,"Procedural Animations",0.00410000002
6277.2048,150,1,"Script Components",0.000899999985
6277.2083,150,1,"CPU Frame",20.7346992
6277.2116,150,1,"Input",0.140900001
6277.2162,150,1,"GUI Update",0.129600003
6277.2192,150,1,"Frustum Culling",0.0480999984
6277.222,150,1,"Animations",0.000600000028
6277.2254,150,1,"Spring Dependencies",0.000899999985
6277.2289,150,1,"GUI Render",0.0846000016
6277.2319,150,1,"Physics",0.0162000004
6277.2355,150,1,"Update",19.1432991
6277.2386,150,1,"Fixed Update",0.00449999981
6277.2416,150,1,"Spline Update",0.00100000005
6277.246,150,1,"Compose",0.659099996
6277.249,150,1,"Update Buffers (CPU)",0.121600002
6296.569,151,1,"RenderPath3D Update",0.591
6296.604,151,1,"Application Update",19.1185
6297.8178,151,1,"Application Render",1.2079
6298.4586,151,1,"Application Compose",0.5686
6300.4025,151,1,"SubmitCommandLists",1.9087
6300.6609,151,1,"Shadowmap packing",0.000899999985
6300.6698,151,1,"Render",1.20669997
6300.6736,151,1,"Procedural Animations",0.00499999989
6300.6772,151,1,"Script Components",0.00150000001
6300.6831,151,1,"CPU Frame",21.3125992
6300.6872,151,1,"Input",0.215299994
6300.691,151,1,"GUI Update",0.141000003
6300.6943,151,1,"Frustum Culling",0.105599999
6300.6981,151,1,"Animations",0.00079999998
6300.7008,151,1,"Spring Dependencies",0.000899999985
6300.7044,151,1,"GUI Render",0.130899996
6300.7063,151,1,"Physics",0.0270000007
6300.7085,151,1,"Update",19.1175995
6300.7103,151,1,"Fixed Update",0.00820000004
6300.7125,151,1,"Spline Update",0.00170000002
6300.7148,151,1,"Compose",0.566900015
6300.7165,151,1,"Update Buffers (CPU)",0.245100006
6319.7391,152,1,"RenderPath3D Update",0.1884
6319.7483,152,1,"Application Update",18.7734
6320.191,152,1,"Application Render",0.4397
6320.6159,152,1,"Application Compose",0.3996
6321.5128,152,1,"SubmitCommandLists",0.8867
6321.5651,152,1,"Shadowmap packing",0.000500000024
6321.5692,152,1,"Render",0.43900001
6321.5712,152,1,"Procedural Animations",0.0013
6321.6374,152,1,"Script Components",0.00039999999
6321.6408,152,1,"CPU Frame",20.0471992
6321.643,152,1,"Input",0.240700006
6321.6459,152,1,"GUI Update",0.0485000014
6321.648,152,1,"Frustum Culling",0.0372000001
6321.6502,152,1,"Animations",0.000199999995
6321.6521,152,1,"Spring Dependencies",0.000199999995
6321.6541,152,1,"GUI Render",0.0733999982
6321.656,152,1,"Physics",0.00600000005
6321.6582,152,1,"Update",18.7730999
6321.66,152,1,"Fixed Update",0.00520000001
6321.6618,152,1,"Spline Update",0.000199999995
6321.6636,152,1,"Compose",0.399199992
6321.6655,152,1,"Update Buffers (CPU)",0.126100004
6339.2966,153,1,"RenderPath3D Update",0.2367
6339.3066,153,1,"Application Update",17.4436
6339.7293,153,1,"Application Render",0.4197
6340.1775,153,1,"Application Compose",0.413
6340.9222,153,1,"SubmitCommandLists",0.7344
6340.9448,153,1,"Shadowmap packing",0.000300000014
6340.9484,153,1,"Render",0.41929999
6340.9504,153,1,"Procedural Animations",0.00139999995
6340.9529,153,1,"Script Components",0.000500000024
6340.9552,153,1,"CPU Frame",18.6331005
6340.9573,153,1,"Input",0.1866
6340.9596,153,1,"GUI Update",0.0573999994
6340.9618,153,1,"Frustum Culling",0.0419000015
6340.9637,153,1,"Animations",9.99999975e-05
6340.9666,153,1,"Spring Dependencies",0.000300000014
6340.9686,153,1,"GUI Render",0.0518000014
6340.9705,153,1,"Physics",0.00779999979
6340.9726,153,1,"Update",17.4433002
6340.9744,153,1,"Fixed Update",0.00380000006
6340.9764,153,1,"Spline Update",0.000699999975
6340.9782,153,1,"Compose",0.412600011
6340.98,153,1,"Update Buffers (CPU)",0.0869999975
6358.4542,154,1,"RenderPath3D Update",0.2297
6358.4627,154,1,"Application Update",17.3447
6358.8567,154,1,"Application Render",0.3912
6359.2932,154,1,"Application Compose",0.4112
6360.2664,154,1,"SubmitCommandLists",0.9602
6360.2907,154,1,"Shadowmap packing",0.000300000014
6360.2945,154,1,"Render",0.390799999
6360.2963,154,1,"Procedural Animations",0.00139999995
6360.2988,154,1,"Script Components",0.000300000014
6360.3011,154,1,"CPU Frame",18.3651009
6360.303,154,1,"Input",0.128700003
6360.3054,154,1,"GUI Update",0.0516000018
6360.3075,154,1,"Frustum Culling",0.0381000005
6360.3095,154,1,"Animations",9.99999975e-05
6360.3119,154,1,"Spring Dependencies",0.000600000028
6360.314,154,1,"GUI Render",0.0467000008
6360.3159,154,1,"Physics",0.00970000029
6360.3177,154,1,"Update",17.3442993
6360.3196,154,1,"Fixed Update",0.00340000005
6360.3215,154,1,"Spline Update",0.000300000014
6360.3234,154,1,"Compose",0.411000013
6360.3252,154,1,"Update Buffers (CPU)",0.101400003
6378.1479,155,1,"RenderPath3D Update",0.4047
6378.1692,155,1,"Application Update",17.6844
6379.0327,155,1,"Application Render",0.8587
6379.4889,155,1,"Application Compose",0.4169
6380.452,155,1,"SubmitCommandLists",0.9498
6380.4825,155,1,"Shadowmap packing",0.00079999998
6380.4859,155,1,"Render",0.857900023
6380.4881,155,1,"Procedural Animations",0.00209999993
6380.4904,155,1,"Script Components",0.000699999975
6380.493,155,1,"CPU Frame",19.2150002
6380.4951,155,1,"Input",0.150399998
6380.4978,155,1,"GUI Update",0.077200003
6380.4998,155,1,"Frustum Culling",0.0974999964
6380.5017,155,1,"Animations",0.000300000014
6380.5036,155,1,"Spring Dependencies",0.000699999975
6380.5056,155,1,"GUI Render",0.114
6380.5074,155,1,"Physics",0.0092000002
6380.5095,155,1,"Update",17.6837006
6380.5114,155,1,"Fixed Update",0.00270000007
6380.5134,155,1,"Spline Update",0.00079999998
6380.5152,155,1,"Compose",0.416500002
6380.517,155,1,"Update Buffers (CPU)",0.209600002
6399.6095,156,1,"RenderPath3D Update",0.1981
6399.6176,156,1,"Application Update",18.922
6400.0248,156,1,"Application Render",0.4042
6400.508,156,1,"Application Compose",0.4355
6401.479,156,1,"SubmitCommandLists",0.9598
6401.5196,156,1,"Shadowmap packing",0.000199999995
6401.5263,156,1,"Render",0.403800011
6401.5288,156,1,"Procedural Animations",0.00179999997
6401.5316,156,1,"Script Components",0.000300000014
6401.5343,156,1,"CPU Frame",20.0487003
6401.5363,156,1,"Input",0.162300006
6401.5389,156,1,"GUI Update",0.0579999983
6401.5409,156,1,"Frustum Culling",0.0386999995
6401.5764,156,1,"Animations",9.99999975e-05
6401.5792,156,1,"Spring Dependencies",0.00039999999
6401.5818,156,1,"GUI Render",0.0935999975
6401.5837,156,1,"Physics",0.00639999984
6401.5857,156,1,"Update",18.9216995
6401.588,156,1,"Fixed Update",0.0055999998
6401.5903,156,1,"Spline Update",0.000199999995
6401.5922,156,1,"Compose",0.435299993
6401.5942,156,1,"Update Buffers (CPU)",0.0835999995
6419.4698,157,1,"RenderPath3D Update",0.2067
6419.478,157,1,"Application Update",17.7049
6419.9245,157,1,"Application Render",0.4437
6420.4165,157,1,"Application Compose",0.4473
6421.169,157,1,"SubmitCommandLists",0.7413
6421.1986,157,1,"Shadowmap packing",0.00039999999
6421.2021,157,1,"Render",0.443300009
6421.2042,157,1,"Procedural Animations",0.0013
6421.2063,157,1,"Script Components",0.000300000014
6421.2107,157,1,"CPU Frame",18.9232006
6421.2128,157,1,"Input",0.166199997
6421.215,157,1,"GUI Update",0.0496000014
6421.217,157,1,"Frustum Culling",0.0511999987
6421.2189,157,1,"Animations",9.99999975e-05
6421.2213,157,1,"Spring Dependencies",0.000199999995
6421.2234,157,1,"GUI Render",0.0637999997
6421.2252,157,1,"Physics",0.00659999996
6421.2271,157,1,"Update",17.7045994
6421.2289,157,1,"Fixed Update",0.00499999989
6421.2307,157,1,"Spline Update",0.000300000014
6421.2326,157,1,"Compose",0.446799994
6421.2344,157,1,"Update Buffers (CPU)",0.0728999972
6439.3846,158,1,"RenderPath3D Update",0.2843
6439.395,158,1,"Application Update",17.992
6439.9639,158,1,"Application Render",0.5656
6440.4114,158,1,"Application Compose",0.4239
6441.1012,158,1,"SubmitCommandLists",0.6729
6441.1265,158,1,"Shadowmap packing",0.000500000024
6441.1298,158,1,"Render",0.565299988
6441.1319,158,1,"Procedural Animations",0.00209999993
6441.1343,158,1,"Script Components",0.000699999975
6441.1366,158,1,"CPU Frame",19.2339001
6441.1386,158,1,"Input",0.153400004
6441.1409,158,1,"GUI Update",0.0658999979
6441.1429,158,1,"Frustum Culling",0.0581
6441.1448,158,1,"Animations",0.00039999999
6441.1468,158,1,"Spring Dependencies",0.000300000014
6441.1488,158,1,"GUI Render",0.152999997
6441.1506,158,1,"Physics",0.00850000046
6441.1524,158,1,"Update",17.9918003
6441.1541,158,1,"Fixed Update",0.00760000013
6441.156,158,1,"Spline Update",0.00170000002
6441.158,158,1,"Compose",0.423599988
6441.1598,158,1,"Update Buffers (CPU)",0.100299999
6459.001,159,1,"RenderPath3D Update",0.1266
6459.0106,159,1,"Application Update",17.7107
6459.3322,159,1,"Application Render",0.3179
6459.7544,159,1,"Application Compose",0.3985
6460.6798,159,1,"SubmitCommandLists",0.9159
6460.7011,159,1,"Shadowmap packing",0.000199999995
6460.7042,159,1,"Render",0.317400008
6460.7062,159,1,"Procedural Animations",0.00120000006
6460.7086,159,1,"Script Components",0.000300000014
6460.711,159,1,"CPU Frame",18.6457005
6460.7129,159,1,"Input",0.130099997
6460.7151,159,1,"GUI Update",0.0392999984
6460.7171,159,1,"Frustum Culling",0.057
6460.719,159,1,"Animations",0.000199999995
6460.7209,159,1,"Spring Dependencies",0.000199999995
6460.7228,159,1,"GUI Render",0.0452000014
6460.7246,159,1,"Physics",0.00939999986
6460.7263,159,1,"Update",17.7103996
6460.7281,159,1,"Fixed Update",0.00400000019
6460.7298,159,1,"Spline Update",0.000199999995
6460.7316,159,1,"Compose",0.398000002
6460.7334,159,1,"Update Buffers (CPU)",0.068400003
6478.1385,160,1,"RenderPath3D Update",0.3084
6478.155,160,1,"Application Update",17.2776
6478.7267,160,1,"Application Render",0.5685
6479.3385,160,1,"Application Compose",0.5672
6480.9593,160,1,"SubmitCommandLists",1.5983
6481.001,160,1,"Shadowmap packing",0.000300000014
6481.0058,160,1,"Render",0.567799985
6481.0092,160,1,"Procedural Animations",0.00319999992
6481.0129,160,1,"Script Components",0.00039999999
6481.0167,160,1,"CPU Frame",18.6595001
6481.0201,160,1,"Input",0.136500001
6481.024,160,1,"GUI Update",0.0538000017
6481.0276,160,1,"Frustum Culling",0.0540000014
6481.0306,160,1,"Animations",0.000699999975
6481.034,160,1,"Spring Dependencies",9.99999975e-05
6481.0383,160,1,"GUI Render",0.115400001
6481.0413,160,1,"Physics",0.0110999998
6481.0447,160,1,"Update",17.2772999
6481.0478,160,1,"Fixed Update",0.00219999999
6481.0875,160,1,"Spline Update",0.000300000014
6481.0909,160,1,"Compose",0.566799998
6481.0937,160,1,"Update Buffers (CPU)",0.152500004
6499.7538,161,1,"RenderPath3D Update",0.4126
6499.7679,161,1,"Application Update",18.4717
6500.3159,161,1,"Application Render",0.545
6500.8177,161,1,"Application Compose",0.4454
6501.5211,161,1,"SubmitCommandLists",0.692
6501.5424,161,1,"Shadowmap packing",0.000199999995
6501.5455,161,1,"Render",0.54460001
6501.5474,161,1,"Procedural Animations",0.00389999989
6501.5499,161,1,"Script Components",0.000899999985
6501.5524,161,1,"CPU Frame",19.8442001
6501.5544,161,1,"Input",0.187399998
6501.5566,161,1,"GUI Update",0.101800002
6501.5584,161,1,"Frustum Culling",0.0478000008
6501.5604,161,1,"Animations",0.000699999975
6501.5622,161,1,"Spring Dependencies",0.00139999995
6501.5643,161,1,"GUI Render",0.0526000001
6501.5661,161,1,"Physics",0.0141000003
6501.5681,161,1,"Update",18.4708004
6501.5699,161,1,"Fixed Update",0.00520000001
6501.5717,161,1,"Spline Update",0.000500000024
6501.5735,161,1,"Compose",0.444799989
6501.5754,161,1,"Update Buffers (CPU)",0.102799997
6520.4225,162,1,"RenderPath3D Update",0.2073
6520.4301,162,1,"Application Update",18.7137
6520.9959,162,1,"Application Render",0.563
6521.4322,162,1,"Application Compose",0.402
6522.4689,162,1,"SubmitCommandLists",1.0264
6522.5013,162,1,"Shadowmap packing",0.000300000014
6522.5047,162,1,"Render",0.562600017
6522.5066,162,1,"Procedural Animations",0.00109999999
6522.509,162,1,"Script Components",0.000300000014
6522.5117,162,1,"CPU Frame",19.906601
6522.514,162,1,"Input",0.131999999
6522.5179,162,1,"GUI Update",0.0403999984
6522.5198,162,1,"Frustum Culling",0.0749000013
6522.5218,162,1,"Animations",0.000199999995
6522.5237,162,1,"Spring Dependencies",0.000300000014
6522.5258,162,1,"GUI Render",0.146799996
6522.5275,162,1,"Physics",0.0074
6522.5299,162,1,"Update",18.7133999
6522.5317,162,1,"Fixed Update",0.00319999992
6522.5335,162,1,"Spline Update",0.000300000014
6522.5353,162,1,"Compose",0.4014
6522.5371,162,1,"Update Buffers (CPU)",0.0803999975
6539.6701,163,1,"RenderPath3D Update",0.2075
6539.6797,163,1,"Application Update",16.9271
6540.1744,163,1,"Application Render",0.4916
6540.625,163,1,"Application Compose",0.4195
6541.374,163,1,"SubmitCommandLists",0.7363
6541.3954,163,1,"Shadowmap packing",0.000500000024
6541.3986,163,1,"Render",0.4912
6541.4004,163,1,"Procedural Animations",0.00170000002
6541.4028,163,1,"Script Components",0.000199999995
6541.4054,163,1,"CPU Frame",18.1457996
6541.4073,163,1,"Input",0.191200003
6541.4097,163,1,"GUI Update",0.0582000017
6541.4118,163,1,"Frustum Culling",0.0511000007
6541.4137,163,1,"Animations",0.000199999995
6541.4155,163,1,"Spring Dependencies",0.00100000005
6541.4175,163,1,"GUI Render",0.0733999982
6541.4192,163,1,"Physics",0.0153999999
6541.4211,163,1,"Update",16.9267998
6541.4228,163,1,"Fixed Update",0.00480000023
6541.4247,163,1,"Spline Update",0.000300000014
6541.4265,163,1,"Compose",0.419200003
6541.4284,163,1,"Update Buffers (CPU)",0.123800002
6559.7048,164,1,"RenderPath3D Update",0.2
6559.7132,164,1,"Application Update",18.1412
6560.0811,164,1,"Application Render",0.365
6560.5217,164,1,"Application Compose",0.4162
6561.356,164,1,"SubmitCommandLists",0.8218
6561.3784,164,1,"Shadowmap packing",0.000199999995
6561.3816,164,1,"Render",0.36469999
6561.3834,164,1,"Procedural Animations",0.00120000006
6561.3858,164,1,"Script Components",0.000199999995
6561.3881,164,1,"CPU Frame",19.1413994
6561.3902,164,1,"Input",0.136299998
6561.3924,164,1,"GUI Update",0.0430000015
6561.3944,164,1,"Frustum Culling",0.0472999997
6561.3965,164,1,"Animations",0.000199999995
6561.3984,164,1,"Spring Dependencies",9.99999975e-05
6561.4009,164,1,"GUI Render",0.0551000014
6561.4032,164,1,"Physics",0.00620000018
6561.4052,164,1,"Update",18.1408997
6561.407,164,1,"Fixed Update",0.00219999999
6561.4088,164,1,"Spline Update",0.000300000014
6561.4108,164,1,"Compose",0.415800005
6561.4126,164,1,"Update Buffers (CPU)",0.0846000016
6579.1884,165,1,"RenderPath3D Update",0.3325
6579.2013,165,1,"Application Update",17.6502
6579.8258,165,1,"Application Render",0.587
6580.421,165,1,"Application Compose",0.5401
6581.6494,165,1,"SubmitCommandLists",1.2141
6581.6761,165,1,"Shadowmap packing",0.000300000014
6581.6792,165,1,"Render",0.586399972
6581.6812,165,1,"Procedural Animations",0.00139999995
6581.6836,165,1,"Script Components",0.00039999999
6581.6861,165,1,"CPU Frame",19.0610008
6581.688,165,1,"Input",0.130500004
6581.6909,165,1,"GUI Update",0.0678000003
6581.6929,165,1,"Frustum Culling",0.0515000001
6581.6949,165,1,"Animations",0.000199999995
6581.6967,165,1,"Spring Dependencies",0.000300000014
6581.6987,165,1,"GUI Render",0.0838999972
6581.7006,165,1,"Physics",0.00999999978
6581.7026,165,1,"Update",17.6499004
6581.7044,165,1,"Fixed Update",0.00260000001
6581.7061,165,1,"Spline Update",0.000600000028
6581.708,165,1,"Compose",0.539699972
6581.7104,165,1,"Update Buffers (CPU)",0.104400001
6599.7602,166,1,"RenderPath3D Update",0.4294
6599.7774,166,1,"Application Update",17.8355
6600.4306,166,1,"Application Render",0.6492
6600.9086,166,1,"Application Compose",0.4357
6601.937,166,1,"SubmitCommandLists",1.005
6601.9695,166,1,"Shadowmap packing",0.000500000024
6601.9729,166,1,"Render",0.648400009
6601.9749,166,1,"Procedural Animations",0.00190000003
6601.9775,166,1,"Script Components",0.000600000028
6601.98,166,1,"CPU Frame",19.2544003
6601.9821,166,1,"Input",0.218600005
6601.9847,166,1,"GUI Update",0.0790000036
6601.9868,166,1,"Frustum Culling",0.0803999975
6601.9886,166,1,"Animations",0.000199999995
6601.9904,166,1,"Spring Dependencies",0.000600000028
6601.9924,166,1,"GUI Render",0.111500002
6601.9942,166,1,"Physics",0.0130000003
6601.9961,166,1,"Update",17.8351002
6601.9981,166,1,"Fixed Update",0.00480000023
6602,166,1,"Spline Update",0.000899999985
6602.0023,166,1,"Compose",0.435200006
6602.0042,166,1,"Update Buffers (CPU)",0.145300001
6620.1671,167,1,"RenderPath3D Update",0.4148
6620.1857,167,1,"Application Update",17.9783
6620.8989,167,1,"Application Render",0.7098
6621.3682,167,1,"Application Compose",0.4403
6622.278,167,1,"SubmitCommandLists",0.8902
6622.3133,167,1,"Shadowmap packing",0.00039999999
6622.3165,167,1,"Render",0.708800018
6622.3185,167,1,"Procedural Animations",0.00260000001
6622.3208,167,1,"Script Components",0.00079999998
6622.3232,167,1,"CPU Frame",19.4234009
6622.3253,167,1,"Input",0.186399996
6622.3282,167,1,"GUI Update",0.0851000026
6622.3302,167,1,"Frustum Culling",0.0786999986
6622.3322,167,1,"Animations",0.000199999995
6622.334,167,1,"Spring Dependencies",0.000300000014
6622.3364,167,1,"GUI Render",0.114399999
6622.3382,167,1,"Physics",0.0143999998
6622.3404,167,1,"Update",17.9778996
6622.3423,167,1,"Fixed Update",0.00870000012
6622.3443,167,1,"Spline Update",0.0013
6622.3463,167,1,"Compose",0.439799994
6622.3481,167,1,"Update Buffers (CPU)",0.150600001
6639.9811,168,1,"RenderPath3D Update",0.2574
6639.9925,168,1,"Application Update",17.4899
6640.5961,168,1,"Application Render",0.5996
6641.0549,168,1,"Application Compose",0.4236
6642.015,168,1,"SubmitCommandLists",0.9479
6642.0392,168,1,"Shadowmap packing",0.00100000005
6642.0426,168,1,"Render",0.59890002
6642.0446,168,1,"Procedural Animations",0.00200000009
6642.0465,168,1,"Script Components",0.000500000024
6642.0488,168,1,"CPU Frame",18.7653008
6642.0509,168,1,"Input",0.142000005
6642.0533,168,1,"GUI Update",0.0542000011
6642.0553,168,1,"Frustum Culling",0.0482000001
6642.0571,168,1,"Animations",0.000199999995
6642.0588,168,1,"Spring Dependencies",0.00039999999
6642.0609,168,1,"GUI Render",0.0795999989
6642.0628,168,1,"Physics",0.0147000002
6642.0646,168,1,"Update",17.4895
6642.0664,168,1,"Fixed Update",0.0046000001
6642.0682,168,1,"Spline Update",0.000500000024
6642.0701,168,1,"Compose",0.423200011
6642.0718,168,1,"Update Buffers (CPU)",0.144299999
6659.8859,169,1,"RenderPath3D Update",0.1977
6659.8932,169,1,"Application Update",17.6255
6660.3587,169,1,"Application Render",0.4627
6660.7851,169,1,"Application Compose",0.4032
6661.4396,169,1,"SubmitCommandLists",0.6451
6661.4606,169,1,"Shadowmap packing",0.000199999995
6661.4638,169,1,"Render",0.462399989
6661.5005,169,1,"Procedural Animations",0.00139999995
6661.5032,169,1,"Script Components",0.000199999995
6661.5056,169,1,"CPU Frame",18.7635994
6661.5076,169,1,"Input",0.183500007
6661.5103,169,1,"GUI Update",0.0390999988
6661.5123,169,1,"Frustum Culling",0.0467999987
6661.5142,169,1,"Animations",9.99999975e-05
6661.5165,169,1,"Spring Dependencies",0.00039999999
6661.5188,169,1,"GUI Render",0.157499999
6661.5205,169,1,"Physics",0.00650000013
6661.5223,169,1,"Update",17.6252003
6661.524,169,1,"Fixed Update",0.00430000015
6661.5265,169,1,"Spline Update",0.000300000014
6661.5284,169,1,"Compose",0.402799994
6661.5303,169,1,"Update Buffers (CPU)",0.0711999983
6678.6922,170,1,"RenderPath3D Update",0.2975
6678.7055,170,1,"Application Update",17.0425
6679.2738,170,1,"Application Render",0.5652
6679.7366,170,1,"Application Compose",0.419
6680.5028,170,1,"SubmitCommandLists",0.7545
6680.5254,170,1,"Shadowmap packing",0.000300000014
6680.529,170,1,"Render",0.564599991
6680.531,170,1,"Procedural Animations",0.00170000002
6680.5336,170,1,"Script Components",0.000300000014
6680.5359,170,1,"CPU Frame",18.2926006
6680.5378,170,1,"Input",0.125200003
6680.5403,170,1,"GUI Update",0.0434000008
6680.5424,170,1,"Frustum Culling",0.0694999993
6680.5444,170,1,"Animations",9.99999975e-05
6680.5468,170,1,"Spring Dependencies",9.99999975e-05
6680.5489,170,1,"GUI Render",0.137700006
6680.5507,170,1,"Physics",0.00549999997
6680.5526,170,1,"Update",17.0422001
6680.5545,170,1,"Fixed Update",0.00260000001
6680.5565,170,1,"Spline Update",0.00039999999
6680.5584,170,1,"Compose",0.418599993
6680.5602,170,1,"Update Buffers (CPU)",0.115500003
6698.3358,171,1,"RenderPath3D Update",0.1986
6698.3431,171,1,"Application Update",17.6418
6698.7357,171,1,"Application Render",0.3897
6699.1883,171,1,"Application Compose",0.4131
6700.1143,171,1,"SubmitCommandLists",0.9118
6700.1364,171,1,"Shadowmap packing",0.000199999995
6700.1398,171,1,"Render",0.389299989
6700.1418,171,1,"Procedural Animations",0.00120000006
6700.1441,171,1,"Script Components",0.00039999999
6700.1468,171,1,"CPU Frame",18.6847992
6700.1489,171,1,"Input",0.132200003
6700.1517,171,1,"GUI Update",0.0439999998
6700.1539,171,1,"Frustum Culling",0.0496999994
6700.1558,171,1,"Animations",9.99999975e-05
6700.1581,171,1,"Spring Dependencies",0.000300000014
6700.1603,171,1,"GUI Render",0.0428999998
6700.1622,171,1,"Physics",0.00590000022
6700.1641,171,1,"Update",17.6415997
6700.1659,171,1,"Fixed Update",0.00310000009
6700.1677,171,1,"Spline Update",0.000300000014
6700.1695,171,1,"Compose",0.412499994
6700.1713,171,1,"Update Buffers (CPU)",0.0777999982
6717.7029,172,1,"RenderPath3D Update",0.1214
6717.7114,172,1,"Application Update",17.4057
6718.2345,172,1,"Application Render",0.52
6718.6553,172,1,"Application Compose",0.3978
6719.3697,172,1,"SubmitCommandLists",0.703
6719.3934,172,1,"Shadowmap packing",0.000199999995
6719.3969,172,1,"Render",0.519599974
6719.3987,172,1,"Procedural Animations",0.00139999995
6719.4011,172,1,"Script Components",0.000300000014
6719.4049,172,1,"CPU Frame",18.5352001
6719.4073,172,1,"Input",0.126399994
6719.4109,172,1,"GUI Update",0.0375999995
6719.4133,172,1,"Frustum Culling",0.0458000004
6719.4151,172,1,"Animations",0.000199999995
6719.4169,172,1,"Spring Dependencies",0.000300000014
6719.4189,172,1,"GUI Render",0.0557999983
6719.421,172,1,"Physics",0.00650000013
6719.4252,172,1,"Update",17.4055004
6719.4281,172,1,"Fixed Update",0.00240000011
6719.4298,172,1,"Spline Update",0.000300000014
6719.4328,172,1,"Compose",0.397399992
6719.4345,172,1,"Update Buffers (CPU)",0.0627000034
6737.4262,173,1,"RenderPath3D Update",0.1517
6737.4343,173,1,"Application Update",17.8163
6737.7839,173,1,"Application Render",0.3467
6738.2103,173,1,"Application Compose",0.4036
6739.0135,173,1,"SubmitCommandLists",0.7892
6739.034,173,1,"Shadowmap packing",0.000199999995
6739.0373,173,1,"Render",0.346399993
6739.0392,173,1,"Procedural Animations",0.00159999996
6739.0413,173,1,"Script Components",0.000199999995
6739.0438,173,1,"CPU Frame",18.8337002
6739.0458,173,1,"Input",0.173099995
6739.048,173,1,"GUI Update",0.0395000018
6739.0869,173,1,"Frustum Culling",0.0557999983
6739.0888,173,1,"Animations",9.99999975e-05
6739.0911,173,1,"Spring Dependencies",0.000199999995
6739.0933,173,1,"GUI Render",0.0463000014
6739.0951,173,1,"Physics",0.00639999984
6739.0971,173,1,"Update",17.8160992
6739.0989,173,1,"Fixed Update",0.00289999996
6739.1009,173,1,"Spline Update",0.000199999995
6739.1028,173,1,"Compose",0.403200001
6739.1045,173,1,"Update Buffers (CPU)",0.0724999979
6756.2681,174,1,"RenderPath3D Update",0.1979
6756.2761,174,1,"Application Update",17.0292
6756.6133,174,1,"Application Render",0.3344
6757.034,174,1,"Application Compose",0.3977
6757.9203,174,1,"SubmitCommandLists",0.8768
6757.9436,174,1,"Shadowmap packing",0.000199999995
6757.9469,174,1,"Render",0.333999991
6757.9489,174,1,"Procedural Animations",0.0013
6757.9514,174,1,"Script Components",0.00039999999
6757.9537,174,1,"CPU Frame",18.0151997
6757.9559,174,1,"Input",0.133499995
6757.958,174,1,"GUI Update",0.0489000008
6757.9604,174,1,"Frustum Culling",0.0463000014
6757.9623,174,1,"Animations",0.000199999995
6757.9642,174,1,"Spring Dependencies",0.000199999995
6757.966,174,1,"GUI Render",0.0460000001
6757.9678,174,1,"Physics",0.00800000038
6757.9697,174,1,"Update",17.0286999
6757.9713,174,1,"Fixed Update",0.00319999992
6757.9731,174,1,"Spline Update",0.000500000024
6757.975,174,1,"Compose",0.397100002
6757.9767,174,1,"Update Buffers (CPU)",0.0771000013
6782.1718,175,1,"RenderPath3D Update",0.7138
6782.2009,175,1,"Application Update",24.0251
6783.0763,175,1,"Application Render",0.8691
6783.6536,175,1,"Application Compose",0.504
6785.0805,175,1,"SubmitCommandLists",1.4132
6785.1079,175,1,"Shadowmap packing",0.00039999999
6785.1114,175,1,"Render",0.868399978
6785.1136,175,1,"Procedural Animations",0.00410000002
6785.1161,175,1,"Script Components",0.000899999985
6785.1195,175,1,"CPU Frame",25.7273006
6785.1214,175,1,"Input",0.184300005
6785.124,175,1,"GUI Update",0.153600007
6785.1258,175,1,"Frustum Culling",0.123300001
6785.1281,175,1,"Animations",0.000600000028
6785.1299,175,1,"Spring Dependencies",0.00139999995
6785.1321,175,1,"GUI Render",0.123199999
6785.1338,175,1,"Physics",0.0185000002
6785.1368,175,1,"Update",24.0247002
6785.139,175,1,"Fixed Update",0.00579999993
6785.1409,175,1,"Spline Update",0.00230000005
6785.1437,175,1,"Compose",0.501900017
6785.1461,175,1,"Update Buffers (CPU)",0.1611
6802.3914,176,1,"RenderPath3D Update",0.3331
6802.4007,176,1,"Application Update",16.9655
6802.9128,176,1,"Application Render",0.5092
6803.3475,176,1,"Application Compose",0.3957
6804.3052,176,1,"SubmitCommandLists",0.9478
6804.3314,176,1,"Shadowmap packing",0.000199999995
6804.3347,176,1,"Render",0.50880003
6804.3368,176,1,"Procedural Animations",0.00170000002
6804.3393,176,1,"Script Components",0.000300000014
6804.342,176,1,"CPU Frame",18.2614002
6804.3441,176,1,"Input",0.273299992
6804.3467,176,1,"GUI Update",0.0454999991
6804.3488,176,1,"Frustum Culling",0.072800003
6804.3507,176,1,"Animations",0.000199999995
6804.3526,176,1,"Spring Dependencies",0.000300000014
6804.3546,176,1,"GUI Render",0.149800003
6804.3563,176,1,"Physics",0.00710000005
6804.3585,176,1,"Update",16.9652996
6804.3601,176,1,"Fixed Update",0.00340000005
6804.3619,176,1,"Spline Update",0.000699999975
6804.3638,176,1,"Compose",0.395399988
6804.3658,176,1,"Update Buffers (CPU)",0.0778999999
6822.6902,177,1,"RenderPath3D Update",0.1812
6822.7002,177,1,"Application Update",18.1817
6823.2043,177,1,"Application Render",0.5012
6823.6443,177,1,"Application Compose",0.4056
6824.5051,177,1,"SubmitCommandLists",0.8488
6824.5262,177,1,"Shadowmap packing",0.000300000014
6824.5298,177,1,"Render",0.500899971
6824.532,177,1,"Procedural Animations",0.00139999995
6824.5348,177,1,"Script Components",0.000199999995
6824.5374,177,1,"CPU Frame",19.3330994
6824.5394,177,1,"Input",0.143700004
6824.5419,177,1,"GUI Update",0.0399999991
6824.5437,177,1,"Frustum Culling",0.0535999984
6824.5456,177,1,"Animations",0.000199999995
6824.5474,177,1,"Spring Dependencies",0.000199999995
6824.5494,177,1,"GUI Render",0.0505999997
6824.5512,177,1,"Physics",0.00620000018
6824.5879,177,1,"Update",18.1812992
6824.5906,177,1,"Fixed Update",0.00410000002
6824.5929,177,1,"Spline Update",0.000300000014
6824.5948,177,1,"Compose",0.405200005
6824.5966,177,1,"Update Buffers (CPU)",0.136000007
6842.3755,178,1,"RenderPath3D Update",0.2608
6842.3876,178,1,"Application Update",17.626
6842.9662,178,1,"Application Render",0.5749
6843.4028,178,1,"Application Compose",0.4081
6844.5539,178,1,"SubmitCommandLists",1.1414
6844.5873,178,1,"Shadowmap packing",0.000500000024
6844.5907,178,1,"Render",0.574299991
6844.593,178,1,"Procedural Animations",0.00270000007
6844.5956,178,1,"Script Components",0.00100000005
6844.5978,178,1,"CPU Frame",18.8917999
6844.5998,178,1,"Input",0.153200001
6844.6024,178,1,"GUI Update",0.0692000017
6844.6048,178,1,"Frustum Culling",0.0524999984
6844.6071,178,1,"Animations",0.000199999995
6844.6091,178,1,"Spring Dependencies",0.000600000028
6844.6113,178,1,"GUI Render",0.053199999
6844.6132,178,1,"Physics",0.0164000001
6844.615,178,1,"Update",17.6257992
6844.6168,178,1,"Fixed Update",0.00529999984
6844.6188,178,1,"Spline Update",0.00100000005
6844.6205,178,1,"Compose",0.407599986
6844.6224,178,1,"Update Buffers (CPU)",0.1131
6862.758,179,1,"RenderPath3D Update",0.3201
6862.8239,179,1,"Application Update",18.0144
6863.5868,179,1,"Application Render",0.7594
6864.4562,179,1,"Application Compose",0.5979
6866.1523,179,1,"SubmitCommandLists",1.6811
6866.2145,179,1,"Shadowmap packing",0.00039999999
6866.2189,179,1,"Render",0.75849998
6866.2222,179,1,"Procedural Animations",0.00230000005
6866.2252,179,1,"Script Components",0.000300000014
6866.2283,179,1,"CPU Frame",19.8917007
6866.2304,179,1,"Input",0.174700007
6866.2341,179,1,"GUI Update",0.0781000033
6866.2363,179,1,"Frustum Culling",0.0498000011
6866.2382,179,1,"Animations",0.000199999995
6866.24,179,1,"Spring Dependencies",0.00039999999
6866.2429,179,1,"GUI Render",0.1219
6866.2448,179,1,"Physics",0.00939999986
6866.2477,179,1,"Update",18.0137997
6866.2496,179,1,"Fixed Update",0.00499999989
6866.2515,179,1,"Spline Update",0.00039999999
6866.2533,179,1,"Compose",0.597000003
6866.2557,179,1,"Update Buffers (CPU)",0.179199994
6884.1027,180,1,"RenderPath3D Update",0.3131
6884.1166,180,1,"Application Update",17.5376
6884.7068,180,1,"Application Render",0.5868
6885.1483,180,1,"Application Compose",0.4094
6886.6112,180,1,"SubmitCommandLists",1.4433
6886.6768,180,1,"Shadowmap packing",0.000300000014
6886.6823,180,1,"Render",0.586300015
6886.6866,180,1,"Procedural Animations",0.00159999996
6886.6903,180,1,"Script Components",0.000500000024
6886.6952,180,1,"CPU Frame",18.9680996
6886.6999,180,1,"Input",0.308499992
6886.705,180,1,"GUI Update",0.0421999991
6886.7097,180,1,"Frustum Culling",0.103799999
6886.7127,180,1,"Animations",0.000199999995
6886.7161,180,1,"Spring Dependencies",0.000199999995
6886.7204,180,1,"GUI Render",0.0485999994
6886.724,180,1,"Physics",0.0055999998
6886.7269,180,1,"Update",17.5373001
6886.7308,180,1,"Fixed Update",0.00579999993
6886.7347,180,1,"Spline Update",0.000300000014
6886.7382,180,1,"Compose",0.409000009
6886.7418,180,1,"Update Buffers (CPU)",0.0962999985
6907.0967,181,1,"RenderPath3D Update",0.2988
6907.1127,181,1,"Application Update",20.0145
6907.7943,181,1,"Application Render",0.6782
6908.3171,181,1,"Application Compose",0.4745
6909.9267,181,1,"SubmitCommandLists",1.5858
6909.9699,181,1,"Shadowmap packing",0.000199999995
6909.9734,181,1,"Render",0.677600026
6909.9759,181,1,"Procedural Animations",0.00340000005
6909.9784,181,1,"Script Components",0.000699999975
6909.9825,181,1,"CPU Frame",21.6832008
6909.9845,181,1,"Input",0.333200008
6909.9899,181,1,"GUI Update",0.0825000033
6909.9922,181,1,"Frustum Culling",0.0535999984
6909.9941,181,1,"Animations",0.000300000014
6909.9961,181,1,"Spring Dependencies",0.000500000024
6909.9988,181,1,"GUI Render",0.0835999995
6910.0006,181,1,"Physics",0.0131000001
6910.0025,181,1,"Update",20.0135994
6910.0043,181,1,"Fixed Update",0.00810000021
6910.0062,181,1,"Spline Update",0.000600000028
6910.0081,181,1,"Compose",0.47420001
6910.01,181,1,"Update Buffers (CPU)",0.171100006
6930.5229,182,1,"RenderPath3D Update",0.3612
6930.5333,182,1,"Application Update",20.3165
6931.1198,182,1,"Application Render",0.5827
6931.589,182,1,"Application Compose",0.4278
6932.4564,182,1,"SubmitCommandLists",0.8515
6932.4791,182,1,"Shadowmap packing",0.000300000014
6932.4823,182,1,"Render",0.582099974
6932.4842,182,1,"Procedural Animations",0.00249999994
6932.4865,182,1,"Script Components",0.000899999985
6932.489,182,1,"CPU Frame",21.6404991
6932.491,182,1,"Input",0.146799996
6932.4932,182,1,"GUI Update",0.1611
6932.4951,182,1,"Frustum Culling",0.0467999987
6932.4972,182,1,"Animations",9.99999975e-05
6932.4995,182,1,"Spring Dependencies",0.000300000014
6932.5017,182,1,"GUI Render",0.0973000005
6932.5036,182,1,"Physics",0.00899999961
6932.5057,182,1,"Update",20.3162003
6932.5075,182,1,"Fixed Update",0.00499999989
6932.5094,182,1,"Spline Update",0.00150000001
6932.5112,182,1,"Compose",0.427300006
6932.513,182,1,"Update Buffers (CPU)",0.1043
6950.9452,183,1,"RenderPath3D Update",0.3729
6950.9644,183,1,"Application Update",18.2723
6951.6881,183,1,"Application Render",0.7202
6952.1082,183,1,"Application Compose",0.3964
6953.106,183,1,"SubmitCommandLists",0.9883
6953.1279,183,1,"Shadowmap packing",0.00079999998
6953.1312,183,1,"Render",0.719600022
6953.1332,183,1,"Procedural Animations",0.00350000011
6953.1354,183,1,"Script Components",0.000300000014
6953.1379,183,1,"CPU Frame",19.6459007
6953.1398,183,1,"Input",0.168599993
6953.142,183,1,"GUI Update",0.0672999993
6953.144,183,1,"Frustum Culling",0.0439999998
6953.1459,183,1,"Animations",0.000300000014
6953.1477,183,1,"Spring Dependencies",0.000199999995
6953.1498,183,1,"GUI Render",0.124499999
6953.1516,183,1,"Physics",0.0109000001
6953.1536,183,1,"Update",18.2714996
6953.1555,183,1,"Fixed Update",0.00400000019
6953.1575,183,1,"Spline Update",0.000600000028
6953.1593,183,1,"Compose",0.396100014
6953.1611,183,1,"Update Buffers (CPU)",0.134200007
6973.0974,184,1,"RenderPath3D Update",0.3021
6973.1113,184,1,"Application Update",19.7743
6973.5974,184,1,"Application Render",0.4833
6974.0392,184,1,"Application Compose",0.4048
6974.9432,184,1,"SubmitCommandLists",0.892
6974.9743,184,1,"Shadowmap packing",0.000300000014
6974.9779,184,1,"Render",0.48269999
6974.9798,184,1,"Procedural Animations",0.00120000006
6974.9821,184,1,"Script Components",0.000199999995
6974.9847,184,1,"CPU Frame",20.9293995
6974.9873,184,1,"Input",0.167300001
6974.9897,184,1,"GUI Update",0.0412999988
6974.9917,184,1,"Frustum Culling",0.0527000017
6974.9935,184,1,"Animations",0.000300000014
6974.9956,184,1,"Spring Dependencies",0.000199999995
6974.9975,184,1,"GUI Render",0.141800001
6974.9995,184,1,"Physics",0.00669999979
6975.002,184,1,"Update",19.7738991
6975.0038,184,1,"Fixed Update",0.00319999992
6975.0056,184,1,"Spline Update",0.000300000014
6975.0075,184,1,"Compose",0.404300004
6975.0093,184,1,"Update Buffers (CPU)",0.0732000023
6992.7931,185,1,"RenderPath3D Update",0.1771
6992.8009,185,1,"Application Update",17.6138
6993.3144,185,1,"Application Render",0.5106
6993.744,185,1,"Application Compose",0.4025
6994.6639,185,1,"SubmitCommandLists",0.9091
6994.6911,185,1,"Shadowmap packing",0.000199999995
6994.6944,185,1,"Render",0.510200024
6994.6965,185,1,"Procedural Animations",0.00120000006
6994.6989,185,1,"Script Components",0.000300000014
6994.7018,185,1,"CPU Frame",18.7919998
6994.7039,185,1,"Input",0.167400002
6994.7067,185,1,"GUI Update",0.0403000005
6994.7087,185,1,"Frustum Culling",0.0445000008
6994.7107,185,1,"Animations",9.99999975e-05
6994.7131,185,1,"Spring Dependencies",0.000199999995
6994.716,185,1,"GUI Render",0.157600001
6994.7179,185,1,"Physics",0.00870000012
6994.7201,185,1,"Update",17.6135006
6994.7218,185,1,"Fixed Update",0.00310000009
6994.7236,185,1,"Spline Update",0.00039999999
6994.7255,185,1,"Compose",0.40200001
6994.7273,185,1,"Update Buffers (CPU)",0.0794999972
7012.1512,186,1,"RenderPath3D Update",0.1938
7012.1615,186,1,"Application Update",17.2621
7012.6816,186,1,"Application Render",0.5004
7013.1279,186,1,"Application Compose",0.4137
7014.0344,186,1,"SubmitCommandLists",0.8947
7014.0888,186,1,"Shadowmap packing",0.000600000028
7014.0922,186,1,"Render",0.499900013
7014.0942,186,1,"Procedural Animations",0.00159999996
7014.0968,186,1,"Script Components",0.000300000014
7014.099,186,1,"CPU Frame",18.4564991
7014.1011,186,1,"Input",0.163399994
7014.1034,186,1,"GUI Update",0.0450999998
7014.1055,186,1,"Frustum Culling",0.0394000001
7014.1074,186,1,"Animations",0.000199999995
7014.1092,186,1,"Spring Dependencies",0.000199999995
7014.1111,186,1,"GUI Render",0.0785000026
7014.1129,186,1,"Physics",0.00689999992
7014.1147,186,1,"Update",17.2616997
7014.1164,186,1,"Fixed Update",0.00230000005
7014.1181,186,1,"Spline Update",0.000300000014
7014.12,186,1,"Compose",0.413199991
7014.1218,186,1,"Update Buffers (CPU)",0.135700002
7031.6006,187,1,"RenderPath3D Update",0.3057
7031.6089,187,1,"Application Update",17.3452
7032.0047,187,1,"Application Render",0.3927
7032.4284,187,1,"Application Compose",0.3997
7033.3126,187,1,"SubmitCommandLists",0.8719
7033.343,187,1,"Shadowmap packing",0.000199999995
7033.3464,187,1,"Render",0.392399997
7033.3492,187,1,"Procedural Animations",0.00449999981
7033.3515,187,1,"Script Components",0.000600000028
7033.3541,187,1,"CPU Frame",18.3577995
7033.3559,187,1,"Input",0.132799998
7033.3586,187,1,"GUI Update",0.0764999986
7033.3605,187,1,"Frustum Culling",0.0472999997
7033.3626,187,1,"Animations",0.00039999999
7033.3645,187,1,"Spring Dependencies",0.00039999999
7033.3664,187,1,"GUI Render",0.0480000004
7033.3681,187,1,"Physics",0.0109000001
7033.3701,187,1,"Update",17.3449993
7033.3718,187,1,"Fixed Update",0.00340000005
7033.3737,187,1,"Spline Update",0.000500000024
7033.3756,187,1,"Compose",0.399100006
7033.3774,187,1,"Update Buffers (CPU)",0.0812999979
7051.2399,188,1,"RenderPath3D Update",0.3266
7051.2561,188,1,"Application Update",17.7126
7051.854,188,1,"Application Render",0.5948
7052.2863,188,1,"Application Compose",0.4
7053.0768,188,1,"SubmitCommandLists",0.7805
7053.0967,188,1,"Shadowmap packing",0.00139999995
7053.0998,188,1,"Render",0.594200015
7053.1018,188,1,"Procedural Animations",0.00109999999
7053.1041,188,1,"Script Components",0.000300000014
7053.1064,188,1,"CPU Frame",18.9631996
7053.1083,188,1,"Input",0.155200005
7053.1106,188,1,"GUI Update",0.0416000001
7053.1126,188,1,"Frustum Culling",0.071800001
7053.1145,188,1,"Animations",0.000199999995
7053.1164,188,1,"Spring Dependencies",0.000199999995
7053.1184,188,1,"GUI Render",0.0821999982
7053.1201,188,1,"Physics",0.00499999989
7053.122,188,1,"Update",17.7120991
7053.1238,188,1,"Fixed Update",0.00359999994
7053.1257,188,1,"Spline Update",0.000199999995
7053.1274,188,1,"Compose",0.399699986
7053.1292,188,1,"Update Buffers (CPU)",0.125
7070.3758,189,1,"RenderPath3D Update",0.3222
7070.392,189,1,"Application Update",17.1146
7071.1921,189,1,"Application Render",0.7934
7071.6924,189,1,"Application Compose",0.4371
7072.7515,189,1,"SubmitCommandLists",1.0441
7072.8088,189,1,"Shadowmap packing",0.000500000024
7072.8136,189,1,"Render",0.791700006
7072.8162,189,1,"Procedural Animations",0.00419999985
7072.8188,189,1,"Script Components",0.00079999998
7072.8238,189,1,"CPU Frame",18.6117992
7072.8266,189,1,"Input",0.138899997
7072.8301,189,1,"GUI Update",0.0847000033
7072.8324,189,1,"Frustum Culling",0.0381999984
7072.8348,189,1,"Animations",9.99999975e-05
7072.8375,189,1,"Spring Dependencies",0.000199999995
7072.8398,189,1,"GUI Render",0.104400001
7072.8415,189,1,"Physics",0.0124000004
7072.8441,189,1,"Update",17.1142006
7072.8464,189,1,"Fixed Update",0.00289999996
7072.8488,189,1,"Spline Update",0.000899999985
7072.8509,189,1,"Compose",0.4366
7072.8527,189,1,"Update Buffers (CPU)",0.200200006
7090.2949,190,1,"RenderPath3D Update",0.2008
7090.3046,190,1,"Application Update",17.1882
7090.7014,190,1,"Application Render",0.3939
7091.1368,190,1,"Application Compose",0.4017
7091.9026,190,1,"SubmitCommandLists",0.7554
7091.9384,190,1,"Shadowmap packing",0.000300000014
7091.9424,190,1,"Render",0.393700004
7091.9444,190,1,"Procedural Animations",0.00139999995
7091.9468,190,1,"Script Components",0.00039999999
7091.9938,190,1,"CPU Frame",18.3670998
7091.9961,190,1,"Input",0.247600004
7091.9995,190,1,"GUI Update",0.0445000008
7092.0021,190,1,"Frustum Culling",0.0553000011
7092.004,190,1,"Animations",9.99999975e-05
7092.007,190,1,"Spring Dependencies",0.000300000014
7092.0097,190,1,"GUI Render",0.0593000017
7092.0116,190,1,"Physics",0.00829999987
7092.0139,190,1,"Update",17.1879005
7092.0156,190,1,"Fixed Update",0.00439999998
7092.0177,190,1,"Spline Update",0.000199999995
7092.0196,190,1,"Compose",0.401300013
7092.0217,190,1,"Update Buffers (CPU)",0.0847999975
7109.3464,191,1,"RenderPath3D Update",0.2282
7109.3598,191,1,"Application Update",17.1374
7109.7952,191,1,"Application Render",0.4325
7110.2379,191,1,"Application Compose",0.4162
7111.0088,191,1,"SubmitCommandLists",0.7596
7111.0324,191,1,"Shadowmap packing",0.000199999995
7111.0355,191,1,"Render",0.431800008
7111.0375,191,1,"Procedural Animations",0.0013
7111.0399,191,1,"Script Components",0.000500000024
7111.0421,191,1,"CPU Frame",18.3255997
7111.0442,191,1,"Input",0.187700003
7111.0463,191,1,"GUI Update",0.0610999987
7111.0483,191,1,"Frustum Culling",0.0582000017
7111.0502,191,1,"Animations",0.000300000014
7111.0521,191,1,"Spring Dependencies",0.00100000005
7111.0543,191,1,"GUI Render",0.0522999987
7111.056,191,1,"Physics",0.00789999962
7111.0583,191,1,"Update",17.1371002
7111.0601,191,1,"Fixed Update",0.00469999993
7111.0619,191,1,"Spline Update",0.000300000014
7111.0638,191,1,"Compose",0.415899992
7111.0656,191,1,"Update Buffers (CPU)",0.119099997
7128.9164,192,1,"RenderPath3D Update",0.2298
7128.9241,192,1,"Application Update",17.714
7129.3715,192,1,"Application Render",0.4446
7129.8517,192,1,"Application Compose",0.429
7131.0085,192,1,"SubmitCommandLists",1.1439
7131.0364,192,1,"Shadowmap packing",0.000300000014
7131.0403,192,1,"Render",0.444200009
7131.0421,192,1,"Procedural Animations",0.00100000005
7131.045,192,1,"Script Components",0.00079999998
7131.0475,192,1,"CPU Frame",18.8390007
7131.0494,192,1,"Input",0.136299998
7131.0519,192,1,"GUI Update",0.0489999987
7131.0543,192,1,"Frustum Culling",0.0410000011
7131.0562,192,1,"Animations",9.99999975e-05
7131.0586,192,1,"Spring Dependencies",0.000300000014
7131.0614,192,1,"GUI Render",0.0759000033
7131.0631,192,1,"Physics",0.00659999996
7131.0651,192,1,"Update",17.7136993
7131.0669,192,1,"Fixed Update",0.00209999993
7131.0688,192,1,"Spline Update",0.000300000014
7131.0706,192,1,"Compose",0.428600013
7131.0724,192,1,"Update Buffers (CPU)",0.102899998
7148.2633,193,1,"RenderPath3D Update",0.3829
7148.2788,193,1,"Application Update",17.0248
7148.8916,193,1,"Application Render",0.608
7149.4865,193,1,"Application Compose",0.5623
7150.2518,193,1,"SubmitCommandLists",0.7503
7150.2745,193,1,"Shadowmap packing",0.000500000024
7150.2776,193,1,"Render",0.607599974
7150.2795,193,1,"Procedural Animations",0.00170000002
7150.282,193,1,"Script Components",0.0013
7150.2845,193,1,"CPU Frame",18.4729004
7150.2866,193,1,"Input",0.166199997
7150.2891,193,1,"GUI Update",0.0909999982
7150.2911,193,1,"Frustum Culling",0.0843999982
7150.2931,193,1,"Animations",9.99999975e-05
7150.2956,193,1,"Spring Dependencies",0.000600000028
7150.2978,193,1,"GUI Render",0.105099998
7150.2996,193,1,"Physics",0.00850000046
7150.3016,193,1,"Update",17.0244999
7150.3033,193,1,"Fixed Update",0.00359999994
7150.3058,193,1,"Spline Update",0.000500000024
7150.3077,193,1,"Compose",0.561999977
7150.3094,193,1,"Update Buffers (CPU)",0.0715999976
7168.0577,194,1,"RenderPath3D Update",0.3914
7168.0725,194,1,"Application Update",17.6063
7168.6838,194,1,"Application Render",0.6077
7169.1642,194,1,"Application Compose",0.4255
7170.2143,194,1,"SubmitCommandLists",1.0386
7170.2541,194,1,"Shadowmap packing",0.00079999998
7170.258,194,1,"Render",0.607299984
7170.2602,194,1,"Procedural Animations",0.00230000005
7170.2629,194,1,"Script Components",0.00109999999
7170.2652,194,1,"CPU Frame",18.9090004
7170.2672,194,1,"Input",0.146500006
7170.2696,194,1,"GUI Update",0.0995000005
7170.2717,194,1,"Frustum Culling",0.0467999987
7170.2736,194,1,"Animations",0.000199999995
7170.2755,194,1,"Spring Dependencies",0.000300000014
7170.3153,194,1,"GUI Render",0.122900002
7170.3174,194,1,"Physics",0.0115
7170.3198,194,1,"Update",17.6060009
7170.3217,194,1,"Fixed Update",0.00380000006
7170.3237,194,1,"Spline Update",0.00139999995
7170.3256,194,1,"Compose",0.425099999
7170.3276,194,1,"Update Buffers (CPU)",0.126399994
7188.3166,195,1,"RenderPath3D Update",0.2111
7188.3246,195,1,"Application Update",17.8452
7188.8115,195,1,"Application Render",0.4838
7189.2335,195,1,"Application Compose",0.3975
7190.2523,195,1,"SubmitCommandLists",1.0084
7190.2759,195,1,"Shadowmap packing",0.000199999995
7190.2796,195,1,"Render",0.483599991
7190.2816,195,1,"Procedural Animations",0.00150000001
7190.2839,195,1,"Script Components",0.000300000014
7190.2863,195,1,"CPU Frame",19.0021992
7190.2883,195,1,"Input",0.140900001
7190.2907,195,1,"GUI Update",0.0414999984
7190.2928,195,1,"Frustum Culling",0.0478999987
7190.2948,195,1,"Animations",0.000199999995
7190.2966,195,1,"Spring Dependencies",0.000300000014
7190.2988,195,1,"GUI Render",0.180399999
7190.3006,195,1,"Physics",0.00540000014
7190.3027,195,1,"Update",17.8448009
7190.3045,195,1,"Fixed Update",0.00449999981
7190.3063,195,1,"Spline Update",0.00039999999
7190.3082,195,1,"Compose",0.397100002
7190.3099,195,1,"Update Buffers (CPU)",0.070100002
7208.1748,196,1,"RenderPath3D Update",0.2282
7208.1836,196,1,"Application Update",17.7225
7208.7489,196,1,"Application Render",0.5625
7209.1768,196,1,"Application Compose",0.4
7209.8512,196,1,"SubmitCommandLists",0.664
7209.8726,196,1,"Shadowmap packing",0.000199999995
7209.8756,196,1,"Render",0.562099993
7209.8776,196,1,"Procedural Animations",0.00139999995
7209.88,196,1,"Script Components",0.000500000024
7209.8827,196,1,"CPU Frame",18.9176998
7209.8846,196,1,"Input",0.1417
7209.8868,196,1,"GUI Update",0.054299999
7209.889,196,1,"Frustum Culling",0.0509000011
7209.891,196,1,"Animations",9.99999975e-05
7209.8934,196,1,"Spring Dependencies",0.000300000014
7209.8956,196,1,"GUI Render",0.1241
7209.8973,196,1,"Physics",0.00960000046
7209.8992,196,1,"Update",17.7222004
7209.9009,196,1,"Fixed Update",0.00310000009
7209.9027,196,1,"Spline Update",0.000500000024
7209.9046,196,1,"Compose",0.399599999
7209.9063,196,1,"Update Buffers (CPU)",0.119000003
7227.2102,197,1,"RenderPath3D Update",0.2366
7227.2205,197,1,"Application Update",17.1641
7227.6707,197,1,"Application Render",0.4473
7228.1157,197,1,"Application Compose",0.418
7228.8073,197,1,"SubmitCommandLists",0.682
7228.8264,197,1,"Shadowmap packing",0.000300000014
7228.8298,197,1,"Render",0.44690001
7228.8317,197,1,"Procedural Animations",0.00200000009
7228.834,197,1,"Script Components",0.000899999985
7228.8373,197,1,"CPU Frame",18.2586002
7228.8393,197,1,"Input",0.142199993
7228.8416,197,1,"GUI Update",0.0588999987
7228.8435,197,1,"Frustum Culling",0.0566999987
7228.8454,197,1,"Animations",0.000199999995
7228.8474,197,1,"Spring Dependencies",0.000699999975
7228.8495,197,1,"GUI Render",0.0588999987
7228.8512,197,1,"Physics",0.00730000017
7228.8531,197,1,"Update",17.1637993
7228.855,197,1,"Fixed Update",0.00190000003
7228.8569,197,1,"Spline Update",0.000600000028
7228.8588,197,1,"Compose",0.417800009
7228.8606,197,1,"Update Buffers (CPU)",0.106299996
7247.0104,198,1,"RenderPath3D Update",0.2948
7247.0252,198,1,"Application Update",18.0256
7247.5465,198,1,"Application Render",0.5186
7247.9893,198,1,"Application Compose",0.4168
7248.9259,198,1,"SubmitCommandLists",0.9268
7248.9545,198,1,"Shadowmap packing",0.00039999999
7248.9576,198,1,"Render",0.5176
7248.9595,198,1,"Procedural Animations",0.00120000006
7248.9617,198,1,"Script Components",0.000300000014
7248.964,198,1,"CPU Frame",19.1774998
7248.9661,198,1,"Input",0.130500004
7248.9684,198,1,"GUI Update",0.0403999984
7248.9705,198,1,"Frustum Culling",0.0949999988
7248.9725,198,1,"Animations",9.99999975e-05
7248.9749,198,1,"Spring Dependencies",0.000199999995
7248.9772,198,1,"GUI Render",0.140900001
7248.979,198,1,"Physics",0.0055999998
7248.9811,198,1,"Update",18.0254002
7248.9828,198,1,"Fixed Update",0.0027999999
7248.9846,198,1,"Spline Update",0.000300000014
7249.0145,198,1,"Compose",0.416500002
7249.0165,198,1,"Update Buffers (CPU)",0.0732000023
7266.9682,199,1,"RenderPath3D Update",0.1381
7266.9771,199,1,"Application Update",17.8092
7267.5289,199,1,"Application Render",0.5491
7267.9918,199,1,"Application Compose",0.4237
7269.0279,199,1,"SubmitCommandLists",1.0191
7269.0565,199,1,"Shadowmap packing",0.000199999995
7269.0611,199,1,"Render",0.548600018
7269.0631,199,1,"Procedural Animations",0.00120000006
7269.0656,199,1,"Script Components",0.000300000014
7269.0684,199,1,"CPU Frame",19.0568008
7269.0705,199,1,"Input",0.140900001
7269.0727,199,1,"GUI Update",0.0372000001
7269.0748,199,1,"Frustum Culling",0.0465999991
7269.0768,199,1,"Animations",9.99999975e-05
7269.0794,199,1,"Spring Dependencies",0.000300000014
7269.0819,199,1,"GUI Render",0.0487999991
7269.0838,199,1,"Physics",0.00579999993
7269.0857,199,1,"Update",17.8089008
7269.0875,199,1,"Fixed Update",0.00380000006
7269.0893,199,1,"Spline Update",0.000300000014
7269.0912,199,1,"Compose",0.423000008
7269.0929,199,1,"Update Buffers (CPU)",0.0873999968
7288.6488,200,1,"RenderPath3D Update",0.2105
7288.659,200,1,"Application Update",19.3931
7289.1064,200,1,"Application Render",0.4444
7289.7205,200,1,"Application Compose",0.5711
7291.463,200,1,"SubmitCommandLists",1.6975
7291.5641,200,1,"Shadowmap packing",0.000199999995
7291.5728,200,1,"Render",0.443899989
7291.5753,200,1,"Procedural Animations",0.00150000001
7291.5811,200,1,"Script Components",0.000300000014
7291.5851,200,1,"CPU Frame",20.6973991
7291.5879,200,1,"Input",0.155000001
7291.5911,200,1,"GUI Update",0.0719999969
7291.5942,200,1,"Frustum Culling",0.0339000002
7291.5971,200,1,"Animations",0.000199999995
7291.6017,200,1,"Spring Dependencies",0.000899999985
7291.6066,200,1,"GUI Render",0.0784000009
7291.6117,200,1,"Physics",0.00910000037
7291.6162,200,1,"Update",19.3927002
7291.6196,200,1,"Fixed Update",0.0104999999
7291.6233,200,1,"Spline Update",0.000500000024
7291.6271,200,1,"Compose",0.570800006
7291.6301,200,1,"Update Buffers (CPU)",0.108199999
7311.1099,201,1,"RenderPath3D Update",0.3235
7311.1359,201,1,"Application Update",19.3101
7311.8559,201,1,"Application Render",0.7144
7312.331,201,1,"Application Compose",0.4358
7313.2824,201,1,"SubmitCommandLists",0.9365
7313.3326,201,1,"Shadowmap packing",0.000899999985
7313.3365,201,1,"Render",0.713100016
7313.3384,201,1,"Procedural Animations",0.00430000015
7313.3407,201,1,"Script Components",0.00079999998
7313.343,201,1,"CPU Frame",20.8055
7313.3451,201,1,"Input",0.1787
7313.3474,201,1,"GUI Update",0.108499996
7313.3494,201,1,"Frustum Culling",0.0498999991
7313.3514,201,1,"Animations",0.000300000014
7313.3532,201,1,"Spring Dependencies",0.00039999999
7313.3554,201,1,"GUI Render",0.103299998
7313.3571,201,1,"Physics",0.0186999999
7313.359,201,1,"Update",19.3092995
7313.3608,201,1,"Fixed Update",0.00540000014
7313.3627,201,1,"Spline Update",0.00109999999
7313.3648,201,1,"Compose",0.435200006
7313.3666,201,1,"Update Buffers (CPU)",0.141100004
7332.9147,202,1,"RenderPath3D Update",0.3705
7332.9353,202,1,"Application Update",19.427
7333.3503,202,1,"Application Render",0.411
7333.8488,202,1,"Application Compose",0.4745
7334.6194,202,1,"SubmitCommandLists",0.7596
7334.6423,202,1,"Shadowmap packing",0.000500000024
7334.6455,202,1,"Render",0.410100013
7334.6474,202,1,"Procedural Animations",0.00139999995
7334.6498,202,1,"Script Components",0.000300000014
7334.6526,202,1,"CPU Frame",20.5359993
7334.6544,202,1,"Input",0.132300004
7334.6566,202,1,"GUI Update",0.0732000023
7334.6585,202,1,"Frustum Culling",0.0762000009
7334.6603,202,1,"Animations",0.00039999999
7334.6621,202,1,"Spring Dependencies",0.000300000014
7334.6641,202,1,"GUI Render",0.0614
7334.6659,202,1,"Physics",0.00609999988
7334.6677,202,1,"Update",19.4267006
7334.6694,202,1,"Fixed Update",0.00419999985
7334.6712,202,1,"Spline Update",0.000300000014
7334.673,202,1,"Compose",0.474099994
7334.6749,202,1,"Update Buffers (CPU)",0.077200003
7351.4891,203,1,"RenderPath3D Update",0.2451
7351.5013,203,1,"Application Update",16.6823
7352.0008,203,1,"Application Render",0.4968
7352.521,203,1,"Application Compose",0.4028
7353.1907,203,1,"SubmitCommandLists",0.6586
7353.2127,203,1,"Shadowmap packing",0.000500000024
7353.2158,203,1,"Render",0.496399999
7353.2179,203,1,"Procedural Animations",0.00100000005
7353.2202,203,1,"Script Components",0.000300000014
7353.2225,203,1,"CPU Frame",17.8978004
7353.2245,203,1,"Input",0.136199996
7353.227,203,1,"GUI Update",0.0384999998
7353.229,203,1,"Frustum Culling",0.0533000007
7353.2312,203,1,"Animations",0.000199999995
7353.2331,203,1,"Spring Dependencies",0.000199999995
7353.2352,203,1,"GUI Render",0.167699993
7353.237,203,1,"Physics",0.0185000002
7353.2391,203,1,"Update",16.6819992
7353.2409,203,1,"Fixed Update",0.00230000005
7353.2428,203,1,"Spline Update",0.000300000014
7353.2446,203,1,"Compose",0.402399987
7353.2464,203,1,"Update Buffers (CPU)",0.0658999979
7371.5856,204,1,"RenderPath3D Update",0.2328
7371.5939,204,1,"Application Update",18.2039
7372.1707,204,1,"Application Render",0.5739
7372.6744,204,1,"Application Compose",0.4542
7373.6835,204,1,"SubmitCommandLists",0.9949
7373.7172,204,1,"Shadowmap packing",0.000199999995
7373.721,204,1,"Render",0.573499978
7373.723,204,1,"Procedural Animations",0.00389999989
7373.7254,204,1,"Script Components",0.00039999999
7373.7284,204,1,"CPU Frame",19.4787006
7373.7312,204,1,"Input",0.134299994
7373.734,204,1,"GUI Update",0.063000001
7373.7359,204,1,"Frustum Culling",0.0559
7373.7378,204,1,"Animations",0.00039999999
7373.7396,204,1,"Spring Dependencies",0.00039999999
7373.7418,204,1,"GUI Render",0.0821999982
7373.7439,204,1,"Physics",0.0109000001
7373.7459,204,1,"Update",18.2035007
7373.7478,204,1,"Fixed Update",0.00329999998
7373.7503,204,1,"Spline Update",0.000300000014
7373.7523,204,1,"Compose",0.453700006
7373.7543,204,1,"Update Buffers (CPU)",0.141800001
7392.4174,205,1,"RenderPath3D Update",0.3898
7392.4329,205,1,"Application Update",18.4792
7392.9721,205,1,"Application Render",0.536
7393.396,205,1,"Application Compose",0.4009
7394.3324,205,1,"SubmitCommandLists",0.925
7394.3646,205,1,"Shadowmap packing",0.000500000024
7394.3682,205,1,"Render",0.5352
7394.3701,205,1,"Procedural Animations",0.00430000015
7394.3725,205,1,"Script Components",0.00100000005
7394.3767,205,1,"CPU Frame",19.7012997
7394.379,205,1,"Input",0.183500007
7394.3822,205,1,"GUI Update",0.109300002
7394.3841,205,1,"Frustum Culling",0.0546000004
7394.3862,205,1,"Animations",0.00039999999
7394.3881,205,1,"Spring Dependencies",0.000699999975
7394.3904,205,1,"GUI Render",0.151299998
7394.3921,205,1,"Physics",0.0234999992
7394.3942,205,1,"Update",18.4783993
7394.3959,205,1,"Fixed Update",0.00510000018
7394.3979,205,1,"Spline Update",0.000500000024
7394.3997,205,1,"Compose",0.4005
7394.4015,205,1,"Update Buffers (CPU)",0.0855000019
7412.3567,206,1,"RenderPath3D Update",0.2469
7412.368,206,1,"Application Update",17.7822
7413.0025,206,1,"Application Render",0.6298
7413.5282,206,1,"Application Compose",0.4658
7414.4592,206,1,"SubmitCommandLists",0.9157
7414.4923,206,1,"Shadowmap packing",0.000199999995
7414.4956,206,1,"Render",0.629499972
7414.4977,206,1,"Procedural Animations",0.00209999993
7414.4999,206,1,"Script Components",0.00039999999
7414.5023,206,1,"CPU Frame",19.1910992
7414.5042,206,1,"Input",0.173500001
7414.5068,206,1,"GUI Update",0.0476000011
7414.5087,206,1,"Frustum Culling",0.0615000017
7414.5105,206,1,"Animations",0.000199999995
7414.5124,206,1,"Spring Dependencies",0.000500000024
7414.5146,206,1,"GUI Render",0.141599998
7414.5164,206,1,"Physics",0.00980000012
7414.5182,206,1,"Update",17.7819004
7414.52,206,1,"Fixed Update",0.00340000005
7414.522,206,1,"Spline Update",0.000699999975
7414.5241,206,1,"Compose",0.465299994
7414.5264,206,1,"Update Buffers (CPU)",0.108000003
7432.6635,207,1,"RenderPath3D Update",0.3811
7432.6813,207,1,"Application Update",17.9907
7433.3836,207,1,"Application Render",0.699
7433.8595,207,1,"Application Compose",0.4237
7435.1425,207,1,"SubmitCommandLists",1.2642
7435.1754,207,1,"Shadowmap packing",0.000300000014
7435.1793,207,1,"Render",0.698400021
7435.1814,207,1,"Procedural Animations",0.00170000002
7435.2192,207,1,"Script Components",0.00079999998
7435.2219,207,1,"CPU Frame",19.3885994
7435.2241,207,1,"Input",0.154599994
7435.2275,207,1,"GUI Update",0.0917999968
7435.2295,207,1,"Frustum Culling",0.0551999994
7435.2314,207,1,"Animations",0.000199999995
7435.2332,207,1,"Spring Dependencies",0.000199999995
7435.2357,207,1,"GUI Render",0.0524000004
7435.2375,207,1,"Physics",0.00939999986
7435.2396,207,1,"Update",17.9902
7435.2415,207,1,"Fixed Update",0.00319999992
7435.2433,207,1,"Spline Update",0.00139999995
7435.2452,207,1,"Compose",0.423200011
7435.2472,207,1,"Update Buffers (CPU)",0.136399999
7452.9946,208,1,"RenderPath3D Update",0.2753
7453.005,208,1,"Application Update",17.5714
7453.6176,208,1,"Application Render",0.6071
7454.0813,208,1,"Application Compose",0.4328
7455.0887,208,1,"SubmitCommandLists",0.9955
7455.1224,208,1,"Shadowmap packing",0.000699999975
7455.1263,208,1,"Render",0.60589999
7455.1284,208,1,"Procedural Animations",0.00439999998
7455.1307,208,1,"Script Components",0.000500000024
7455.1335,208,1,"CPU Frame",18.9260998
7455.1354,208,1,"Input",0.169100001
7455.1379,208,1,"GUI Update",0.0816999972
7455.1399,208,1,"Frustum Culling",0.0452999994
7455.1418,208,1,"Animations",9.99999975e-05
7455.1442,208,1,"Spring Dependencies",0.000300000014
7455.1463,208,1,"GUI Render",0.0588000007
7455.1483,208,1,"Physics",0.0104999999
7455.1501,208,1,"Update",17.5711994
7455.1519,208,1,"Fixed Update",0.00579999993
7455.1539,208,1,"Spline Update",0.000699999975
7455.1557,208,1,"Compose",0.432099998
7455.1576,208,1,"Update Buffers (CPU)",0.134599999
7471.8634,209,1,"RenderPath3D Update",0.1956
7471.8725,209,1,"Application Update",16.5586
7472.3565,209,1,"Application Render",0.4811
7472.7841,209,1,"Application Compose",0.4023
7473.4195,209,1,"SubmitCommandLists",0.6255
7473.4431,209,1,"Shadowmap packing",9.99999975e-05
7473.4469,209,1,"Render",0.480800003
7473.4489,209,1,"Procedural Animations",0.00159999996
7473.4512,209,1,"Script Components",0.000300000014
7473.4537,209,1,"CPU Frame",17.6823997
7473.4558,209,1,"Input",0.143800005
7473.4588,209,1,"GUI Update",0.0434999987
7473.4607,209,1,"Frustum Culling",0.0439999998
7473.4627,209,1,"Animations",9.99999975e-05
7473.4645,209,1,"Spring Dependencies",0.00039999999
7473.4667,209,1,"GUI Render",0.0449000001
7473.4684,209,1,"Physics",0.00650000013
7473.4703,209,1,"Update",16.5583992
7473.472,209,1,"Fixed Update",0.00449999981
7473.4739,209,1,"Spline Update",0.000600000028
7473.4758,209,1,"Compose",0.401800007
7473.4776,209,1,"Update Buffers (CPU)",0.0834000036
7492.33,210,1,"RenderPath3D Update",0.2234
7492.3404,210,1,"Application Update",18.6972
7492.9674,210,1,"Application Render",0.6235
7493.405,210,1,"Application Compose",0.4007
7494.2694,210,1,"SubmitCommandLists",0.8544
7494.2918,210,1,"Shadowmap packing",0.000500000024
7494.295,210,1,"Render",0.623099983
7494.2969,210,1,"Procedural Animations",0.00490000006
7494.2992,210,1,"Script Components",0.000300000014
7494.3015,210,1,"CPU Frame",19.9792995
7494.3034,210,1,"Input",0.1523
7494.3056,210,1,"GUI Update",0.0538000017
7494.3076,210,1,"Frustum Culling",0.0368000008
7494.3095,210,1,"Animations",0.000300000014
7494.3113,210,1,"Spring Dependencies",0.000199999995
7494.3135,210,1,"GUI Render",0.0590000004
7494.3155,210,1,"Physics",0.0107000005
7494.3172,210,1,"Update",18.6970005
7494.319,210,1,"Fixed Update",0.00609999988
7494.3208,210,1,"Spline Update",0.000300000014
7494.3227,210,1,"Compose",0.400099993
7494.3244,210,1,"Update Buffers (CPU)",0.120399997
7511.6035,211,1,"RenderPath3D Update",0.1596
7511.6125,211,1,"Application Update",17.1507
7512.0061,211,1,"Application Render",0.3908
7512.4535,211,1,"Application Compose",0.4065
7513.3722,211,1,"SubmitCommandLists",0.908
7513.4055,211,1,"Shadowmap packing",0.00039999999
7513.4088,211,1,"Render",0.390500009
7513.4109,211,1,"Procedural Animations",0.00139999995
7513.4141,211,1,"Script Components",0.000300000014
7513.4167,211,1,"CPU Frame",18.1781006
7513.4186,211,1,"Input",0.1285
7513.4212,211,1,"GUI Update",0.0425999984
7513.4235,211,1,"Frustum Culling",0.0493000001
7513.4871,211,1,"Animations",9.99999975e-05
7513.49,211,1,"Spring Dependencies",0.000199999995
7513.4923,211,1,"GUI Render",0.0447999984
7513.4941,211,1,"Physics",0.00779999979
7513.4967,211,1,"Update",17.1504002
7513.4993,211,1,"Fixed Update",0.00310000009
7513.5013,211,1,"Spline Update",0.00039999999
7513.5032,211,1,"Compose",0.405999988
7513.5053,211,1,"Update Buffers (CPU)",0.0847999975
7531.7561,212,1,"RenderPath3D Update",0.3404
7531.78,212,1,"Application Update",18.1053
7532.4812,212,1,"Application Render",0.6948
7532.9975,212,1,"Application Compose",0.4504
7534.0704,212,1,"SubmitCommandLists",1.0566
7534.0935,212,1,"Shadowmap packing",0.000500000024
7534.0971,212,1,"Render",0.694199979
7534.0994,212,1,"Procedural Animations",0.00179999997
7534.1018,212,1,"Script Components",0.000300000014
7534.1042,212,1,"CPU Frame",19.6147995
7534.1062,212,1,"Input",0.157100007
7534.1088,212,1,"GUI Update",0.0557000004
7534.1107,212,1,"Frustum Culling",0.100400001
7534.1126,212,1,"Animations",9.99999975e-05
7534.1149,212,1,"Spring Dependencies",0.000699999975
7534.1173,212,1,"GUI Render",0.0829999968
7534.1194,212,1,"Physics",0.0126999998
7534.1212,212,1,"Update",18.1046009
7534.123,212,1,"Fixed Update",0.00549999997
7534.125,212,1,"Spline Update",0.00039999999
7534.1272,212,1,"Compose",0.449000001
7534.129,212,1,"Update Buffers (CPU)",0.167400002
7551.6707,213,1,"RenderPath3D Update",0.1489
7551.6786,213,1,"Application Update",17.4029
7552.0219,213,1,"Application Render",0.3405
7552.4439,213,1,"Application Compose",0.3995
7553.4258,213,1,"SubmitCommandLists",0.9722
7553.4528,213,1,"Shadowmap packing",0.000300000014
7553.4565,213,1,"Render",0.34009999
7553.4585,213,1,"Procedural Animations",0.00109999999
7553.4611,213,1,"Script Components",0.000199999995
7553.4638,213,1,"CPU Frame",18.3666992
7553.4666,213,1,"Input",0.137799993
7553.469,213,1,"GUI Update",0.0403999984
7553.4713,213,1,"Frustum Culling",0.0456999987
7553.4732,213,1,"Animations",0.000199999995
7553.4751,213,1,"Spring Dependencies",0.000199999995
7553.477,213,1,"GUI Render",0.0507000014
7553.4788,213,1,"Physics",0.00609999988
7553.4808,213,1,"Update",17.4025002
7553.4825,213,1,"Fixed Update",0.00319999992
7553.4846,213,1,"Spline Update",0.000300000014
7553.4865,213,1,"Compose",0.399300009
7553.4882,213,1,"Update Buffers (CPU)",0.104099996
7571.8224,214,1,"RenderPath3D Update",0.2885
7571.831,214,1,"Application Update",18.1354
7572.3226,214,1,"Application Render",0.4886
7572.8188,214,1,"Application Compose",0.4683
7574.0094,214,1,"SubmitCommandLists",1.17
7574.0421,214,1,"Shadowmap packing",0.00039999999
7574.0456,214,1,"Render",0.488200009
7574.0477,214,1,"Procedural Animations",0.00319999992
7574.0501,214,1,"Script Components",0.00100000005
7574.0527,214,1,"CPU Frame",19.3875999
7574.0548,214,1,"Input",0.195600003
7574.0576,214,1,"GUI Update",0.0741000026
7574.0597,214,1,"Frustum Culling",0.0456000008
7574.0618,214,1,"Animations",0.000300000014
7574.0638,214,1,"Spring Dependencies",0.00079999998
7574.0661,214,1,"GUI Render",0.127399996
7574.0678,214,1,"Physics",0.0103000002
7574.0698,214,1,"Update",18.1350994
7574.0717,214,1,"Fixed Update",0.00310000009
7574.0734,214,1,"Spline Update",0.00120000006
7574.0754,214,1,"Compose",0.467900008
7574.0775,214,1,"Update Buffers (CPU)",0.0785000026
7592.0708,215,1,"RenderPath3D Update",0.3718
7592.0852,215,1,"Application Update",17.784
7592.7495,215,1,"Application Render",0.6591
7593.3141,215,1,"Application Compose",0.4686
7594.8081,215,1,"SubmitCommandLists",1.476
7594.8928,215,1,"Shadowmap packing",0.000300000014
7594.8991,215,1,"Render",0.657599986
7594.9028,215,1,"Procedural Animations",0.00359999994
7594.907,215,1,"Script Components",0.0013
7594.9118,215,1,"CPU Frame",19.2940006
7594.9154,215,1,"Input",0.208100006
7594.9206,215,1,"GUI Update",0.104199998
7594.9243,215,1,"Frustum Culling",0.0419000015
7594.928,215,1,"Animations",0.000600000028
7594.9316,215,1,"Spring Dependencies",0.00100000005
7594.9361,215,1,"GUI Render",0.0971999988
7594.9396,215,1,"Physics",0.0230999999
7594.9432,215,1,"Update",17.7833996
7595.0202,215,1,"Fixed Update",0.00680000009
7595.0244,215,1,"Spline Update",0.000500000024
7595.0286,215,1,"Compose",0.467900008
7595.0324,215,1,"Update Buffers (CPU)",0.141299993
7621.8803,216,1,"RenderPath3D Update",0.3589
7621.9017,216,1,"Application Update",26.6202
7622.7333,216,1,"Application Render",0.828
7623.491,216,1,"Application Compose",0.6683
7625.2352,216,1,"SubmitCommandLists",1.7183
7625.3164,216,1,"Shadowmap packing",0.00039999999
7625.3221,216,1,"Render",0.827300012
7625.3241,216,1,"Procedural Animations",0.0037
7625.3276,216,1,"Script Components",0.000300000014
7625.3319,216,1,"CPU Frame",28.6502991
7625.3345,216,1,"Input",0.223399997
7625.3378,216,1,"GUI Update",0.0443999991
7625.3398,216,1,"Frustum Culling",0.0815000013
7625.3419,216,1,"Animations",0.000199999995
7625.3438,216,1,"Spring Dependencies",0.000199999995
7625.3464,216,1,"GUI Render",0.0856999978
7625.3483,216,1,"Physics",0.0142999999
7625.3507,216,1,"Update",26.6194
7625.3526,216,1,"Fixed Update",0.00879999995
7625.3558,216,1,"Spline Update",0.000300000014
7625.3577,216,1,"Compose",0.667699993
7625.3595,216,1,"Update Buffers (CPU)",0.167199999
7647.376,217,1,"RenderPath3D Update",0.3378
7647.3863,217,1,"Application Update",21.8147
7648.0465,217,1,"Application Render",0.6567
7648.5125,217,1,"Application Compose",0.424
7649.3706,217,1,"SubmitCommandLists",0.8476
7649.4114,217,1,"Shadowmap packing",0.000699999975
7649.4156,217,1,"Render",0.656300008
7649.4175,217,1,"Procedural Animations",0.00139999995
7649.4201,217,1,"Script Components",0.000500000024
7649.424,217,1,"CPU Frame",23.2441998
7649.426,217,1,"Input",0.193200007
7649.4294,217,1,"GUI Update",0.0432999991
7649.4318,217,1,"Frustum Culling",0.0926999971
7649.4343,217,1,"Animations",9.99999975e-05
7649.4376,217,1,"Spring Dependencies",0.000199999995
7649.4402,217,1,"GUI Render",0.104000002
7649.442,217,1,"Physics",0.0083999997
7649.4441,217,1,"Update",21.8141994
7649.4459,217,1,"Fixed Update",0.00820000004
7649.4477,217,1,"Spline Update",0.000300000014
7649.4505,217,1,"Compose",0.423299998
7649.4528,217,1,"Update Buffers (CPU)",0.139300004
7669.477,218,1,"RenderPath3D Update",0.3069
7669.4853,218,1,"Application Update",19.7276
7670.2566,218,1,"Application Render",0.7681
7671.0244,218,1,"Application Compose",0.6579
7673.1755,218,1,"SubmitCommandLists",2.1179
7673.2272,218,1,"Shadowmap packing",0.000300000014
7673.2321,218,1,"Render",0.767499983
7673.2352,218,1,"Procedural Animations",0.00190000003
7673.2396,218,1,"Script Components",0.000600000028
7673.2435,218,1,"CPU Frame",21.6527996
7673.2465,218,1,"Input",0.282700002
7673.2499,218,1,"GUI Update",0.0965000018
7673.2535,218,1,"Frustum Culling",0.0537
7673.2574,218,1,"Animations",0.000300000014
7673.2605,218,1,"Spring Dependencies",0.000199999995
7673.2636,218,1,"GUI Render",0.108199999
7673.2665,218,1,"Physics",0.0114000002
7673.2701,218,1,"Update",19.7273006
7673.2727,218,1,"Fixed Update",0.00850000046
7673.2755,218,1,"Spline Update",0.00079999998
7673.2785,218,1,"Compose",0.657299995
7673.2817,218,1,"Update Buffers (CPU)",0.113200001
7693.5014,219,1,"RenderPath3D Update",0.3018
7693.5142,219,1,"Application Update",19.8647
7694.2568,219,1,"Application Render",0.7394
7694.7202,219,1,"Application Compose",0.4188
7695.6181,219,1,"SubmitCommandLists",0.8863
7695.6411,219,1,"Shadowmap packing",0.000300000014
7695.6445,219,1,"Render",0.739099979
7695.6464,219,1,"Procedural Animations",0.00260000001
7695.6491,219,1,"Script Components",0.000600000028
7695.6613,219,1,"CPU Frame",21.5265999
7695.6631,219,1,"Input",0.338200003
7695.6653,219,1,"GUI Update",0.0649999976
7695.6672,219,1,"Frustum Culling",0.0549000017
7695.6691,219,1,"Animations",0.000300000014
7695.671,219,1,"Spring Dependencies",0.000199999995
7695.6733,219,1,"GUI Render",0.128299996
7695.6751,219,1,"Physics",0.0143999998
7695.6772,219,1,"Update",19.8637009
7695.6789,219,1,"Fixed Update",0.0153999999
7695.6808,219,1,"Spline Update",0.0013
7695.6827,219,1,"Compose",0.418099999
7695.6844,219,1,"Update Buffers (CPU)",0.185399994
7715.5423,220,1,"RenderPath3D Update",0.5294
7715.5839,220,1,"Application Update",19.7524
7716.6045,220,1,"Application Render",0.8959
7717.0828,220,1,"Application Compose",0.4405
7717.9256,220,1,"SubmitCommandLists",0.8312
7717.9494,220,1,"Shadowmap packing",0.000199999995
7717.9525,220,1,"Render",0.894400001
7717.9546,220,1,"Procedural Animations",0.00510000018
7717.9569,220,1,"Script Components",0.00100000005
7717.9591,220,1,"CPU Frame",21.4594002
7717.9611,220,1,"Input",0.138400003
7717.9634,220,1,"GUI Update",0.0848999992
7717.9653,220,1,"Frustum Culling",0.0860999972
7717.9672,220,1,"Animations",0.00139999995
7717.9689,220,1,"Spring Dependencies",0.00079999998
7717.971,220,1,"GUI Render",0.0913000032
7717.9728,220,1,"Physics",0.0381999984
7717.9747,220,1,"Update",19.7516994
7717.9765,220,1,"Fixed Update",0.00310000009
7717.9783,220,1,"Spline Update",0.0013
7717.9802,220,1,"Compose",0.439999998
7717.982,220,1,"Update Buffers (CPU)",0.2095
7735.2815,221,1,"RenderPath3D Update",0.2244
7735.2936,221,1,"Application Update",17.1241
7735.7946,221,1,"Application Render",0.4979
7736.258,221,1,"Application Compose",0.4202
7736.9957,221,1,"SubmitCommandLists",0.7242
7737.0159,221,1,"Shadowmap packing",0.000300000014
7737.0194,221,1,"Render",0.497399986
7737.0215,221,1,"Procedural Animations",0.00319999992
7737.0239,221,1,"Script Components",0.00039999999
7737.0264,221,1,"CPU Frame",18.3292007
7737.0284,221,1,"Input",0.162900001
7737.0307,221,1,"GUI Update",0.0482000001
7737.0327,221,1,"Frustum Culling",0.0489000008
7737.0345,221,1,"Animations",0.000199999995
7737.0364,221,1,"Spring Dependencies",0.000300000014
7737.0384,221,1,"GUI Render",0.0524000004
7737.0401,221,1,"Physics",0.0115
7737.042,221,1,"Update",17.1233997
7737.0439,221,1,"Fixed Update",0.00300000003
7737.0458,221,1,"Spline Update",0.00039999999
7737.0477,221,1,"Compose",0.41929999
7737.0495,221,1,"Update Buffers (CPU)",0.108599998
7753.9966,222,1,"RenderPath3D Update",0.309
7754.011,222,1,"Application Update",16.8289
7754.672,222,1,"Application Render",0.6555
7755.1599,222,1,"Application Compose",0.4395
7756.5328,222,1,"SubmitCommandLists",1.3579
7756.5703,222,1,"Shadowmap packing",0.000500000024
7756.5735,222,1,"Render",0.655099988
7756.5754,222,1,"Procedural Animations",0.00350000011
7756.5784,222,1,"Script Components",0.00120000006
7756.5808,222,1,"CPU Frame",18.1595001
7756.5828,222,1,"Input",0.125
7756.5857,222,1,"GUI Update",0.0839999989
7756.5878,222,1,"Frustum Culling",0.0399000011
7756.5896,222,1,"Animations",0.000699999975
7756.5917,222,1,"Spring Dependencies",0.000199999995
7756.5943,222,1,"GUI Render",0.0926999971
7756.601,222,1,"Physics",0.0115
7756.6035,222,1,"Update",16.8283997
7756.6054,222,1,"Fixed Update",0.00190000003
7756.6078,222,1,"Spline Update",0.000699999975
7756.6096,222,1,"Compose",0.439200014
7756.6121,222,1,"Update Buffers (CPU)",0.160099998
7781.7044,223,1,"RenderPath3D Update",0.9741
7781.7293,223,1,"Application Update",24.8824
7782.4834,223,1,"Application Render",0.7493
7782.9695,223,1,"Application Compose",0.437
7783.8228,223,1,"SubmitCommandLists",0.8405
7783.8476,223,1,"Shadowmap packing",0.00139999995
7783.8506,223,1,"Render",0.748000026
7783.8528,223,1,"Procedural Animations",0.00310000009
7783.8551,223,1,"Script Components",0.00109999999
7783.858,223,1,"CPU Frame",26.4258003
7783.86,223,1,"Input",0.217399999
7783.8624,223,1,"GUI Update",0.344900012
7783.8644,223,1,"Frustum Culling",0.0412000008
7783.8667,223,1,"Animations",0.000500000024
7783.8688,223,1,"Spring Dependencies",0.00139999995
7783.8708,223,1,"GUI Render",0.0562000014
7783.8729,223,1,"Physics",0.0496000014
7783.8748,223,1,"Update",24.882
7783.8766,223,1,"Fixed Update",0.00779999979
7783.8786,223,1,"Spline Update",0.00249999994
7783.8808,223,1,"Compose",0.4366
7783.8826,223,1,"Update Buffers (CPU)",0.206900001
7801.718,224,1,"RenderPath3D Update",0.2958
7801.7328,224,1,"Application Update",17.6972
7802.3869,224,1,"Application Render",0.6498
7802.8802,224,1,"Application Compose",0.452
7804.1647,224,1,"SubmitCommandLists",1.2664
7804.2113,224,1,"Shadowmap packing",0.000199999995
7804.2165,224,1,"Render",0.649399996
7804.2184,224,1,"Procedural Animations",0.00170000002
7804.306,224,1,"Script Components",0.000300000014
7804.3099,224,1,"CPU Frame",19.0526009
7804.3127,224,1,"Input",0.1435
7804.3163,224,1,"GUI Update",0.0388999991
7804.3183,224,1,"Frustum Culling",0.109399997
7804.3207,224,1,"Animations",0.000199999995
7804.3225,224,1,"Spring Dependencies",0.000199999995
7804.3245,224,1,"GUI Render",0.0639000013
7804.3263,224,1,"Physics",0.00499999989
7804.3284,224,1,"Update",17.6970005
7804.3307,224,1,"Fixed Update",0.00350000011
7804.3326,224,1,"Spline Update",0.000300000014
7804.3348,224,1,"Compose",0.451799989
7804.3366,224,1,"Update Buffers (CPU)",0.129600003
7820.8149,225,1,"RenderPath3D Update",0.306
7820.8283,225,1,"Application Update",16.1675
7821.4184,225,1,"Application Render",0.5868
7821.8577,225,1,"Application Compose",0.4062
7823.3816,225,1,"SubmitCommandLists",1.5088
7823.5114,225,1,"Shadowmap packing",0.00150000001
7823.5178,225,1,"Render",0.586399972
7823.5203,225,1,"Procedural Animations",0.00270000007
7823.5241,225,1,"Script Components",0.00079999998
7823.5275,225,1,"CPU Frame",17.6791992
7823.5299,225,1,"Input",0.301299989
7823.5336,225,1,"GUI Update",0.0828000009
7823.5363,225,1,"Frustum Culling",0.0571000017
7823.5387,225,1,"Animations",0.000600000028
7823.5407,225,1,"Spring Dependencies",0.000300000014
7823.5436,225,1,"GUI Render",0.103799999
7823.5454,225,1,"Physics",0.0114000002
7823.5482,225,1,"Update",16.1669006
7823.5502,225,1,"Fixed Update",0.0118000004
7823.5523,225,1,"Spline Update",0.00109999999
7823.5542,225,1,"Compose",0.405800015
7823.556,225,1,"Update Buffers (CPU)",0.132599995
7840.6605,226,1,"RenderPath3D Update",0.2026
7840.6714,226,1,"Application Update",16.8277
7841.0398,226,1,"Application Render",0.3656
7841.4569,226,1,"Application Compose",0.3959
7842.2576,226,1,"SubmitCommandLists",0.7915
7842.2793,226,1,"Shadowmap packing",0.000300000014
7842.2828,226,1,"Render",0.365099996
7842.2848,226,1,"Procedural Animations",0.0013
7842.2875,226,1,"Script Components",0.000300000014
7842.2902,226,1,"CPU Frame",18.0540009
7842.2924,226,1,"Input",0.265500009
7842.2954,226,1,"GUI Update",0.0403999984
7842.2974,226,1,"Frustum Culling",0.0548
7842.2994,226,1,"Animations",9.99999975e-05
7842.3017,226,1,"Spring Dependencies",0.000300000014
7842.3042,226,1,"GUI Render",0.0419999994
7842.306,226,1,"Physics",0.0102000004
7842.308,226,1,"Update",16.8274002
7842.3098,226,1,"Fixed Update",0.00980000012
7842.3118,226,1,"Spline Update",0.00039999999
7842.3138,226,1,"Compose",0.395700008
7842.3157,226,1,"Update Buffers (CPU)",0.0983000025
7859.8192,227,1,"RenderPath3D Update",0.18
7859.8275,227,1,"Application Update",17.372
7860.5151,227,1,"Application Render",0.6846
7861.0441,227,1,"Application Compose",0.4531
7863.2013,227,1,"SubmitCommandLists",2.1347
7863.2571,227,1,"Shadowmap packing",0.000199999995
7863.2618,227,1,"Render",0.684000015
7863.2642,227,1,"Procedural Animations",0.00120000006
7863.268,227,1,"Script Components",0.00039999999
7863.271,227,1,"CPU Frame",18.7837009
7863.273,227,1,"Input",0.131200001
7863.2768,227,1,"GUI Update",0.0436000004
7863.2789,227,1,"Frustum Culling",0.0507000014
7863.2809,227,1,"Animations",9.99999975e-05
7863.2836,227,1,"Spring Dependencies",0.000300000014
7863.2867,227,1,"GUI Render",0.100400001
7863.2885,227,1,"Physics",0.00669999979
7863.2912,227,1,"Update",17.3717995
7863.2944,227,1,"Fixed Update",0.0027999999
7863.2967,227,1,"Spline Update",0.000300000014
7863.2986,227,1,"Compose",0.452600002
7863.3005,227,1,"Update Buffers (CPU)",0.167799994
7880.752,228,1,"RenderPath3D Update",0.2471
7880.7683,228,1,"Application Update",17.2822
7881.6289,228,1,"Application Render",0.8561
7882.0919,228,1,"Application Compose",0.4129
7883.1154,228,1,"SubmitCommandLists",1.0089
7883.1386,228,1,"Shadowmap packing",0.000699999975
7883.1419,228,1,"Render",0.855300009
7883.1441,228,1,"Procedural Animations",0.00120000006
7883.1465,228,1,"Script Components",0.000300000014
7883.149,228,1,"CPU Frame",18.8735008
7883.151,228,1,"Input",0.172999993
7883.1533,228,1,"GUI Update",0.0474000014
7883.1554,228,1,"Frustum Culling",0.0579000004
7883.183,228,1,"Animations",0.000199999995
7883.1851,228,1,"Spring Dependencies",0.00100000005
7883.1873,228,1,"GUI Render",0.0782999992
7883.189,228,1,"Physics",0.00769999996
7883.1909,228,1,"Update",17.2817001
7883.1928,228,1,"Fixed Update",0.00430000015
7883.1947,228,1,"Spline Update",0.000199999995
7883.1966,228,1,"Compose",0.412400007
7883.1987,228,1,"Update Buffers (CPU)",0.205799997
7903.9099,229,1,"RenderPath3D Update",0.219
7903.9175,229,1,"Application Update",20.5748
7904.2684,229,1,"Application Render",0.348
7904.7123,229,1,"Application Compose",0.4056
7905.5987,229,1,"SubmitCommandLists",0.874
7905.6262,229,1,"Shadowmap packing",0.000300000014
7905.6296,229,1,"Render",0.347600013
7905.6317,229,1,"Procedural Animations",0.00139999995
7905.6341,229,1,"Script Components",0.00100000005
7905.6367,229,1,"CPU Frame",21.5921993
7905.6388,229,1,"Input",0.134599999
7905.6414,229,1,"GUI Update",0.0593000017
7905.6438,229,1,"Frustum Culling",0.0542000011
7905.6457,229,1,"Animations",0.000199999995
7905.6476,229,1,"Spring Dependencies",0.000899999985
7905.6498,229,1,"GUI Render",0.0436999984
7905.6516,229,1,"Physics",0.00800000038
7905.6535,229,1,"Update",20.5744991
7905.6552,229,1,"Fixed Update",0.0037
7905.6571,229,1,"Spline Update",0.00109999999
7905.659,229,1,"Compose",0.405099988
7905.661,229,1,"Update Buffers (CPU)",0.0720999986
7922.0002,230,1,"RenderPath3D Update",0.1666
7922.0103,230,1,"Application Update",16.1574
7922.5539,230,1,"Application Render",0.5403
7922.9997,230,1,"Application Compose",0.4119
7923.6611,230,1,"SubmitCommandLists",0.6509
7923.6946,230,1,"Shadowmap packing",0.00079999998
7923.6983,230,1,"Render",0.539799988
7923.7002,230,1,"Procedural Animations",0.00139999995
7923.7026,230,1,"Script Components",0.000300000014
7923.7052,230,1,"CPU Frame",17.3917007
7923.7072,230,1,"Input",0.169100001
7923.7095,230,1,"GUI Update",0.0390000008
7923.7115,230,1,"Frustum Culling",0.059700001
7923.7135,230,1,"Animations",0.000199999995
7923.7153,230,1,"Spring Dependencies",0.00100000005
7923.7173,230,1,"GUI Render",0.131999999
7923.719,230,1,"Physics",0.00860000029
7923.7209,230,1,"Update",16.1571999
7923.7227,230,1,"Fixed Update",0.0105999997
7923.7246,230,1,"Spline Update",0.000300000014
7923.7264,230,1,"Compose",0.411500007
7923.7282,230,1,"Update Buffers (CPU)",0.125100002
7941.7944,231,1,"RenderPath3D Update",0.1783
7941.8028,231,1,"Application Update",17.9333
7942.2845,231,1,"Application Render",0.4788
7942.7321,231,1,"Application Compose",0.4105
7943.6145,231,1,"SubmitCommandLists",0.8692
7943.636,231,1,"Shadowmap packing",0.000199999995
7943.6393,231,1,"Render",0.478399992
7943.6413,231,1,"Procedural Animations",0.00139999995
7943.6436,231,1,"Script Components",0.000300000014
7943.6461,231,1,"CPU Frame",19.0552006
7943.6482,231,1,"Input",0.133000001
7943.6505,231,1,"GUI Update",0.0432999991
7943.6525,231,1,"Frustum Culling",0.0439999998
7943.6546,231,1,"Animations",9.99999975e-05
7943.6571,231,1,"Spring Dependencies",0.00039999999
7943.6593,231,1,"GUI Render",0.148200005
7943.6611,231,1,"Physics",0.00630000001
7943.6635,231,1,"Update",17.9330997
7943.6653,231,1,"Fixed Update",0.00260000001
7943.6675,231,1,"Spline Update",0.00039999999
7943.6693,231,1,"Compose",0.410100013
7943.6713,231,1,"Update Buffers (CPU)",0.101899996
7960.5159,232,1,"RenderPath3D Update",0.325
7960.5241,232,1,"Application Update",16.7108
7961.0298,232,1,"Application Render",0.5027
7961.5487,232,1,"Application Compose",0.4921
7962.3951,232,1,"SubmitCommandLists",0.8122
7962.4179,232,1,"Shadowmap packing",0.000199999995
7962.4215,232,1,"Render",0.502300024
7962.4235,232,1,"Procedural Animations",0.00230000005
7962.4258,232,1,"Script Components",0.000600000028
7962.4283,232,1,"CPU Frame",17.9400005
7962.4304,232,1,"Input",0.132100001
7962.4328,232,1,"GUI Update",0.0898000002
7962.4348,232,1,"Frustum Culling",0.0469000004
7962.4366,232,1,"Animations",0.000199999995
7962.4384,232,1,"Spring Dependencies",0.000199999995
7962.4405,232,1,"GUI Render",0.158500001
7962.4422,232,1,"Physics",0.0129000004
7962.444,232,1,"Update",16.7105007
7962.48,232,1,"Fixed Update",0.00359999994
7962.4824,232,1,"Spline Update",0.000600000028
7962.4844,232,1,"Compose",0.491600007
7962.4862,232,1,"Update Buffers (CPU)",0.0948999971
7978.9185,233,1,"RenderPath3D Update",0.2281
7978.931,233,1,"Application Update",16.3042
7979.4469,233,1,"Application Render",0.5128
7979.8913,233,1,"Application Compose",0.4151
7980.7994,233,1,"SubmitCommandLists",0.8974
7980.8276,233,1,"Shadowmap packing",0.000300000014
7980.831,233,1,"Render",0.512300014
7980.8336,233,1,"Procedural Animations",0.00139999995
7980.8366,233,1,"Script Components",0.000300000014
7980.8394,233,1,"CPU Frame",17.4911995
7980.8414,233,1,"Input",0.129800007
7980.8446,233,1,"GUI Update",0.0401999988
7980.8468,233,1,"Frustum Culling",0.0533999987
7980.8488,233,1,"Animations",9.99999975e-05
7980.8516,233,1,"Spring Dependencies",0.000199999995
7980.8538,233,1,"GUI Render",0.146200001
7980.8557,233,1,"Physics",0.00639999984
7980.8578,233,1,"Update",16.3038998
7980.8596,233,1,"Fixed Update",0.0037
7980.8615,233,1,"Spline Update",0.000199999995
7980.8633,233,1,"Compose",0.414000005
7980.8652,233,1,"Update Buffers (CPU)",0.105800003
7997.8169,234,1,"RenderPath3D Update",0.1965
7997.8258,234,1,"Application Update",16.7538
7998.2864,234,1,"Application Render",0.4578
7998.7593,234,1,"Application Compose",0.4234
7999.6152,234,1,"SubmitCommandLists",0.8457
7999.6363,234,1,"Shadowmap packing",0.000199999995
7999.6399,234,1,"Render",0.457500011
7999.6418,234,1,"Procedural Animations",0.00139999995
7999.6444,234,1,"Script Components",0.00039999999
7999.647,234,1,"CPU Frame",17.9531002
7999.6491,234,1,"Input",0.193800002
7999.6515,234,1,"GUI Update",0.0392999984
7999.6534,234,1,"Frustum Culling",0.0439000018
7999.6554,234,1,"Animations",9.99999975e-05
7999.6577,234,1,"Spring Dependencies",0.000300000014
7999.6599,234,1,"GUI Render",0.145899996
7999.6616,234,1,"Physics",0.00549999997
7999.6636,234,1,"Update",16.7525997
7999.6654,234,1,"Fixed Update",0.00400000019
7999.6672,234,1,"Spline Update",0.00039999999
7999.669,234,1,"Compose",0.422899991
7999.6708,234,1,"Update Buffers (CPU)",0.0697999969
8016.6745,235,1,"RenderPath3D Update",0.2951
8016.6843,235,1,"Application Update",16.8768
8017.1958,235,1,"Application Render",0.5086
8017.6415,235,1,"Application Compose",0.4145
8018.6716,235,1,"SubmitCommandLists",1.018
