swapchain,begin_qpc,native_end_qpc,wrapper_end_qpc,hresult,flags,successful_present,qpc_frequency
47,181607122763,181607198855,181607199328,0,512,1,10000000
47,181607226186,181607232145,181607232177,0,512,1,10000000
47,181607375128,181607381391,181607381683,0,512,1,10000000
47,181608682311,181608685764,181608685818,0,512,1,10000000
47,181608691607,181608695015,181608695042,0,512,1,10000000
47,181609320776,181609325421,181609325466,0,512,1,10000000
47,181609330925,181609334650,181609334688,0,512,1,10000000
47,181609337198,181609347249,181609347332,0,512,1,10000000
47,181609532474,181609538300,181609538352,0,512,1,10000000
47,181610172094,181610177003,181610177072,0,512,1,10000000
47,181610817198,181610821351,181610821444,0,512,1,10000000
47,181610826969,181610828703,181610828729,0,512,1,10000000
47,181610831841,181610832994,181610833012,0,512,1,10000000
47,181610835521,181610836777,181610836812,0,512,1,10000000
47,181610842251,181610843895,181610843914,0,512,1,10000000
47,181611523594,181611525750,181611525806,0,512,1,10000000
47,181611530246,181611531623,181611531726,0,512,1,10000000
47,181612265950,181612269061,181612269116,0,512,1,10000000
47,181612926668,181612928923,181612928973,0,512,1,10000000
47,181612937937,181612939885,181612939932,0,512,1,10000000
47,181612960033,181612962682,181612962724,0,512,1,10000000
47,181613636535,181613639157,181613639208,0,512,1,10000000
47,181613646236,181613648195,181613648218,0,512,1,10000000
47,181614314430,181614317355,181614317398,0,512,1,10000000
47,181614325030,181614327178,181614327220,0,512,1,10000000
47,181614990174,181614994239,181614994344,0,512,1,10000000
47,181614999343,181615001244,181615001270,0,512,1,10000000
47,181615732999,181615737673,181615737803,0,512,1,10000000
47,181616408300,181616411459,181616411551,0,512,1,10000000
47,181616417643,181616419762,181616419786,0,512,1,10000000
47,181617060132,181617063698,181617063984,0,512,1,10000000
47,181617068136,181617069466,181617069489,0,512,1,10000000
47,181617078751,181617080993,181617081015,0,512,1,10000000
47,181617084993,181617086138,181617086155,0,512,1,10000000
47,181617756895,181617758881,181617758924,0,512,1,10000000
47,181617763060,181617764941,181617764961,0,512,1,10000000
47,181618460455,181618464162,181618464224,0,512,1,10000000
47,181618469295,181618471440,181618471470,0,512,1,10000000
47,181619136659,181619139815,181619139866,0,512,1,10000000
47,181619146405,181619148268,181619148297,0,512,1,10000000
47,181619875093,181619879013,181619879076,0,512,1,10000000
47,181619885184,181619887705,181619887738,0,512,1,10000000
47,181620609969,181620613074,181620613220,0,512,1,10000000
47,181620619783,181620622177,181620622214,0,512,1,10000000
47,181621278422,181621282376,181621282442,0,512,1,10000000
47,181621291552,181621293612,181621293643,0,512,1,10000000
47,181621936161,181621938520,181621938560,0,512,1,10000000
47,181621944535,181621946508,181621946538,0,512,1,10000000
47,181621960945,181621963672,181621963694,0,512,1,10000000
47,181622654137,181622656669,181622656719,0,512,1,10000000
47,181622663222,181622664637,181622664669,0,512,1,10000000
47,181623308859,181623311356,181623311403,0,512,1,10000000
47,181623315334,181623316813,181623316837,0,512,1,10000000
47,181623330187,181623331823,181623331852,0,512,1,10000000
47,181623336923,181623338359,181623338380,0,512,1,10000000
47,181623346488,181623348828,181623348849,0,512,1,10000000
47,181623998129,181624000066,181624000107,0,512,1,10000000
47,181624006963,181624008392,181624008424,0,512,1,10000000
47,181624647451,181624649244,181624649295,0,512,1,10000000
47,181624653440,181624654700,181624654731,0,512,1,10000000
47,181624668804,181624670667,181624670694,0,512,1,10000000
47,181624692864,181624694447,181624694469,0,512,1,10000000
47,181625323447,181625325398,181625325440,0,512,1,10000000
47,181625331744,181625333235,181625333281,0,512,1,10000000
47,181625343583,181625345720,181625345750,0,512,1,10000000
47,181626012087,181626015255,181626015318,0,512,1,10000000
47,181626019351,181626020820,181626020843,0,512,1,10000000
47,181626034167,181626035721,181626035746,0,512,1,10000000
47,181626704320,181626707440,181626707497,0,512,1,10000000
47,181626711845,181626713095,181626713118,0,512,1,10000000
47,181626729013,181626730385,181626730409,0,512,1,10000000
47,181627364245,181627366031,181627366082,0,512,1,10000000
47,181627372184,181627373788,181627373814,0,512,1,10000000
47,181627401751,181627403876,181627403923,0,512,1,10000000
47,181628076663,181628079895,181628079938,0,512,1,10000000
47,181628087255,181628089233,181628089255,0,512,1,10000000
47,181628103213,181628105267,181628105289,0,512,1,10000000
47,181628116311,181628117979,181628117997,0,512,1,10000000
47,181628124801,181628126602,181628126624,0,512,1,10000000
47,181628131702,181628133407,181628133429,0,512,1,10000000
47,181628145727,181628147224,181628147247,0,512,1,10000000
47,181628164323,181628165655,181628165685,0,512,1,10000000
47,181628176820,181628178166,181628178185,0,512,1,10000000
47,181628187021,181628187990,181628188013,0,512,1,10000000
47,181628192761,181628193913,181628193935,0,512,1,10000000
47,181628202222,181628203728,181628203751,0,512,1,10000000
47,181628207549,181628208778,181628208797,0,512,1,10000000
47,181628233914,181628235139,181628235168,0,512,1,10000000
47,181628244999,181628246071,181628246099,0,512,1,10000000
47,181628253348,181628254569,181628254598,0,512,1,10000000
47,181628259079,181628260077,181628260093,0,512,1,10000000
47,181628266457,181628267838,181628267859,0,512,1,10000000
47,181628271939,181628273309,181628273333,0,512,1,10000000
47,181628303430,181628304466,181628304495,0,512,1,10000000
47,181628311910,181628312996,181628313040,0,512,1,10000000
47,181628327181,181628328096,181628328114,0,512,1,10000000
47,181628332169,181628333551,181628333575,0,512,1,10000000
47,181628341378,181628342759,181628342782,0,512,1,10000000
47,181628346505,181628347956,181628347980,0,512,1,10000000
47,181628373330,181628374841,181628374866,0,512,1,10000000
47,181628383485,181628385190,181628385213,0,512,1,10000000
47,181628392199,181628393403,181628393428,0,512,1,10000000
47,181628397798,181628399106,181628399129,0,512,1,10000000
47,181628406081,181628407401,181628407421,0,512,1,10000000
47,181628411144,181628412178,181628412205,0,512,1,10000000
47,181628442208,181628443352,181628443381,0,512,1,10000000
47,181628456824,181628457908,181628457927,0,512,1,10000000
47,181628467246,181628468686,181628468709,0,512,1,10000000
47,181628472406,181628473295,181628473309,0,512,1,10000000
47,181628479726,181628480990,181628481017,0,512,1,10000000
47,181628485143,181628486412,181628486432,0,512,1,10000000
47,181628511442,181628513004,181628513064,0,512,1,10000000
47,181628519999,181628521209,181628521237,0,512,1,10000000
47,181628529678,181628530984,181628531004,0,512,1,10000000
47,181628535997,181628537383,181628537404,0,512,1,10000000
47,181628542998,181628543984,181628544004,0,512,1,10000000
47,181628548329,181628549334,181628549354,0,512,1,10000000
47,181628553538,181628554517,181628554539,0,512,1,10000000
47,181628581150,181628582250,181628582271,0,512,1,10000000
47,181628591896,181628592936,181628592965,0,512,1,10000000
47,181628600821,181628602057,181628602085,0,512,1,10000000
47,181628605765,181628606772,181628606788,0,512,1,10000000
47,181628614436,181628615775,181628615796,0,512,1,10000000
47,181628618896,181628620132,181628620153,0,512,1,10000000
47,181628650720,181628651803,181628651829,0,512,1,10000000
47,181628661327,181628662379,181628662398,0,512,1,10000000
47,181628668191,181628669064,181628669082,0,512,1,10000000
47,181628674843,181628676186,181628676208,0,512,1,10000000
47,181628680322,181628681627,181628681648,0,512,1,10000000
47,181628687433,181628688847,181628688870,0,512,1,10000000
47,181628692952,181628694075,181628694096,0,512,1,10000000
47,181628719662,181628721081,181628721109,0,512,1,10000000
47,181628733982,181628735004,181628735032,0,512,1,10000000
47,181628744325,181628745739,181628745760,0,512,1,10000000
47,181628749239,181628750528,181628750548,0,512,1,10000000
47,181628759205,181628760201,181628760220,0,512,1,10000000
47,181628789483,181628790680,181628790705,0,512,1,10000000
47,181628797951,181628799005,181628799026,0,512,1,10000000
47,181628806893,181628808211,181628808233,0,512,1,10000000
47,181628813722,181628815046,181628815066,0,512,1,10000000
47,181628819995,181628820952,181628820971,0,512,1,10000000
47,181628825257,181628826190,181628826272,0,512,1,10000000
47,181628830370,181628831294,181628831313,0,512,1,10000000
47,181628858948,181628859949,181628859977,0,512,1,10000000
47,181628867155,181628868089,181628868108,0,512,1,10000000
47,181628874648,181628875585,181628875601,0,512,1,10000000
47,181628883144,181628884530,181628884552,0,512,1,10000000
47,181628888746,181628890052,181628890073,0,512,1,10000000
47,181628893836,181628895176,181628895203,0,512,1,10000000
47,181628899036,181628900007,181628900027,0,512,1,10000000
47,181628928277,181628929366,181628929384,0,512,1,10000000
47,181628939191,181628940128,181628940146,0,512,1,10000000
47,181628945727,181628947063,181628947091,0,512,1,10000000
47,181628952579,181628953832,181628953852,0,512,1,10000000
47,181628959398,181628960342,181628960356,0,512,1,10000000
47,181628964661,181628965591,181628965607,0,512,1,10000000
47,181628969628,181628970672,181628970691,0,512,1,10000000
47,181628997900,181628998876,181628998892,0,512,1,10000000
47,181629008353,181629009816,181629009841,0,512,1,10000000
47,181629017493,181629018832,181629018852,0,512,1,10000000
47,181629022571,181629023631,181629023659,0,512,1,10000000
47,181629031927,181629032966,181629032985,0,512,1,10000000
47,181629036884,181629037878,181629037897,0,512,1,10000000
47,181629067251,181629068427,181629068462,0,512,1,10000000
47,181629075677,181629076792,181629076813,0,512,1,10000000
47,181629090746,181629091895,181629091921,0,512,1,10000000
47,181629096649,181629097725,181629097754,0,512,1,10000000
47,181629136618,181629137707,181629137737,0,512,1,10000000
47,181629147396,181629148427,181629148446,0,512,1,10000000
47,181629156575,181629157513,181629157529,0,512,1,10000000
47,181629161407,181629162714,181629162737,0,512,1,10000000
47,181629170017,181629171438,181629171460,0,512,1,10000000
47,181629174999,181629176367,181629176388,0,512,1,10000000
47,181629205712,181629206891,181629206921,0,512,1,10000000
47,181629214495,181629215516,181629215534,0,512,1,10000000
47,181629224282,181629225314,181629225336,0,512,1,10000000
47,181629230285,181629231648,181629231667,0,512,1,10000000
47,181629237323,181629238692,181629238714,0,512,1,10000000
47,181629242687,181629244017,181629244038,0,512,1,10000000
47,181629247933,181629248947,181629248966,0,512,1,10000000
47,181629275584,181629276701,181629276727,0,512,1,10000000
47,181629284235,181629285203,181629285220,0,512,1,10000000
47,181629291085,181629292250,181629292278,0,512,1,10000000
47,181629298368,181629299665,181629299687,0,512,1,10000000
47,181629303725,181629305018,181629305038,0,512,1,10000000
47,181629309145,181629310101,181629310128,0,512,1,10000000
47,181629314159,181629315048,181629315066,0,512,1,10000000
47,181629345150,181629346377,181629346396,0,512,1,10000000
47,181629355519,181629356888,181629356909,0,512,1,10000000
47,181629364710,181629365884,181629365910,0,512,1,10000000
47,181629370022,181629370990,181629371009,0,512,1,10000000
47,181629379041,181629380024,181629380050,0,512,1,10000000
47,181629384020,181629385292,181629385313,0,512,1,10000000
47,181629414381,181629415536,181629415571,0,512,1,10000000
47,181629426437,181629427601,181629427621,0,512,1,10000000
47,181629438772,181629439742,181629439769,0,512,1,10000000
47,181629444140,181629445510,181629445534,0,512,1,10000000
47,181629451632,181629452980,181629453006,0,512,1,10000000
47,181629457305,181629458588,181629458620,0,512,1,10000000
47,181629483655,181629484669,181629484697,0,512,1,10000000
47,181629492663,181629493853,181629493875,0,512,1,10000000
47,181629522591,181629523855,181629523874,0,512,1,10000000
47,181629553129,181629554363,181629554393,0,512,1,10000000
47,181629563887,181629565049,181629565078,0,512,1,10000000
47,181629570721,181629571850,181629571882,0,512,1,10000000
47,181629577436,181629578706,181629578734,0,512,1,10000000
47,181629584846,181629586303,181629586327,0,512,1,10000000
47,181629590141,181629591427,181629591449,0,512,1,10000000
47,181629596121,181629597238,181629597254,0,512,1,10000000
47,181629622665,181629623846,181629623878,0,512,1,10000000
47,181629631104,181629632496,181629632518,0,512,1,10000000
47,181629640452,181629641867,181629642051,0,512,1,10000000
47,181629646857,181629647884,181629647903,0,512,1,10000000
47,181629653726,181629654764,181629654788,0,512,1,10000000
47,181629658741,181629659686,181629659702,0,512,1,10000000
47,181629664117,181629665433,181629665454,0,512,1,10000000
47,181629691978,181629693132,181629693153,0,512,1,10000000
47,181629698494,181629699410,181629699428,0,512,1,10000000
47,181629708064,181629709049,181629709069,0,512,1,10000000
47,181629714969,181629716505,181629716532,0,512,1,10000000
47,181629721470,181629722818,181629722840,0,512,1,10000000
47,181629726835,181629727798,181629727814,0,512,1,10000000
47,181629732186,181629733127,181629733146,0,512,1,10000000
47,181629761429,181629762574,181629762609,0,512,1,10000000
47,181629775483,181629776563,181629776584,0,512,1,10000000
47,181629786330,181629787868,181629787895,0,512,1,10000000
47,181629792373,181629793738,181629793760,0,512,1,10000000
47,181629799376,181629800409,181629800430,0,512,1,10000000
47,181629804633,181629805799,181629805816,0,512,1,10000000
47,181629831065,181629832465,181629832489,0,512,1,10000000
47,181629841558,181629843096,181629843116,0,512,1,10000000
47,181629850228,181629851552,181629851572,0,512,1,10000000
47,181629855904,181629857051,181629857071,0,512,1,10000000
47,181629863964,181629865083,181629865100,0,512,1,10000000
47,181629869170,181629870114,181629870132,0,512,1,10000000
47,181629900105,181629901323,181629901347,0,512,1,10000000
47,181629909473,181629910467,181629910485,0,512,1,10000000
47,181629920197,181629921268,181629921285,0,512,1,10000000
47,181629925210,181629926086,181629926101,0,512,1,10000000
47,181629934284,181629935787,181629935810,0,512,1,10000000
47,181629939324,181629940266,181629940283,0,512,1,10000000
47,181629969926,181629971062,181629971090,0,512,1,10000000
47,181629980502,181629981519,181629981538,0,512,1,10000000
47,181629989557,181629990979,181629991001,0,512,1,10000000
47,181629994807,181629996135,181629996156,0,512,1,10000000
47,181630003169,181630004247,181630004267,0,512,1,10000000
47,181630007816,181630008794,181630008812,0,512,1,10000000
47,181630039130,181630040439,181630040457,0,512,1,10000000
47,181630047560,181630048949,181630048970,0,512,1,10000000
47,181630056936,181630058324,181630058345,0,512,1,10000000
47,181630063453,181630064330,181630064356,0,512,1,10000000
47,181630069986,181630070926,181630070945,0,512,1,10000000
47,181630075272,181630076278,181630076297,0,512,1,10000000
47,181630080459,181630081430,181630081445,0,512,1,10000000
47,181630108644,181630109818,181630109851,0,512,1,10000000
47,181630122577,181630123556,181630123575,0,512,1,10000000
47,181630133140,181630134131,181630134148,0,512,1,10000000
47,181630138026,181630138882,181630138896,0,512,1,10000000
47,181630146880,181630148322,181630148346,0,512,1,10000000
47,181630178148,181630179212,181630179231,0,512,1,10000000
47,181630188576,181630189556,181630189574,0,512,1,10000000
47,181630198119,181630199167,181630199184,0,512,1,10000000
47,181630203116,181630203934,181630203947,0,512,1,10000000
47,181630211621,181630213066,181630213089,0,512,1,10000000
47,181630216436,181630217810,181630217830,0,512,1,10000000
47,181630247412,181630248474,181630248494,0,512,1,10000000
47,181630257758,181630258721,181630258738,0,512,1,10000000
47,181630265096,181630266078,181630266096,0,512,1,10000000
47,181630271766,181630273091,181630273111,0,512,1,10000000
47,181630277593,181630278882,181630278903,0,512,1,10000000
47,181630282663,181630284030,181630284050,0,512,1,10000000
47,181630288260,181630289260,181630289279,0,512,1,10000000
47,181630316740,181630317715,181630317743,0,512,1,10000000
47,181630325719,181630326918,181630326937,0,512,1,10000000
47,181630334881,181630336345,181630336370,0,512,1,10000000
47,181630341192,181630342539,181630342560,0,512,1,10000000
47,181630347791,181630348811,181630348830,0,512,1,10000000
47,181630352846,181630353781,181630353798,0,512,1,10000000
47,181630358212,181630359151,181630359170,0,512,1,10000000
47,181630386266,181630387572,181630387609,0,512,1,10000000
47,181630402413,181630403453,181630403483,0,512,1,10000000
47,181630410687,181630411628,181630411653,0,512,1,10000000
47,181630416447,181630417662,181630417682,0,512,1,10000000
47,181630421662,181630422993,181630423013,0,512,1,10000000
47,181630427033,181630428263,181630428283,0,512,1,10000000
47,181630455817,181630456924,181630456946,0,512,1,10000000
47,181630466466,181630467577,181630467605,0,512,1,10000000
47,181630475840,181630476957,181630476977,0,512,1,10000000
47,181630481938,181630483201,181630483228,0,512,1,10000000
47,181630489171,181630490451,181630490472,0,512,1,10000000
47,181630494666,181630495872,181630495892,0,512,1,10000000
47,181630524826,181630526521,181630526553,0,512,1,10000000
47,181630535786,181630538165,181630538213,0,512,1,10000000
47,181630542750,181630543930,181630543948,0,512,1,10000000
47,181630549498,181630550849,181630550872,0,512,1,10000000
47,181630554602,181630555883,181630555905,0,512,1,10000000
47,181630563754,181630565079,181630565101,0,512,1,10000000
47,181630594914,181630596173,181630596202,0,512,1,10000000
47,181630603148,181630604097,181630604116,0,512,1,10000000
47,181630612654,181630614140,181630614165,0,512,1,10000000
47,181630619135,181630620214,181630620235,0,512,1,10000000
47,181630624415,181630625430,181630625450,0,512,1,10000000
47,181630629722,181630630577,181630630594,0,512,1,10000000
47,181630634990,181630635929,181630635948,0,512,1,10000000
47,181630664130,181630665128,181630665152,0,512,1,10000000
47,181630672572,181630673449,181630673475,0,512,1,10000000
47,181630679894,181630680875,181630680903,0,512,1,10000000
47,181630686974,181630688529,181630688552,0,512,1,10000000
47,181630693187,181630694544,181630694565,0,512,1,10000000
47,181630698626,181630699595,181630699615,0,512,1,10000000
47,181630703789,181630704728,181630704747,0,512,1,10000000
47,181630733502,181630734642,181630734671,0,512,1,10000000
47,181630747576,181630749019,181630749042,0,512,1,10000000
47,181630757988,181630759071,181630759091,0,512,1,10000000
47,181630763307,181630764505,181630764528,0,512,1,10000000
47,181630770848,181630771958,181630771987,0,512,1,10000000
47,181630776346,181630777427,181630777501,0,512,1,10000000
47,181630802890,181630804540,181630804573,0,512,1,10000000
47,181630811240,181630812508,181630812530,0,512,1,10000000
47,181630818544,181630819890,181630819913,0,512,1,10000000
47,181630827755,181630829170,181630829194,0,512,1,10000000
47,181630833267,181630834653,181630834675,0,512,1,10000000
47,181630840467,181630841764,181630841786,0,512,1,10000000
47,181630846192,181630847406,181630847427,0,512,1,10000000
47,181630872447,181630873835,181630873876,0,512,1,10000000
47,181630878861,181630880350,181630880376,0,512,1,10000000
47,181630891722,181630893169,181630893191,0,512,1,10000000
47,181630903332,181630904607,181630904631,0,512,1,10000000
47,181630913816,181630914861,181630914891,0,512,1,10000000
47,181630941853,181630943093,181630943122,0,512,1,10000000
47,181630955779,181630957268,181630957295,0,512,1,10000000
47,181630966549,181630967607,181630967628,0,512,1,10000000
47,181630972056,181630973059,181630973079,0,512,1,10000000
47,181630979290,181630980243,181630980261,0,512,1,10000000
47,181630984181,181630985375,181630985392,0,512,1,10000000
47,181631011274,181631012531,181631012562,0,512,1,10000000
47,181631019743,181631020837,181631020858,0,512,1,10000000
47,181631027023,181631028041,181631028059,0,512,1,10000000
47,181631034135,181631035373,181631035392,0,512,1,10000000
47,181631039970,181631041267,181631041290,0,512,1,10000000
47,181631045280,181631046573,181631046595,0,512,1,10000000
47,181631050722,181631051732,181631051756,0,512,1,10000000
47,181631080436,181631081699,181631081739,0,512,1,10000000
47,181631089140,181631090214,181631090247,0,512,1,10000000
47,181631104153,181631105640,181631105664,0,512,1,10000000
47,181631114932,181631116000,181631116020,0,512,1,10000000
47,181631120246,181631121493,181631121515,0,512,1,10000000
47,181631149792,181631150999,181631151017,0,512,1,10000000
47,181631160293,181631161715,181631161737,0,512,1,10000000
47,181631167514,181631169008,181631169029,0,512,1,10000000
47,181631174451,181631175564,181631175584,0,512,1,10000000
47,181631179488,181631180459,181631180478,0,512,1,10000000
47,181631188221,181631189655,181631189676,0,512,1,10000000
47,181631219191,181631221206,181631221244,0,512,1,10000000
47,181631227890,181631229385,181631229412,0,512,1,10000000
47,181631235166,181631236495,181631236519,0,512,1,10000000
47,181631242522,181631243918,181631243942,0,512,1,10000000
47,181631248645,181631249876,181631249897,0,512,1,10000000
47,181631253408,181631254840,181631254867,0,512,1,10000000
47,181631259043,181631260425,181631260448,0,512,1,10000000
47,181631288810,181631290695,181631290746,0,512,1,10000000
47,181631307093,181631308861,181631308897,0,512,1,10000000
47,181631317862,181631319060,181631319087,0,512,1,10000000
47,181631323085,181631324361,181631324380,0,512,1,10000000
47,181631330087,181631331355,181631331374,0,512,1,10000000
47,181631357646,181631359582,181631359627,0,512,1,10000000
47,181631368569,181631369849,181631369872,0,512,1,10000000
47,181631375760,181631377022,181631377041,0,512,1,10000000
47,181631382592,181631383563,181631383582,0,512,1,10000000
47,181631388352,181631389821,181631389844,0,512,1,10000000
47,181631394064,181631395348,181631395368,0,512,1,10000000
47,181631399319,181631400575,181631400595,0,512,1,10000000
47,181631428655,181631429900,181631429936,0,512,1,10000000
47,181631436135,181631437131,181631437160,0,512,1,10000000
47,181631449589,181631450657,181631450677,0,512,1,10000000
47,181631456474,181631457523,181631457538,0,512,1,10000000
47,181631462112,181631463389,181631463409,0,512,1,10000000
47,181631467541,181631468811,181631468833,0,512,1,10000000
47,181631497018,181631498006,181631498034,0,512,1,10000000
47,181631507382,181631508288,181631508306,0,512,1,10000000
47,181631514600,181631515435,181631515451,0,512,1,10000000
47,181631521496,181631522883,181631522903,0,512,1,10000000
47,181631527006,181631528011,181631528031,0,512,1,10000000
47,181631535116,181631536072,181631536092,0,512,1,10000000
47,181631539831,181631541273,181631541296,0,512,1,10000000
47,181631566698,181631567989,181631568013,0,512,1,10000000
47,181631580632,181631581788,181631581817,0,512,1,10000000
47,181631591314,181631592676,181631592699,0,512,1,10000000
47,181631599889,181631601236,181631601257,0,512,1,10000000
47,181631605245,181631606554,181631606578,0,512,1,10000000
47,181631636197,181631637425,181631637455,0,512,1,10000000
47,181631644368,181631645337,181631645354,0,512,1,10000000
47,181631654066,181631655565,181631655588,0,512,1,10000000
47,181631660379,181631661790,181631661812,0,512,1,10000000
47,181631666605,181631667577,181631667594,0,512,1,10000000
47,181631672846,181631673802,181631673820,0,512,1,10000000
47,181631677647,181631678618,181631678636,0,512,1,10000000
47,181631705000,181631706137,181631706160,0,512,1,10000000
47,181631715679,181631716667,181631716694,0,512,1,10000000
47,181631722896,181631723908,181631723934,0,512,1,10000000
47,181631729774,181631731304,181631731328,0,512,1,10000000
47,181631735992,181631737239,181631737259,0,512,1,10000000
47,181631743412,181631744721,181631744740,0,512,1,10000000
47,181631748838,181631750078,181631750098,0,512,1,10000000
47,181631775127,181631776440,181631776465,0,512,1,10000000
47,181631789390,181631790323,181631790340,0,512,1,10000000
47,181631800335,181631801694,181631801717,0,512,1,10000000
47,181631806043,181631807543,181631807565,0,512,1,10000000
47,181631814022,181631815000,181631815020,0,512,1,10000000
47,181631843835,181631845435,181631845457,0,512,1,10000000
47,181631852640,181631853594,181631853611,0,512,1,10000000
47,181631862463,181631863914,181631863937,0,512,1,10000000
47,181631868664,181631870020,181631870040,0,512,1,10000000
47,181631874926,181631876017,181631876036,0,512,1,10000000
47,181631880344,181631881495,181631881521,0,512,1,10000000
47,181631885871,181631886862,181631886881,0,512,1,10000000
47,181631913671,181631914770,181631914791,0,512,1,10000000
47,181631923979,181631924932,181631924950,0,512,1,10000000
47,181631933933,181631934899,181631934917,0,512,1,10000000
47,181631941176,181631942080,181631942096,0,512,1,10000000
47,181631948934,181631950191,181631950214,0,512,1,10000000
47,181631953979,181631955457,181631955477,0,512,1,10000000
47,181631983202,181631984303,181631984334,0,512,1,10000000
47,181631997646,181631998756,181631998775,0,512,1,10000000
47,181632007724,181632008892,181632008919,0,512,1,10000000
47,181632013192,181632014570,181632014588,0,512,1,10000000
47,181632019630,181632020975,181632020995,0,512,1,10000000
47,181632026606,181632027748,181632027768,0,512,1,10000000
47,181632052775,181632053891,181632053921,0,512,1,10000000
47,181632067082,181632068042,181632068062,0,512,1,10000000
47,181632076946,181632077896,181632077914,0,512,1,10000000
47,181632082412,181632083959,181632083981,0,512,1,10000000
47,181632089570,181632091069,181632091092,0,512,1,10000000
47,181632094903,181632096189,181632096210,0,512,1,10000000
47,181632122332,181632123440,181632123464,0,512,1,10000000
47,181632130773,181632131741,181632131768,0,512,1,10000000
47,181632137918,181632138949,181632138969,0,512,1,10000000
47,181632144965,181632145889,181632145905,0,512,1,10000000
47,181632150386,181632151736,181632151759,0,512,1,10000000
47,181632155845,181632157039,181632157059,0,512,1,10000000
47,181632161123,181632162388,181632162405,0,512,1,10000000
47,181632191306,181632192667,181632192695,0,512,1,10000000
47,181632205835,181632207233,181632207268,0,512,1,10000000
47,181632216356,181632217815,181632217838,0,512,1,10000000
47,181632222111,181632223421,181632223441,0,512,1,10000000
47,181632228944,181632230294,181632230314,0,512,1,10000000
47,181632234199,181632235505,181632235526,0,512,1,10000000
47,181632261038,181632263369,181632263410,0,512,1,10000000
47,181632269390,181632270837,181632270872,0,512,1,10000000
47,181632278954,181632280612,181632280637,0,512,1,10000000
47,181632285326,181632286720,181632286744,0,512,1,10000000
47,181632291844,181632293036,181632293056,0,512,1,10000000
47,181632297754,181632299175,181632299195,0,512,1,10000000
47,181632330029,181632332175,181632332214,0,512,1,10000000
47,181632340756,181632342444,181632342478,0,512,1,10000000
47,181632347883,181632349350,181632349373,0,512,1,10000000
47,181632354760,181632356037,181632356058,0,512,1,10000000
47,181632360134,181632361521,181632361541,0,512,1,10000000
47,181632369704,181632371098,181632371121,0,512,1,10000000
47,181632399127,181632400876,181632400944,0,512,1,10000000
47,181632414522,181632416065,181632416092,0,512,1,10000000
47,181632422721,181632424305,181632424328,0,512,1,10000000
47,181632432564,181632434123,181632434148,0,512,1,10000000
47,181632438404,181632439715,181632439736,0,512,1,10000000
47,181632468632,181632470114,181632470142,0,512,1,10000000
47,181632479484,181632480874,181632480894,0,512,1,10000000
47,181632486674,181632488179,181632488202,0,512,1,10000000
47,181632493542,181632494842,181632494864,0,512,1,10000000
47,181632498551,181632499841,181632499863,0,512,1,10000000
47,181632507272,181632508469,181632508491,0,512,1,10000000
47,181632538269,181632539998,181632540035,0,512,1,10000000
47,181632547068,181632548620,181632548648,0,512,1,10000000
47,181632556154,181632557637,181632557663,0,512,1,10000000
47,181632563334,181632565181,181632565202,0,512,1,10000000
47,181632569159,181632570377,181632570445,0,512,1,10000000
47,181632574479,181632575821,181632575841,0,512,1,10000000
47,181632607456,181632609403,181632609444,0,512,1,10000000
47,181632622260,181632623763,181632623803,0,512,1,10000000
47,181632632413,181632633874,181632633897,0,512,1,10000000
47,181632641811,181632643336,181632643359,0,512,1,10000000
47,181632648908,181632650228,181632650251,0,512,1,10000000
47,181632677171,181632678814,181632678844,0,512,1,10000000
47,181632687801,181632689214,181632689239,0,512,1,10000000
47,181632694980,181632696288,181632696307,0,512,1,10000000
47,181632701840,181632703006,181632703029,0,512,1,10000000
47,181632707319,181632708788,181632708809,0,512,1,10000000
47,181632715495,181632716628,181632716646,0,512,1,10000000
47,181632746747,181632751110,181632751172,0,512,1,10000000
47,181632756307,181632757386,181632757416,0,512,1,10000000
47,181632766337,181632767824,181632767847,0,512,1,10000000
47,181632777396,181632778861,181632778884,0,512,1,10000000
47,181632788981,181632790179,181632790201,0,512,1,10000000
47,181632816064,181632818683,181632818715,0,512,1,10000000
47,181632822646,181632823564,181632823579,0,512,1,10000000
47,181632832471,181632833520,181632833540,0,512,1,10000000
47,181632837839,181632839258,181632839282,0,512,1,10000000
47,181632842006,181632843090,181632843114,0,512,1,10000000
47,181632847053,181632848263,181632848284,0,512,1,10000000
47,181632850514,181632851624,181632851644,0,512,1,10000000
47,181632853742,181632854593,181632854609,0,512,1,10000000
47,181632856181,181632857003,181632857020,0,512,1,10000000
47,181632859115,181632860201,181632860219,0,512,1,10000000
47,181632862642,181632863482,181632863497,0,512,1,10000000
47,181632885368,181632886287,181632886305,0,512,1,10000000
47,181632890503,181632891422,181632891442,0,512,1,10000000
47,181632896244,181632897620,181632897644,0,512,1,10000000
47,181632901623,181632902879,181632902901,0,512,1,10000000
47,181632906917,181632908175,181632908195,0,512,1,10000000
47,181632910673,181632911594,181632911614,0,512,1,10000000
47,181632913587,181632914424,181632914442,0,512,1,10000000
47,181632917544,181632918419,181632918437,0,512,1,10000000
47,181632921472,181632922389,181632922407,0,512,1,10000000
47,181632925669,181632926522,181632926540,0,512,1,10000000
47,181632930235,181632931261,181632931282,0,512,1,10000000
47,181632933188,181632934062,181632934077,0,512,1,10000000
47,181632955201,181632956301,181632956320,0,512,1,10000000
47,181632960437,181632961415,181632961435,0,512,1,10000000
47,181632965422,181632966272,181632966292,0,512,1,10000000
47,181632969569,181632970679,181632970699,0,512,1,10000000
47,181632973064,181632973929,181632973946,0,512,1,10000000
47,181632978159,181632979550,181632979574,0,512,1,10000000
47,181632981959,181632982782,181632982798,0,512,1,10000000
47,181632984509,181632985292,181632985308,0,512,1,10000000
47,181632988720,181632989671,181632989692,0,512,1,10000000
47,181632992870,181632993700,181632993717,0,512,1,10000000
47,181632996663,181632997628,181632997646,0,512,1,10000000
47,181633000335,181633001278,181633001297,0,512,1,10000000
47,181633024222,181633025608,181633025647,0,512,1,10000000
47,181633031147,181633032272,181633032296,0,512,1,10000000
47,181633036633,181633037651,181633037672,0,512,1,10000000
47,181633042120,181633043474,181633043496,0,512,1,10000000
47,181633047245,181633048428,181633048449,0,512,1,10000000
47,181633051735,181633052833,181633052854,0,512,1,10000000
47,181633055463,181633056577,181633056598,0,512,1,10000000
47,181633058729,181633059590,181633059608,0,512,1,10000000
47,181633061473,181633062253,181633062270,0,512,1,10000000
47,181633066025,181633066928,181633066947,0,512,1,10000000
47,181633071353,181633072774,181633072795,0,512,1,10000000
47,181633093454,181633095435,181633095470,0,512,1,10000000
47,181633099250,181633100153,181633100170,0,512,1,10000000
47,181633104296,181633105436,181633105466,0,512,1,10000000
47,181633109736,181633110733,181633110750,0,512,1,10000000
47,181633113476,181633114778,181633114799,0,512,1,10000000
47,181633118268,181633119388,181633119407,0,512,1,10000000
47,181633121758,181633122910,181633122929,0,512,1,10000000
47,181633125735,181633126644,181633126663,0,512,1,10000000
47,181633128618,181633129433,181633129450,0,512,1,10000000
47,181633132277,181633133184,181633133203,0,512,1,10000000
47,181633136331,181633137557,181633137579,0,512,1,10000000
47,181633140226,181633141379,181633141402,0,512,1,10000000
47,181633163103,181633165203,181633165239,0,512,1,10000000
47,181633169051,181633170061,181633170081,0,512,1,10000000
47,181633173965,181633175288,181633175309,0,512,1,10000000
47,181633179542,181633180889,181633180909,0,512,1,10000000
47,181633184872,181633186020,181633186037,0,512,1,10000000
47,181633188168,181633189155,181633189172,0,512,1,10000000
47,181633191225,181633192201,181633192217,0,512,1,10000000
47,181633194164,181633195089,181633195106,0,512,1,10000000
47,181633197582,181633198436,181633198453,0,512,1,10000000
47,181633201669,181633202564,181633202580,0,512,1,10000000
47,181633205281,181633206111,181633206127,0,512,1,10000000
47,181633209611,181633210715,181633210736,0,512,1,10000000
47,181633232381,181633234314,181633234345,0,512,1,10000000
47,181633238628,181633239616,181633239637,0,512,1,10000000
47,181633243740,181633244788,181633244809,0,512,1,10000000
47,181633249009,181633249883,181633249898,0,512,1,10000000
47,181633254079,181633255391,181633255413,0,512,1,10000000
47,181633258039,181633259227,181633259247,0,512,1,10000000
47,181633261794,181633262701,181633262720,0,512,1,10000000
47,181633264626,181633265559,181633265585,0,512,1,10000000
47,181633268678,181633269560,181633269579,0,512,1,10000000
47,181633272485,181633273294,181633273311,0,512,1,10000000
47,181633276291,181633277392,181633277412,0,512,1,10000000
47,181633279675,181633280727,181633280754,0,512,1,10000000
47,181633302368,181633303384,181633303404,0,512,1,10000000
47,181633307442,181633308346,181633308364,0,512,1,10000000
47,181633312580,181633313476,181633313494,0,512,1,10000000
47,181633316854,181633318007,181633318026,0,512,1,10000000
47,181633321974,181633323228,181633323250,0,512,1,10000000
47,181633326879,181633328097,181633328118,0,512,1,10000000
47,181633331161,181633332380,181633332399,0,512,1,10000000
47,181633334806,181633335978,181633335998,0,512,1,10000000
47,181633339827,181633340667,181633340686,0,512,1,10000000
47,181633343916,181633344753,181633344770,0,512,1,10000000
47,181633348026,181633348862,181633348882,0,512,1,10000000
47,181633371915,181633373088,181633373121,0,512,1,10000000
47,181633376891,181633377919,181633377939,0,512,1,10000000
47,181633382207,181633383179,181633383199,0,512,1,10000000
47,181633387455,181633388780,181633388802,0,512,1,10000000
47,181633391497,181633392400,181633392419,0,512,1,10000000
47,181633395931,181633397439,181633397460,0,512,1,10000000
47,181633399421,181633400272,181633400291,0,512,1,10000000
47,181633402204,181633403147,181633403167,0,512,1,10000000
47,181633405602,181633406480,181633406498,0,512,1,10000000
47,181633409541,181633410389,181633410405,0,512,1,10000000
47,181633413586,181633414446,181633414463,0,512,1,10000000
47,181633418962,181633420127,181633420151,0,512,1,10000000
47,181633440713,181633441985,181633442012,0,512,1,10000000
47,181633445124,181633445973,181633445990,0,512,1,10000000
47,181633449778,181633450795,181633450816,0,512,1,10000000
47,181633455259,181633456582,181633456601,0,512,1,10000000
47,181633460980,181633462293,181633462315,0,512,1,10000000
47,181633464826,181633465656,181633465671,0,512,1,10000000
47,181633467261,181633468044,181633468057,0,512,1,10000000
47,181633470368,181633471429,181633471446,0,512,1,10000000
47,181633474910,181633475818,181633475836,0,512,1,10000000
47,181633478916,181633479783,181633479801,0,512,1,10000000
47,181633482761,181633483724,181633483739,0,512,1,10000000
47,181633487435,181633488698,181633488719,0,512,1,10000000
47,181633510834,181633512311,181633512332,0,512,1,10000000
47,181633515722,181633516742,181633516763,0,512,1,10000000
47,181633520852,181633521741,181633521760,0,512,1,10000000
47,181633526313,181633527654,181633527680,0,512,1,10000000
47,181633530802,181633531667,181633531686,0,512,1,10000000
47,181633533839,181633534652,181633534666,0,512,1,10000000
47,181633536409,181633537262,181633537276,0,512,1,10000000
47,181633538737,181633539478,181633539490,0,512,1,10000000
47,181633543148,181633544086,181633544105,0,512,1,10000000
47,181633547039,181633547918,181633547936,0,512,1,10000000
47,181633551430,181633552396,181633552412,0,512,1,10000000
47,181633554982,181633556312,181633556340,0,512,1,10000000
47,181633579415,181633580518,181633580550,0,512,1,10000000
47,181633585333,181633586303,181633586321,0,512,1,10000000
47,181633590284,181633591176,181633591195,0,512,1,10000000
47,181633594464,181633595509,181633595529,0,512,1,10000000
47,181633598400,181633599581,181633599601,0,512,1,10000000
47,181633603451,181633604655,181633604676,0,512,1,10000000
47,181633606802,181633607649,181633607668,0,512,1,10000000
47,181633610423,181633611539,181633611560,0,512,1,10000000
47,181633613649,181633614542,181633614556,0,512,1,10000000
47,181633618360,181633619209,181633619226,0,512,1,10000000
47,181633622329,181633623944,181633623967,0,512,1,10000000
47,181633626675,181633627847,181633627869,0,512,1,10000000
47,181633649259,181633650421,181633650451,0,512,1,10000000
47,181633654230,181633655212,181633655232,0,512,1,10000000
47,181633658484,181633659459,181633659478,0,512,1,10000000
47,181633662722,181633663947,181633663967,0,512,1,10000000
47,181633667602,181633668961,181633668982,0,512,1,10000000
47,181633672891,181633674227,181633674248,0,512,1,10000000
47,181633676434,181633677328,181633677347,0,512,1,10000000
47,181633679951,181633681058,181633681085,0,512,1,10000000
47,181633683185,181633683998,181633684014,0,512,1,10000000
47,181633687212,181633688020,181633688037,0,512,1,10000000
47,181633690854,181633691944,181633691964,0,512,1,10000000
47,181633694309,181633695567,181633695590,0,512,1,10000000
47,181633719083,181633720313,181633720346,0,512,1,10000000
47,181633724132,181633725149,181633725169,0,512,1,10000000
47,181633728334,181633729234,181633729251,0,512,1,10000000
47,181633733067,181633734026,181633734041,0,512,1,10000000
47,181633738504,181633739905,181633739929,0,512,1,10000000
47,181633742336,181633743240,181633743258,0,512,1,10000000
47,181633745754,181633746636,181633746655,0,512,1,10000000
47,181633750390,181633751269,181633751288,0,512,1,10000000
47,181633754185,181633755019,181633755036,0,512,1,10000000
47,181633758368,181633759431,181633759450,0,512,1,10000000
47,181633761679,181633762718,181633762860,0,512,1,10000000
47,181633766290,181633767383,181633767404,0,512,1,10000000
47,181633788137,181633789662,181633789690,0,512,1,10000000
47,181633793676,181633794940,181633794961,0,512,1,10000000
47,181633798324,181633799464,181633799486,0,512,1,10000000
47,181633802615,181633803773,181633803795,0,512,1,10000000
47,181633807270,181633808435,181633808457,0,512,1,10000000
47,181633811726,181633812950,181633812970,0,512,1,10000000
47,181633815346,181633816594,181633816615,0,512,1,10000000
47,181633819181,181633820226,181633820253,0,512,1,10000000
47,181633822975,181633823894,181633823911,0,512,1,10000000
47,181633826130,181633827248,181633827270,0,512,1,10000000
47,181633831354,181633832525,181633832545,0,512,1,10000000
47,181633857847,181633859000,181633859023,0,512,1,10000000
47,181633862545,181633863783,181633863802,0,512,1,10000000
47,181633866725,181633867665,181633867681,0,512,1,10000000
47,181633872131,181633873473,181633873495,0,512,1,10000000
47,181633877695,181633879021,181633879041,0,512,1,10000000
47,181633882387,181633883512,181633883539,0,512,1,10000000
47,181633886462,181633887398,181633887416,0,512,1,10000000
47,181633890559,181633891472,181633891492,0,512,1,10000000
47,181633894362,181633895358,181633895379,0,512,1,10000000
47,181633897741,181633898875,181633898895,0,512,1,10000000
47,181633902219,181633903323,181633903343,0,512,1,10000000
47,181633905753,181633906839,181633906860,0,512,1,10000000
47,181633927336,181633928495,181633928514,0,512,1,10000000
47,181633932420,181633933353,181633933376,0,512,1,10000000
47,181633937433,181633938342,181633938361,0,512,1,10000000
47,181633941197,181633941974,181633941991,0,512,1,10000000
47,181633945553,181633947390,181633947408,0,512,1,10000000
47,181633950754,181633951836,181633951857,0,512,1,10000000
47,181633954279,181633955419,181633955437,0,512,1,10000000
47,181633957918,181633959002,181633959021,0,512,1,10000000
47,181633961481,181633962640,181633962659,0,512,1,10000000
47,181633966253,181633967116,181633967133,0,512,1,10000000
47,181633971497,181633972842,181633972868,0,512,1,10000000
47,181633975324,181633976501,181633976523,0,512,1,10000000
47,181633996424,181633997644,181633997673,0,512,1,10000000
47,181634001844,181634002814,181634002832,0,512,1,10000000
47,181634006871,181634007738,181634007755,0,512,1,10000000
47,181634011591,181634012681,181634012709,0,512,1,10000000
47,181634016239,181634017483,181634017503,0,512,1,10000000
47,181634020544,181634021699,181634021721,0,512,1,10000000
47,181634023890,181634024984,181634025003,0,512,1,10000000
47,181634029055,181634030238,181634030259,0,512,1,10000000
47,181634033545,181634034459,181634034477,0,512,1,10000000
47,181634037601,181634038483,181634038501,0,512,1,10000000
47,181634041810,181634042923,181634042941,0,512,1,10000000
47,181634066032,181634067152,181634067182,0,512,1,10000000
47,181634070855,181634071790,181634071808,0,512,1,10000000
47,181634074659,181634075611,181634075629,0,512,1,10000000
47,181634079916,181634080894,181634080911,0,512,1,10000000
47,181634083589,181634084853,181634084873,0,512,1,10000000
47,181634089327,181634090762,181634090785,0,512,1,10000000
47,181634093457,181634094617,181634094637,0,512,1,10000000
47,181634096835,181634097742,181634097769,0,512,1,10000000
47,181634100923,181634101796,181634101872,0,512,1,10000000
47,181634104738,181634105581,181634105600,0,512,1,10000000
47,181634108459,181634110090,181634110114,0,512,1,10000000
47,181634112922,181634113861,181634113879,0,512,1,10000000
47,181634135644,181634136683,181634136703,0,512,1,10000000
47,181634140676,181634141669,181634141689,0,512,1,10000000
47,181634145755,181634146710,181634146729,0,512,1,10000000
47,181634149848,181634150981,181634151001,0,512,1,10000000
47,181634153304,181634154086,181634154099,0,512,1,10000000
47,181634156655,181634157902,181634157922,0,512,1,10000000
47,181634160812,181634161953,181634161972,0,512,1,10000000
47,181634164138,181634164928,181634164941,0,512,1,10000000
47,181634167332,181634168460,181634168480,0,512,1,10000000
47,181634171942,181634172804,181634172822,0,512,1,10000000
47,181634175803,181634176630,181634176647,0,512,1,10000000
47,181634179993,181634181123,181634181141,0,512,1,10000000
47,181634205028,181634206320,181634206353,0,512,1,10000000
47,181634210034,181634210910,181634210928,0,512,1,10000000
47,181634215144,181634216062,181634216080,0,512,1,10000000
47,181634220608,181634221881,181634221902,0,512,1,10000000
47,181634225951,181634227131,181634227151,0,512,1,10000000
47,181634229283,181634230385,181634230404,0,512,1,10000000
47,181634233748,181634234908,181634234928,0,512,1,10000000
47,181634237449,181634238617,181634238637,0,512,1,10000000
47,181634242144,181634243065,181634243083,0,512,1,10000000
47,181634246110,181634246996,181634247014,0,512,1,10000000
47,181634250008,181634250858,181634250872,0,512,1,10000000
47,181634273978,181634275141,181634275165,0,512,1,10000000
47,181634279286,181634280232,181634280250,0,512,1,10000000
47,181634284772,181634285693,181634285713,0,512,1,10000000
47,181634289097,181634290278,181634290299,0,512,1,10000000
47,181634292597,181634293750,181634293770,0,512,1,10000000
47,181634296856,181634297957,181634297978,0,512,1,10000000
47,181634300243,181634301298,181634301317,0,512,1,10000000
47,181634304419,181634305491,181634305510,0,512,1,10000000
47,181634307762,181634308891,181634308910,0,512,1,10000000
47,181634312346,181634313247,181634313264,0,512,1,10000000
47,181634316556,181634317536,181634317555,0,512,1,10000000
47,181634320775,181634321853,181634321881,0,512,1,10000000
47,181634344083,181634345296,181634345320,0,512,1,10000000
47,181634348710,181634349656,181634349676,0,512,1,10000000
47,181634352785,181634353713,181634353731,0,512,1,10000000
47,181634356690,181634357854,181634357911,0,512,1,10000000
47,181634360336,181634361233,181634361251,0,512,1,10000000
47,181634364346,181634365478,181634365496,0,512,1,10000000
47,181634367941,181634369078,181634369099,0,512,1,10000000
47,181634371234,181634372026,181634372039,0,512,1,10000000
47,181634373577,181634374452,181634374468,0,512,1,10000000
47,181634377837,181634378702,181634378719,0,512,1,10000000
47,181634381626,181634382489,181634382504,0,512,1,10000000
47,181634385283,181634386076,181634386091,0,512,1,10000000
47,181634389713,181634390755,181634390775,0,512,1,10000000
47,181634413286,181634414402,181634414433,0,512,1,10000000
47,181634417970,181634418917,181634418937,0,512,1,10000000
47,181634422034,181634422981,181634423000,0,512,1,10000000
47,181634425943,181634426930,181634426950,0,512,1,10000000
47,181634429774,181634430736,181634430754,0,512,1,10000000
47,181634434042,181634435138,181634435158,0,512,1,10000000
47,181634437811,181634439000,181634439019,0,512,1,10000000
47,181634441323,181634442348,181634442366,0,512,1,10000000
47,181634444956,181634446100,181634446120,0,512,1,10000000
47,181634449514,181634450458,181634450479,0,512,1,10000000
47,181634453612,181634454481,181634454498,0,512,1,10000000
47,181634458003,181634459093,181634459114,0,512,1,10000000
47,181634482247,181634483417,181634483450,0,512,1,10000000
47,181634487366,181634488306,181634488325,0,512,1,10000000
47,181634491247,181634492206,181634492224,0,512,1,10000000
47,181634495257,181634496409,181634496429,0,512,1,10000000
47,181634499522,181634500470,181634500488,0,512,1,10000000
47,181634503769,181634504895,181634504914,0,512,1,10000000
47,181634507536,181634508662,181634508682,0,512,1,10000000
47,181634510858,181634511757,181634511775,0,512,1,10000000
47,181634514161,181634514989,181634515006,0,512,1,10000000
47,181634518307,181634519205,181634519224,0,512,1,10000000
47,181634522266,181634523102,181634523119,0,512,1,10000000
47,181634526213,181634527384,181634527403,0,512,1,10000000
47,181634529565,181634530441,181634530456,0,512,1,10000000
47,181634552236,181634553214,181634553235,0,512,1,10000000
47,181634557471,181634558676,181634558698,0,512,1,10000000
47,181634563188,181634564484,181634564505,0,512,1,10000000
47,181634568429,181634569668,181634569689,0,512,1,10000000
47,181634573740,181634574847,181634574867,0,512,1,10000000
47,181634577371,181634578276,181634578294,0,512,1,10000000
47,181634580405,181634581660,181634581683,0,512,1,10000000
47,181634585128,181634585909,181634585925,0,512,1,10000000
47,181634588623,181634589844,181634589865,0,512,1,10000000
47,181634593430,181634594320,181634594337,0,512,1,10000000
47,181634597395,181634598372,181634598399,0,512,1,10000000
47,181634621592,181634622684,181634622714,0,512,1,10000000
47,181634626811,181634627852,181634627879,0,512,1,10000000
47,181634632332,181634633270,181634633289,0,512,1,10000000
47,181634637601,181634639047,181634639071,0,512,1,10000000
47,181634643320,181634644646,181634644667,0,512,1,10000000
47,181634646928,181634648031,181634648051,0,512,1,10000000
47,181634650028,181634650862,181634650879,0,512,1,10000000
47,181634653581,181634654430,181634654447,0,512,1,10000000
47,181634657789,181634658731,181634658750,0,512,1,10000000
47,181634661531,181634662376,181634662394,0,512,1,10000000
47,181634665238,181634666165,181634666190,0,512,1,10000000
47,181634668065,181634668840,181634668854,0,512,1,10000000
47,181634691097,181634692221,181634692254,0,512,1,10000000
47,181634697492,181634698493,181634698513,0,512,1,10000000
47,181634702970,181634703933,181634703954,0,512,1,10000000
47,181634707304,181634708536,181634708556,0,512,1,10000000
47,181634712575,181634713903,181634713923,0,512,1,10000000
47,181634716860,181634717780,181634717799,0,512,1,10000000
47,181634720966,181634722094,181634722115,0,512,1,10000000
47,181634724372,181634725539,181634725560,0,512,1,10000000
47,181634728060,181634728896,181634728912,0,512,1,10000000
47,181634732055,181634732899,181634732914,0,512,1,10000000
47,181634736866,181634738053,181634738076,0,512,1,10000000
47,181634760260,181634761351,181634761385,0,512,1,10000000
47,181634765344,181634766345,181634766365,0,512,1,10000000
47,181634770694,181634771659,181634771685,0,512,1,10000000
47,181634776074,181634777384,181634777405,0,512,1,10000000
47,181634780366,181634781312,181634781330,0,512,1,10000000
47,181634785119,181634786327,181634786347,0,512,1,10000000
47,181634788475,181634789242,181634789255,0,512,1,10000000
47,181634791813,181634792686,181634792705,0,512,1,10000000
47,181634795636,181634796635,181634796662,0,512,1,10000000
47,181634799845,181634800732,181634800750,0,512,1,10000000
47,181634803657,181634804709,181634804729,0,512,1,10000000
47,181634807041,181634807837,181634807851,0,512,1,10000000
47,181634830049,181634831041,181634831061,0,512,1,10000000
47,181634834756,181634835578,181634835595,0,512,1,10000000
47,181634838696,181634839496,181634839513,0,512,1,10000000
47,181634842532,181634843664,181634843682,0,512,1,10000000
47,181634847563,181634849087,181634849113,0,512,1,10000000
47,181634852435,181634853742,181634853765,0,512,1,10000000
47,181634856232,181634857032,181634857046,0,512,1,10000000
47,181634859337,181634860180,181634860199,0,512,1,10000000
47,181634863540,181634864461,181634864479,0,512,1,10000000
47,181634868168,181634869059,181634869078,0,512,1,10000000
47,181634872041,181634873347,181634873368,0,512,1,10000000
47,181634877335,181634878189,181634878208,0,512,1,10000000
47,181634898788,181634900049,181634900074,0,512,1,10000000
47,181634904428,181634905477,181634905497,0,512,1,10000000
47,181634909478,181634910458,181634910477,0,512,1,10000000
47,181634913349,181634914323,181634914342,0,512,1,10000000
47,181634916692,181634917648,181634917666,0,512,1,10000000
47,181634921197,181634922490,181634922513,0,512,1,10000000
47,181634924767,181634925907,181634925927,0,512,1,10000000
47,181634928457,181634929314,181634929329,0,512,1,10000000
47,181634930929,181634931669,181634931682,0,512,1,10000000
47,181634934209,181634935116,181634935134,0,512,1,10000000
47,181634938065,181634938888,181634938906,0,512,1,10000000
47,181634942019,181634943222,181634943242,0,512,1,10000000
47,181634945869,181634947126,181634947144,0,512,1,10000000
47,181634968494,181634969586,181634969617,0,512,1,10000000
47,181634973698,181634974651,181634974670,0,512,1,10000000
47,181634978913,181634979906,181634979926,0,512,1,10000000
47,181634984349,181634985621,181634985641,0,512,1,10000000
47,181634989040,181634990208,181634990228,0,512,1,10000000
47,181634993235,181634994631,181634994653,0,512,1,10000000
47,181634997541,181634998644,181634998664,0,512,1,10000000
47,181635001611,181635002753,181635002773,0,512,1,10000000
47,181635006021,181635006928,181635006946,0,512,1,10000000
47,181635010135,181635010980,181635010997,0,512,1,10000000
47,181635014754,181635015725,181635015745,0,512,1,10000000
47,181635038158,181635039210,181635039228,0,512,1,10000000
47,181635043356,181635044323,181635044349,0,512,1,10000000
47,181635048380,181635049597,181635049614,0,512,1,10000000
47,181635053819,181635055034,181635055055,0,512,1,10000000
47,181635058469,181635059672,181635059693,0,512,1,10000000
47,181635062686,181635063888,181635063910,0,512,1,10000000
47,181635066290,181635067134,181635067150,0,512,1,10000000
47,181635068731,181635069527,181635069541,0,512,1,10000000
47,181635071064,181635071877,181635071892,0,512,1,10000000
47,181635074977,181635075841,181635075860,0,512,1,10000000
47,181635078909,181635079731,181635079748,0,512,1,10000000
47,181635083775,181635084861,181635084881,0,512,1,10000000
47,181635107760,181635109084,181635109117,0,512,1,10000000
47,181635112257,181635113202,181635113219,0,512,1,10000000
47,181635117782,181635118845,181635118866,0,512,1,10000000
47,181635121754,181635122972,181635122992,0,512,1,10000000
47,181635127092,181635128519,181635128542,0,512,1,10000000
47,181635132233,181635133579,181635133601,0,512,1,10000000
47,181635137141,181635138366,181635138387,0,512,1,10000000
47,181635141226,181635142183,181635142202,0,512,1,10000000
47,181635145227,181635146049,181635146065,0,512,1,10000000
47,181635148985,181635149779,181635149796,0,512,1,10000000
47,181635153142,181635154219,181635154239,0,512,1,10000000
47,181635177069,181635178111,181635178143,0,512,1,10000000
47,181635181792,181635182662,181635182681,0,512,1,10000000
47,181635187213,181635188201,181635188226,0,512,1,10000000
47,181635192642,181635194023,181635194046,0,512,1,10000000
47,181635198340,181635199642,181635199663,0,512,1,10000000
47,181635202358,181635203433,181635203453,0,512,1,10000000
47,181635205977,181635207112,181635207133,0,512,1,10000000
47,181635209513,181635211003,181635211023,0,512,1,10000000
47,181635214975,181635215875,181635215892,0,512,1,10000000
47,181635219732,181635220882,181635220912,0,512,1,10000000
47,181635224579,181635225582,181635225608,0,512,1,10000000
47,181635246228,181635247365,181635247395,0,512,1,10000000
47,181635251540,181635252559,181635252579,0,512,1,10000000
47,181635256692,181635257656,181635257675,0,512,1,10000000
47,181635262477,181635264219,181635264241,0,512,1,10000000
47,181635267757,181635269019,181635269038,0,512,1,10000000
47,181635271301,181635272493,181635272512,0,512,1,10000000
47,181635274985,181635275819,181635275836,0,512,1,10000000
47,181635277896,181635278725,181635278744,0,512,1,10000000
47,181635281602,181635282516,181635282533,0,512,1,10000000
47,181635285756,181635286675,181635286694,0,512,1,10000000
47,181635289964,181635291142,181635291162,0,512,1,10000000
47,181635293499,181635294560,181635294579,0,512,1,10000000
47,181635315534,181635316583,181635316612,0,512,1,10000000
47,181635320656,181635321551,181635321568,0,512,1,10000000
47,181635326061,181635327022,181635327042,0,512,1,10000000
47,181635331590,181635332938,181635332961,0,512,1,10000000
47,181635336175,181635337374,181635337395,0,512,1,10000000
47,181635340244,181635341526,181635341546,0,512,1,10000000
47,181635345366,181635346508,181635346530,0,512,1,10000000
47,181635348634,181635349752,181635349771,0,512,1,10000000
47,181635353008,181635353855,181635353872,0,512,1,10000000
47,181635356939,181635357766,181635357782,0,512,1,10000000
47,181635361613,181635362761,181635362782,0,512,1,10000000
47,181635385193,181635386325,181635386355,0,512,1,10000000
47,181635390178,181635391193,181635391215,0,512,1,10000000
47,181635394540,181635395418,181635395435,0,512,1,10000000
47,181635399638,181635400818,181635400838,0,512,1,10000000
47,181635405246,181635406527,181635406546,0,512,1,10000000
47,181635409846,181635411202,181635411223,0,512,1,10000000
47,181635413722,181635414887,181635414906,0,512,1,10000000
47,181635417123,181635418244,181635418264,0,512,1,10000000
47,181635421251,181635422128,181635422146,0,512,1,10000000
47,181635425037,181635425832,181635425849,0,512,1,10000000
47,181635428652,181635429706,181635429725,0,512,1,10000000
47,181635432039,181635432831,181635432846,0,512,1,10000000
47,181635454448,181635455750,181635455773,0,512,1,10000000
47,181635459909,181635460888,181635460906,0,512,1,10000000
47,181635464963,181635466964,181635466990,0,512,1,10000000
47,181635470829,181635471762,181635471777,0,512,1,10000000
47,181635475815,181635477189,181635477211,0,512,1,10000000
47,181635479882,181635481139,181635481154,0,512,1,10000000
47,181635482898,181635483730,181635483743,0,512,1,10000000
47,181635485285,181635486061,181635486077,0,512,1,10000000
47,181635489579,181635490475,181635490493,0,512,1,10000000
47,181635493166,181635493963,181635493979,0,512,1,10000000
47,181635496837,181635497871,181635497887,0,512,1,10000000
47,181635501848,181635502933,181635502950,0,512,1,10000000
47,181635524234,181635525362,181635525390,0,512,1,10000000
47,181635528974,181635529837,181635529854,0,512,1,10000000
47,181635533181,181635534063,181635534079,0,512,1,10000000
47,181635536921,181635538358,181635538377,0,512,1,10000000
47,181635541948,181635543142,181635543162,0,512,1,10000000
47,181635547450,181635548774,181635548800,0,512,1,10000000
47,181635551384,181635552545,181635552564,0,512,1,10000000
47,181635555004,181635556118,181635556139,0,512,1,10000000
47,181635559314,181635560237,181635560256,0,512,1,10000000
47,181635563421,181635564301,181635564318,0,512,1,10000000
47,181635568369,181635569844,181635569865,0,512,1,10000000
47,181635572721,181635573587,181635573605,0,512,1,10000000
47,181635593353,181635595786,181635595813,0,512,1,10000000
47,181635599414,181635600450,181635600465,0,512,1,10000000
47,181635604383,181635606989,181635607015,0,512,1,10000000
47,181635610317,181635611274,181635611290,0,512,1,10000000
47,181635615327,181635616667,181635616686,0,512,1,10000000
47,181635618965,181635620115,181635620133,0,512,1,10000000
47,181635623262,181635624060,181635624074,0,512,1,10000000
47,181635625814,181635626625,181635626639,0,512,1,10000000
47,181635628956,181635629838,181635629855,0,512,1,10000000
47,181635633644,181635634533,181635634551,0,512,1,10000000
47,181635638577,181635639830,181635639853,0,512,1,10000000
47,181635663181,181635664422,181635664444,0,512,1,10000000
47,181635668119,181635669015,181635669032,0,512,1,10000000
47,181635673211,181635674072,181635674089,0,512,1,10000000
47,181635677617,181635678849,181635678869,0,512,1,10000000
47,181635681609,181635682738,181635682758,0,512,1,10000000
47,181635685879,181635687048,181635687070,0,512,1,10000000
47,181635689270,181635690373,181635690394,0,512,1,10000000
47,181635692405,181635693262,181635693279,0,512,1,10000000
47,181635695180,181635695996,181635696012,0,512,1,10000000
47,181635699181,181635700081,181635700101,0,512,1,10000000
47,181635703382,181635704287,181635704303,0,512,1,10000000
47,181635707442,181635708425,181635708444,0,512,1,10000000
47,181635732323,181635733522,181635733556,0,512,1,10000000
47,181635737139,181635738017,181635738032,0,512,1,10000000
47,181635741025,181635741973,181635741992,0,512,1,10000000
47,181635746237,181635747441,181635747460,0,512,1,10000000
47,181635750572,181635751525,181635751543,0,512,1,10000000
47,181635755450,181635756816,181635756837,0,512,1,10000000
47,181635759152,181635760322,181635760341,0,512,1,10000000
47,181635763475,181635764312,181635764329,0,512,1,10000000
47,181635768067,181635769026,181635769046,0,512,1,10000000
47,181635772941,181635773796,181635773813,0,512,1,10000000
47,181635777338,181635778404,181635778424,0,512,1,10000000
47,181635801892,181635802975,181635802996,0,512,1,10000000
47,181635806650,181635807511,181635807529,0,512,1,10000000
47,181635812057,181635812995,181635813015,0,512,1,10000000
47,181635817497,181635818884,181635818905,0,512,1,10000000
47,181635823022,181635824297,181635824318,0,512,1,10000000
47,181635826615,181635827745,181635827764,0,512,1,10000000
47,181635830156,181635831274,181635831294,0,512,1,10000000
47,181635833985,181635834889,181635834904,0,512,1,10000000
47,181635838555,181635839474,181635839492,0,512,1,10000000
47,181635842628,181635843485,181635843504,0,512,1,10000000
47,181635846717,181635847822,181635847841,0,512,1,10000000
47,181635871467,181635872620,181635872640,0,512,1,10000000
47,181635876355,181635877375,181635877394,0,512,1,10000000
47,181635881502,181635882512,181635882531,0,512,1,10000000
47,181635885338,181635886285,181635886300,0,512,1,10000000
47,181635888748,181635890052,181635890074,0,512,1,10000000
47,181635894571,181635895969,181635895989,0,512,1,10000000
47,181635899322,181635900528,181635900549,0,512,1,10000000
47,181635902801,181635903618,181635903632,0,512,1,10000000
47,181635906658,181635907544,181635907569,0,512,1,10000000
47,181635910638,181635911508,181635911525,0,512,1,10000000
47,181635915278,181635916373,181635916394,0,512,1,10000000
47,181635918878,181635919725,181635919743,0,512,1,10000000
47,181635940253,181635941263,181635941282,0,512,1,10000000
47,181635945428,181635946320,181635946339,0,512,1,10000000
47,181635950947,181635951909,181635951929,0,512,1,10000000
47,181635956387,181635957398,181635957413,0,512,1,10000000
47,181635960099,181635961379,181635961400,0,512,1,10000000
47,181635964526,181635965919,181635965940,0,512,1,10000000
47,181635968178,181635969243,181635969263,0,512,1,10000000
47,181635972119,181635973354,181635973376,0,512,1,10000000
47,181635976010,181635976866,181635976883,0,512,1,10000000
47,181635980211,181635981039,181635981056,0,512,1,10000000
47,181635984310,181635985397,181635985419,0,512,1,10000000
47,181635988910,181635990159,181635990182,0,512,1,10000000
47,181636010283,181636011418,181636011436,0,512,1,10000000
47,181636015261,181636016079,181636016095,0,512,1,10000000
47,181636020694,181636021655,181636021674,0,512,1,10000000
47,181636024442,181636025648,181636025669,0,512,1,10000000
47,181636028070,181636028873,181636028887,0,512,1,10000000
47,181636033136,181636034467,181636034490,0,512,1,10000000
47,181636038461,181636039625,181636039647,0,512,1,10000000
47,181636042098,181636043241,181636043268,0,512,1,10000000
47,181636046225,181636047081,181636047098,0,512,1,10000000
47,181636049998,181636050810,181636050826,0,512,1,10000000
47,181636053838,181636055025,181636055045,0,512,1,10000000
47,181636057197,181636058070,181636058087,0,512,1,10000000
47,181636079700,181636081003,181636081036,0,512,1,10000000
47,181636084345,181636085305,181636085322,0,512,1,10000000
47,181636088556,181636089532,181636089552,0,512,1,10000000
47,181636093394,181636094329,181636094344,0,512,1,10000000
47,181636098972,181636100532,181636100556,0,512,1,10000000
47,181636104478,181636105815,181636105836,0,512,1,10000000
47,181636108573,181636109723,181636109743,0,512,1,10000000
47,181636113029,181636113953,181636113972,0,512,1,10000000
47,181636117130,181636118016,181636118034,0,512,1,10000000
47,181636120820,181636121659,181636121676,0,512,1,10000000
47,181636125911,181636127024,181636127042,0,512,1,10000000
47,181636149141,181636150469,181636150492,0,512,1,10000000
47,181636154149,181636155038,181636155055,0,512,1,10000000
47,181636158360,181636159278,181636159298,0,512,1,10000000
47,181636162487,181636163669,181636163689,0,512,1,10000000
47,181636166344,181636167438,181636167457,0,512,1,10000000
47,181636170910,181636172121,181636172143,0,512,1,10000000
47,181636174474,181636175639,181636175660,0,512,1,10000000
47,181636177906,181636179038,181636179057,0,512,1,10000000
47,181636181540,181636182625,181636182645,0,512,1,10000000
47,181636186524,181636187362,181636187381,0,512,1,10000000
47,181636190240,181636191099,181636191117,0,512,1,10000000
47,181636195295,181636196117,181636196451,0,512,1,10000000
47,181636218574,181636219612,181636219634,0,512,1,10000000
47,181636223504,181636224434,181636224453,0,512,1,10000000
47,181636228644,181636229544,181636229562,0,512,1,10000000
47,181636234324,181636235681,181636235703,0,512,1,10000000
47,181636239099,181636240224,181636240245,0,512,1,10000000
47,181636242434,181636243551,181636243569,0,512,1,10000000
47,181636246198,181636247258,181636247276,0,512,1,10000000
47,181636249363,181636250316,181636250335,0,512,1,10000000
47,181636252851,181636253703,181636253721,0,512,1,10000000
47,181636256275,181636257109,181636257125,0,512,1,10000000
47,181636261039,181636262082,181636262111,0,512,1,10000000
47,181636264559,181636265360,181636265375,0,512,1,10000000
47,181636288066,181636289140,181636289174,0,512,1,10000000
47,181636292611,181636293539,181636293559,0,512,1,10000000
47,181636296663,181636297570,181636297588,0,512,1,10000000
47,181636300999,181636302114,181636302133,0,512,1,10000000
47,181636304933,181636305911,181636305925,0,512,1,10000000
47,181636308899,181636310081,181636310100,0,512,1,10000000
47,181636312666,181636313790,181636313810,0,512,1,10000000
47,181636315971,181636317088,181636317108,0,512,1,10000000
47,181636319734,181636320913,181636320933,0,512,1,10000000
47,181636324263,181636325098,181636325113,0,512,1,10000000
47,181636328048,181636328879,181636328896,0,512,1,10000000
47,181636332252,181636333381,181636333401,0,512,1,10000000
47,181636357474,181636358552,181636358583,0,512,1,10000000
47,181636362020,181636363080,181636363102,0,512,1,10000000
47,181636367178,181636368067,181636368086,0,512,1,10000000
47,181636371148,181636372102,181636372117,0,512,1,10000000
47,181636374960,181636376281,181636376303,0,512,1,10000000
47,181636380919,181636382171,181636382220,0,512,1,10000000
47,181636384466,181636385555,181636385575,0,512,1,10000000
47,181636387784,181636388731,181636388753,0,512,1,10000000
47,181636391919,181636392733,181636392751,0,512,1,10000000
47,181636395962,181636396913,181636396933,0,512,1,10000000
47,181636399990,181636401158,181636401178,0,512,1,10000000
47,181636403510,181636404362,181636404377,0,512,1,10000000
47,181636426279,181636427922,181636427948,0,512,1,10000000
47,181636432937,181636434399,181636434417,0,512,1,10000000
47,181636437690,181636438680,181636438697,0,512,1,10000000
47,181636442849,181636444005,181636444023,0,512,1,10000000
47,181636447917,181636449302,181636449324,0,512,1,10000000
47,181636452796,181636453962,181636453982,0,512,1,10000000
47,181636457059,181636458194,181636458214,0,512,1,10000000
47,181636460414,181636461535,181636461554,0,512,1,10000000
47,181636465074,181636466117,181636466140,0,512,1,10000000
47,181636469022,181636471177,181636471197,0,512,1,10000000
47,181636474026,181636474847,181636474861,0,512,1,10000000
47,181636495895,181636496956,181636496974,0,512,1,10000000
47,181636501173,181636502118,181636502137,0,512,1,10000000
47,181636506500,181636507467,181636507486,0,512,1,10000000
47,181636511885,181636513205,181636513227,0,512,1,10000000
47,181636517564,181636518854,181636518875,0,512,1,10000000
47,181636521204,181636522306,181636522328,0,512,1,10000000
47,181636524685,181636525748,181636525766,0,512,1,10000000
47,181636528262,181636529346,181636529364,0,512,1,10000000
47,181636532848,181636533706,181636533722,0,512,1,10000000
47,181636536269,181636537089,181636537107,0,512,1,10000000
47,181636539917,181636541032,181636541050,0,512,1,10000000
47,181636565650,181636567145,181636567190,0,512,1,10000000
47,181636570458,181636571475,181636571496,0,512,1,10000000
47,181636574856,181636575846,181636575865,0,512,1,10000000
47,181636579953,181636581180,181636581202,0,512,1,10000000
47,181636585426,181636587127,181636587148,0,512,1,10000000
47,181636590230,181636591504,181636591526,0,512,1,10000000
47,181636594223,181636595143,181636595158,0,512,1,10000000
47,181636598119,181636599560,181636599581,0,512,1,10000000
47,181636603277,181636604218,181636604237,0,512,1,10000000
47,181636607344,181636608204,181636608222,0,512,1,10000000
47,181636611770,181636612945,181636612966,0,512,1,10000000
47,181636635004,181636637637,181636637657,0,512,1,10000000
47,181636640887,181636641907,181636641924,0,512,1,10000000
47,181636645688,181636646553,181636646570,0,512,1,10000000
47,181636650770,181636651832,181636651850,0,512,1,10000000
47,181636654826,181636656006,181636656028,0,512,1,10000000
47,181636659913,181636661202,181636661223,0,512,1,10000000
47,181636663775,181636664867,181636664886,0,512,1,10000000
47,181636667161,181636668385,181636668404,0,512,1,10000000
47,181636671743,181636672597,181636672613,0,512,1,10000000
47,181636675651,181636676469,181636676485,0,512,1,10000000
47,181636680141,181636681324,181636681347,0,512,1,10000000
47,181636704444,181636705491,181636705514,0,512,1,10000000
47,181636709423,181636710323,181636710342,0,512,1,10000000
47,181636714782,181636715747,181636715765,0,512,1,10000000
47,181636720429,181636721831,181636721852,0,512,1,10000000
47,181636724888,181636726029,181636726049,0,512,1,10000000
47,181636728108,181636728932,181636728949,0,512,1,10000000
47,181636731451,181636732235,181636732249,0,512,1,10000000
47,181636734582,181636735422,181636735435,0,512,1,10000000
47,181636738899,181636739780,181636739798,0,512,1,10000000
47,181636742788,181636743621,181636743639,0,512,1,10000000
47,181636746537,181636747489,181636747507,0,512,1,10000000
47,181636750422,181636751491,181636751509,0,512,1,10000000
47,181636773825,181636774913,181636774943,0,512,1,10000000
47,181636778789,181636779677,181636779695,0,512,1,10000000
47,181636784113,181636785108,181636785127,0,512,1,10000000
47,181636788389,181636789459,181636789485,0,512,1,10000000
47,181636793465,181636794675,181636794694,0,512,1,10000000
47,181636797093,181636798258,181636798278,0,512,1,10000000
47,181636801344,181636802409,181636802427,0,512,1,10000000
47,181636804720,181636805854,181636805874,0,512,1,10000000
47,181636808393,181636809244,181636809262,0,512,1,10000000
47,181636811520,181636812316,181636812334,0,512,1,10000000
47,181636815588,181636816507,181636816527,0,512,1,10000000
47,181636820100,181636821101,181636821121,0,512,1,10000000
47,181636843386,181636844653,181636844683,0,512,1,10000000
47,181636848622,181636849533,181636849551,0,512,1,10000000
47,181636853751,181636854727,181636854746,0,512,1,10000000
47,181636859577,181636860920,181636860944,0,512,1,10000000
47,181636864810,181636866163,181636866184,0,512,1,10000000
47,181636868862,181636870022,181636870042,0,512,1,10000000
47,181636872312,181636873509,181636873528,0,512,1,10000000
47,181636875606,181636876606,181636876624,0,512,1,10000000
47,181636879746,181636880660,181636880678,0,512,1,10000000
47,181636883815,181636884776,181636884794,0,512,1,10000000
47,181636888392,181636889457,181636889474,0,512,1,10000000
47,181636912379,181636913421,181636913441,0,512,1,10000000
47,181636918141,181636919061,181636919077,0,512,1,10000000
47,181636923077,181636924009,181636924026,0,512,1,10000000
47,181636928418,181636929763,181636929786,0,512,1,10000000
47,181636932684,181636933684,181636933703,0,512,1,10000000
47,181636937170,181636938475,181636938497,0,512,1,10000000
47,181636941272,181636942172,181636942192,0,512,1,10000000
47,181636945301,181636946170,181636946188,0,512,1,10000000
47,181636948582,181636949394,181636949411,0,512,1,10000000
47,181636952641,181636953538,181636953556,0,512,1,10000000
47,181636956783,181636957884,181636957904,0,512,1,10000000
47,181636961154,181636962278,181636962298,0,512,1,10000000
47,181636981560,181636983096,181636983120,0,512,1,10000000
47,181636987094,181636988224,181636988244,0,512,1,10000000
47,181636992407,181636993391,181636993410,0,512,1,10000000
47,181636996173,181636997209,181636997227,0,512,1,10000000
47,181636999712,181637001006,181637001027,0,512,1,10000000
47,181637003993,181637005198,181637005219,0,512,1,10000000
47,181637008253,181637009479,181637009499,0,512,1,10000000
47,181637012362,181637013538,181637013558,0,512,1,10000000
47,181637015872,181637016875,181637016891,0,512,1,10000000
47,181637020275,181637021206,181637021224,0,512,1,10000000
47,181637024790,181637026528,181637026548,0,512,1,10000000
47,181637028930,181637030021,181637030041,0,512,1,10000000
47,181637051393,181637052540,181637052570,0,512,1,10000000
47,181637056498,181637057422,181637057441,0,512,1,10000000
47,181637060487,181637061448,181637061465,0,512,1,10000000
47,181637064469,181637065403,181637065418,0,512,1,10000000
47,181637068097,181637069313,181637069333,0,512,1,10000000
47,181637073275,181637074526,181637074546,0,512,1,10000000
47,181637076987,181637078073,181637078093,0,512,1,10000000
47,181637080809,181637081992,181637082013,0,512,1,10000000
47,181637084838,181637085667,181637085684,0,512,1,10000000
47,181637088765,181637089597,181637089614,0,512,1,10000000
47,181637092567,181637093366,181637093383,0,512,1,10000000
47,181637096766,181637097754,181637097775,0,512,1,10000000
47,181637121086,181637122122,181637122142,0,512,1,10000000
47,181637126143,181637127101,181637127120,0,512,1,10000000
47,181637131250,181637132240,181637132259,0,512,1,10000000
47,181637135279,181637136440,181637136459,0,512,1,10000000
47,181637139147,181637140255,181637140275,0,512,1,10000000
47,181637143619,181637144842,181637144864,0,512,1,10000000
47,181637146915,181637147709,181637147722,0,512,1,10000000
47,181637149298,181637150104,181637150116,0,512,1,10000000
47,181637151628,181637152569,181637152586,0,512,1,10000000
47,181637156190,181637157086,181637157103,0,512,1,10000000
47,181637160114,181637160963,181637160980,0,512,1,10000000
47,181637163852,181637164961,181637164979,0,512,1,10000000
47,181637166935,181637167724,181637167739,0,512,1,10000000
47,181637190611,181637191791,181637191820,0,512,1,10000000
47,181637195870,181637196778,181637196795,0,512,1,10000000
47,181637199742,181637200599,181637200616,0,512,1,10000000
47,181637204504,181637205462,181637205478,0,512,1,10000000
47,181637208499,181637209309,181637209321,0,512,1,10000000
47,181637211905,181637213192,181637213214,0,512,1,10000000
47,181637215465,181637216258,181637216271,0,512,1,10000000
47,181637218344,181637219116,181637219129,0,512,1,10000000
47,181637221479,181637222241,181637222256,0,512,1,10000000
47,181637225197,181637226043,181637226060,0,512,1,10000000
47,181637229276,181637230217,181637230236,0,512,1,10000000
47,181637233131,181637234176,181637234217,0,512,1,10000000
47,181637237401,181637238340,181637238360,0,512,1,10000000
47,181637259991,181637261034,181637261061,0,512,1,10000000
47,181637264773,181637265618,181637265634,0,512,1,10000000
47,181637270110,181637271071,181637271089,0,512,1,10000000
47,181637274673,181637275869,181637275891,0,512,1,10000000
47,181637278790,181637279678,181637279693,0,512,1,10000000
47,181637282039,181637282910,181637282927,0,512,1,10000000
47,181637285040,181637285810,181637285823,0,512,1,10000000
47,181637287258,181637288080,181637288102,0,512,1,10000000
47,181637289571,181637290339,181637290352,0,512,1,10000000
47,181637291816,181637292577,181637292592,0,512,1,10000000
47,181637295342,181637296130,181637296145,0,512,1,10000000
47,181637299301,181637300215,181637300234,0,512,1,10000000
47,181637303396,181637304823,181637304842,0,512,1,10000000
47,181637307359,181637308271,181637308288,0,512,1,10000000
47,181637329387,181637330421,181637330442,0,512,1,10000000
47,181637334524,181637335445,181637335463,0,512,1,10000000
47,181637339564,181637340468,181637340486,0,512,1,10000000
47,181637343737,181637344915,181637344934,0,512,1,10000000
47,181637347697,181637348651,181637348666,0,512,1,10000000
47,181637352868,181637354178,181637354200,0,512,1,10000000
47,181637356640,181637357772,181637357793,0,512,1,10000000
47,181637360426,181637361632,181637361654,0,512,1,10000000
47,181637365147,181637365981,181637365998,0,512,1,10000000
47,181637369063,181637369959,181637369979,0,512,1,10000000
47,181637372724,181637373672,181637373689,0,512,1,10000000
47,181637376802,181637377974,181637377995,0,512,1,10000000
47,181637398256,181637399533,181637399560,0,512,1,10000000
47,181637402815,181637403731,181637403750,0,512,1,10000000
47,181637407655,181637408679,181637408699,0,512,1,10000000
47,181637413033,181637414400,181637414421,0,512,1,10000000
47,181637418695,181637420082,181637420101,0,512,1,10000000
47,181637423308,181637424528,181637424548,0,512,1,10000000
47,181637427159,181637428324,181637428344,0,512,1,10000000
47,181637430494,181637431397,181637431412,0,512,1,10000000
47,181637434735,181637435610,181637435628,0,512,1,10000000
47,181637438614,181637439439,181637439456,0,512,1,10000000
47,181637442338,181637443350,181637443370,0,512,1,10000000
47,181637445662,181637446531,181637446547,0,512,1,10000000
47,181637468030,181637469053,181637469074,0,512,1,10000000
47,181637473420,181637474408,181637474427,0,512,1,10000000
47,181637478579,181637479435,181637479455,0,512,1,10000000
47,181637483878,181637485282,181637485304,0,512,1,10000000
47,181637488868,181637489985,181637490007,0,512,1,10000000
47,181637493660,181637494784,181637494804,0,512,1,10000000
47,181637497488,181637498600,181637498619,0,512,1,10000000
47,181637501207,181637502396,181637502416,0,512,1,10000000
47,181637506327,181637507226,181637507245,0,512,1,10000000
47,181637511130,181637512244,181637512266,0,512,1,10000000
47,181637514646,181637515492,181637515509,0,512,1,10000000
47,181637537723,181637538784,181637538814,0,512,1,10000000
47,181637542561,181637543408,181637543427,0,512,1,10000000
47,181637547837,181637548808,181637548828,0,512,1,10000000
47,181637553473,181637554873,181637554896,0,512,1,10000000
47,181637559231,181637560533,181637560555,0,512,1,10000000
47,181637562536,181637563424,181637563441,0,512,1,10000000
47,181637565278,181637566068,181637566084,0,512,1,10000000
47,181637567844,181637568738,181637568756,0,512,1,10000000
47,181637572239,181637573242,181637573261,0,512,1,10000000
47,181637576514,181637577407,181637577425,0,512,1,10000000
47,181637580511,181637581647,181637581666,0,512,1,10000000
47,181637583935,181637584797,181637584812,0,512,1,10000000
47,181637607038,181637608524,181637608552,0,512,1,10000000
47,181637612192,181637613118,181637613138,0,512,1,10000000
47,181637616267,181637617112,181637617130,0,512,1,10000000
47,181637620292,181637621239,181637621255,0,512,1,10000000
47,181637624924,181637626194,181637626214,0,512,1,10000000
47,181637630602,181637631980,181637632001,0,512,1,10000000
47,181637634054,181637634866,181637634883,0,512,1,10000000
47,181637636594,181637637378,181637637394,0,512,1,10000000
47,181637640749,181637641663,181637641680,0,512,1,10000000
47,181637644668,181637645514,181637645529,0,512,1,10000000
47,181637648420,181637649353,181637649378,0,512,1,10000000
47,181637652052,181637652968,181637653013,0,512,1,10000000
47,181637676095,181637677443,181637677473,0,512,1,10000000
47,181637681598,181637682506,181637682526,0,512,1,10000000
47,181637686724,181637687701,181637687719,0,512,1,10000000
47,181637692372,181637693738,181637693760,0,512,1,10000000
47,181637697588,181637698818,181637698839,0,512,1,10000000
47,181637701150,181637702654,181637702675,0,512,1,10000000
47,181637705005,181637705916,181637705936,0,512,1,10000000
47,181637708069,181637708966,181637708981,0,512,1,10000000
47,181637712524,181637713386,181637713404,0,512,1,10000000
47,181637716617,181637717444,181637717462,0,512,1,10000000
47,181637720533,181637721573,181637721592,0,512,1,10000000
47,181637746015,181637747259,181637747293,0,512,1,10000000
47,181637750848,181637751936,181637751960,0,512,1,10000000
47,181637756445,181637757389,181637757407,0,512,1,10000000
47,181637761608,181637763012,181637763036,0,512,1,10000000
47,181637765509,181637766786,181637766807,0,512,1,10000000
47,181637770861,181637772173,181637772194,0,512,1,10000000
47,181637774912,181637776050,181637776069,0,512,1,10000000
47,181637778369,181637779474,181637779494,0,512,1,10000000
47,181637782839,181637783730,181637783746,0,512,1,10000000
47,181637787619,181637788536,181637788554,0,512,1,10000000
47,181637792141,181637793275,181637793299,0,512,1,10000000
47,181637815324,181637816702,181637816741,0,512,1,10000000
47,181637820563,181637821678,181637821700,0,512,1,10000000
47,181637826083,181637827164,181637827183,0,512,1,10000000
47,181637831251,181637832198,181637832217,0,512,1,10000000
47,181637836489,181637837800,181637837824,0,512,1,10000000
47,181637840250,181637841433,181637841450,0,512,1,10000000
47,181637843899,181637844716,181637844733,0,512,1,10000000
47,181637847086,181637847970,181637847989,0,512,1,10000000
47,181637850245,181637851071,181637851087,0,512,1,10000000
47,181637855283,181637856223,181637856241,0,512,1,10000000
47,181637859387,181637860535,181637860555,0,512,1,10000000
47,181637862759,181637863594,181637863609,0,512,1,10000000
47,181637884908,181637886097,181637886116,0,512,1,10000000
47,181637889992,181637890917,181637890936,0,512,1,10000000
47,181637894992,181637895879,181637895896,0,512,1,10000000
47,181637898803,181637899660,181637899680,0,512,1,10000000
47,181637902282,181637903355,181637903376,0,512,1,10000000
47,181637905971,181637906828,181637906846,0,512,1,10000000
47,181637909106,181637909958,181637909977,0,512,1,10000000
47,181637912407,181637913320,181637913336,0,512,1,10000000
47,181637915715,181637916498,181637916512,0,512,1,10000000
47,181637918261,181637919035,181637919051,0,512,1,10000000
47,181637921059,181637921847,181637921864,0,512,1,10000000
47,181637924071,181637924890,181637924906,0,512,1,10000000
47,181637926926,181637927759,181637927776,0,512,1,10000000
47,181637930279,181637931226,181637931244,0,512,1,10000000
47,181637954452,181637956009,181637956034,0,512,1,10000000
47,181637959411,181637960378,181637960398,0,512,1,10000000
47,181637964542,181637965501,181637965520,0,512,1,10000000
47,181637968057,181637968978,181637968997,0,512,1,10000000
47,181637971718,181637972547,181637972565,0,512,1,10000000
47,181637975340,181637976237,181637976254,0,512,1,10000000
47,181637978540,181637979489,181637979506,0,512,1,10000000
47,181637981879,181637982725,181637982743,0,512,1,10000000
47,181637984834,181637985629,181637985644,0,512,1,10000000
47,181637987726,181637988582,181637988598,0,512,1,10000000
47,181637990778,181637991559,181637991575,0,512,1,10000000
47,181637993619,181637994383,181637994398,0,512,1,10000000
47,181637996621,181637997525,181637997543,0,512,1,10000000
47,181637999899,181638000683,181638000697,0,512,1,10000000
47,181638023753,181638024747,181638024773,0,512,1,10000000
47,181638028480,181638029422,181638029441,0,512,1,10000000
47,181638032218,181638033039,181638033056,0,512,1,10000000
47,181638035661,181638036538,181638036554,0,512,1,10000000
47,181638039343,181638040166,181638040182,0,512,1,10000000
47,181638043003,181638044821,181638044853,0,512,1,10000000
47,181638048404,181638049241,181638049258,0,512,1,10000000
47,181638052109,181638052888,181638052904,0,512,1,10000000
47,181638055377,181638056268,181638056286,0,512,1,10000000
47,181638058564,181638059402,181638059417,0,512,1,10000000
47,181638061596,181638062385,181638062426,0,512,1,10000000
47,181638064770,181638065671,181638065689,0,512,1,10000000
47,181638068058,181638069139,181638069154,0,512,1,10000000
47,181638093177,181638094308,181638094334,0,512,1,10000000
47,181638098028,181638098940,181638098958,0,512,1,10000000
47,181638101432,181638102457,181638102486,0,512,1,10000000
47,181638105102,181638106024,181638106043,0,512,1,10000000
47,181638108741,181638109572,181638109589,0,512,1,10000000
47,181638112629,181638113547,181638113565,0,512,1,10000000
47,181638117410,181638118322,181638118338,0,512,1,10000000
47,181638120247,181638121027,181638121043,0,512,1,10000000
47,181638123347,181638124299,181638124318,0,512,1,10000000
47,181638126908,181638127688,181638127704,0,512,1,10000000
47,181638129412,181638130184,181638130199,0,512,1,10000000
47,181638132361,181638133160,181638133176,0,512,1,10000000
47,181638135401,181638136565,181638136581,0,512,1,10000000
47,181638139021,181638139886,181638139911,0,512,1,10000000
47,181638162806,181638163877,181638163895,0,512,1,10000000
47,181638167311,181638168161,181638168178,0,512,1,10000000
47,181638172716,181638173624,181638173642,0,512,1,10000000
47,181638178145,181638179034,181638179052,0,512,1,10000000
47,181638181849,181638182763,181638182781,0,512,1,10000000
47,181638186817,181638187695,181638187712,0,512,1,10000000
47,181638189436,181638190389,181638190411,0,512,1,10000000
47,181638192899,181638193773,181638193790,0,512,1,10000000
47,181638196052,181638196819,181638196835,0,512,1,10000000
47,181638199049,181638199824,181638199840,0,512,1,10000000
47,181638201808,181638202549,181638202565,0,512,1,10000000
47,181638204564,181638205372,181638205389,0,512,1,10000000
47,181638208007,181638209044,181638209070,0,512,1,10000000
47,181638231883,181638233405,181638233430,0,512,1,10000000
47,181638236640,181638237534,181638237553,0,512,1,10000000
47,181638240380,181638241644,181638241666,0,512,1,10000000
47,181638244245,181638245076,181638245093,0,512,1,10000000
47,181638247764,181638248958,181638248978,0,512,1,10000000
47,181638251641,181638252544,181638252560,0,512,1,10000000
47,181638256720,181638258059,181638258079,0,512,1,10000000
47,181638261382,181638262528,181638262552,0,512,1,10000000
47,181638265051,181638266172,181638266191,0,512,1,10000000
47,181638268887,181638269712,181638269729,0,512,1,10000000
47,181638272572,181638273718,181638273738,0,512,1,10000000
47,181638277059,181638278029,181638278046,0,512,1,10000000
47,181638301128,181638302072,181638302092,0,512,1,10000000
47,181638306043,181638306991,181638307009,0,512,1,10000000
47,181638309695,181638310525,181638310543,0,512,1,10000000
47,181638313532,181638314425,181638314442,0,512,1,10000000
47,181638317035,181638317911,181638317930,0,512,1,10000000
47,181638322476,181638323295,181638323313,0,512,1,10000000
47,181638325684,181638326689,181638326707,0,512,1,10000000
47,181638328910,181638329727,181638329744,0,512,1,10000000
47,181638332046,181638332868,181638332887,0,512,1,10000000
47,181638335009,181638335795,181638335811,0,512,1,10000000
47,181638338044,181638338836,181638338851,0,512,1,10000000
47,181638340959,181638341743,181638341758,0,512,1,10000000
47,181638343928,181638344892,181638344908,0,512,1,10000000
47,181638348794,181638349745,181638349772,0,512,1,10000000
47,181638370885,181638372144,181638372171,0,512,1,10000000
47,181638375904,181638376835,181638376854,0,512,1,10000000
47,181638380998,181638381808,181638381823,0,512,1,10000000
47,181638384913,181638385820,181638385838,0,512,1,10000000
47,181638388459,181638389360,181638389379,0,512,1,10000000
47,181638391907,181638392848,181638392868,0,512,1,10000000
47,181638395066,181638395847,181638395862,0,512,1,10000000
47,181638397934,181638398767,181638398783,0,512,1,10000000
47,181638401095,181638401898,181638401915,0,512,1,10000000
47,181638404126,181638404934,181638404951,0,512,1,10000000
47,181638406920,181638407708,181638407725,0,512,1,10000000
47,181638409982,181638410762,181638410778,0,512,1,10000000
47,181638412696,181638413448,181638413464,0,512,1,10000000
47,181638416034,181638416833,181638416846,0,512,1,10000000
47,181638440303,181638441408,181638441427,0,512,1,10000000
47,181638445120,181638446049,181638446068,0,512,1,10000000
47,181638448579,181638449630,181638449660,0,512,1,10000000
47,181638452238,181638453160,181638453219,0,512,1,10000000
47,181638455890,181638456714,181638456732,0,512,1,10000000
47,181638459543,181638460316,181638460331,0,512,1,10000000
47,181638463193,181638464081,181638464097,0,512,1,10000000
47,181638465872,181638466798,181638466815,0,512,1,10000000
47,181638468777,181638469540,181638469555,0,512,1,10000000
47,181638471708,181638472489,181638472505,0,512,1,10000000
47,181638474599,181638475369,181638475384,0,512,1,10000000
47,181638477415,181638478187,181638478202,0,512,1,10000000
47,181638480563,181638481456,181638481475,0,512,1,10000000
47,181638483771,181638484619,181638484636,0,512,1,10000000
47,181638509785,181638510840,181638510866,0,512,1,10000000
47,181638514594,181638515482,181638515499,0,512,1,10000000
47,181638519874,181638520777,181638520794,0,512,1,10000000
47,181638525459,181638526388,181638526405,0,512,1,10000000
47,181638529118,181638530121,181638530149,0,512,1,10000000
47,181638532593,181638533561,181638533588,0,512,1,10000000
47,181638536593,181638538094,181638538115,0,512,1,10000000
47,181638540539,181638541895,181638541916,0,512,1,10000000
47,181638544256,181638545093,181638545110,0,512,1,10000000
47,181638547657,181638548505,181638548524,0,512,1,10000000
47,181638551267,181638552047,181638552062,0,512,1,10000000
47,181638554219,181638555217,181638555242,0,512,1,10000000
47,181638579356,181638580430,181638580449,0,512,1,10000000
47,181638583987,181638584881,181638584898,0,512,1,10000000
47,181638587433,181638588400,181638588419,0,512,1,10000000
47,181638592898,181638593732,181638593749,0,512,1,10000000
47,181638598741,181638599662,181638599680,0,512,1,10000000
47,181638603395,181638604308,181638604326,0,512,1,10000000
47,181638606214,181638607029,181638607046,0,512,1,10000000
47,181638609289,181638610082,181638610098,0,512,1,10000000
47,181638612126,181638612896,181638612911,0,512,1,10000000
47,181638615001,181638615896,181638615911,0,512,1,10000000
47,181638617855,181638618616,181638618631,0,512,1,10000000
47,181638621330,181638622430,181638622452,0,512,1,10000000
47,181638624687,181638625504,181638625520,0,512,1,10000000
47,181638648573,181638649670,181638649690,0,512,1,10000000
47,181638653223,181638654189,181638654207,0,512,1,10000000
47,181638657077,181638658069,181638658087,0,512,1,10000000
47,181638660526,181638661600,181638661628,0,512,1,10000000
47,181638664315,181638665242,181638665260,0,512,1,10000000
47,181638667891,181638668849,181638668868,0,512,1,10000000
47,181638671475,181638672439,181638672466,0,512,1,10000000
47,181638674472,181638675335,181638675351,0,512,1,10000000
47,181638677655,181638678514,181638678532,0,512,1,10000000
47,181638680634,181638681454,181638681471,0,512,1,10000000
47,181638683768,181638684608,181638684625,0,512,1,10000000
47,181638687013,181638687809,181638687826,0,512,1,10000000
47,181638689841,181638690626,181638690643,0,512,1,10000000
47,181638693171,181638694422,181638694441,0,512,1,10000000
47,181638717654,181638718911,181638718935,0,512,1,10000000
47,181638722670,181638723641,181638723668,0,512,1,10000000
47,181638726291,181638727131,181638727150,0,512,1,10000000
47,181638731771,181638732697,181638732716,0,512,1,10000000
47,181638737300,181638738221,181638738237,0,512,1,10000000
47,181638742641,181638743606,181638743623,0,512,1,10000000
47,181638745826,181638746630,181638746646,0,512,1,10000000
47,181638749489,181638750321,181638750338,0,512,1,10000000
47,181638752294,181638753091,181638753108,0,512,1,10000000
47,181638755409,181638756207,181638756223,0,512,1,10000000
47,181638758268,181638759079,181638759094,0,512,1,10000000
47,181638761453,181638762335,181638762353,0,512,1,10000000
47,181638787691,181638788797,181638788815,0,512,1,10000000
47,181638792081,181638793036,181638793053,0,512,1,10000000
47,181638797922,181638798874,181638798892,0,512,1,10000000
47,181638803400,181638804223,181638804240,0,512,1,10000000
47,181638808517,181638809469,181638809486,0,512,1,10000000
47,181638811745,181638812707,181638812725,0,512,1,10000000
47,181638814778,181638815667,181638815682,0,512,1,10000000
47,181638818219,181638819146,181638819165,0,512,1,10000000
47,181638821355,181638822187,181638822204,0,512,1,10000000
47,181638824444,181638825244,181638825260,0,512,1,10000000
47,181638827426,181638828206,181638828221,0,512,1,10000000
47,181638830524,181638831616,181638831636,0,512,1,10000000
47,181638857002,181638858118,181638858145,0,512,1,10000000
47,181638861702,181638862552,181638862569,0,512,1,10000000
47,181638865161,181638866058,181638866076,0,512,1,10000000
47,181638868818,181638869690,181638869707,0,512,1,10000000
47,181638872480,181638873504,181638873524,0,512,1,10000000
47,181638877943,181638878870,181638878888,0,512,1,10000000
47,181638881135,181638881925,181638881941,0,512,1,10000000
47,181638883637,181638884434,181638884450,0,512,1,10000000
47,181638886371,181638887114,181638887130,0,512,1,10000000
47,181638889317,181638890151,181638890170,0,512,1,10000000
47,181638892262,181638893218,181638893237,0,512,1,10000000
47,181638895319,181638896120,181638896136,0,512,1,10000000
47,181638898480,181638899309,181638899326,0,512,1,10000000
47,181638901325,181638902167,181638902184,0,512,1,10000000
47,181638926297,181638927263,181638927279,0,512,1,10000000
47,181638931133,181638932066,181638932086,0,512,1,10000000
47,181638934585,181638935571,181638935597,0,512,1,10000000
47,181638940050,181638940990,181638941008,0,512,1,10000000
47,181638945648,181638946580,181638946598,0,512,1,10000000
47,181638949408,181638950278,181638950296,0,512,1,10000000
47,181638952242,181638952997,181638953013,0,512,1,10000000
47,181638955047,181638955835,181638955851,0,512,1,10000000
47,181638958080,181638958873,181638958889,0,512,1,10000000
47,181638960601,181638961369,181638961385,0,512,1,10000000
47,181638963374,181638964140,181638964156,0,512,1,10000000
47,181638966334,181638967111,181638967127,0,512,1,10000000
47,181638969205,181638970124,181638970150,0,512,1,10000000
47,181638995960,181638997191,181638997219,0,512,1,10000000
47,181639000928,181639001768,181639001787,0,512,1,10000000
47,181639006371,181639007223,181639007240,0,512,1,10000000
47,181639011431,181639012269,181639012286,0,512,1,10000000
47,181639017087,181639018005,181639018023,0,512,1,10000000
47,181639019995,181639020949,181639020977,0,512,1,10000000
47,181639023113,181639023887,181639023903,0,512,1,10000000
47,181639026041,181639026909,181639026927,0,512,1,10000000
47,181639029112,181639029924,181639029941,0,512,1,10000000
47,181639032118,181639032903,181639032920,0,512,1,10000000
47,181639035051,181639035869,181639035885,0,512,1,10000000
47,181639038029,181639038980,181639038997,0,512,1,10000000
47,181639041935,181639042930,181639042947,0,512,1,10000000
47,181639065194,181639066293,181639066321,0,512,1,10000000
47,181639069823,181639070798,181639070825,0,512,1,10000000
47,181639074069,181639074981,181639074999,0,512,1,10000000
47,181639079153,181639080059,181639080077,0,512,1,10000000
47,181639082825,181639084241,181639084262,0,512,1,10000000
47,181639088387,181639089790,181639089811,0,512,1,10000000
47,181639092594,181639093630,181639093648,0,512,1,10000000
47,181639095804,181639096858,181639096877,0,512,1,10000000
47,181639099291,181639100308,181639100327,0,512,1,10000000
47,181639102598,181639103667,181639103685,0,512,1,10000000
47,181639107253,181639108608,181639108624,0,512,1,10000000
47,181639111993,181639113087,181639113107,0,512,1,10000000
47,181639134350,181639135459,181639135478,0,512,1,10000000
47,181639139751,181639141044,181639141063,0,512,1,10000000
47,181639145442,181639146710,181639146730,0,512,1,10000000
47,181639150714,181639152033,181639152054,0,512,1,10000000
47,181639156350,181639157717,181639157739,0,512,1,10000000
47,181639161433,181639162356,181639162375,0,512,1,10000000
47,181639165649,181639166641,181639166660,0,512,1,10000000
47,181639169655,181639170624,181639170643,0,512,1,10000000
47,181639173378,181639174290,181639174309,0,512,1,10000000
47,181639176715,181639177964,181639177983,0,512,1,10000000
47,181639180069,181639181129,181639181148,0,512,1,10000000
47,181639204008,181639204967,181639205402,0,512,1,10000000
47,181639208950,181639209843,181639209865,0,512,1,10000000
47,181639212373,181639213491,181639213520,0,512,1,10000000
47,181639217976,181639219442,181639219465,0,512,1,10000000
47,181639223853,181639225084,181639225103,0,512,1,10000000
47,181639228732,181639229988,181639230005,0,512,1,10000000
47,181639232513,181639233597,181639233617,0,512,1,10000000
47,181639235949,181639237033,181639237053,0,512,1,10000000
47,181639240244,181639241151,181639241168,0,512,1,10000000
47,181639244096,181639244947,181639244966,0,512,1,10000000
47,181639248104,181639249195,181639249214,0,512,1,10000000
47,181639272920,181639274278,181639274311,0,512,1,10000000
47,181639278349,181639279446,181639279467,0,512,1,10000000
47,181639283632,181639284648,181639284671,0,512,1,10000000
47,181639287524,181639288881,181639288903,0,512,1,10000000
47,181639293264,181639294559,181639294582,0,512,1,10000000
47,181639298010,181639299183,181639299204,0,512,1,10000000
47,181639301631,181639302497,181639302515,0,512,1,10000000
47,181639304534,181639305586,181639305612,0,512,1,10000000
47,181639309345,181639310180,181639310197,0,512,1,10000000
47,181639313278,181639314208,181639314226,0,512,1,10000000
47,181639317312,181639318452,181639318474,0,512,1,10000000
47,181639320784,181639321705,181639321721,0,512,1,10000000
47,181639342902,181639344023,181639344043,0,512,1,10000000
47,181639347864,181639348781,181639348799,0,512,1,10000000
47,181639353032,181639353954,181639353972,0,512,1,10000000
47,181639357656,181639358906,181639358927,0,512,1,10000000
47,181639362706,181639363985,181639364005,0,512,1,10000000
47,181639367550,181639368939,181639368960,0,512,1,10000000
47,181639371528,181639372304,181639372317,0,512,1,10000000
47,181639374425,181639375898,181639375926,0,512,1,10000000
47,181639378203,181639379019,181639379036,0,512,1,10000000
47,181639382061,181639382908,181639382926,0,512,1,10000000
47,181639385943,181639387037,181639387056,0,512,1,10000000
47,181639390358,181639391582,181639391602,0,512,1,10000000
47,181639412508,181639413938,181639413966,0,512,1,10000000
47,181639417176,181639418279,181639418300,0,512,1,10000000
47,181639422492,181639423527,181639423547,0,512,1,10000000
47,181639426855,181639427855,181639427875,0,512,1,10000000
47,181639432099,181639433464,181639433487,0,512,1,10000000
47,181639437093,181639438347,181639438367,0,512,1,10000000
47,181639440918,181639441750,181639441765,0,512,1,10000000
47,181639443849,181639444649,181639444665,0,512,1,10000000
47,181639447749,181639448657,181639448676,0,512,1,10000000
47,181639451693,181639452536,181639452553,0,512,1,10000000
47,181639455439,181639457146,181639457166,0,512,1,10000000
47,181639459437,181639460520,181639460540,0,512,1,10000000
47,181639481552,181639482603,181639482632,0,512,1,10000000
47,181639486405,181639487392,181639487413,0,512,1,10000000
47,181639490285,181639491130,181639491147,0,512,1,10000000
47,181639495542,181639496901,181639496922,0,512,1,10000000
47,181639501404,181639502688,181639502709,0,512,1,10000000
47,181639506511,181639507807,181639507829,0,512,1,10000000
47,181639510819,181639511918,181639511938,0,512,1,10000000
47,181639514022,181639514849,181639514867,0,512,1,10000000
47,181639518093,181639518922,181639518940,0,512,1,10000000
47,181639522749,181639523573,181639523590,0,512,1,10000000
47,181639527305,181639528193,181639528220,0,512,1,10000000
47,181639551314,181639552358,181639552380,0,512,1,10000000
47,181639556207,181639557196,181639557215,0,512,1,10000000
47,181639561807,181639562737,181639562754,0,512,1,10000000
47,181639566842,181639568042,181639568062,0,512,1,10000000
47,181639571237,181639572375,181639572394,0,512,1,10000000
47,181639575353,181639576517,181639576536,0,512,1,10000000
47,181639578851,181639579630,181639579644,0,512,1,10000000
47,181639582120,181639583339,181639583362,0,512,1,10000000
47,181639586091,181639587149,181639587178,0,512,1,10000000
47,181639590011,181639590845,181639590863,0,512,1,10000000
47,181639594086,181639595282,181639595305,0,512,1,10000000
47,181639597751,181639598637,181639598656,0,512,1,10000000
47,181639620535,181639621761,181639621830,0,512,1,10000000
47,181639625372,181639626310,181639626328,0,512,1,10000000
47,181639630767,181639631844,181639631863,0,512,1,10000000
47,181639636572,181639637527,181639637543,0,512,1,10000000
47,181639642006,181639643354,181639643375,0,512,1,10000000
47,181639645686,181639646828,181639646848,0,512,1,10000000
47,181639649160,181639650094,181639650110,0,512,1,10000000
47,181639652435,181639653214,181639653228,0,512,1,10000000
47,181639655390,181639656293,181639656307,0,512,1,10000000
47,181639659347,181639660221,181639660238,0,512,1,10000000
47,181639664469,181639665306,181639665320,0,512,1,10000000
47,181639667187,181639667964,181639667978,0,512,1,10000000
47,181639690103,181639691165,181639691200,0,512,1,10000000
47,181639694686,181639695664,181639695684,0,512,1,10000000
47,181639700200,181639701162,181639701180,0,512,1,10000000
47,181639704560,181639705738,181639705760,0,512,1,10000000
47,181639709555,181639710952,181639710975,0,512,1,10000000
47,181639714946,181639716309,181639716329,0,512,1,10000000
47,181639719470,181639720663,181639720684,0,512,1,10000000
47,181639723825,181639724823,181639724848,0,512,1,10000000
47,181639728150,181639729063,181639729081,0,512,1,10000000
47,181639732048,181639732950,181639732968,0,512,1,10000000
47,181639735227,181639736067,181639736083,0,512,1,10000000
47,181639758856,181639760589,181639760664,0,512,1,10000000
47,181639766063,181639767135,181639767155,0,512,1,10000000
47,181639770606,181639771478,181639771494,0,512,1,10000000
47,181639775556,181639776929,181639776951,0,512,1,10000000
47,181639780962,181639782247,181639782267,0,512,1,10000000
47,181639784309,181639785236,181639785252,0,512,1,10000000
47,181639787692,181639788603,181639788619,0,512,1,10000000
47,181639790343,181639791227,181639791246,0,512,1,10000000
47,181639794775,181639795740,181639795759,0,512,1,10000000
47,181639799237,181639800116,181639800134,0,512,1,10000000
47,181639803741,181639805180,181639805203,0,512,1,10000000
47,181639808222,181639809376,181639809397,0,512,1,10000000
47,181639828675,181639829796,181639829818,0,512,1,10000000
47,181639834055,181639835021,181639835041,0,512,1,10000000
47,181639839342,181639840474,181639840503,0,512,1,10000000
47,181639845045,181639846340,181639846369,0,512,1,10000000
47,181639850467,181639851614,181639851634,0,512,1,10000000
47,181639853918,181639854732,181639854745,0,512,1,10000000
47,181639856440,181639857200,181639857212,0,512,1,10000000
47,181639858710,181639859672,181639859693,0,512,1,10000000
47,181639862714,181639863609,181639863627,0,512,1,10000000
47,181639866809,181639867720,181639867739,0,512,1,10000000
47,181639870966,181639872310,181639872329,0,512,1,10000000
47,181639874436,181639875250,181639875265,0,512,1,10000000
47,181639898183,181639899402,181639899425,0,512,1,10000000
47,181639903181,181639904178,181639904204,0,512,1,10000000
47,181639908787,181639909654,181639909672,0,512,1,10000000
47,181639913937,181639915158,181639915179,0,512,1,10000000
47,181639918636,181639920001,181639920021,0,512,1,10000000
47,181639922952,181639924355,181639924377,0,512,1,10000000
47,181639926932,181639928087,181639928107,0,512,1,10000000
47,181639930378,181639931522,181639931542,0,512,1,10000000
47,181639934263,181639935059,181639935075,0,512,1,10000000
47,181639937985,181639938781,181639938796,0,512,1,10000000
47,181639941545,181639942587,181639942604,0,512,1,10000000
47,181639944652,181639945477,181639945490,0,512,1,10000000
47,181639967864,181639968801,181639968828,0,512,1,10000000
47,181639972581,181639973529,181639973554,0,512,1,10000000
47,181639977925,181639978777,181639978794,0,512,1,10000000
47,181639981576,181639982799,181639982818,0,512,1,10000000
47,181639987558,181639989227,181639989241,0,512,1,10000000
47,181639992484,181639993820,181639993842,0,512,1,10000000
47,181639996678,181639997591,181639997615,0,512,1,10000000
47,181640000694,181640001526,181640001543,0,512,1,10000000
47,181640004434,181640005228,181640005243,0,512,1,10000000
47,181640008445,181640009754,181640009775,0,512,1,10000000
47,181640012599,181640013556,181640013581,0,512,1,10000000
47,181640037235,181640038209,181640038227,0,512,1,10000000
47,181640042371,181640043261,181640043278,0,512,1,10000000
47,181640047345,181640048297,181640048318,0,512,1,10000000
47,181640053030,181640053930,181640053977,0,512,1,10000000
47,181640058900,181640060182,181640060201,0,512,1,10000000
47,181640062536,181640063350,181640063363,0,512,1,10000000
47,181640064941,181640065703,181640065715,0,512,1,10000000
47,181640067928,181640068963,181640068981,0,512,1,10000000
47,181640072901,181640073815,181640073835,0,512,1,10000000
47,181640077055,181640077875,181640077892,0,512,1,10000000
47,181640081020,181640082203,181640082223,0,512,1,10000000
47,181640084526,181640085676,181640085694,0,512,1,10000000
47,181640106713,181640108344,181640108377,0,512,1,10000000
47,181640112280,181640113287,181640113308,0,512,1,10000000
47,181640118582,181640119574,181640119594,0,512,1,10000000
47,181640124441,181640125825,181640125849,0,512,1,10000000
47,181640130023,181640131308,181640131332,0,512,1,10000000
47,181640133580,181640134686,181640134705,0,512,1,10000000
47,181640137313,181640138385,181640138404,0,512,1,10000000
47,181640140767,181640141934,181640141954,0,512,1,10000000
47,181640144938,181640145820,181640145838,0,512,1,10000000
47,181640148742,181640149648,181640149668,0,512,1,10000000
47,181640152864,181640154282,181640154303,0,512,1,10000000
47,181640176418,181640177572,181640177591,0,512,1,10000000
47,181640181029,181640182322,181640182351,0,512,1,10000000
47,181640186662,181640187973,181640187992,0,512,1,10000000
47,181640192206,181640193529,181640193549,0,512,1,10000000
47,181640197715,181640198819,181640198840,0,512,1,10000000
47,181640202134,181640203025,181640203043,0,512,1,10000000
47,181640206211,181640207139,181640207158,0,512,1,10000000
47,181640210204,181640211260,181640211279,0,512,1,10000000
47,181640213824,181640214955,181640214974,0,512,1,10000000
47,181640218309,181640219509,181640219530,0,512,1,10000000
47,181640222854,181640224012,181640224031,0,512,1,10000000
47,181640245400,181640246466,181640246488,0,512,1,10000000
47,181640250650,181640251590,181640251609,0,512,1,10000000
47,181640255639,181640256569,181640256586,0,512,1,10000000
47,181640259836,181640260826,181640260847,0,512,1,10000000
47,181640263649,181640264516,181640264530,0,512,1,10000000
47,181640267613,181640268804,181640268824,0,512,1,10000000
47,181640271164,181640272339,181640272359,0,512,1,10000000
47,181640275472,181640276587,181640276607,0,512,1,10000000
47,181640279539,181640280438,181640280455,0,512,1,10000000
47,181640282755,181640283560,181640283575,0,512,1,10000000
47,181640286393,181640287182,181640287197,0,512,1,10000000
47,181640290504,181640291564,181640291585,0,512,1,10000000
47,181640315099,181640316531,181640316562,0,512,1,10000000
47,181640320306,181640321247,181640321270,0,512,1,10000000
47,181640325281,181640326167,181640326184,0,512,1,10000000
47,181640330526,181640331961,181640331983,0,512,1,10000000
47,181640336471,181640337768,181640337790,0,512,1,10000000
47,181640340133,181640341284,181640341305,0,512,1,10000000
47,181640343724,181640344832,181640344852,0,512,1,10000000
47,181640348639,181640349687,181640349706,0,512,1,10000000
47,181640352801,181640353666,181640353682,0,512,1,10000000
47,181640357032,181640357924,181640357943,0,512,1,10000000
47,181640360942,181640362022,181640362044,0,512,1,10000000
47,181640384500,181640385806,181640385837,0,512,1,10000000
47,181640389221,181640390102,181640390119,0,512,1,10000000
47,181640394512,181640395466,181640395484,0,512,1,10000000
47,181640399268,181640400424,181640400444,0,512,1,10000000
47,181640403226,181640404282,181640404299,0,512,1,10000000
47,181640407591,181640408650,181640408668,0,512,1,10000000
47,181640411042,181640412124,181640412144,0,512,1,10000000
47,181640414722,181640415820,181640415839,0,512,1,10000000
47,181640417998,181640419074,181640419092,0,512,1,10000000
47,181640422582,181640423443,181640423461,0,512,1,10000000
47,181640426517,181640427844,181640427869,0,512,1,10000000
47,181640430276,181640431442,181640431462,0,512,1,10000000
47,181640453704,181640455151,181640455179,0,512,1,10000000
47,181640458692,181640459713,181640459733,0,512,1,10000000
47,181640463957,181640465078,181640465097,0,512,1,10000000
47,181640468654,181640469707,181640469726,0,512,1,10000000
47,181640472207,181640473215,181640473233,0,512,1,10000000
47,181640476498,181640477581,181640477602,0,512,1,10000000
47,181640479878,181640480774,181640480793,0,512,1,10000000
47,181640483406,181640484625,181640484732,0,512,1,10000000
47,181640486961,181640488120,181640488140,0,512,1,10000000
47,181640491277,181640492081,181640492098,0,512,1,10000000
47,181640495016,181640495809,181640495824,0,512,1,10000000
47,181640498857,181640499947,181640499967,0,512,1,10000000
47,181640523313,181640524748,181640524784,0,512,1,10000000
47,181640528515,181640529537,181640529565,0,512,1,10000000
47,181640533924,181640534970,181640534990,0,512,1,10000000
47,181640539197,181640540531,181640540553,0,512,1,10000000
47,181640544744,181640546060,181640546080,0,512,1,10000000
47,181640548589,181640549794,181640549818,0,512,1,10000000
47,181640552207,181640553350,181640553370,0,512,1,10000000
47,181640555586,181640556734,181640556752,0,512,1,10000000
47,181640559982,181640560823,181640560840,0,512,1,10000000
47,181640563989,181640564905,181640564924,0,512,1,10000000
47,181640568016,181640569209,181640569229,0,512,1,10000000
47,181640592690,181640593746,181640593776,0,512,1,10000000
47,181640597540,181640598529,181640598556,0,512,1,10000000
47,181640601099,181640601913,181640601929,0,512,1,10000000
47,181640606413,181640607732,181640607754,0,512,1,10000000
47,181640611305,181640612471,181640612492,0,512,1,10000000
47,181640615732,181640616877,181640616898,0,512,1,10000000
47,181640620424,181640621586,181640621606,0,512,1,10000000
47,181640623882,181640625004,181640625023,0,512,1,10000000
47,181640628404,181640629260,181640629278,0,512,1,10000000
47,181640631620,181640632419,181640632436,0,512,1,10000000
47,181640635422,181640636518,181640636535,0,512,1,10000000
47,181640639032,181640639905,181640639922,0,512,1,10000000
47,181640662138,181640663709,181640663743,0,512,1,10000000
47,181640667342,181640668272,181640668290,0,512,1,10000000
47,181640672242,181640673284,181640673314,0,512,1,10000000
47,181640677878,181640678917,181640678936,0,512,1,10000000
47,181640683769,181640685126,181640685147,0,512,1,10000000
47,181640687474,181640688592,181640688613,0,512,1,10000000
47,181640690851,181640691957,181640691975,0,512,1,10000000
47,181640695199,181640696273,181640696292,0,512,1,10000000
47,181640699699,181640700585,181640700602,0,512,1,10000000
47,181640703928,181640704755,181640704773,0,512,1,10000000
47,181640707555,181640708432,181640708450,0,512,1,10000000
47,181640731083,181640732424,181640732460,0,512,1,10000000
47,181640740069,181640741169,181640741189,0,512,1,10000000
47,181640744002,181640744847,181640744863,0,512,1,10000000
47,181640747799,181640748991,181640749011,0,512,1,10000000
47,181640751849,181640753050,181640753071,0,512,1,10000000
47,181640756480,181640757590,181640757609,0,512,1,10000000
47,181640760169,181640761237,181640761257,0,512,1,10000000
47,181640763416,181640764516,181640764540,0,512,1,10000000
47,181640766831,181640767768,181640767783,0,512,1,10000000
47,181640772156,181640773029,181640773047,0,512,1,10000000
47,181640776896,181640778112,181640778137,0,512,1,10000000
47,181640800231,181640801603,181640801626,0,512,1,10000000
47,181640805762,181640806705,181640806723,0,512,1,10000000
47,181640809202,181640810061,181640810078,0,512,1,10000000
47,181640814759,181640815983,181640816005,0,512,1,10000000
47,181640818521,181640819432,181640819450,0,512,1,10000000
47,181640822001,181640823248,181640823268,0,512,1,10000000
47,181640825434,181640826288,181640826305,0,512,1,10000000
47,181640828315,181640829208,181640829226,0,512,1,10000000
47,181640832424,181640833331,181640833350,0,512,1,10000000
47,181640836639,181640837574,181640837593,0,512,1,10000000
47,181640840979,181640841847,181640841862,0,512,1,10000000
47,181640845117,181640846299,181640846317,0,512,1,10000000
47,181640870143,181640872008,181640872040,0,512,1,10000000
47,181640875753,181640876827,181640876848,0,512,1,10000000
47,181640881047,181640882020,181640882039,0,512,1,10000000
47,181640886043,181640886956,181640886983,0,512,1,10000000
47,181640891456,181640892749,181640892772,0,512,1,10000000
47,181640896395,181640897818,181640897836,0,512,1,10000000
47,181640902854,181640904124,181640904147,0,512,1,10000000
47,181640906702,181640907884,181640907905,0,512,1,10000000
47,181640911295,181640912595,181640912618,0,512,1,10000000
47,181640917157,181640918093,181640918110,0,512,1,10000000
47,181640939741,181640941035,181640941068,0,512,1,10000000
47,181640945360,181640946775,181640946835,0,512,1,10000000
47,181640949991,181640951420,181640951443,0,512,1,10000000
47,181640955857,181640957194,181640957215,0,512,1,10000000
47,181640961413,181640962496,181640962514,0,512,1,10000000
47,181640964304,181640965209,181640965224,0,512,1,10000000
47,181640968813,181640969759,181640969777,0,512,1,10000000
47,181640972818,181640973673,181640973692,0,512,1,10000000
47,181640976549,181640977477,181640977491,0,512,1,10000000
47,181640979502,181640980307,181640980320,0,512,1,10000000
47,181640983566,181640984652,181640984673,0,512,1,10000000
47,181640986966,181640988087,181640988108,0,512,1,10000000
47,181641008739,181641009706,181641009725,0,512,1,10000000
47,181641014234,181641015248,181641015266,0,512,1,10000000
47,181641019393,181641020212,181641020229,0,512,1,10000000
47,181641024835,181641026163,181641026185,0,512,1,10000000
47,181641029582,181641030817,181641030837,0,512,1,10000000
47,181641033792,181641034934,181641034953,0,512,1,10000000
47,181641037202,181641038307,181641038327,0,512,1,10000000
47,181641040908,181641042112,181641042134,0,512,1,10000000
47,181641044437,181641045591,181641045611,0,512,1,10000000
47,181641048758,181641049606,181641049624,0,512,1,10000000
47,181641053030,181641054203,181641054224,0,512,1,10000000
47,181641056413,181641057168,181641057181,0,512,1,10000000
47,181641078656,181641079657,181641079691,0,512,1,10000000
47,181641083294,181641084260,181641084278,0,512,1,10000000
47,181641088815,181641089775,181641089794,0,512,1,10000000
47,181641092453,181641093209,181641093226,0,512,1,10000000
47,181641096117,181641097312,181641097331,0,512,1,10000000
47,181641100758,181641101913,181641101933,0,512,1,10000000
47,181641104058,181641104942,181641104963,0,512,1,10000000
47,181641106891,181641107751,181641107771,0,512,1,10000000
47,181641110101,181641111229,181641111248,0,512,1,10000000
47,181641113358,181641114216,181641114233,0,512,1,10000000
47,181641117737,181641118651,181641118669,0,512,1,10000000
47,181641122433,181641123570,181641123591,0,512,1,10000000
47,181641126071,181641127181,181641127203,0,512,1,10000000
47,181641147943,181641149560,181641149591,0,512,1,10000000
47,181641152794,181641153681,181641153699,0,512,1,10000000
47,181641158276,181641159253,181641159272,0,512,1,10000000
47,181641163696,181641164844,181641164864,0,512,1,10000000
47,181641169537,181641170893,181641170915,0,512,1,10000000
47,181641173616,181641174810,181641174830,0,512,1,10000000
47,181641177478,181641178645,181641178665,0,512,1,10000000
47,181641180910,181641182011,181641182031,0,512,1,10000000
47,181641185488,181641186317,181641186335,0,512,1,10000000
47,181641189259,181641190073,181641190090,0,512,1,10000000
47,181641193897,181641194891,181641194910,0,512,1,10000000
47,181641217594,181641218542,181641218562,0,512,1,10000000
47,181641222692,181641223618,181641223637,0,512,1,10000000
47,181641227660,181641228616,181641228633,0,512,1,10000000
47,181641232026,181641233050,181641233067,0,512,1,10000000
47,181641235766,181641236582,181641236595,0,512,1,10000000
47,181641240003,181641241184,181641241205,0,512,1,10000000
47,181641243884,181641245005,181641245025,0,512,1,10000000
47,181641247194,181641248281,181641248301,0,512,1,10000000
47,181641250500,181641251571,181641251588,0,512,1,10000000
47,181641255320,181641256162,181641256181,0,512,1,10000000
47,181641259302,181641260246,181641260265,0,512,1,10000000
47,181641264130,181641264959,181641264978,0,512,1,10000000
47,181641287013,181641288141,181641288160,0,512,1,10000000
47,181641292091,181641293008,181641293025,0,512,1,10000000
47,181641297162,181641297989,181641298006,0,512,1,10000000
47,181641300682,181641301763,181641301782,0,512,1,10000000
47,181641306746,181641307995,181641308017,0,512,1,10000000
47,181641311568,181641312896,181641312919,0,512,1,10000000
47,181641315005,181641315906,181641315925,0,512,1,10000000
47,181641319553,181641320592,181641320612,0,512,1,10000000
47,181641324447,181641325286,181641325304,0,512,1,10000000
47,181641328757,181641329975,181641329994,0,512,1,10000000
47,181641332785,181641333653,181641333671,0,512,1,10000000
47,181641356168,181641357377,181641357399,0,512,1,10000000
47,181641361077,181641362096,181641362117,0,512,1,10000000
47,181641366652,181641367597,181641367614,0,512,1,10000000
47,181641372525,181641373912,181641373970,0,512,1,10000000
47,181641378126,181641379446,181641379468,0,512,1,10000000
47,181641381647,181641382696,181641382719,0,512,1,10000000
47,181641385405,181641386508,181641386528,0,512,1,10000000
47,181641389226,181641390392,181641390412,0,512,1,10000000
47,181641394573,181641395414,181641395431,0,512,1,10000000
47,181641398642,181641399825,181641399848,0,512,1,10000000
47,181641402615,181641403710,181641403731,0,512,1,10000000
47,181641425940,181641427047,181641427076,0,512,1,10000000
47,181641430455,181641431363,181641431382,0,512,1,10000000
47,181641434530,181641435446,181641435464,0,512,1,10000000
47,181641439565,181641440538,181641440555,0,512,1,10000000
47,181641443874,181641444795,181641444813,0,512,1,10000000
47,181641447901,181641448686,181641448700,0,512,1,10000000
47,181641450179,181641450914,181641450927,0,512,1,10000000
47,181641452670,181641453387,181641453400,0,512,1,10000000
47,181641454906,181641455683,181641455698,0,512,1,10000000
47,181641461036,181641462491,181641462512,0,512,1,10000000
47,181641465983,181641466742,181641466756,0,512,1,10000000
47,181641470090,181641471080,181641471102,0,512,1,10000000
47,181641495110,181641496162,181641496188,0,512,1,10000000
47,181641500222,181641502079,181641502103,0,512,1,10000000
47,181641505905,181641507139,181641507160,0,512,1,10000000
47,181641511152,181641512207,181641512233,0,512,1,10000000
47,181641514583,181641515617,181641515636,0,512,1,10000000
47,181641519572,181641520916,181641520938,0,512,1,10000000
47,181641523421,181641524557,181641524578,0,512,1,10000000
47,181641527544,181641528725,181641528746,0,512,1,10000000
47,181641531313,181641532285,181641532302,0,512,1,10000000
47,181641535686,181641536611,181641536630,0,512,1,10000000
47,181641540079,181641541089,181641541109,0,512,1,10000000
47,181641564902,181641566120,181641566142,0,512,1,10000000
47,181641570502,181641571531,181641571561,0,512,1,10000000
47,181641576181,181641577183,181641577362,0,512,1,10000000
47,181641582554,181641583717,181641583744,0,512,1,10000000
47,181641587816,181641589196,181641589218,0,512,1,10000000
47,181641591318,181641592126,181641592141,0,512,1,10000000
47,181641595193,181641596355,181641596377,0,512,1,10000000
47,181641598941,181641599847,181641599865,0,512,1,10000000
47,181641602865,181641603839,181641603858,0,512,1,10000000
47,181641606736,181641607623,181641607641,0,512,1,10000000
47,181641609719,181641610640,181641610655,0,512,1,10000000
47,181641634090,181641635152,181641635183,0,512,1,10000000
47,181641639209,181641640185,181641640204,0,512,1,10000000
47,181641644777,181641645731,181641645750,0,512,1,10000000
47,181641649859,181641651287,181641651312,0,512,1,10000000
47,181641654876,181641656011,181641656034,0,512,1,10000000
47,181641658561,181641659667,181641659686,0,512,1,10000000
47,181641662862,181641663927,181641663947,0,512,1,10000000
47,181641666338,181641667431,181641667452,0,512,1,10000000
47,181641670759,181641671746,181641671773,0,512,1,10000000
47,181641674796,181641675678,181641675696,0,512,1,10000000
47,181641678722,181641679954,181641679975,0,512,1,10000000
47,181641703437,181641704535,181641704557,0,512,1,10000000
47,181641708689,181641709558,181641709575,0,512,1,10000000
47,181641713781,181641714728,181641714746,0,512,1,10000000
47,181641719414,181641720640,181641720657,0,512,1,10000000
47,181641725130,181641726353,181641726374,0,512,1,10000000
47,181641728895,181641730016,181641730035,0,512,1,10000000
47,181641732646,181641733491,181641733510,0,512,1,10000000
47,181641736653,181641737601,181641737621,0,512,1,10000000
47,181641740862,181641741772,181641741792,0,512,1,10000000
47,181641745195,181641746043,181641746059,0,512,1,10000000
47,181641749921,181641751026,181641751046,0,512,1,10000000
47,181641773036,181641774150,181641774182,0,512,1,10000000
47,181641777599,181641778569,181641778589,0,512,1,10000000
47,181641781724,181641782622,181641782642,0,512,1,10000000
47,181641786041,181641787245,181641787266,0,512,1,10000000
47,181641790968,181641792267,181641792292,0,512,1,10000000
47,181641796337,181641797611,181641797631,0,512,1,10000000
47,181641800370,181641801633,181641801653,0,512,1,10000000
47,181641805172,181641806022,181641806039,0,512,1,10000000
47,181641809083,181641809930,181641809946,0,512,1,10000000
47,181641813648,181641815087,181641815141,0,512,1,10000000
47,181641819651,181641820890,181641820913,0,512,1,10000000
47,181641842121,181641843198,181641843221,0,512,1,10000000
47,181641847236,181641848172,181641848189,0,512,1,10000000
47,181641852546,181641853707,181641853724,0,512,1,10000000
47,181641858300,181641859633,181641859655,0,512,1,10000000
47,181641863819,181641865091,181641865111,0,512,1,10000000
47,181641867161,181641868026,181641868044,0,512,1,10000000
47,181641869931,181641870746,181641870762,0,512,1,10000000
47,181641874672,181641875568,181641875589,0,512,1,10000000
47,181641879207,181641880153,181641880173,0,512,1,10000000
47,181641883175,181641884090,181641884108,0,512,1,10000000
47,181641887754,181641889418,181641889440,0,512,1,10000000
47,181641911427,181641912527,181641912558,0,512,1,10000000
47,181641917191,181641918187,181641918207,0,512,1,10000000
47,181641922379,181641924063,181641924083,0,512,1,10000000
47,181641927771,181641928773,181641928789,0,512,1,10000000
47,181641933234,181641934606,181641934628,0,512,1,10000000
47,181641937094,181641938276,181641938296,0,512,1,10000000
47,181641940717,181641941826,181641941846,0,512,1,10000000
47,181641943881,181641944758,181641944779,0,512,1,10000000
47,181641948298,181641949208,181641949226,0,512,1,10000000
47,181641952218,181641953122,181641953140,0,512,1,10000000
47,181641956511,181641957578,181641957597,0,512,1,10000000
47,181641981324,181641982392,181641982419,0,512,1,10000000
47,181641986578,181641987561,181641987582,0,512,1,10000000
47,181641991618,181641992577,181641992595,0,512,1,10000000
47,181641996859,181641997795,181641997811,0,512,1,10000000
47,181642000849,181642002887,181642002908,0,512,1,10000000
47,181642005813,181642007836,181642007857,0,512,1,10000000
47,181642011574,181642012753,181642012773,0,512,1,10000000
47,181642015353,181642016273,181642016298,0,512,1,10000000
47,181642019485,181642020365,181642020384,0,512,1,10000000
47,181642023393,181642024258,181642024277,0,512,1,10000000
47,181642026716,181642027541,181642027559,0,512,1,10000000
47,181642049972,181642051042,181642051061,0,512,1,10000000
47,181642055321,181642056267,181642056285,0,512,1,10000000
47,181642060086,181642060921,181642060937,0,512,1,10000000
47,181642064070,181642065196,181642065217,0,512,1,10000000
47,181642067597,181642068353,181642068366,0,512,1,10000000
47,181642072010,181642073348,181642073370,0,512,1,10000000
47,181642075464,181642076273,181642076290,0,512,1,10000000
47,181642079481,181642080652,181642080673,0,512,1,10000000
47,181642083520,181642084525,181642084545,0,512,1,10000000
47,181642087640,181642088479,181642088496,0,512,1,10000000
47,181642091403,181642092207,181642092224,0,512,1,10000000
47,181642095517,181642096645,181642096666,0,512,1,10000000
47,181642120136,181642121190,181642121220,0,512,1,10000000
47,181642125075,181642125990,181642126009,0,512,1,10000000
47,181642129277,181642130274,181642130291,0,512,1,10000000
47,181642134495,181642135554,181642135579,0,512,1,10000000
47,181642139913,181642141657,181642141672,0,512,1,10000000
47,181642144636,181642145966,181642145989,0,512,1,10000000
47,181642148609,181642150742,181642150765,0,512,1,10000000
47,181642154029,181642154862,181642154880,0,512,1,10000000
47,181642158014,181642158867,181642158885,0,512,1,10000000
47,181642162615,181642163802,181642163823,0,512,1,10000000
47,181642166442,181642167606,181642167628,0,512,1,10000000
47,181642189610,181642190891,181642190911,0,512,1,10000000
47,181642194691,181642195706,181642195726,0,512,1,10000000
47,181642199855,181642200732,181642200752,0,512,1,10000000
47,181642203693,181642204867,181642204885,0,512,1,10000000
47,181642207649,181642208680,181642208699,0,512,1,10000000
47,181642212053,181642213212,181642213232,0,512,1,10000000
47,181642215566,181642216470,181642216488,0,512,1,10000000
47,181642218826,181642219678,181642219692,0,512,1,10000000
47,181642221262,181642222851,181642222874,0,512,1,10000000
47,181642226052,181642226956,181642226974,0,512,1,10000000
47,181642229894,181642230756,181642230774,0,512,1,10000000
47,181642234029,181642235171,181642235198,0,512,1,10000000
47,181642258893,181642259997,181642260031,0,512,1,10000000
47,181642263982,181642265426,181642265448,0,512,1,10000000
47,181642269828,181642271187,181642271209,0,512,1,10000000
47,181642275139,181642276506,181642276528,0,512,1,10000000
47,181642280582,181642281859,181642281910,0,512,1,10000000
47,181642284461,181642285572,181642285592,0,512,1,10000000
47,181642288950,181642290127,181642290149,0,512,1,10000000
47,181642294291,181642295348,181642295376,0,512,1,10000000
47,181642298799,181642299871,181642299891,0,512,1,10000000
47,181642303777,181642304974,181642304995,0,512,1,10000000
47,181642308721,181642309814,181642309839,0,512,1,10000000
47,181642328168,181642329662,181642329686,0,512,1,10000000
47,181642333636,181642334525,181642334545,0,512,1,10000000
47,181642338883,181642340090,181642340112,0,512,1,10000000
47,181642344574,181642345913,181642345934,0,512,1,10000000
47,181642349966,181642351180,181642351201,0,512,1,10000000
47,181642354304,181642355430,181642355450,0,512,1,10000000
47,181642357779,181642358793,181642358807,0,512,1,10000000
47,181642362341,181642363267,181642363285,0,512,1,10000000
47,181642366409,181642367254,181642367272,0,512,1,10000000
47,181642370221,181642371207,181642371226,0,512,1,10000000
47,181642374831,181642376267,181642376288,0,512,1,10000000
47,181642397281,181642398648,181642398679,0,512,1,10000000
47,181642402504,181642403691,181642403722,0,512,1,10000000
47,181642408533,181642409481,181642409502,0,512,1,10000000
47,181642414036,181642415426,181642415451,0,512,1,10000000
47,181642419227,181642420453,181642420473,0,512,1,10000000
47,181642422856,181642423775,181642423795,0,512,1,10000000
47,181642426137,181642426985,181642427003,0,512,1,10000000
47,181642429122,181642430018,181642430036,0,512,1,10000000
47,181642433123,181642433918,181642433934,0,512,1,10000000
47,181642437215,181642438159,181642438178,0,512,1,10000000
47,181642441483,181642442770,181642442791,0,512,1,10000000
47,181642445203,181642446226,181642446242,0,512,1,10000000
47,181642467202,181642468476,181642468507,0,512,1,10000000
47,181642472139,181642473096,181642473117,0,512,1,10000000
47,181642477937,181642478927,181642478948,0,512,1,10000000
47,181642483030,181642483871,181642483886,0,512,1,10000000
47,181642488371,181642489847,181642489869,0,512,1,10000000
47,181642492234,181642493841,181642493864,0,512,1,10000000
47,181642495933,181642496758,181642496772,0,512,1,10000000
47,181642498334,181642499102,181642499114,0,512,1,10000000
47,181642502449,181642503420,181642503441,0,512,1,10000000
47,181642506937,181642507835,181642507855,0,512,1,10000000
47,181642511078,181642512271,181642512290,0,512,1,10000000
47,181642516236,181642517444,181642517464,0,512,1,10000000
47,181642536545,181642538079,181642538104,0,512,1,10000000
47,181642541972,181642543461,181642543482,0,512,1,10000000
47,181642547094,181642548373,181642548393,0,512,1,10000000
47,181642552872,181642554642,181642554662,0,512,1,10000000
47,181642558111,181642559404,181642559423,0,512,1,10000000
47,181642562742,181642563861,181642563880,0,512,1,10000000
47,181642566910,181642567715,181642567729,0,512,1,10000000
47,181642569293,181642570094,181642570107,0,512,1,10000000
47,181642572065,181642572856,181642572871,0,512,1,10000000
47,181642576697,181642577555,181642577574,0,512,1,10000000
47,181642581295,181642582379,181642582399,0,512,1,10000000
47,181642606164,181642607365,181642607386,0,512,1,10000000
47,181642611266,181642612405,181642612433,0,512,1,10000000
47,181642616467,181642617503,181642617529,0,512,1,10000000
47,181642621923,181642623327,181642623352,0,512,1,10000000
47,181642626644,181642627804,181642627824,0,512,1,10000000
47,181642630634,181642631963,181642631984,0,512,1,10000000
47,181642634515,181642635323,181642635338,0,512,1,10000000
47,181642636847,181642637597,181642637611,0,512,1,10000000
47,181642639935,181642640742,181642640758,0,512,1,10000000
47,181642643982,181642644925,181642644944,0,512,1,10000000
47,181642647995,181642648853,181642648870,0,512,1,10000000
47,181642651698,181642652571,181642652586,0,512,1,10000000
47,181642675561,181642676609,181642676630,0,512,1,10000000
47,181642680388,181642681345,181642681363,0,512,1,10000000
47,181642685834,181642687172,181642687193,0,512,1,10000000
47,181642691705,181642692714,181642692734,0,512,1,10000000
47,181642697064,181642697996,181642698014,0,512,1,10000000
47,181642701096,181642702211,181642702230,0,512,1,10000000
47,181642704489,181642705578,181642705597,0,512,1,10000000
47,181642707915,181642708821,181642708840,0,512,1,10000000
47,181642712440,181642713537,181642713597,0,512,1,10000000
47,181642716790,181642717636,181642717652,0,512,1,10000000
47,181642721365,181642722282,181642722301,0,512,1,10000000
47,181642744920,181642746029,181642746049,0,512,1,10000000
47,181642749649,181642751058,181642751080,0,512,1,10000000
47,181642755433,181642756841,181642756863,0,512,1,10000000
47,181642761080,181642762353,181642762375,0,512,1,10000000
47,181642766475,181642767345,181642767364,0,512,1,10000000
47,181642770320,181642771414,181642771432,0,512,1,10000000
47,181642773714,181642774774,181642774792,0,512,1,10000000
47,181642777328,181642778447,181642778465,0,512,1,10000000
47,181642780713,181642781656,181642781673,0,512,1,10000000
47,181642785390,181642786294,181642786312,0,512,1,10000000
47,181642789933,181642790906,181642790933,0,512,1,10000000
47,181642814100,181642815225,181642815244,0,512,1,10000000
47,181642819447,181642821637,181642821661,0,512,1,10000000
47,181642827441,181642828806,181642828825,0,512,1,10000000
47,181642831838,181642833401,181642833417,0,512,1,10000000
47,181642836014,181642837298,181642837317,0,512,1,10000000
47,181642840905,181642842525,181642842545,0,512,1,10000000
47,181642846247,181642849037,181642849092,0,512,1,10000000
47,181642852897,181642853800,181642853818,0,512,1,10000000
47,181642856869,181642858465,181642858488,0,512,1,10000000
47,181642860960,181642861818,181642861836,0,512,1,10000000
47,181642883661,181642884853,181642884883,0,512,1,10000000
47,181642888910,181642889903,181642889922,0,512,1,10000000
47,181642893981,181642894849,181642894865,0,512,1,10000000
47,181642897701,181642898818,181642898837,0,512,1,10000000
47,181642902122,181642903266,181642903287,0,512,1,10000000
47,181642905671,181642906961,181642906980,0,512,1,10000000
47,181642910133,181642911237,181642911257,0,512,1,10000000
47,181642913621,181642914716,181642914736,0,512,1,10000000
47,181642918047,181642918982,181642919000,0,512,1,10000000
47,181642922188,181642923134,181642923154,0,512,1,10000000
47,181642926219,181642927532,181642927559,0,512,1,10000000
47,181642930339,181642931395,181642931411,0,512,1,10000000
47,181642953468,181642954480,181642954508,0,512,1,10000000
47,181642958277,181642959230,181642959249,0,512,1,10000000
47,181642962427,181642963281,181642963298,0,512,1,10000000
47,181642967148,181642968110,181642968125,0,512,1,10000000
47,181642972620,181642974026,181642974052,0,512,1,10000000
47,181642978267,181642979551,181642979570,0,512,1,10000000
47,181642981923,181642982719,181642982735,0,512,1,10000000
47,181642986015,181642986890,181642986909,0,512,1,10000000
47,181642990008,181642990844,181642990861,0,512,1,10000000
47,181642993765,181642994844,181642994863,0,512,1,10000000
47,181642997435,181642998378,181642998397,0,512,1,10000000
47,181643022810,181643023878,181643023900,0,512,1,10000000
47,181643027431,181643028393,181643028410,0,512,1,10000000
47,181643032878,181643033841,181643033866,0,512,1,10000000
47,181643038311,181643039336,181643039351,0,512,1,10000000
47,181643042051,181643043510,181643043533,0,512,1,10000000
47,181643047539,181643049073,181643049097,0,512,1,10000000
47,181643050942,181643051700,181643051712,0,512,1,10000000
47,181643053206,181643053930,181643053942,0,512,1,10000000
47,181643058455,181643059449,181643059467,0,512,1,10000000
47,181643063057,181643064150,181643064170,0,512,1,10000000
47,181643067523,181643068628,181643068646,0,512,1,10000000
47,181643091619,181643092879,181643092904,0,512,1,10000000
47,181643096804,181643097804,181643097826,0,512,1,10000000
47,181643100769,181643101710,181643101728,0,512,1,10000000
47,181643106195,181643107543,181643107566,0,512,1,10000000
47,181643111936,181643113262,181643113282,0,512,1,10000000
47,181643116802,181643118082,181643118102,0,512,1,10000000
47,181643121154,181643122329,181643122350,0,512,1,10000000
47,181643124648,181643125766,181643125785,0,512,1,10000000
47,181643129528,181643130396,181643130413,0,512,1,10000000
47,181643133472,181643134295,181643134312,0,512,1,10000000
47,181643137899,181643139007,181643139029,0,512,1,10000000
47,181643161459,181643162616,181643162647,0,512,1,10000000
47,181643166566,181643167527,181643167546,0,512,1,10000000
47,181643171808,181643172671,181643172688,0,512,1,10000000
47,181643176338,181643177541,181643177560,0,512,1,10000000
47,181643180714,181643181867,181643181931,0,512,1,10000000
47,181643185112,181643186256,181643186275,0,512,1,10000000
47,181643188892,181643189954,181643189971,0,512,1,10000000
47,181643192313,181643193423,181643193442,0,512,1,10000000
47,181643195579,181643196360,181643196374,0,512,1,10000000
47,181643198842,181643199763,181643199782,0,512,1,10000000
47,181643203223,181643204178,181643204197,0,512,1,10000000
47,181643208306,181643209160,181643209175,0,512,1,10000000
47,181643230866,181643231871,181643231891,0,512,1,10000000
47,181643236258,181643237120,181643237138,0,512,1,10000000
47,181643241195,181643242179,181643242197,0,512,1,10000000
47,181643246614,181643247679,181643247694,0,512,1,10000000
47,181643250318,181643251475,181643251494,0,512,1,10000000
47,181643255676,181643256848,181643256868,0,512,1,10000000
47,181643259212,181643260072,181643260090,0,512,1,10000000
47,181643261955,181643262735,181643262753,0,512,1,10000000
47,181643266199,181643267176,181643267196,0,512,1,10000000
47,181643270303,181643271152,181643271169,0,512,1,10000000
47,181643274260,181643275613,181643275635,0,512,1,10000000
47,181643278092,181643279094,181643279111,0,512,1,10000000
47,181643300584,181643301790,181643301821,0,512,1,10000000
47,181643305882,181643306737,181643306753,0,512,1,10000000
47,181643309863,181643310689,181643310706,0,512,1,10000000
47,181643313558,181643314518,181643314537,0,512,1,10000000
47,181643317162,181643318314,181643318334,0,512,1,10000000
47,181643321602,181643322443,181643322458,0,512,1,10000000
47,181643324654,181643325458,181643325475,0,512,1,10000000
47,181643328202,181643329431,181643329452,0,512,1,10000000
47,181643331746,181643332881,181643332902,0,512,1,10000000
47,181643336355,181643337172,181643337194,0,512,1,10000000
47,181643340114,181643340916,181643340931,0,512,1,10000000
47,181643343921,181643344949,181643344968,0,512,1,10000000
47,181643347347,181643348221,181643348238,0,512,1,10000000
47,181643369865,181643371029,181643371051,0,512,1,10000000
47,181643374654,181643375724,181643375741,0,512,1,10000000
47,181643380047,181643381255,181643381276,0,512,1,10000000
47,181643386102,181643387389,181643387409,0,512,1,10000000
47,181643391423,181643392456,181643392477,0,512,1,10000000
47,181643395421,181643396551,181643396571,0,512,1,10000000
47,181643400035,181643401163,181643401183,0,512,1,10000000
47,181643403372,181643404508,181643404527,0,512,1,10000000
47,181643407735,181643408778,181643408795,0,512,1,10000000
47,181643411860,181643412684,181643412702,0,512,1,10000000
47,181643416186,181643417283,181643417303,0,512,1,10000000
47,181643438629,181643440253,181643440284,0,512,1,10000000
47,181643444007,181643445037,181643445054,0,512,1,10000000
47,181643448041,181643448954,181643448969,0,512,1,10000000
47,181643451698,181643452532,181643452547,0,512,1,10000000
47,181643454931,181643456223,181643456242,0,512,1,10000000
47,181643461117,181643462040,181643462056,0,512,1,10000000
47,181643463627,181643464446,181643464459,0,512,1,10000000
47,181643466646,181643467634,181643467649,0,512,1,10000000
47,181643469198,181643469997,181643470010,0,512,1,10000000
47,181643471974,181643472934,181643472953,0,512,1,10000000
47,181643476219,181643476998,181643477014,0,512,1,10000000
47,181643480032,181643480937,181643480955,0,512,1,10000000
47,181643484017,181643485043,181643485071,0,512,1,10000000
47,181643508863,181643510032,181643510066,0,512,1,10000000
47,181643514007,181643515013,181643515034,0,512,1,10000000
47,181643519440,181643520381,181643520407,0,512,1,10000000
47,181643524741,181643526443,181643526458,0,512,1,10000000
47,181643530188,181643531592,181643531613,0,512,1,10000000
47,181643534246,181643535086,181643535101,0,512,1,10000000
47,181643537407,181643538229,181643538243,0,512,1,10000000
47,181643540587,181643541670,181643541690,0,512,1,10000000
47,181643544972,181643545859,181643545877,0,512,1,10000000
47,181643549139,181643550049,181643550068,0,512,1,10000000
47,181643553329,181643554480,181643554500,0,512,1,10000000
47,181643578387,181643579523,181643579554,0,512,1,10000000
47,181643583251,181643584209,181643584229,0,512,1,10000000
47,181643588620,181643589571,181643589590,0,512,1,10000000
47,181643593807,181643595074,181643595093,0,512,1,10000000
47,181643597762,181643598549,181643598562,0,512,1,10000000
47,181643602967,181643604303,181643604324,0,512,1,10000000
47,181643607272,181643608502,181643608523,0,512,1,10000000
47,181643610709,181643611811,181643611831,0,512,1,10000000
47,181643615024,181643615933,181643615951,0,512,1,10000000
47,181643618984,181643619814,181643619832,0,512,1,10000000
47,181643622806,181643623800,181643623827,0,512,1,10000000
47,181643647518,181643648634,181643648668,0,512,1,10000000
47,181643652556,181643653463,181643653482,0,512,1,10000000
47,181643658350,181643659426,181643659453,0,512,1,10000000
47,181643663638,181643664520,181643664534,0,512,1,10000000
47,181643668973,181643670165,181643670185,0,512,1,10000000
47,181643672339,181643673433,181643673453,0,512,1,10000000
47,181643675999,181643676867,181643676886,0,512,1,10000000
47,181643679907,181643680910,181643680935,0,512,1,10000000
47,181643684022,181643684912,181643684931,0,512,1,10000000
47,181643688204,181643689105,181643689122,0,512,1,10000000
47,181643692214,181643693150,181643693169,0,512,1,10000000
47,181643717012,181643718396,181643718425,0,512,1,10000000
47,181643722258,181643723132,181643723150,0,512,1,10000000
47,181643727298,181643728471,181643728500,0,512,1,10000000
47,181643732581,181643733834,181643733855,0,512,1,10000000
47,181643736537,181643737594,181643737623,0,512,1,10000000
47,181643741751,181643743047,181643743068,0,512,1,10000000
47,181643746602,181643747792,181643747812,0,512,1,10000000
47,181643750478,181643751693,181643751715,0,512,1,10000000
47,181643756205,181643757080,181643757099,0,512,1,10000000
47,181643759547,181643760582,181643760601,0,512,1,10000000
47,181643762712,181643763539,181643763555,0,512,1,10000000
47,181643786247,181643787980,181643788011,0,512,1,10000000
47,181643791822,181643793133,181643793153,0,512,1,10000000
47,181643797031,181643798362,181643798382,0,512,1,10000000
47,181643802553,181643803829,181643803853,0,512,1,10000000
47,181643807532,181643808954,181643808977,0,512,1,10000000
47,181643811654,181643812838,181643812858,0,512,1,10000000
47,181643815233,181643816101,181643816117,0,512,1,10000000
47,181643818055,181643818931,181643818958,0,512,1,10000000
47,181643820669,181643821544,181643821560,0,512,1,10000000
47,181643826791,181643827731,181643827750,0,512,1,10000000
47,181643855138,181643856207,181643856229,0,512,1,10000000
47,181643860972,181643862380,181643862406,0,512,1,10000000
47,181643866313,181643867614,181643867635,0,512,1,10000000
47,181643869966,181643871315,181643871332,0,512,1,10000000
47,181643875696,181643877016,181643877036,0,512,1,10000000
47,181643880387,181643881463,181643881483,0,512,1,10000000
47,181643884094,181643885025,181643885044,0,512,1,10000000
47,181643888310,181643889269,181643889288,0,512,1,10000000
47,181643892872,181643893735,181643893754,0,512,1,10000000
47,181643897052,181643898179,181643898199,0,512,1,10000000
47,181643901732,181643902781,181643902802,0,512,1,10000000
47,181643925207,181643926353,181643926383,0,512,1,10000000
47,181643930386,181643931372,181643931390,0,512,1,10000000
47,181643935453,181643936523,181643936544,0,512,1,10000000
47,181643939728,181643940748,181643940766,0,512,1,10000000
47,181643942996,181643943868,181643943888,0,512,1,10000000
47,181643948813,181643950169,181643950190,0,512,1,10000000
47,181643952933,181643954067,181643954085,0,512,1,10000000
47,181643956415,181643957510,181643957529,0,512,1,10000000
47,181643961752,181643962602,181643962619,0,512,1,10000000
47,181643965784,181643966676,181643966693,0,512,1,10000000
47,181643970751,181643971823,181643971844,0,512,1,10000000
47,181643994617,181643995638,181643995669,0,512,1,10000000
47,181643999600,181644000542,181644000560,0,512,1,10000000
47,181644004917,181644005869,181644005887,0,512,1,10000000
47,181644008896,181644010126,181644010145,0,512,1,10000000
47,181644013093,181644013867,181644013881,0,512,1,10000000
47,181644016955,181644018047,181644018066,0,512,1,10000000
47,181644020871,181644021949,181644021968,0,512,1,10000000
47,181644024426,181644025527,181644025546,0,512,1,10000000
47,181644027757,181644028831,181644028850,0,512,1,10000000
47,181644031563,181644032491,181644032509,0,512,1,10000000
47,181644035319,181644036183,181644036201,0,512,1,10000000
47,181644039320,181644040367,181644040998,0,512,1,10000000
47,181644064195,181644065288,181644065313,0,512,1,10000000
47,181644069423,181644070527,181644070546,0,512,1,10000000
47,181644074570,181644075528,181644075545,0,512,1,10000000
47,181644079961,181644081357,181644081381,0,512,1,10000000
47,181644084881,181644085978,181644085996,0,512,1,10000000
47,181644089186,181644090401,181644090421,0,512,1,10000000
47,181644093183,181644094054,181644094071,0,512,1,10000000
47,181644096048,181644096923,181644096941,0,512,1,10000000
47,181644099752,181644100532,181644100548,0,512,1,10000000
47,181644103722,181644104619,181644104638,0,512,1,10000000
47,181644107953,181644109137,181644109158,0,512,1,10000000
47,181644112349,181644113220,181644113236,0,512,1,10000000
47,181644133655,181644134704,181644134724,0,512,1,10000000
47,181644138513,181644139373,181644139391,0,512,1,10000000
47,181644143762,181644144750,181644144801,0,512,1,10000000
47,181644149670,181644150779,181644150797,0,512,1,10000000
47,181644154926,181644156233,181644156254,0,512,1,10000000
47,181644158722,181644160028,181644160050,0,512,1,10000000
47,181644162822,181644164086,181644164105,0,512,1,10000000
47,181644167329,181644168331,181644168349,0,512,1,10000000
47,181644171512,181644172367,181644172387,0,512,1,10000000
47,181644175515,181644176397,181644176420,0,512,1,10000000
47,181644179359,181644180263,181644180281,0,512,1,10000000
47,181644202645,181644203793,181644203816,0,512,1,10000000
47,181644208102,181644209085,181644209112,0,512,1,10000000
47,181644211589,181644212534,181644212552,0,512,1,10000000
47,181644216792,181644218146,181644218167,0,512,1,10000000
47,181644222060,181644223228,181644223249,0,512,1,10000000
47,181644225624,181644226434,181644226449,0,512,1,10000000
47,181644228003,181644228763,181644228776,0,512,1,10000000
47,181644231442,181644232257,181644232271,0,512,1,10000000
47,181644235287,181644236199,181644236217,0,512,1,10000000
47,181644239234,181644240088,181644240105,0,512,1,10000000
47,181644243103,181644243921,181644243940,0,512,1,10000000
47,181644247076,181644248212,181644248232,0,512,1,10000000
47,181644272535,181644274116,181644274141,0,512,1,10000000
47,181644277456,181644278300,181644278317,0,512,1,10000000
47,181644282624,181644283589,181644283606,0,512,1,10000000
47,181644286390,181644287430,181644287448,0,512,1,10000000
47,181644291757,181644293164,181644293185,0,512,1,10000000
47,181644297219,181644298561,181644298582,0,512,1,10000000
47,181644301171,181644302442,181644302461,0,512,1,10000000
47,181644305708,181644306563,181644306582,0,512,1,10000000
47,181644309826,181644310637,181644310653,0,512,1,10000000
47,181644313425,181644314408,181644314425,0,512,1,10000000
47,181644316963,181644317926,181644317953,0,512,1,10000000
47,181644341914,181644343119,181644343147,0,512,1,10000000
47,181644346524,181644347558,181644347583,0,512,1,10000000
47,181644352176,181644353634,181644353662,0,512,1,10000000
47,181644357938,181644358971,181644358999,0,512,1,10000000
47,181644363307,181644364553,181644364574,0,512,1,10000000
47,181644366760,181644367894,181644367912,0,512,1,10000000
47,181644371001,181644372078,181644372097,0,512,1,10000000
47,181644374837,181644376043,181644376063,0,512,1,10000000
47,181644379967,181644380936,181644380954,0,512,1,10000000
47,181644384596,181644385572,181644385600,0,512,1,10000000
47,181644388362,181644389462,181644389482,0,512,1,10000000
47,181644411034,181644412585,181644412609,0,512,1,10000000
47,181644416544,181644417479,181644417495,0,512,1,10000000
47,181644421735,181644423090,181644423114,0,512,1,10000000
47,181644427453,181644428691,181644428711,0,512,1,10000000
47,181644432937,181644434263,181644434284,0,512,1,10000000
47,181644436776,181644437918,181644437938,0,512,1,10000000
47,181644440579,181644441742,181644441760,0,512,1,10000000
47,181644445591,181644446738,181644446758,0,512,1,10000000
47,181644450701,181644451627,181644451648,0,512,1,10000000
47,181644454989,181644456055,181644456071,0,512,1,10000000
47,181644457999,181644458805,181644458819,0,512,1,10000000
47,181644480397,181644481871,181644481893,0,512,1,10000000
47,181644486102,181644487033,181644487051,0,512,1,10000000
47,181644491206,181644492538,181644492560,0,512,1,10000000
47,181644496824,181644498697,181644498722,0,512,1,10000000
47,181644502005,181644503329,181644503350,0,512,1,10000000
47,181644505650,181644506814,181644506833,0,512,1,10000000
47,181644509716,181644510837,181644510857,0,512,1,10000000
47,181644514022,181644515705,181644515725,0,512,1,10000000
47,181644519715,181644520523,181644520542,0,512,1,10000000
47,181644523934,181644524932,181644524951,0,512,1,10000000
47,181644527934,181644529095,181644529117,0,512,1,10000000
47,181644549803,181644551219,181644551241,0,512,1,10000000
47,181644555421,181644556787,181644556809,0,512,1,10000000
47,181644561274,181644562394,181644562415,0,512,1,10000000
47,181644567077,181644568618,181644568642,0,512,1,10000000
47,181644573837,181644575770,181644575796,0,512,1,10000000
47,181644578616,181644580304,181644580327,0,512,1,10000000
47,181644582949,181644584275,181644584293,0,512,1,10000000
47,181644588800,181644589718,181644589736,0,512,1,10000000
47,181644593059,181644594131,181644594196,0,512,1,10000000
47,181644597181,181644598163,181644598182,0,512,1,10000000
47,181644619693,181644620946,181644620968,0,512,1,10000000
47,181644624609,181644625603,181644625629,0,512,1,10000000
47,181644629826,181644630772,181644630791,0,512,1,10000000
47,181644633899,181644635229,181644635249,0,512,1,10000000
47,181644637789,181644638904,181644638922,0,512,1,10000000
47,181644642337,181644643268,181644643287,0,512,1,10000000
47,181644645297,181644646115,181644646133,0,512,1,10000000
47,181644647895,181644648677,181644648694,0,512,1,10000000
47,181644650411,181644651207,181644651225,0,512,1,10000000
47,181644654496,181644655300,181644655316,0,512,1,10000000
47,181644658410,181644659313,181644659330,0,512,1,10000000
47,181644662342,181644663441,181644663459,0,512,1,10000000
47,181644665645,181644666575,181644666591,0,512,1,10000000
47,181644689034,181644690170,181644690198,0,512,1,10000000
47,181644694231,181644695160,181644695179,0,512,1,10000000
47,181644699394,181644700283,181644700301,0,512,1,10000000
47,181644704730,181644706082,181644706104,0,512,1,10000000
47,181644709205,181644710418,181644710439,0,512,1,10000000
47,181644714365,181644715525,181644715545,0,512,1,10000000
47,181644717950,181644719067,181644719086,0,512,1,10000000
47,181644721070,181644721904,181644721921,0,512,1,10000000
47,181644725185,181644726060,181644726078,0,512,1,10000000
47,181644729127,181644729987,181644730004,0,512,1,10000000
47,181644733092,181644734113,181644734133,0,512,1,10000000
47,181644758515,181644759634,181644759669,0,512,1,10000000
47,181644763344,181644764360,181644764379,0,512,1,10000000
47,181644768197,181644769110,181644769130,0,512,1,10000000
47,181644772280,181644773273,181644773292,0,512,1,10000000
47,181644776086,181644777190,181644777209,0,512,1,10000000
47,181644781928,181644783168,181644783189,0,512,1,10000000
47,181644786402,181644787504,181644787527,0,512,1,10000000
47,181644789809,181644790725,181644790739,0,512,1,10000000
47,181644794428,181644795367,181644795388,0,512,1,10000000
47,181644799062,181644799915,181644799933,0,512,1,10000000
47,181644802959,181644803965,181644803986,0,512,1,10000000
47,181644828036,181644829053,181644829082,0,512,1,10000000
47,181644833033,181644833888,181644833905,0,512,1,10000000
47,181644838052,181644839272,181644839291,0,512,1,10000000
47,181644844081,181644845369,181644845388,0,512,1,10000000
47,181644849520,181644850875,181644850895,0,512,1,10000000
47,181644854032,181644855150,181644855172,0,512,1,10000000
47,181644857450,181644858495,181644858512,0,512,1,10000000
47,181644862681,181644863970,181644863989,0,512,1,10000000
47,181644867359,181644868235,181644868253,0,512,1,10000000
47,181644871696,181644872899,181644872920,0,512,1,10000000
47,181644875148,181644876027,181644876046,0,512,1,10000000
47,181644897466,181644898730,181644898754,0,512,1,10000000
47,181644902898,181644903848,181644903867,0,512,1,10000000
47,181644908119,181644909052,181644909073,0,512,1,10000000
47,181644913270,181644914783,181644914807,0,512,1,10000000
47,181644919084,181644920305,181644920325,0,512,1,10000000
47,181644922879,181644924046,181644924068,0,512,1,10000000
47,181644926070,181644926914,181644926931,0,512,1,10000000
47,181644928757,181644929596,181644929615,0,512,1,10000000
47,181644932920,181644933714,181644933731,0,512,1,10000000
47,181644936896,181644937800,181644937819,0,512,1,10000000
47,181644941619,181644942645,181644942662,0,512,1,10000000
47,181644945500,181644946298,181644946312,0,512,1,10000000
47,181644966836,181644967807,181644967827,0,512,1,10000000
47,181644971796,181644972772,181644972790,0,512,1,10000000
47,181644976923,181644977880,181644977898,0,512,1,10000000
47,181644980677,181644982793,181644982813,0,512,1,10000000
47,181644986420,181644987583,181644987602,0,512,1,10000000
47,181644991584,181644992932,181644992958,0,512,1,10000000
47,181644995696,181644996840,181644996860,0,512,1,10000000
47,181644998851,181644999690,181644999717,0,512,1,10000000
47,181645002878,181645003766,181645003784,0,512,1,10000000
47,181645006920,181645007759,181645007776,0,512,1,10000000
47,181645011079,181645012171,181645012191,0,512,1,10000000
47,181645036275,181645037548,181645037569,0,512,1,10000000
47,181645041123,181645042364,181645042382,0,512,1,10000000
47,181645046639,181645047554,181645047621,0,512,1,10000000
47,181645052311,181645053624,181645053641,0,512,1,10000000
47,181645057811,181645059058,181645059078,0,512,1,10000000
47,181645061271,181645062121,181645062141,0,512,1,10000000
47,181645064329,181645065433,181645065449,0,512,1,10000000
47,181645068248,181645069421,181645069441,0,512,1,10000000
47,181645072550,181645073404,181645073423,0,512,1,10000000
47,181645076883,181645077713,181645077730,0,512,1,10000000
47,181645080925,181645081796,181645081815,0,512,1,10000000
47,181645105777,181645106948,181645106979,0,512,1,10000000
47,181645110280,181645111312,181645111333,0,512,1,10000000
47,181645115898,181645116912,181645116933,0,512,1,10000000
47,181645121239,181645122543,181645122564,0,512,1,10000000
47,181645125915,181645127087,181645127107,0,512,1,10000000
47,181645130597,181645131884,181645131907,0,512,1,10000000
47,181645134720,181645135812,181645135832,0,512,1,10000000
47,181645138048,181645139165,181645139185,0,512,1,10000000
47,181645141698,181645142859,181645142878,0,512,1,10000000
47,181645145927,181645146763,181645146781,0,512,1,10000000
47,181645149642,181645150724,181645150743,0,512,1,10000000
47,181645175083,181645176218,181645176247,0,512,1,10000000
47,181645179909,181645180816,181645180835,0,512,1,10000000
47,181645185549,181645186579,181645186599,0,512,1,10000000
47,181645191277,181645192586,181645192609,0,512,1,10000000
47,181645196376,181645197737,181645197759,0,512,1,10000000
47,181645201030,181645202245,181645202266,0,512,1,10000000
47,181645204483,181645205412,181645205430,0,512,1,10000000
47,181645208233,181645209230,181645209256,0,512,1,10000000
47,181645212966,181645213864,181645213882,0,512,1,10000000
47,181645216765,181645217624,181645217646,0,512,1,10000000
47,181645221177,181645222024,181645222042,0,512,1,10000000
47,181645244596,181645245734,181645245758,0,512,1,10000000
47,181645249674,181645250598,181645250616,0,512,1,10000000
47,181645254675,181645255513,181645255531,0,512,1,10000000
47,181645260119,181645261550,181645261576,0,512,1,10000000
47,181645265921,181645267220,181645267240,0,512,1,10000000
47,181645269932,181645271000,181645271018,0,512,1,10000000
47,181645273424,181645274490,181645274509,0,512,1,10000000
47,181645276903,181645277986,181645278004,0,512,1,10000000
47,181645281444,181645282313,181645282330,0,512,1,10000000
47,181645285533,181645286421,181645286439,0,512,1,10000000
47,181645290004,181645291284,181645291304,0,512,1,10000000
47,181645314036,181645315000,181645315028,0,512,1,10000000
47,181645318665,181645319676,181645319696,0,512,1,10000000
47,181645324104,181645325066,181645325084,0,512,1,10000000
47,181645328121,181645329474,181645329495,0,512,1,10000000
47,181645333645,181645335001,181645335021,0,512,1,10000000
47,181645338595,181645339903,181645339923,0,512,1,10000000
47,181645343963,181645345195,181645345216,0,512,1,10000000
47,181645348779,181645349686,181645349711,0,512,1,10000000
47,181645352722,181645353497,181645353513,0,512,1,10000000
47,181645356594,181645357623,181645357642,0,512,1,10000000
47,181645359849,181645360866,181645360881,0,512,1,10000000
47,181645383368,181645384521,181645384540,0,512,1,10000000
47,181645388566,181645389546,181645389565,0,512,1,10000000
47,181645393840,181645394779,181645394798,0,512,1,10000000
47,181645399000,181645400328,181645400349,0,512,1,10000000
47,181645403535,181645404674,181645404694,0,512,1,10000000
47,181645407718,181645408966,181645408985,0,512,1,10000000
47,181645411351,181645412436,181645412455,0,512,1,10000000
47,181645415426,181645416609,181645416630,0,512,1,10000000
47,181645419134,181645420126,181645420152,0,512,1,10000000
47,181645423336,181645424157,181645424173,0,512,1,10000000
47,181645428469,181645429575,181645429595,0,512,1,10000000
47,181645431950,181645432978,181645432998,0,512,1,10000000
47,181645452697,181645453793,181645453827,0,512,1,10000000
47,181645457462,181645458351,181645458369,0,512,1,10000000
47,181645461141,181645462076,181645462097,0,512,1,10000000
47,181645466553,181645467762,181645467784,0,512,1,10000000
47,181645470942,181645472038,181645472057,0,512,1,10000000
47,181645474861,181645476014,181645476032,0,512,1,10000000
47,181645478356,181645479382,181645479400,0,512,1,10000000
47,181645482003,181645483172,181645483190,0,512,1,10000000
47,181645485799,181645486653,181645486720,0,512,1,10000000
47,181645490304,181645491189,181645491216,0,512,1,10000000
47,181645494492,181645495356,181645495376,0,512,1,10000000
47,181645499076,181645500113,181645500133,0,512,1,10000000
47,181645522332,181645523571,181645523592,0,512,1,10000000
47,181645527253,181645528216,181645528235,0,512,1,10000000
47,181645532872,181645533786,181645533805,0,512,1,10000000
47,181645538260,181645539588,181645539607,0,512,1,10000000
47,181645543518,181645544741,181645544761,0,512,1,10000000
47,181645546950,181645548044,181645548064,0,512,1,10000000
47,181645551230,181645552469,181645552491,0,512,1,10000000
47,181645555222,181645556361,181645556381,0,512,1,10000000
47,181645560023,181645560874,181645560891,0,512,1,10000000
47,181645564001,181645564889,181645564907,0,512,1,10000000
47,181645568168,181645569328,181645569348,0,512,1,10000000
47,181645591666,181645592710,181645592732,0,512,1,10000000
47,181645596777,181645597626,181645597643,0,512,1,10000000
47,181645601795,181645602688,181645602706,0,512,1,10000000
47,181645606094,181645607284,181645607305,0,512,1,10000000
47,181645611555,181645612882,181645612903,0,512,1,10000000
47,181645616196,181645617474,181645617492,0,512,1,10000000
47,181645619613,181645620760,181645620780,0,512,1,10000000
47,181645622890,181645623736,181645623754,0,512,1,10000000
47,181645626909,181645627755,181645627772,0,512,1,10000000
47,181645631003,181645631930,181645631949,0,512,1,10000000
47,181645635777,181645636885,181645636902,0,512,1,10000000
47,181645639487,181645640431,181645640447,0,512,1,10000000
47,181645661115,181645662091,181645662110,0,512,1,10000000
47,181645666131,181645667213,181645667232,0,512,1,10000000
47,181645671856,181645672725,181645672745,0,512,1,10000000
47,181645677174,181645678715,181645678741,0,512,1,10000000
47,181645683008,181645684326,181645684349,0,512,1,10000000
47,181645686840,181645687981,181645688001,0,512,1,10000000
47,181645690455,181645691374,181645691392,0,512,1,10000000
47,181645693543,181645694494,181645694513,0,512,1,10000000
47,181645697908,181645698767,181645698784,0,512,1,10000000
47,181645701871,181645702769,181645702787,0,512,1,10000000
47,181645706338,181645707524,181645707542,0,512,1,10000000
47,181645730480,181645731541,181645731563,0,512,1,10000000
47,181645735152,181645736026,181645736044,0,512,1,10000000
47,181645739948,181645741105,181645741133,0,512,1,10000000
47,181645744758,181645745982,181645746003,0,512,1,10000000
47,181645750377,181645751679,181645751700,0,512,1,10000000
47,181645755152,181645756519,181645756540,0,512,1,10000000
47,181645759806,181645760991,181645761012,0,512,1,10000000
47,181645764467,181645765432,181645765451,0,512,1,10000000
47,181645767865,181645768721,181645768739,0,512,1,10000000
47,181645771827,181645772737,181645772756,0,512,1,10000000
47,181645776510,181645777521,181645777549,0,512,1,10000000
47,181645800014,181645801139,181645801160,0,512,1,10000000
47,181645804952,181645805878,181645805904,0,512,1,10000000
47,181645810266,181645811187,181645811205,0,512,1,10000000
47,181645815544,181645816945,181645816967,0,512,1,10000000
47,181645821304,181645822641,181645822661,0,512,1,10000000
47,181645824703,181645825561,181645825579,0,512,1,10000000
47,181645827450,181645828236,181645828254,0,512,1,10000000
47,181645830828,181645831967,181645831988,0,512,1,10000000
47,181645835440,181645836355,181645836374,0,512,1,10000000
47,181645839717,181645840570,181645840587,0,512,1,10000000
47,181645843716,181645844963,181645844984,0,512,1,10000000
47,181645847125,181645847937,181645847955,0,512,1,10000000
47,181645868794,181645869887,181645869915,0,512,1,10000000
47,181645874342,181645875326,181645875348,0,512,1,10000000
47,181645878381,181645879336,181645879354,0,512,1,10000000
47,181645883367,181645884555,181645884575,0,512,1,10000000
47,181645889367,181645890645,181645890664,0,512,1,10000000
47,181645893907,181645895157,181645895176,0,512,1,10000000
47,181645897665,181645898533,181645898551,0,512,1,10000000
47,181645902423,181645903359,181645903380,0,512,1,10000000
47,181645905935,181645906852,181645906870,0,512,1,10000000
47,181645909850,181645910767,181645910783,0,512,1,10000000
47,181645914492,181645915518,181645915538,0,512,1,10000000
47,181645938825,181645939924,181645939947,0,512,1,10000000
47,181645944008,181645944968,181645945028,0,512,1,10000000
47,181645949008,181645950164,181645950192,0,512,1,10000000
47,181645954730,181645955973,181645955994,0,512,1,10000000
47,181645960372,181645961652,181645961672,0,512,1,10000000
47,181645964550,181645965763,181645965784,0,512,1,10000000
47,181645968011,181645969128,181645969148,0,512,1,10000000
47,181645971378,181645972465,181645972484,0,512,1,10000000
47,181645975701,181645976536,181645976554,0,512,1,10000000
47,181645979848,181645980663,181645980679,0,512,1,10000000
47,181645983846,181645984931,181645984950,0,512,1,10000000
47,181646007453,181646008490,181646008519,0,512,1,10000000
47,181646013015,181646014029,181646014061,0,512,1,10000000
47,181646018722,181646019722,181646019741,0,512,1,10000000
47,181646023783,181646024945,181646024961,0,512,1,10000000
47,181646029322,181646030574,181646030594,0,512,1,10000000
47,181646032971,181646034082,181646034099,0,512,1,10000000
47,181646036844,181646038002,181646038021,0,512,1,10000000
47,181646040088,181646040891,181646040908,0,512,1,10000000
47,181646043901,181646044866,181646044885,0,512,1,10000000
47,181646047821,181646048683,181646048700,0,512,1,10000000
47,181646051927,181646053074,181646053092,0,512,1,10000000
47,181646055340,181646056281,181646056301,0,512,1,10000000
47,181646077754,181646078867,181646078897,0,512,1,10000000
47,181646082297,181646083217,181646083237,0,512,1,10000000
47,181646086184,181646087046,181646087061,0,512,1,10000000
47,181646091685,181646093101,181646093125,0,512,1,10000000
47,181646097443,181646098743,181646098764,0,512,1,10000000
47,181646102530,181646103782,181646103801,0,512,1,10000000
47,181646107558,181646108720,181646108742,0,512,1,10000000
47,181646111270,181646112097,181646112114,0,512,1,10000000
47,181646115090,181646115973,181646115992,0,512,1,10000000
47,181646118967,181646119768,181646119784,0,512,1,10000000
47,181646123184,181646124220,181646124238,0,512,1,10000000
47,181646147006,181646148262,181646148293,0,512,1,10000000
47,181646151896,181646152878,181646152896,0,512,1,10000000
47,181646157260,181646158122,181646158139,0,512,1,10000000
47,181646162710,181646164117,181646164141,0,512,1,10000000
47,181646168611,181646169954,181646169977,0,512,1,10000000
47,181646172063,181646172905,181646172921,0,512,1,10000000
47,181646174486,181646175519,181646175539,0,512,1,10000000
47,181646178273,181646179497,181646179517,0,512,1,10000000
47,181646182713,181646183634,181646183652,0,512,1,10000000
47,181646186808,181646187630,181646187648,0,512,1,10000000
47,181646190792,181646191934,181646191954,0,512,1,10000000
47,181646194969,181646195856,181646195870,0,512,1,10000000
47,181646216555,181646217567,181646217588,0,512,1,10000000
47,181646221505,181646222466,181646222486,0,512,1,10000000
47,181646226666,181646227611,181646227630,0,512,1,10000000
47,181646230927,181646232156,181646232175,0,512,1,10000000
47,181646234611,181646235646,181646235664,0,512,1,10000000
47,181646238647,181646239781,181646239800,0,512,1,10000000
47,181646241880,181646242935,181646242953,0,512,1,10000000
47,181646245879,181646246778,181646246797,0,512,1,10000000
47,181646249116,181646250260,181646250281,0,512,1,10000000
47,181646253241,181646254069,181646254086,0,512,1,10000000
47,181646256996,181646257807,181646257823,0,512,1,10000000
47,181646261221,181646262264,181646262294,0,512,1,10000000
47,181646285946,181646287049,181646287073,0,512,1,10000000
47,181646291161,181646292125,181646292151,0,512,1,10000000
47,181646296214,181646297138,181646297157,0,512,1,10000000
47,181646301569,181646302952,181646302973,0,512,1,10000000
47,181646305966,181646307056,181646307074,0,512,1,10000000
47,181646310590,181646311801,181646311822,0,512,1,10000000
47,181646314598,181646315785,181646315805,0,512,1,10000000
47,181646318136,181646319251,181646319270,0,512,1,10000000
47,181646322810,181646323676,181646323694,0,512,1,10000000
47,181646327275,181646328190,181646328210,0,512,1,10000000
47,181646331641,181646332489,181646332508,0,512,1,10000000
47,181646355393,181646356633,181646356662,0,512,1,10000000
47,181646360072,181646361081,181646361100,0,512,1,10000000
47,181646365552,181646366579,181646366600,0,512,1,10000000
47,181646369372,181646370479,181646370498,0,512,1,10000000
47,181646374701,181646375900,181646375920,0,512,1,10000000
47,181646380103,181646381400,181646381463,0,512,1,10000000
47,181646384367,181646385554,181646385575,0,512,1,10000000
47,181646387706,181646388554,181646388577,0,512,1,10000000
47,181646391661,181646392585,181646392604,0,512,1,10000000
47,181646395574,181646396411,181646396428,0,512,1,10000000
47,181646399359,181646400276,181646400296,0,512,1,10000000
47,181646424948,181646426081,181646426118,0,512,1,10000000
47,181646429939,181646431001,181646431021,0,512,1,10000000
47,181646434247,181646435068,181646435087,0,512,1,10000000
47,181646437998,181646439014,181646439034,0,512,1,10000000
47,181646441483,181646442330,181646442345,0,512,1,10000000
47,181646444597,181646445447,181646445466,0,512,1,10000000
47,181646447741,181646449142,181646449166,0,512,1,10000000
47,181646452249,181646453414,181646453437,0,512,1,10000000
47,181646455736,181646456639,181646456656,0,512,1,10000000
47,181646459001,181646460237,181646460255,0,512,1,10000000
47,181646463652,181646464496,181646464512,0,512,1,10000000
47,181646467843,181646468896,181646468916,0,512,1,10000000
47,181646471070,181646472054,181646472074,0,512,1,10000000
47,181646494403,181646495604,181646495627,0,512,1,10000000
47,181646499394,181646500398,181646500416,0,512,1,10000000
47,181646504644,181646505520,181646505537,0,512,1,10000000
47,181646510234,181646511653,181646511676,0,512,1,10000000
47,181646515786,181646517033,181646517054,0,512,1,10000000
47,181646519330,181646520436,181646520456,0,512,1,10000000
47,181646522527,181646523351,181646523368,0,512,1,10000000
47,181646525313,181646526168,181646526192,0,512,1,10000000
47,181646529513,181646530442,181646530462,0,512,1,10000000
47,181646533669,181646534580,181646534599,0,512,1,10000000
47,181646537480,181646538794,181646538821,0,512,1,10000000
47,181646541804,181646542636,181646542650,0,512,1,10000000
47,181646563390,181646564404,181646564424,0,512,1,10000000
47,181646568720,181646569679,181646569698,0,512,1,10000000
47,181646573889,181646574843,181646574868,0,512,1,10000000
47,181646578001,181646579126,181646579145,0,512,1,10000000
47,181646583061,181646584374,181646584394,0,512,1,10000000
47,181646587097,181646588280,181646588297,0,512,1,10000000
47,181646590474,181646591331,181646591349,0,512,1,10000000
47,181646593887,181646594700,181646594716,0,512,1,10000000
47,181646597954,181646598886,181646598904,0,512,1,10000000
47,181646602118,181646602992,181646603010,0,512,1,10000000
47,181646606584,181646607789,181646607810,0,512,1,10000000
47,181646610670,181646611769,181646611790,0,512,1,10000000
47,181646633153,181646634816,181646634849,0,512,1,10000000
47,181646638268,181646639404,181646639434,0,512,1,10000000
47,181646643923,181646644977,181646645007,0,512,1,10000000
47,181646649155,181646650043,181646650058,0,512,1,10000000
47,181646654407,181646655642,181646655662,0,512,1,10000000
47,181646657870,181646658718,181646658736,0,512,1,10000000
47,181646660569,181646661367,181646661382,0,512,1,10000000
47,181646663949,181646665165,181646665189,0,512,1,10000000
47,181646668653,181646670051,181646670071,0,512,1,10000000
47,181646673311,181646674367,181646674386,0,512,1,10000000
47,181646677021,181646677913,181646677931,0,512,1,10000000
47,181646702179,181646703480,181646703504,0,512,1,10000000
47,181646707706,181646709011,181646709033,0,512,1,10000000
47,181646712851,181646713845,181646713872,0,512,1,10000000
47,181646718384,181646719393,181646719408,0,512,1,10000000
47,181646723771,181646724928,181646724949,0,512,1,10000000
47,181646727128,181646727925,181646727941,0,512,1,10000000
47,181646730701,181646731647,181646731661,0,512,1,10000000
47,181646733532,181646734624,181646734654,0,512,1,10000000
47,181646738719,181646739640,181646739659,0,512,1,10000000
47,181646742731,181646743566,181646743583,0,512,1,10000000
47,181646746853,181646747972,181646747992,0,512,1,10000000
47,181646771428,181646772654,181646772683,0,512,1,10000000
47,181646776614,181646777717,181646777736,0,512,1,10000000
47,181646780837,181646781898,181646781916,0,512,1,10000000
47,181646786261,181646787798,181646787823,0,512,1,10000000
47,181646791744,181646792965,181646792985,0,512,1,10000000
47,181646796690,181646797981,181646798002,0,512,1,10000000
47,181646800783,181646801911,181646801931,0,512,1,10000000
47,181646804997,181646805956,181646805975,0,512,1,10000000
47,181646808970,181646809843,181646809861,0,512,1,10000000
47,181646812933,181646813854,181646813916,0,512,1,10000000
47,181646817203,181646818105,181646818125,0,512,1,10000000
47,181646841105,181646842115,181646842135,0,512,1,10000000
47,181646846611,181646847485,181646847506,0,512,1,10000000
47,181646852011,181646853417,181646853437,0,512,1,10000000
47,181646857662,181646858770,181646858796,0,512,1,10000000
47,181646862914,181646864369,181646864390,0,512,1,10000000
47,181646867067,181646868277,181646868298,0,512,1,10000000
47,181646872271,181646873808,181646873829,0,512,1,10000000
47,181646876940,181646877812,181646877830,0,512,1,10000000
47,181646881101,181646882086,181646882103,0,512,1,10000000
47,181646885417,181646886447,181646886466,0,512,1,10000000
47,181646888888,181646889690,181646889703,0,512,1,10000000
47,181646910491,181646911430,181646911449,0,512,1,10000000
47,181646915968,181646916836,181646916852,0,512,1,10000000
47,181646921331,181646922282,181646922301,0,512,1,10000000
47,181646926450,181646927797,181646927818,0,512,1,10000000
47,181646930301,181646931076,181646931089,0,512,1,10000000
47,181646935503,181646936852,181646936872,0,512,1,10000000
47,181646939847,181646940964,181646940985,0,512,1,10000000
47,181646943362,181646944443,181646944462,0,512,1,10000000
47,181646948059,181646948996,181646949016,0,512,1,10000000
47,181646952141,181646952987,181646953004,0,512,1,10000000
47,181646956836,181646957652,181646957670,0,512,1,10000000
47,181646980325,181646981365,181646981393,0,512,1,10000000
47,181646985433,181646986384,181646986403,0,512,1,10000000
47,181646990928,181646991743,181646991759,0,512,1,10000000
47,181646996372,181646997700,181646997720,0,512,1,10000000
47,181647001886,181647003199,181647003221,0,512,1,10000000
47,181647005522,181647006627,181647006647,0,512,1,10000000
47,181647008764,181647009861,181647009881,0,512,1,10000000
47,181647012184,181647013280,181647013299,0,512,1,10000000
47,181647016635,181647017413,181647017430,0,512,1,10000000
47,181647021034,181647021937,181647021955,0,512,1,10000000
47,181647025776,181647026987,181647027008,0,512,1,10000000
47,181647049895,181647051348,181647051371,0,512,1,10000000
47,181647055149,181647056125,181647056144,0,512,1,10000000
47,181647060236,181647061412,181647061431,0,512,1,10000000
47,181647065405,181647066348,181647066362,0,512,1,10000000
47,181647070788,181647072143,181647072165,0,512,1,10000000
47,181647074084,181647074905,181647074918,0,512,1,10000000
47,181647077175,181647077945,181647077957,0,512,1,10000000
47,181647079403,181647080110,181647080123,0,512,1,10000000
47,181647083676,181647084496,181647084513,0,512,1,10000000
47,181647087463,181647088246,181647088262,0,512,1,10000000
47,181647091472,181647092673,181647092693,0,512,1,10000000
47,181647094966,181647095834,181647095851,0,512,1,10000000
47,181647118773,181647120341,181647120374,0,512,1,10000000
47,181647123972,181647125032,181647125051,0,512,1,10000000
47,181647128301,181647129386,181647129408,0,512,1,10000000
47,181647133427,181647134871,181647134893,0,512,1,10000000
47,181647138957,181647140348,181647140369,0,512,1,10000000
47,181647143743,181647145166,181647145189,0,512,1,10000000
47,181647148204,181647149405,181647149426,0,512,1,10000000
47,181647151839,181647152722,181647152740,0,512,1,10000000
47,181647155581,181647156423,181647156441,0,512,1,10000000
47,181647159101,181647159989,181647160007,0,512,1,10000000
47,181647163039,181647164111,181647164131,0,512,1,10000000
47,181647188717,181647190125,181647190147,0,512,1,10000000
47,181647193392,181647194401,181647194420,0,512,1,10000000
47,181647198719,181647199696,181647199715,0,512,1,10000000
47,181647204555,181647205877,181647205896,0,512,1,10000000
47,181647209996,181647211895,181647211917,0,512,1,10000000
47,181647214914,181647216059,181647216081,0,512,1,10000000
47,181647218412,181647219637,181647219658,0,512,1,10000000
47,181647222000,181647222829,181647222846,0,512,1,10000000
47,181647225874,181647226735,181647226752,0,512,1,10000000
47,181647229940,181647230884,181647230903,0,512,1,10000000
47,181647235107,181647236015,181647236035,0,512,1,10000000
47,181647257845,181647259010,181647259040,0,512,1,10000000
47,181647263021,181647263881,181647263900,0,512,1,10000000
47,181647268132,181647269088,181647269109,0,512,1,10000000
47,181647273594,181647274981,181647275003,0,512,1,10000000
47,181647278246,181647279383,181647279451,0,512,1,10000000
47,181647282703,181647283949,181647283968,0,512,1,10000000
47,181647287294,181647288484,181647288504,0,512,1,10000000
47,181647290684,181647291649,181647291671,0,512,1,10000000
47,181647294863,181647295798,181647295816,0,512,1,10000000
47,181647298824,181647299717,181647299735,0,512,1,10000000
47,181647303530,181647304470,181647304496,0,512,1,10000000
47,181647327498,181647328536,181647328565,0,512,1,10000000
47,181647332418,181647333277,181647333295,0,512,1,10000000
47,181647335701,181647336759,181647336782,0,512,1,10000000
47,181647341196,181647342240,181647342264,0,512,1,10000000
47,181647346808,181647348223,181647348248,0,512,1,10000000
47,181647351726,181647353051,181647353072,0,512,1,10000000
47,181647356010,181647357242,181647357263,0,512,1,10000000
47,181647360969,181647361885,181647361903,0,512,1,10000000
47,181647365438,181647366386,181647366405,0,512,1,10000000
47,181647369815,181647370951,181647370971,0,512,1,10000000
47,181647373705,181647374821,181647374840,0,512,1,10000000
47,181647396403,181647397863,181647397894,0,512,1,10000000
47,181647401715,181647402663,181647402682,0,512,1,10000000
47,181647406216,181647407110,181647407127,0,512,1,10000000
47,181647410664,181647411872,181647411893,0,512,1,10000000
47,181647416543,181647417903,181647417924,0,512,1,10000000
47,181647421621,181647422923,181647422944,0,512,1,10000000
47,181647426023,181647427189,181647427210,0,512,1,10000000
47,181647429271,181647430130,181647430148,0,512,1,10000000
47,181647433216,181647434066,181647434084,0,512,1,10000000
47,181647437032,181647437849,181647437866,0,512,1,10000000
47,181647441352,181647442400,181647442418,0,512,1,10000000
47,181647466282,181647467409,181647467441,0,512,1,10000000
47,181647470914,181647471949,181647471969,0,512,1,10000000
47,181647476424,181647477298,181647477316,0,512,1,10000000
47,181647480278,181647481445,181647481461,0,512,1,10000000
47,181647483730,181647485043,181647485064,0,512,1,10000000
47,181647489634,181647490957,181647490977,0,512,1,10000000
47,181647493476,181647494299,181647494317,0,512,1,10000000
47,181647496091,181647496862,181647496877,0,512,1,10000000
47,181647500036,181647500822,181647500838,0,512,1,10000000
47,181647504001,181647504875,181647504894,0,512,1,10000000
47,181647507726,181647508818,181647508838,0,512,1,10000000
47,181647511470,181647512469,181647512486,0,512,1,10000000
47,181647535429,181647536429,181647536456,0,512,1,10000000
47,181647540964,181647541912,181647541931,0,512,1,10000000
47,181647546324,181647547268,181647547285,0,512,1,10000000
47,181647551458,181647552800,181647552823,0,512,1,10000000
47,181647557683,181647558810,181647558831,0,512,1,10000000
47,181647561223,181647562052,181647562067,0,512,1,10000000
47,181647564519,181647565608,181647565627,0,512,1,10000000
47,181647567909,181647569001,181647569019,0,512,1,10000000
47,181647571410,181647572368,181647572395,0,512,1,10000000
47,181647575301,181647576119,181647576135,0,512,1,10000000
47,181647579896,181647580959,181647580977,0,512,1,10000000
47,181647583271,181647584209,181647584226,0,512,1,10000000
47,181647605225,181647606427,181647606457,0,512,1,10000000
47,181647610190,181647611036,181647611054,0,512,1,10000000
47,181647615356,181647616324,181647616349,0,512,1,10000000
47,181647619774,181647620952,181647620971,0,512,1,10000000
47,181647623187,181647624310,181647624329,0,512,1,10000000
47,181647626714,181647627531,181647627547,0,512,1,10000000
47,181647629832,181647630617,181647630630,0,512,1,10000000
47,181647633292,181647634457,181647634477,0,512,1,10000000
47,181647636677,181647637854,181647637874,0,512,1,10000000
47,181647641094,181647641918,181647641941,0,512,1,10000000
47,181647644885,181647645700,181647645718,0,512,1,10000000
47,181647648885,181647650029,181647650049,0,512,1,10000000
47,181647651984,181647652811,181647652825,0,512,1,10000000
47,181647674710,181647676038,181647676057,0,512,1,10000000
47,181647679753,181647680692,181647680720,0,512,1,10000000
47,181647685055,181647686000,181647686019,0,512,1,10000000
47,181647690782,181647692179,181647692202,0,512,1,10000000
47,181647696265,181647697452,181647697471,0,512,1,10000000
47,181647700136,181647701233,181647701253,0,512,1,10000000
47,181647703441,181647704523,181647704543,0,512,1,10000000
47,181647707329,181647708215,181647708264,0,512,1,10000000
47,181647711252,181647712210,181647712228,0,512,1,10000000
47,181647715345,181647716252,181647716269,0,512,1,10000000
47,181647719420,181647720511,181647720531,0,512,1,10000000
47,181647744134,181647745197,181647745227,0,512,1,10000000
47,181647748649,181647749724,181647749745,0,512,1,10000000
47,181647754156,181647755107,181647755125,0,512,1,10000000
47,181647758128,181647759333,181647759352,0,512,1,10000000
47,181647761771,181647762989,181647763008,0,512,1,10000000
47,181647766655,181647767862,181647767883,0,512,1,10000000
47,181647770179,181647771061,181647771079,0,512,1,10000000
47,181647774990,181647776164,181647776186,0,512,1,10000000
47,181647780924,181647781857,181647781877,0,512,1,10000000
47,181647785567,181647786528,181647786547,0,512,1,10000000
47,181647790064,181647790913,181647790932,0,512,1,10000000
47,181647813524,181647814667,181647814690,0,512,1,10000000
47,181647818642,181647819588,181647819608,0,512,1,10000000
47,181647823812,181647824755,181647824773,0,512,1,10000000
47,181647829346,181647830266,181647830282,0,512,1,10000000
47,181647834466,181647835828,181647835849,0,512,1,10000000
47,181647838525,181647839702,181647839723,0,512,1,10000000
47,181647841993,181647843099,181647843118,0,512,1,10000000
47,181647845210,181647846026,181647846044,0,512,1,10000000
47,181647848989,181647849823,181647849840,0,512,1,10000000
47,181647853675,181647854825,181647854843,0,512,1,10000000
47,181647858553,181647860271,181647860295,0,512,1,10000000
47,181647882444,181647883556,181647883586,0,512,1,10000000
47,181647887833,181647888985,181647889005,0,512,1,10000000
47,181647893304,181647894262,181647894281,0,512,1,10000000
47,181647898520,181647899918,181647899942,0,512,1,10000000
47,181647902329,181647903122,181647903135,0,512,1,10000000
47,181647907142,181647908613,181647908637,0,512,1,10000000
47,181647911649,181647912543,181647912562,0,512,1,10000000
47,181647914842,181647915633,181647915649,0,512,1,10000000
47,181647918778,181647919705,181647919723,0,512,1,10000000
47,181647922975,181647924086,181647924105,0,512,1,10000000
47,181647927438,181647928577,181647928599,0,512,1,10000000
47,181647952173,181647953675,181647953714,0,512,1,10000000
47,181647958127,181647959130,181647959149,0,512,1,10000000
47,181647962537,181647963432,181647963450,0,512,1,10000000
47,181647967916,181647969340,181647969362,0,512,1,10000000
47,181647972748,181647973890,181647973910,0,512,1,10000000
47,181647976788,181647977939,181647977957,0,512,1,10000000
47,181647980960,181647982136,181647982157,0,512,1,10000000
47,181647985184,181647986360,181647986383,0,512,1,10000000
47,181647988415,181647989247,181647989263,0,512,1,10000000
47,181647992685,181647993610,181647993629,0,512,1,10000000
47,181647996712,181647997549,181647997564,0,512,1,10000000
47,181648021772,181648022679,181648022697,0,512,1,10000000
47,181648027489,181648028453,181648028471,0,512,1,10000000
47,181648032540,181648033630,181648033648,0,512,1,10000000
47,181648037651,181648038811,181648038828,0,512,1,10000000
47,181648043005,181648044373,181648044394,0,512,1,10000000
47,181648048178,181648049374,181648049394,0,512,1,10000000
47,181648052428,181648053543,181648053562,0,512,1,10000000
47,181648055829,181648056615,181648056630,0,512,1,10000000
47,181648058691,181648059475,181648059491,0,512,1,10000000
47,181648062382,181648063277,181648063295,0,512,1,10000000
47,181648066457,181648067653,181648067672,0,512,1,10000000
47,181648090698,181648091898,181648091928,0,512,1,10000000
47,181648095797,181648096918,181648096942,0,512,1,10000000
47,181648100507,181648101432,181648101450,0,512,1,10000000
47,181648104334,181648105434,181648105452,0,512,1,10000000
47,181648107659,181648108853,181648108874,0,512,1,10000000
47,181648112632,181648113631,181648113647,0,512,1,10000000
47,181648115522,181648116306,181648116319,0,512,1,10000000
47,181648118544,181648119434,181648119452,0,512,1,10000000
47,181648121715,181648122838,181648122858,0,512,1,10000000
47,181648126232,181648127118,181648127137,0,512,1,10000000
47,181648130181,181648131030,181648131047,0,512,1,10000000
47,181648134833,181648135933,181648135953,0,512,1,10000000
47,181648138506,181648139358,181648139377,0,512,1,10000000
47,181648160615,181648161681,181648161710,0,512,1,10000000
47,181648165834,181648166779,181648166849,0,512,1,10000000
47,181648171147,181648172047,181648172065,0,512,1,10000000
47,181648176313,181648177735,181648177756,0,512,1,10000000
47,181648182180,181648183479,181648183500,0,512,1,10000000
47,181648185603,181648186467,181648186483,0,512,1,10000000
47,181648188641,181648189748,181648189768,0,512,1,10000000
47,181648191956,181648193066,181648193086,0,512,1,10000000
47,181648195911,181648196839,181648196857,0,512,1,10000000
47,181648200023,181648200853,181648200870,0,512,1,10000000
47,181648203872,181648205027,181648205048,0,512,1,10000000
47,181648207260,181648208144,181648208163,0,512,1,10000000
47,181648230071,181648231114,181648231143,0,512,1,10000000
47,181648235055,181648235999,181648236017,0,512,1,10000000
47,181648239357,181648240266,181648240282,0,512,1,10000000
47,181648244285,181648245478,181648245498,0,512,1,10000000
47,181648249877,181648251086,181648251107,0,512,1,10000000
47,181648254469,181648255687,181648255708,0,512,1,10000000
47,181648258204,181648259313,181648259333,0,512,1,10000000
47,181648261449,181648262465,181648262491,0,512,1,10000000
47,181648265467,181648266284,181648266301,0,512,1,10000000
47,181648269277,181648270154,181648270169,0,512,1,10000000
47,181648273133,181648274237,181648274257,0,512,1,10000000
47,181648276462,181648277411,181648277426,0,512,1,10000000
47,181648299528,181648300545,181648300571,0,512,1,10000000
47,181648304686,181648305578,181648305595,0,512,1,10000000
47,181648309851,181648310701,181648310718,0,512,1,10000000
47,181648314224,181648315534,181648315556,0,512,1,10000000
47,181648318605,181648319748,181648319770,0,512,1,10000000
47,181648323059,181648324219,181648324240,0,512,1,10000000
47,181648327051,181648328214,181648328234,0,512,1,10000000
47,181648330499,181648331295,181648331308,0,512,1,10000000
47,181648332850,181648333639,181648333653,0,512,1,10000000
47,181648336609,181648337420,181648337435,0,512,1,10000000
47,181648340338,181648341122,181648341137,0,512,1,10000000
47,181648344478,181648345723,181648345742,0,512,1,10000000
47,181648369006,181648370054,181648370074,0,512,1,10000000
47,181648374090,181648374995,181648375012,0,512,1,10000000
47,181648379067,181648380120,181648380146,0,512,1,10000000
47,181648384527,181648386512,181648386537,0,512,1,10000000
47,181648390623,181648391956,181648391978,0,512,1,10000000
47,181648395235,181648396429,181648396449,0,512,1,10000000
47,181648399214,181648400593,181648400618,0,512,1,10000000
47,181648403882,181648404694,181648404708,0,512,1,10000000
47,181648408432,181648409319,181648409337,0,512,1,10000000
47,181648414009,181648415135,181648415157,0,512,1,10000000
47,181648420594,181648421824,181648421845,0,512,1,10000000
47,181648437641,181648439225,181648439261,0,512,1,10000000
47,181648443932,181648445159,181648445179,0,512,1,10000000
47,181648448588,181648450028,181648450051,0,512,1,10000000
47,181648454026,181648455435,181648455457,0,512,1,10000000
47,181648459777,181648461152,181648461173,0,512,1,10000000
47,181648464474,181648465669,181648465692,0,512,1,10000000
47,181648470017,181648471262,181648471287,0,512,1,10000000
47,181648475614,181648476743,181648476764,0,512,1,10000000
47,181648481662,181648483122,181648483143,0,512,1,10000000
47,181648485666,181648486528,181648486545,0,512,1,10000000
47,181648507572,181648509297,181648509321,0,512,1,10000000
47,181648512697,181648513553,181648513568,0,512,1,10000000
47,181648517314,181648518515,181648518534,0,512,1,10000000
47,181648521718,181648523168,181648523189,0,512,1,10000000
47,181648527395,181648528756,181648528778,0,512,1,10000000
47,181648532258,181648533551,181648533571,0,512,1,10000000
47,181648536592,181648537743,181648537764,0,512,1,10000000
47,181648540367,181648541524,181648541543,0,512,1,10000000
47,181648544223,181648545343,181648545364,0,512,1,10000000
47,181648548841,181648549965,181648549985,0,512,1,10000000
47,181648553619,181648554723,181648554744,0,512,1,10000000
47,181648576563,181648577895,181648577916,0,512,1,10000000
47,181648582221,181648583374,181648583396,0,512,1,10000000
47,181648588245,181648589500,181648589520,0,512,1,10000000
47,181648593024,181648594330,181648594350,0,512,1,10000000
47,181648598646,181648599869,181648599891,0,512,1,10000000
47,181648604433,181648605627,181648605648,0,512,1,10000000
47,181648610166,181648611328,181648611397,0,512,1,10000000
47,181648615928,181648617103,181648617124,0,512,1,10000000
47,181648621159,181648622296,181648622314,0,512,1,10000000
47,181648625383,181648626658,181648626681,0,512,1,10000000
47,181648646283,181648647881,181648647903,0,512,1,10000000
47,181648654177,181648655719,181648655740,0,512,1,10000000
47,181648661318,181648662505,181648662526,0,512,1,10000000
47,181648667839,181648669183,181648669202,0,512,1,10000000
47,181648673884,181648675213,181648675233,0,512,1,10000000
47,181648677995,181648679194,181648679216,0,512,1,10000000
47,181648681744,181648682882,181648682903,0,512,1,10000000
47,181648685992,181648687207,181648687229,0,512,1,10000000
47,181648691677,181648692706,181648692726,0,512,1,10000000
47,181648695394,181648696655,181648696675,0,512,1,10000000
47,181648715617,181648717079,181648717104,0,512,1,10000000
47,181648721766,181648722984,181648723005,0,512,1,10000000
47,181648726968,181648727956,181648727972,0,512,1,10000000
47,181648731738,181648733295,181648733318,0,512,1,10000000
47,181648737441,181648738653,181648738676,0,512,1,10000000
47,181648742672,181648743842,181648743862,0,512,1,10000000
47,181648746400,181648747238,181648747255,0,512,1,10000000
47,181648749147,181648750203,181648750223,0,512,1,10000000
47,181648752952,181648754037,181648754056,0,512,1,10000000
47,181648756251,181648757322,181648757340,0,512,1,10000000
47,181648760754,181648761944,181648761966,0,512,1,10000000
47,181648784985,181648786393,181648786432,0,512,1,10000000
47,181648790067,181648791161,181648791189,0,512,1,10000000
47,181648795722,181648797966,181648797987,0,512,1,10000000
47,181648801344,181648803107,181648803123,0,512,1,10000000
47,181648806878,181648808158,181648808179,0,512,1,10000000
47,181648811408,181648812478,181648812498,0,512,1,10000000
47,181648814481,181648815308,181648815326,0,512,1,10000000
47,181648817412,181648818347,181648818365,0,512,1,10000000
47,181648821417,181648822543,181648822567,0,512,1,10000000
47,181648826918,181648828117,181648828135,0,512,1,10000000
47,181648831556,181648832691,181648832710,0,512,1,10000000
47,181648854540,181648855698,181648855718,0,512,1,10000000
47,181648860170,181648861095,181648861113,0,512,1,10000000
47,181648865400,181648867103,181648867122,0,512,1,10000000
47,181648871100,181648872021,181648872037,0,512,1,10000000
47,181648875088,181648876030,181648876051,0,512,1,10000000
47,181648879212,181648880263,181648880280,0,512,1,10000000
47,181648882184,181648883342,181648883357,0,512,1,10000000
47,181648888620,181648889697,181648889716,0,512,1,10000000
47,181648891801,181648892623,181648892639,0,512,1,10000000
47,181648894507,181648895313,181648895329,0,512,1,10000000
47,181648897119,181648898078,181648898099,0,512,1,10000000
47,181648901629,181648902740,181648902772,0,512,1,10000000
47,181648924667,181648926610,181648926644,0,512,1,10000000
47,181648930230,181648931167,181648931183,0,512,1,10000000
47,181648935667,181648937352,181648937378,0,512,1,10000000
47,181648941167,181648942813,181648942836,0,512,1,10000000
47,181648946632,181648947893,181648947913,0,512,1,10000000
47,181648950237,181648951284,181648951302,0,512,1,10000000
47,181648954080,181648955201,181648955221,0,512,1,10000000
47,181648958006,181648959020,181648959037,0,512,1,10000000
47,181648961353,181648962575,181648962596,0,512,1,10000000
47,181648967086,181648968151,181648968170,0,512,1,10000000
47,181648971735,181648972798,181648972817,0,512,1,10000000
47,181648994434,181648995764,181648995787,0,512,1,10000000
47,181649001556,181649003275,181649003297,0,512,1,10000000
47,181649008958,181649010463,181649010483,0,512,1,10000000
47,181649013158,181649014346,181649014366,0,512,1,10000000
47,181649018609,181649019797,181649019815,0,512,1,10000000
47,181649023237,181649024393,181649024411,0,512,1,10000000
47,181649027928,181649029122,181649029142,0,512,1,10000000
47,181649035426,181649036620,181649036639,0,512,1,10000000
47,181649041847,181649042982,181649043005,0,512,1,10000000
47,181649062473,181649064183,181649064218,0,512,1,10000000
47,181649070485,181649071719,181649071741,0,512,1,10000000
47,181649075982,181649077057,181649077074,0,512,1,10000000
47,181649080266,181649081518,181649081539,0,512,1,10000000
47,181649084366,181649085533,181649085554,0,512,1,10000000
47,181649088547,181649089720,181649089782,0,512,1,10000000
47,181649092041,181649093139,181649093158,0,512,1,10000000
47,181649095854,181649096665,181649096682,0,512,1,10000000
47,181649099415,181649100371,181649100387,0,512,1,10000000
47,181649102190,181649103023,181649103037,0,512,1,10000000
47,181649104754,181649105581,181649105597,0,512,1,10000000
47,181649109217,181649110181,181649110210,0,512,1,10000000
47,181649132763,181649134140,181649134171,0,512,1,10000000
47,181649138248,181649139580,181649139599,0,512,1,10000000
47,181649143219,181649144521,181649144541,0,512,1,10000000
47,181649148727,181649150010,181649150030,0,512,1,10000000
47,181649154348,181649155818,181649155839,0,512,1,10000000
47,181649158155,181649159182,181649159200,0,512,1,10000000
47,181649162014,181649162866,181649162884,0,512,1,10000000
47,181649166079,181649166958,181649166977,0,512,1,10000000
47,181649170234,181649171607,181649171629,0,512,1,10000000
47,181649174600,181649175545,181649175565,0,512,1,10000000
47,181649178660,181649179584,181649179600,0,512,1,10000000
47,181649202107,181649203111,181649203131,0,512,1,10000000
47,181649207185,181649208127,181649208146,0,512,1,10000000
47,181649212433,181649213385,181649213404,0,512,1,10000000
47,181649216366,181649217577,181649217599,0,512,1,10000000
47,181649220264,181649221409,181649221429,0,512,1,10000000
47,181649225081,181649226277,181649226296,0,512,1,10000000
47,181649229117,181649229999,181649230017,0,512,1,10000000
47,181649232193,181649233115,181649233133,0,512,1,10000000
47,181649235711,181649236541,181649236559,0,512,1,10000000
47,181649239629,181649240499,181649240518,0,512,1,10000000
47,181649243604,181649244431,181649244448,0,512,1,10000000
47,181649248412,181649249487,181649249508,0,512,1,10000000
47,181649271548,181649272538,181649272558,0,512,1,10000000
47,181649276762,181649277637,181649277655,0,512,1,10000000
47,181649281680,181649282645,181649282663,0,512,1,10000000
47,181649286269,181649287473,181649287492,0,512,1,10000000
47,181649290710,181649291654,181649291668,0,512,1,10000000
47,181649294671,181649295749,181649295767,0,512,1,10000000
47,181649298157,181649299373,181649299393,0,512,1,10000000
47,181649301513,181649302321,181649302334,0,512,1,10000000
47,181649304067,181649304956,181649304973,0,512,1,10000000
47,181649307748,181649308539,181649308554,0,512,1,10000000
47,181649311421,181649312254,181649312271,0,512,1,10000000
47,181649315433,181649316550,181649316568,0,512,1,10000000
47,181649341003,181649342612,181649342634,0,512,1,10000000
47,181649345988,181649347093,181649347111,0,512,1,10000000
47,181649351318,181649352256,181649352276,0,512,1,10000000
47,181649356525,181649357936,181649357959,0,512,1,10000000
47,181649361365,181649362552,181649362573,0,512,1,10000000
47,181649365372,181649366534,181649366553,0,512,1,10000000
47,181649370056,181649371227,181649371246,0,512,1,10000000
47,181649373384,181649374307,181649374327,0,512,1,10000000
47,181649377497,181649378375,181649378393,0,512,1,10000000
47,181649381434,181649382280,181649382297,0,512,1,10000000
47,181649385299,181649386339,181649386357,0,512,1,10000000
47,181649410369,181649411529,181649411550,0,512,1,10000000
47,181649415020,181649416002,181649416019,0,512,1,10000000
47,181649419551,181649420497,181649420515,0,512,1,10000000
47,181649423459,181649424580,181649424595,0,512,1,10000000
47,181649427191,181649428097,181649428114,0,512,1,10000000
47,181649431500,181649432868,181649432890,0,512,1,10000000
47,181649435621,181649436745,181649436764,0,512,1,10000000
47,181649439121,181649440215,181649440234,0,512,1,10000000
47,181649443198,181649444336,181649444356,0,512,1,10000000
47,181649448321,181649449214,181649449232,0,512,1,10000000
47,181649452112,181649452930,181649452947,0,512,1,10000000
47,181649456364,181649457276,181649457302,0,512,1,10000000
47,181649479864,181649481094,181649481116,0,512,1,10000000
47,181649484633,181649485504,181649485520,0,512,1,10000000
47,181649490007,181649491111,181649491131,0,512,1,10000000
47,181649495367,181649496589,181649496610,0,512,1,10000000
47,181649500358,181649501527,181649501547,0,512,1,10000000
47,181649504066,181649505169,181649505188,0,512,1,10000000
47,181649508024,181649509113,181649509132,0,512,1,10000000
47,181649511258,181649512377,181649512397,0,512,1,10000000
47,181649515845,181649516686,181649516752,0,512,1,10000000
47,181649519845,181649520676,181649520692,0,512,1,10000000
47,181649523746,181649524883,181649524904,0,512,1,10000000
47,181649549485,181649550550,181649550571,0,512,1,10000000
47,181649554047,181649554968,181649554986,0,512,1,10000000
47,181649558151,181649558975,181649558993,0,512,1,10000000
47,181649561981,181649563347,181649563366,0,512,1,10000000
47,181649567157,181649568615,181649568637,0,512,1,10000000
47,181649572638,181649573970,181649573993,0,512,1,10000000
47,181649576508,181649577642,181649577663,0,512,1,10000000
47,181649580798,181649581659,181649581677,0,512,1,10000000
47,181649584627,181649585420,181649585437,0,512,1,10000000
47,181649588220,181649589255,181649589271,0,512,1,10000000
47,181649591946,181649593057,181649593076,0,512,1,10000000
47,181649596290,181649597266,181649597287,0,512,1,10000000
47,181649618341,181649620111,181649620134,0,512,1,10000000
47,181649623737,181649625008,181649625028,0,512,1,10000000
47,181649629440,181649630680,181649630700,0,512,1,10000000
47,181649634751,181649636020,181649636041,0,512,1,10000000
47,181649640236,181649641696,181649641718,0,512,1,10000000
47,181649644019,181649645147,181649645166,0,512,1,10000000
47,181649647992,181649649074,181649649093,0,512,1,10000000
47,181649651245,181649652338,181649652357,0,512,1,10000000
47,181649654658,181649655752,181649655770,0,512,1,10000000
47,181649658620,181649659400,181649659452,0,512,1,10000000
47,181649662198,181649663011,181649663026,0,512,1,10000000
47,181649687772,181649689230,181649689255,0,512,1,10000000
47,181649693323,181649695153,181649695178,0,512,1,10000000
47,181649699890,181649701046,181649701065,0,512,1,10000000
47,181649705169,181649706280,181649706297,0,512,1,10000000
47,181649709639,181649710730,181649710747,0,512,1,10000000
47,181649713610,181649714797,181649714816,0,512,1,10000000
47,181649717040,181649717849,181649717866,0,512,1,10000000
47,181649720474,181649721857,181649721874,0,512,1,10000000
47,181649723962,181649725121,181649725139,0,512,1,10000000
47,181649729688,181649730629,181649730649,0,512,1,10000000
47,181649733292,181649734170,181649734185,0,512,1,10000000
47,181649757407,181649759159,181649759197,0,512,1,10000000
47,181649762249,181649763606,181649763628,0,512,1,10000000
47,181649767304,181649768353,181649768370,0,512,1,10000000
47,181649772111,181649773071,181649773091,0,512,1,10000000
47,181649777201,181649778623,181649778645,0,512,1,10000000
47,181649782324,181649783759,181649783780,0,512,1,10000000
47,181649785898,181649786769,181649786787,0,512,1,10000000
47,181649789376,181649790466,181649790486,0,512,1,10000000
47,181649793387,181649794496,181649794516,0,512,1,10000000
47,181649798312,181649799469,181649799490,0,512,1,10000000
47,181649804160,181649805291,181649805311,0,512,1,10000000
47,181649827016,181649828482,181649828509,0,512,1,10000000
47,181649832874,181649834178,181649834200,0,512,1,10000000
47,181649837459,181649838799,181649838819,0,512,1,10000000
47,181649842964,181649844117,181649844137,0,512,1,10000000
47,181649848434,181649849757,181649849779,0,512,1,10000000
47,181649852190,181649853336,181649853356,0,512,1,10000000
47,181649858383,181649859384,181649859403,0,512,1,10000000
47,181649863953,181649864876,181649864894,0,512,1,10000000
47,181649868517,181649869680,181649869700,0,512,1,10000000
47,181649873049,181649873923,181649873942,0,512,1,10000000
47,181649896417,181649897727,181649897747,0,512,1,10000000
47,181649901389,181649902376,181649902396,0,512,1,10000000
47,181649906538,181649907487,181649907514,0,512,1,10000000
47,181649910380,181649911434,181649911454,0,512,1,10000000
47,181649915662,181649917623,181649917645,0,512,1,10000000
47,181649921161,181649922457,181649922479,0,512,1,10000000
47,181649925624,181649926810,181649926830,0,512,1,10000000
47,181649929250,181649930219,181649930237,0,512,1,10000000
47,181649933107,181649934006,181649934024,0,512,1,10000000
47,181649938005,181649939228,181649939250,0,512,1,10000000
47,181649943612,181649944843,181649944865,0,512,1,10000000
47,181649965894,181649967196,181649967221,0,512,1,10000000
47,181649970754,181649971714,181649971734,0,512,1,10000000
47,181649975946,181649976820,181649976838,0,512,1,10000000
47,181649979814,181649981139,181649981160,0,512,1,10000000
47,181649984991,181649986210,181649986232,0,512,1,10000000
47,181649989444,181649990802,181649990852,0,512,1,10000000
47,181649993646,181649994772,181649994792,0,512,1,10000000
47,181649997041,181649997888,181649997907,0,512,1,10000000
47,181650000541,181650001426,181650001444,0,512,1,10000000
47,181650004806,181650005708,181650005726,0,512,1,10000000
47,181650008675,181650009775,181650009794,0,512,1,10000000
47,181650011851,181650012627,181650012640,0,512,1,10000000
47,181650035328,181650036323,181650036351,0,512,1,10000000
47,181650039928,181650041402,181650041428,0,512,1,10000000
47,181650045595,181650046979,181650047001,0,512,1,10000000
47,181650051488,181650052598,181650052612,0,512,1,10000000
47,181650056549,181650057919,181650057944,0,512,1,10000000
47,181650061485,181650062617,181650062638,0,512,1,10000000
47,181650065326,181650066408,181650066429,0,512,1,10000000
47,181650069090,181650070003,181650070018,0,512,1,10000000
47,181650072018,181650072801,181650072819,0,512,1,10000000
47,181650076708,181650077932,181650077956,0,512,1,10000000
47,181650081859,181650083062,181650083083,0,512,1,10000000
47,181650103929,181650105715,181650105760,0,512,1,10000000
47,181650109417,181650110933,181650110964,0,512,1,10000000
47,181650115317,181650116440,181650116461,0,512,1,10000000
47,181650120813,181650121806,181650121825,0,512,1,10000000
47,181650126055,181650126935,181650126951,0,512,1,10000000
47,181650129922,181650131306,181650131328,0,512,1,10000000
47,181650134347,181650135763,181650135784,0,512,1,10000000
47,181650137998,181650139035,181650139054,0,512,1,10000000
47,181650141078,181650141907,181650141921,0,512,1,10000000
47,181650143470,181650144275,181650144287,0,512,1,10000000
47,181650147096,181650148030,181650148054,0,512,1,10000000
47,181650150405,181650151188,181650151201,0,512,1,10000000
47,181650174293,181650175250,181650175267,0,512,1,10000000
47,181650180281,181650181582,181650181604,0,512,1,10000000
47,181650184631,181650185864,181650185884,0,512,1,10000000
47,181650190155,181650191461,181650191481,0,512,1,10000000
47,181650195420,181650197152,181650197177,0,512,1,10000000
47,181650201237,181650202109,181650202127,0,512,1,10000000
47,181650205156,181650206092,181650206111,0,512,1,10000000
47,181650209220,181650210279,181650210298,0,512,1,10000000
47,181650212668,181650213911,181650213932,0,512,1,10000000
47,181650216237,181650217468,181650217489,0,512,1,10000000
47,181650219703,181650220834,181650220853,0,512,1,10000000
47,181650243606,181650244734,181650244762,0,512,1,10000000
47,181650248618,181650249524,181650249541,0,512,1,10000000
47,181650251814,181650252897,181650252928,0,512,1,10000000
47,181650257384,181650258635,181650258655,0,512,1,10000000
47,181650263084,181650264422,181650264442,0,512,1,10000000
47,181650268200,181650269549,181650269572,0,512,1,10000000
47,181650272231,181650273420,181650273441,0,512,1,10000000
47,181650276920,181650277764,181650277780,0,512,1,10000000
47,181650280787,181650281607,181650281623,0,512,1,10000000
47,181650284556,181650285625,181650285645,0,512,1,10000000
47,181650288776,181650289869,181650289889,0,512,1,10000000
47,181650313176,181650314358,181650314381,0,512,1,10000000
47,181650318139,181650319154,181650319173,0,512,1,10000000
47,181650323555,181650324554,181650324575,0,512,1,10000000
47,181650328739,181650329573,181650329589,0,512,1,10000000
47,181650334109,181650335312,181650335334,0,512,1,10000000
47,181650337269,181650338108,181650338123,0,512,1,10000000
47,181650340895,181650341972,181650341994,0,512,1,10000000
47,181650344304,181650345475,181650345494,0,512,1,10000000
47,181650348792,181650349676,181650349692,0,512,1,10000000
47,181650351987,181650352791,181650352807,0,512,1,10000000
47,181650355894,181650357077,181650357097,0,512,1,10000000
47,181650359248,181650360193,181650360208,0,512,1,10000000
47,181650382487,181650383685,181650383713,0,512,1,10000000
47,181650387148,181650388173,181650388199,0,512,1,10000000
47,181650392584,181650393570,181650393589,0,512,1,10000000
47,181650398279,181650399351,181650399366,0,512,1,10000000
47,181650403449,181650404727,181650404754,0,512,1,10000000
47,181650408127,181650409569,181650409592,0,512,1,10000000
47,181650412408,181650413303,181650413323,0,512,1,10000000
47,181650416235,181650417206,181650417230,0,512,1,10000000
47,181650420496,181650421488,181650421509,0,512,1,10000000
47,181650425088,181650426158,181650426223,0,512,1,10000000
47,181650428460,181650429249,181650429262,0,512,1,10000000
47,181650451506,181650452720,181650452754,0,512,1,10000000
47,181650456505,181650457560,181650457587,0,512,1,10000000
47,181650461977,181650462988,181650463007,0,512,1,10000000
47,181650467580,181650469128,181650469153,0,512,1,10000000
47,181650473468,181650475031,181650475054,0,512,1,10000000
47,181650477465,181650478629,181650478650,0,512,1,10000000
47,181650480951,181650482104,181650482121,0,512,1,10000000
47,181650485388,181650486248,181650486266,0,512,1,10000000
47,181650489905,181650490742,181650490759,0,512,1,10000000
47,181650493868,181650495327,181650495347,0,512,1,10000000
47,181650497743,181650498551,181650498566,0,512,1,10000000
47,181650521304,181650522493,181650522511,0,512,1,10000000
47,181650526051,181650527335,181650527365,0,512,1,10000000
47,181650531696,181650532613,181650532631,0,512,1,10000000
47,181650536824,181650538245,181650538267,0,512,1,10000000
47,181650541711,181650542826,181650542845,0,512,1,10000000
47,181650546103,181650547197,181650547217,0,512,1,10000000
47,181650550258,181650551396,181650551417,0,512,1,10000000
47,181650553448,181650554327,181650554345,0,512,1,10000000
47,181650557395,181650558230,181650558247,0,512,1,10000000
47,181650561277,181650562081,181650562096,0,512,1,10000000
47,181650565499,181650566538,181650566558,0,512,1,10000000
47,181650590738,181650591840,181650591862,0,512,1,10000000
47,181650595501,181650596469,181650596487,0,512,1,10000000
47,181650601330,181650602263,181650602288,0,512,1,10000000
47,181650606636,181650607898,181650607923,0,512,1,10000000
47,181650611974,181650613259,181650613280,0,512,1,10000000
47,181650615704,181650617071,181650617094,0,512,1,10000000
47,181650619617,181650620802,181650620820,0,512,1,10000000
47,181650623267,181650624426,181650624445,0,512,1,10000000
47,181650628116,181650629204,181650629220,0,512,1,10000000
47,181650632829,181650634408,181650634432,0,512,1,10000000
47,181650637818,181650638948,181650638966,0,512,1,10000000
47,181650659672,181650661386,181650661417,0,512,1,10000000
47,181650665957,181650667213,181650667235,0,512,1,10000000
47,181650671360,181650672614,181650672635,0,512,1,10000000
47,181650676402,181650677454,181650677479,0,512,1,10000000
47,181650681735,181650683072,181650683092,0,512,1,10000000
47,181650686054,181650687254,181650687276,0,512,1,10000000
47,181650691581,181650692710,181650692732,0,512,1,10000000
47,181650695434,181650696622,181650696642,0,512,1,10000000
47,181650698944,181650700054,181650700073,0,512,1,10000000
47,181650704644,181650705927,181650705949,0,512,1,10000000
47,181650709976,181650711221,181650711241,0,512,1,10000000
47,181650728871,181650730765,181650730804,0,512,1,10000000
47,181650734203,181650735544,181650735575,0,512,1,10000000
47,181650740259,181650741475,181650741506,0,512,1,10000000
47,181650745528,181650746679,181650746701,0,512,1,10000000
47,181650750982,181650752370,181650752393,0,512,1,10000000
47,181650755396,181650756556,181650756578,0,512,1,10000000
47,181650758871,181650759987,181650760008,0,512,1,10000000
47,181650762808,181650763979,181650764000,0,512,1,10000000
47,181650767407,181650768631,181650768652,0,512,1,10000000
47,181650772261,181650773446,181650773466,0,512,1,10000000
47,181650776489,181650777589,181650777606,0,512,1,10000000
47,181650798730,181650799966,181650799995,0,512,1,10000000
47,181650803938,181650804927,181650804947,0,512,1,10000000
47,181650809486,181650811315,181650811344,0,512,1,10000000
47,181650814905,181650816176,181650816205,0,512,1,10000000
47,181650820300,181650821698,181650821720,0,512,1,10000000
47,181650824421,181650825381,181650825399,0,512,1,10000000
47,181650828150,181650829636,181650829657,0,512,1,10000000
47,181650831980,181650833122,181650833141,0,512,1,10000000
47,181650836797,181650837621,181650837638,0,512,1,10000000
47,181650840560,181650841357,181650841373,0,512,1,10000000
47,181650844448,181650845355,181650845379,0,512,1,10000000
47,181650868205,181650869415,181650869450,0,512,1,10000000
47,181650873424,181650874405,181650874424,0,512,1,10000000
47,181650879207,181650880710,181650880734,0,512,1,10000000
47,181650884308,181650886020,181650886041,0,512,1,10000000
47,181650890062,181650891383,181650891406,0,512,1,10000000
47,181650893734,181650894836,181650894934,0,512,1,10000000
47,181650901315,181650902251,181650902270,0,512,1,10000000
47,181650905598,181650906493,181650906512,0,512,1,10000000
47,181650909432,181650910304,181650910322,0,512,1,10000000
47,181650913640,181650914826,181650914848,0,512,1,10000000
47,181650937925,181650938976,181650939007,0,512,1,10000000
47,181650943036,181650943965,181650943984,0,512,1,10000000
47,181650947925,181650948886,181650948908,0,512,1,10000000
47,181650951920,181650952892,181650952908,0,512,1,10000000
47,181650955388,181650956349,181650956365,0,512,1,10000000
47,181650960747,181650962040,181650962061,0,512,1,10000000
47,181650964650,181650965768,181650965788,0,512,1,10000000
47,181650968061,181650968999,181650969027,0,512,1,10000000
47,181650972705,181650973600,181650973619,0,512,1,10000000
47,181650976047,181650976920,181650976939,0,512,1,10000000
47,181650980184,181650981291,181650981313,0,512,1,10000000
47,181650983999,181650984796,181650984809,0,512,1,10000000
47,181651007201,181651008178,181651008198,0,512,1,10000000
47,181651012128,181651013071,181651013091,0,512,1,10000000
47,181651017973,181651018944,181651018965,0,512,1,10000000
47,181651024303,181651025279,181651025298,0,512,1,10000000
47,181651029903,181651031050,181651031074,0,512,1,10000000
47,181651033999,181651035016,181651035036,0,512,1,10000000
47,181651038648,181651039519,181651039538,0,512,1,10000000
47,181651042534,181651043772,181651043793,0,512,1,10000000
47,181651046708,181651047873,181651047895,0,512,1,10000000
47,181651051279,181651052468,181651052488,0,512,1,10000000
47,181651055415,181651056538,181651056561,0,512,1,10000000
47,181651076123,181651077922,181651077962,0,512,1,10000000
47,181651083537,181651084852,181651084874,0,512,1,10000000
47,181651088829,181651089919,181651089938,0,512,1,10000000
47,181651094603,181651095884,181651095906,0,512,1,10000000
47,181651100871,181651101939,181651101961,0,512,1,10000000
47,181651107140,181651108258,181651108276,0,512,1,10000000
47,181651112063,181651113099,181651113120,0,512,1,10000000
47,181651118496,181651119766,181651119786,0,512,1,10000000
47,181651125011,181651126219,181651126240,0,512,1,10000000
47,181651145721,181651148076,181651148112,0,512,1,10000000
47,181651154201,181651155735,181651155762,0,512,1,10000000
47,181651161203,181651162538,181651162565,0,512,1,10000000
47,181651168162,181651169288,181651169314,0,512,1,10000000
47,181651172774,181651173941,181651173959,0,512,1,10000000
47,181651177436,181651178757,181651178783,0,512,1,10000000
47,181651181238,181651182460,181651182480,0,512,1,10000000
47,181651185124,181651186244,181651186266,0,512,1,10000000
47,181651190374,181651192017,181651192042,0,512,1,10000000
47,181651202024,181651204140,181651204215,0,512,1,10000000
47,181651215052,181651217002,181651217035,0,512,1,10000000
47,181651221407,181651223044,181651223072,0,512,1,10000000
47,181651227672,181651228927,181651228948,0,512,1,10000000
47,181651233307,181651234569,181651234591,0,512,1,10000000
47,181651238438,181651239647,181651239666,0,512,1,10000000
47,181651242645,181651243790,181651243811,0,512,1,10000000
47,181651247642,181651249019,181651249043,0,512,1,10000000
47,181651252471,181651253889,181651253910,0,512,1,10000000
47,181651257933,181651259695,181651259718,0,512,1,10000000
47,181651263855,181651265076,181651265097,0,512,1,10000000
47,181651284384,181651286318,181651286358,0,512,1,10000000
47,181651290732,181651292197,181651292219,0,512,1,10000000
47,181651296860,181651297982,181651298000,0,512,1,10000000
47,181651300839,181651302296,181651302321,0,512,1,10000000
47,181651306561,181651307861,181651307885,0,512,1,10000000
47,181651311626,181651312801,181651312821,0,512,1,10000000
47,181651315008,181651316074,181651316093,0,512,1,10000000
47,181651318737,181651319855,181651319874,0,512,1,10000000
47,181651322204,181651323133,181651323149,0,512,1,10000000
47,181651324942,181651325820,181651325834,0,512,1,10000000
47,181651329328,181651330706,181651330739,0,512,1,10000000
47,181651353725,181651355371,181651355398,0,512,1,10000000
47,181651359240,181651360399,181651360428,0,512,1,10000000
47,181651365143,181651366468,181651366487,0,512,1,10000000
47,181651370474,181651372117,181651372140,0,512,1,10000000
47,181651375872,181651377274,181651377297,0,512,1,10000000
47,181651381074,181651382229,181651382249,0,512,1,10000000
47,181651385297,181651386382,181651386401,0,512,1,10000000
47,181651390501,181651391422,181651391441,0,512,1,10000000
47,181651394946,181651396167,181651396187,0,512,1,10000000
47,181651399856,181651400950,181651400968,0,512,1,10000000
47,181651423316,181651425173,181651425208,0,512,1,10000000
47,181651429424,181651430757,181651430782,0,512,1,10000000
47,181651434453,181651435804,181651435824,0,512,1,10000000
47,181651439831,181651441155,181651441175,0,512,1,10000000
47,181651445530,181651446879,181651446899,0,512,1,10000000
47,181651450409,181651451513,181651451531,0,512,1,10000000
47,181651454586,181651455698,181651455716,0,512,1,10000000
47,181651459075,181651460181,181651460201,0,512,1,10000000
47,181651462569,181651463490,181651463509,0,512,1,10000000
47,181651467690,181651468914,181651470017,0,512,1,10000000
47,181651472769,181651473945,181651473965,0,512,1,10000000
47,181651492898,181651494908,181651494931,0,512,1,10000000
47,181651498796,181651500063,181651500082,0,512,1,10000000
47,181651503823,181651505197,181651505217,0,512,1,10000000
47,181651509342,181651510718,181651510739,0,512,1,10000000
47,181651514774,181651516073,181651516095,0,512,1,10000000
47,181651518535,181651519404,181651519420,0,512,1,10000000
47,181651522073,181651522980,181651522998,0,512,1,10000000
47,181651527418,181651528365,181651528384,0,512,1,10000000
47,181651532744,181651533692,181651533710,0,512,1,10000000
47,181651537632,181651539135,181651539156,0,512,1,10000000
47,181651541496,181651542873,181651542892,0,512,1,10000000
47,181651563336,181651564632,181651564657,0,512,1,10000000
47,181651568764,181651569693,181651569712,0,512,1,10000000
47,181651573777,181651574719,181651574738,0,512,1,10000000
47,181651578367,181651579364,181651579390,0,512,1,10000000
47,181651582894,181651584128,181651584150,0,512,1,10000000
47,181651587363,181651588599,181651588620,0,512,1,10000000
47,181651590819,181651591913,181651591933,0,512,1,10000000
47,181651594480,181651595627,181651595647,0,512,1,10000000
47,181651598678,181651599717,181651599743,0,512,1,10000000
47,181651602867,181651603729,181651603746,0,512,1,10000000
47,181651607680,181651609367,181651609390,0,512,1,10000000
47,181651631637,181651633005,181651633027,0,512,1,10000000
47,181651637294,181651638537,181651638555,0,512,1,10000000
47,181651642595,181651643794,181651643813,0,512,1,10000000
47,181651648207,181651649462,181651649483,0,512,1,10000000
47,181651653745,181651654897,181651654915,0,512,1,10000000
47,181651657222,181651658207,181651658233,0,512,1,10000000
47,181651661465,181651662336,181651662355,0,512,1,10000000
47,181651664316,181651665156,181651665172,0,512,1,10000000
47,181651668757,181651669823,181651669842,0,512,1,10000000
47,181651673386,181651674376,181651674393,0,512,1,10000000
47,181651677405,181651678394,181651678411,0,512,1,10000000
47,181651701372,181651702466,181651702494,0,512,1,10000000
47,181651706735,181651707804,181651707824,0,512,1,10000000
47,181651712011,181651713020,181651713040,0,512,1,10000000
47,181651717201,181651718503,181651718523,0,512,1,10000000
47,181651721187,181651722100,181651722117,0,512,1,10000000
47,181651724995,181651726218,181651726238,0,512,1,10000000
47,181651728742,181651729840,181651729860,0,512,1,10000000
47,181651733357,181651734531,181651734551,0,512,1,10000000
47,181651738120,181651738978,181651738996,0,512,1,10000000
47,181651742118,181651743040,181651743059,0,512,1,10000000
47,181651746508,181651747645,181651747666,0,512,1,10000000
47,181651771054,181651772207,181651772237,0,512,1,10000000
47,181651775834,181651776752,181651776772,0,512,1,10000000
47,181651780292,181651781197,181651781215,0,512,1,10000000
47,181651785275,181651786630,181651786650,0,512,1,10000000
47,181651790831,181651792157,181651792181,0,512,1,10000000
47,181651795539,181651796819,181651796839,0,512,1,10000000
47,181651799919,181651801107,181651801127,0,512,1,10000000
47,181651803381,181651804220,181651804238,0,512,1,10000000
47,181651807205,181651808076,181651808092,0,512,1,10000000
47,181651811954,181651813288,181651813309,0,512,1,10000000
47,181651817054,181651818014,181651818033,0,512,1,10000000
47,181651840135,181651841173,181651841195,0,512,1,10000000
47,181651845294,181651846216,181651846235,0,512,1,10000000
47,181651850562,181651851774,181651851807,0,512,1,10000000
47,181651856324,181651857525,181651857544,0,512,1,10000000
47,181651861925,181651863309,181651863331,0,512,1,10000000
47,181651865919,181651866780,181651866794,0,512,1,10000000
47,181651869990,181651871139,181651871159,0,512,1,10000000
47,181651873701,181651874857,181651874878,0,512,1,10000000
47,181651877782,181651878642,181651878658,0,512,1,10000000
47,181651881770,181651882559,181651882574,0,512,1,10000000
47,181651886159,181651887342,181651887363,0,512,1,10000000
47,181651909059,181651910127,181651910158,0,512,1,10000000
47,181651915032,181651915962,181651915982,0,512,1,10000000
47,181651920018,181651920845,181651920863,0,512,1,10000000
47,181651925431,181651926446,181651926473,0,512,1,10000000
47,181651929192,181651930638,181651930662,0,512,1,10000000
47,181651934638,181651935922,181651935943,0,512,1,10000000
47,181651938399,181651939246,181651939261,0,512,1,10000000
47,181651940907,181651941788,181651941803,0,512,1,10000000
47,181651945161,181651945990,181651946007,0,512,1,10000000
47,181651948981,181651949810,181651949828,0,512,1,10000000
47,181651952892,181651954125,181651954144,0,512,1,10000000
47,181651956456,181651957359,181651957372,0,512,1,10000000
47,181651979378,181651980274,181651980292,0,512,1,10000000
47,181651984473,181651985442,181651985461,0,512,1,10000000
47,181651989628,181651990586,181651990604,0,512,1,10000000
47,181651994954,181651995889,181651995909,0,512,1,10000000
47,181652000399,181652001711,181652001733,0,512,1,10000000
47,181652004253,181652005412,181652005432,0,512,1,10000000
47,181652007511,181652008275,181652008292,0,512,1,10000000
47,181652009964,181652010720,181652010736,0,512,1,10000000
47,181652013981,181652014777,181652014793,0,512,1,10000000
47,181652017807,181652018573,181652018589,0,512,1,10000000
47,181652021540,181652022863,181652022887,0,512,1,10000000
47,181652025295,181652026116,181652026133,0,512,1,10000000
47,181652048812,181652049682,181652049700,0,512,1,10000000
47,181652053839,181652054758,181652054775,0,512,1,10000000
47,181652059401,181652060266,181652060286,0,512,1,10000000
47,181652064976,181652066330,181652066361,0,512,1,10000000
47,181652070323,181652071639,181652071660,0,512,1,10000000
47,181652073578,181652074443,181652074461,0,512,1,10000000
47,181652076602,181652077401,181652077415,0,512,1,10000000
47,181652078976,181652079900,181652079917,0,512,1,10000000
47,181652083073,181652083879,181652083894,0,512,1,10000000
47,181652086724,181652087504,181652087520,0,512,1,10000000
47,181652090625,181652091707,181652091724,0,512,1,10000000
47,181652095251,181652096999,181652097021,0,512,1,10000000
47,181652117834,181652119288,181652119310,0,512,1,10000000
47,181652122900,181652124029,181652124058,0,512,1,10000000
47,181652128320,181652129317,181652129337,0,512,1,10000000
47,181652133546,181652134726,181652134745,0,512,1,10000000
47,181652138434,181652139280,181652139295,0,512,1,10000000
47,181652141729,181652142619,181652142638,0,512,1,10000000
47,181652144466,181652145277,181652145294,0,512,1,10000000
47,181652147562,181652148370,181652148386,0,512,1,10000000
47,181652150948,181652151805,181652151825,0,512,1,10000000
47,181652154837,181652155740,181652155759,0,512,1,10000000
47,181652160307,181652161627,181652161648,0,512,1,10000000
47,181652164086,181652165186,181652165207,0,512,1,10000000
47,181652187147,181652188300,181652188329,0,512,1,10000000
47,181652192747,181652193737,181652193755,0,512,1,10000000
47,181652197707,181652198591,181652198608,0,512,1,10000000
47,181652203190,181652204577,181652204601,0,512,1,10000000
47,181652208164,181652209330,181652209350,0,512,1,10000000
47,181652211970,181652213080,181652213098,0,512,1,10000000
47,181652216078,181652217173,181652217191,0,512,1,10000000
47,181652219543,181652220491,181652220509,0,512,1,10000000
47,181652223075,181652223919,181652223937,0,512,1,10000000
47,181652226374,181652227268,181652227286,0,512,1,10000000
47,181652230243,181652231226,181652231241,0,512,1,10000000
47,181652233653,181652234486,181652234500,0,512,1,10000000
47,181652256758,181652258899,181652258923,0,512,1,10000000
47,181652261989,181652262912,181652262931,0,512,1,10000000
47,181652267406,181652268346,181652268372,0,512,1,10000000
47,181652270772,181652272209,181652272231,0,512,1,10000000
47,181652275842,181652277038,181652277100,0,512,1,10000000
47,181652280262,181652281145,181652281164,0,512,1,10000000
47,181652284545,181652285459,181652285478,0,512,1,10000000
47,181652288490,181652289675,181652289695,0,512,1,10000000
47,181652292967,181652293889,181652293914,0,512,1,10000000
47,181652297297,181652298396,181652298415,0,512,1,10000000
47,181652301596,181652302663,181652302681,0,512,1,10000000
47,181652326109,181652327885,181652327912,0,512,1,10000000
47,181652332461,181652333397,181652333413,0,512,1,10000000
47,181652336879,181652338183,181652338203,0,512,1,10000000
47,181652341505,181652342388,181652342407,0,512,1,10000000
47,181652345993,181652347172,181652347193,0,512,1,10000000
47,181652350120,181652351331,181652351351,0,512,1,10000000
47,181652354609,181652355488,181652355505,0,512,1,10000000
47,181652359087,181652359986,181652360001,0,512,1,10000000
47,181652361669,181652362490,181652362505,0,512,1,10000000
47,181652365090,181652366136,181652366163,0,512,1,10000000
47,181652368947,181652369935,181652369952,0,512,1,10000000
47,181652372935,181652374148,181652374168,0,512,1,10000000
47,181652395891,181652397323,181652397342,0,512,1,10000000
47,181652400494,181652401392,181652401410,0,512,1,10000000
47,181652406246,181652407649,181652407673,0,512,1,10000000
47,181652412101,181652413294,181652413315,0,512,1,10000000
47,181652415930,181652417110,181652417131,0,512,1,10000000
47,181652420006,181652421118,181652421138,0,512,1,10000000
47,181652423457,181652424545,181652424563,0,512,1,10000000
47,181652428292,181652429137,181652429153,0,512,1,10000000
47,181652432442,181652433338,181652433356,0,512,1,10000000
47,181652436404,181652437492,181652437512,0,512,1,10000000
47,181652439859,181652440859,181652440883,0,512,1,10000000
47,181652465402,181652466418,181652466438,0,512,1,10000000
47,181652469923,181652470849,181652470868,0,512,1,10000000
47,181652473998,181652474886,181652474904,0,512,1,10000000
47,181652479615,181652480954,181652480978,0,512,1,10000000
47,181652484797,181652486043,181652486064,0,512,1,10000000
47,181652490100,181652491420,181652491440,0,512,1,10000000
47,181652493661,181652494799,181652494819,0,512,1,10000000
47,181652497317,181652498316,181652498336,0,512,1,10000000
47,181652501601,181652502680,181652502706,0,512,1,10000000
47,181652506031,181652506859,181652506876,0,512,1,10000000
47,181652510127,181652511205,181652511225,0,512,1,10000000
47,181652534831,181652536175,181652536198,0,512,1,10000000
47,181652539726,181652540776,181652540796,0,512,1,10000000
47,181652545208,181652546343,181652546362,0,512,1,10000000
47,181652550992,181652552288,181652552306,0,512,1,10000000
47,181652556347,181652557767,181652557789,0,512,1,10000000
47,181652560912,181652562036,181652562056,0,512,1,10000000
47,181652564369,181652565221,181652565237,0,512,1,10000000
47,181652568738,181652569594,181652569612,0,512,1,10000000
47,181652572736,181652573677,181652573696,0,512,1,10000000
47,181652577018,181652578259,181652578282,0,512,1,10000000
47,181652580965,181652581800,181652581817,0,512,1,10000000
47,181652604173,181652605157,181652605178,0,512,1,10000000
47,181652608856,181652609761,181652609779,0,512,1,10000000
47,181652613123,181652614086,181652614106,0,512,1,10000000
47,181652618314,181652619682,181652619704,0,512,1,10000000
47,181652624021,181652625379,181652625400,0,512,1,10000000
47,181652628664,181652630112,181652630136,0,512,1,10000000
47,181652632721,181652633712,181652633731,0,512,1,10000000
47,181652637123,181652638044,181652638062,0,512,1,10000000
47,181652640689,181652641534,181652641552,0,512,1,10000000
47,181652644691,181652645831,181652645850,0,512,1,10000000
47,181652648610,181652649492,181652649507,0,512,1,10000000
47,181652673614,181652674721,181652674748,0,512,1,10000000
47,181652678749,181652680808,181652680830,0,512,1,10000000
47,181652684057,181652685082,181652685103,0,512,1,10000000
47,181652689472,181652690940,181652690963,0,512,1,10000000
47,181652695362,181652696601,181652696627,0,512,1,10000000
47,181652699448,181652700591,181652700612,0,512,1,10000000
47,181652703648,181652704822,181652704844,0,512,1,10000000
47,181652707191,181652708308,181652708326,0,512,1,10000000
47,181652711595,181652712500,181652712518,0,512,1,10000000
47,181652715523,181652716420,181652716439,0,512,1,10000000
47,181652719459,181652720592,181652720659,0,512,1,10000000
47,181652742757,181652744109,181652744150,0,512,1,10000000
47,181652747661,181652748753,181652748773,0,512,1,10000000
47,181652753146,181652754139,181652754158,0,512,1,10000000
47,181652758907,181652760414,181652760438,0,512,1,10000000
47,181652764248,181652765488,181652765510,0,512,1,10000000
47,181652767777,181652768956,181652768974,0,512,1,10000000
47,181652771276,181652772362,181652772380,0,512,1,10000000
47,181652774779,181652775645,181652775660,0,512,1,10000000
47,181652778549,181652779656,181652779676,0,512,1,10000000
47,181652782815,181652783737,181652783756,0,512,1,10000000
47,181652786876,181652787992,181652788012,0,512,1,10000000
47,181652812087,181652813342,181652813376,0,512,1,10000000
47,181652817289,181652818388,181652818418,0,512,1,10000000
47,181652822593,181652823692,181652823722,0,512,1,10000000
47,181652826213,181652827080,181652827100,0,512,1,10000000
47,181652831745,181652833076,181652833099,0,512,1,10000000
47,181652836087,181652837309,181652837327,0,512,1,10000000
47,181652841555,181652842710,181652842729,0,512,1,10000000
47,181652845423,181652846569,181652846592,0,512,1,10000000
47,181652849676,181652850562,181652850580,0,512,1,10000000
47,181652853813,181652854701,181652854719,0,512,1,10000000
47,181652859024,181652859918,181652859936,0,512,1,10000000
47,181652881708,181652882722,181652882741,0,512,1,10000000
47,181652886512,181652887478,181652887496,0,512,1,10000000
47,181652890955,181652891822,181652891837,0,512,1,10000000
47,181652895055,181652895949,181652895968,0,512,1,10000000
47,181652899658,181652900620,181652900647,0,512,1,10000000
47,181652903474,181652904560,181652904580,0,512,1,10000000
47,181652907080,181652908440,181652908462,0,512,1,10000000
47,181652910527,181652911823,181652911840,0,512,1,10000000
47,181652915414,181652916444,181652916459,0,512,1,10000000
47,181652920058,181652921123,181652921149,0,512,1,10000000
47,181652925017,181652926086,181652926106,0,512,1,10000000
47,181652928464,181652929332,181652929346,0,512,1,10000000
47,181652951351,181652952327,181652952347,0,512,1,10000000
47,181652956182,181652957123,181652957141,0,512,1,10000000
47,181652961489,181652962427,181652962454,0,512,1,10000000
47,181652967067,181652968412,181652968434,0,512,1,10000000
47,181652971784,181652972567,181652972580,0,512,1,10000000
47,181652976505,181652977728,181652977751,0,512,1,10000000
47,181652981265,181652982405,181652982425,0,512,1,10000000
47,181652984632,181652985419,181652985431,0,512,1,10000000
47,181652988580,181652989419,181652989436,0,512,1,10000000
47,181652992421,181652993226,181652993244,0,512,1,10000000
47,181652996800,181652997725,181652997751,0,512,1,10000000
47,181653021021,181653022380,181653022405,0,512,1,10000000
47,181653025667,181653026509,181653026526,0,512,1,10000000
47,181653030902,181653031822,181653031843,0,512,1,10000000
47,181653034939,181653035892,181653035911,0,512,1,10000000
47,181653038411,181653039639,181653039660,0,512,1,10000000
47,181653044358,181653045708,181653045730,0,512,1,10000000
47,181653048945,181653050117,181653050137,0,512,1,10000000
47,181653052338,181653053324,181653053344,0,512,1,10000000
47,181653056926,181653057810,181653057828,0,512,1,10000000
47,181653060885,181653061695,181653061713,0,512,1,10000000
47,181653064968,181653066099,181653066119,0,512,1,10000000
47,181653090208,181653091516,181653091540,0,512,1,10000000
47,181653094848,181653096000,181653096029,0,512,1,10000000
47,181653100545,181653101469,181653101487,0,512,1,10000000
47,181653106043,181653107478,181653107501,0,512,1,10000000
47,181653111500,181653112775,181653112797,0,512,1,10000000
47,181653114901,181653115994,181653116014,0,512,1,10000000
47,181653118346,181653119184,181653119203,0,512,1,10000000
47,181653120979,181653121754,181653121770,0,512,1,10000000
47,181653126421,181653127382,181653127404,0,512,1,10000000
47,181653130971,181653131893,181653131911,0,512,1,10000000
47,181653135463,181653136350,181653136378,0,512,1,10000000
47,181653159761,181653160799,181653160819,0,512,1,10000000
47,181653164257,181653165193,181653165211,0,512,1,10000000
47,181653168806,181653169728,181653169746,0,512,1,10000000
47,181653173937,181653175178,181653175199,0,512,1,10000000
47,181653179337,181653180351,181653180368,0,512,1,10000000
47,181653184249,181653185615,181653185636,0,512,1,10000000
47,181653188122,181653189298,181653189358,0,512,1,10000000
47,181653192612,181653193417,181653193434,0,512,1,10000000
47,181653196485,181653197327,181653197344,0,512,1,10000000
47,181653200351,181653201281,181653201295,0,512,1,10000000
47,181653204020,181653205130,181653205156,0,512,1,10000000
47,181653229071,181653230107,181653230127,0,512,1,10000000
47,181653234275,181653235107,181653235124,0,512,1,10000000
47,181653239169,181653240105,181653240124,0,512,1,10000000
47,181653243830,181653245043,181653245066,0,512,1,10000000
47,181653248023,181653248973,181653248989,0,512,1,10000000
47,181653252163,181653253372,181653253393,0,512,1,10000000
47,181653256931,181653258142,181653258162,0,512,1,10000000
47,181653260539,181653261378,181653261390,0,512,1,10000000
47,181653263988,181653264802,181653264819,0,512,1,10000000
47,181653267630,181653269144,181653269166,0,512,1,10000000
47,181653272673,181653273626,181653273642,0,512,1,10000000
47,181653275713,181653276534,181653276548,0,512,1,10000000
47,181653298631,181653299697,181653299722,0,512,1,10000000
47,181653303166,181653304058,181653304076,0,512,1,10000000
47,181653308649,181653309478,181653309494,0,512,1,10000000
47,181653314093,181653315472,181653315495,0,512,1,10000000
47,181653319764,181653321211,181653321232,0,512,1,10000000
47,181653323802,181653324947,181653324967,0,512,1,10000000
47,181653328346,181653329517,181653329538,0,512,1,10000000
47,181653331753,181653333009,181653333027,0,512,1,10000000
47,181653338086,181653339658,181653339679,0,512,1,10000000
47,181653342431,181653343469,181653343488,0,512,1,10000000
47,181653367824,181653368848,181653368868,0,512,1,10000000
47,181653373071,181653373967,181653373986,0,512,1,10000000
47,181653377979,181653378801,181653378819,0,512,1,10000000
47,181653383481,181653384768,181653384790,0,512,1,10000000
47,181653389023,181653390485,181653390507,0,512,1,10000000
47,181653393088,181653394479,181653394499,0,512,1,10000000
47,181653396538,181653397414,181653397431,0,512,1,10000000
47,181653400284,181653401448,181653401474,0,512,1,10000000
47,181653404105,181653405020,181653405038,0,512,1,10000000
47,181653408107,181653408954,181653408972,0,512,1,10000000
47,181653412051,181653413143,181653413162,0,512,1,10000000
47,181653437316,181653438481,181653438506,0,512,1,10000000
47,181653441959,181653443121,181653443154,0,512,1,10000000
47,181653445836,181653446733,181653446753,0,512,1,10000000
47,181653451064,181653452326,181653452347,0,512,1,10000000
47,181653457024,181653458240,181653458261,0,512,1,10000000
47,181653461819,181653463229,181653463251,0,512,1,10000000
47,181653465657,181653466451,181653466465,0,512,1,10000000
47,181653468663,181653469508,181653469533,0,512,1,10000000
47,181653472952,181653473796,181653473813,0,512,1,10000000
47,181653476972,181653477886,181653477906,0,512,1,10000000
47,181653481302,181653482442,181653482469,0,512,1,10000000
47,181653485082,181653485967,181653485982,0,512,1,10000000
47,181653506757,181653507686,181653507704,0,512,1,10000000
47,181653511819,181653512775,181653512795,0,512,1,10000000
47,181653517338,181653518193,181653518210,0,512,1,10000000
47,181653522358,181653523703,181653523726,0,512,1,10000000
47,181653527227,181653528439,181653528459,0,512,1,10000000
47,181653531040,181653532265,181653532285,0,512,1,10000000
47,181653534476,181653535564,181653535585,0,512,1,10000000
47,181653539475,181653540581,181653540600,0,512,1,10000000
47,181653544227,181653545076,181653545093,0,512,1,10000000
47,181653548636,181653549483,181653549502,0,512,1,10000000
47,181653553375,181653554604,181653554626,0,512,1,10000000
47,181653576078,181653577624,181653577649,0,512,1,10000000
47,181653581216,181653582350,181653582369,0,512,1,10000000
47,181653586770,181653587919,181653587937,0,512,1,10000000
47,181653592179,181653593354,181653593374,0,512,1,10000000
47,181653597819,181653598976,181653598997,0,512,1,10000000
47,181653601226,181653602442,181653602461,0,512,1,10000000
47,181653604471,181653605440,181653605457,0,512,1,10000000
47,181653608129,181653609038,181653609056,0,512,1,10000000
47,181653612303,181653613358,181653613376,0,512,1,10000000
47,181653616462,181653617465,181653617482,0,512,1,10000000
47,181653620540,181653621486,181653621510,0,512,1,10000000
47,181653646364,181653647948,181653647974,0,512,1,10000000
47,181653653507,181653654517,181653654581,0,512,1,10000000
47,181653658281,181653659251,181653659271,0,512,1,10000000
47,181653662677,181653663833,181653663853,0,512,1,10000000
47,181653666112,181653666964,181653666982,0,512,1,10000000
47,181653670164,181653671433,181653671457,0,512,1,10000000
47,181653673834,181653674785,181653674801,0,512,1,10000000
47,181653678344,181653679551,181653679573,0,512,1,10000000
47,181653682737,181653684309,181653684332,0,512,1,10000000
47,181653686824,181653687666,181653687683,0,512,1,10000000
47,181653691222,181653692155,181653692171,0,512,1,10000000
47,181653714335,181653715823,181653715848,0,512,1,10000000
47,181653719712,181653720832,181653720862,0,512,1,10000000
47,181653723552,181653724467,181653724487,0,512,1,10000000
47,181653728836,181653730207,181653730229,0,512,1,10000000
47,181653733438,181653734618,181653734636,0,512,1,10000000
47,181653738593,181653739841,181653739861,0,512,1,10000000
47,181653742784,181653743908,181653743928,0,512,1,10000000
47,181653746237,181653747393,181653747412,0,512,1,10000000
47,181653750674,181653751646,181653751664,0,512,1,10000000
47,181653754791,181653755645,181653755662,0,512,1,10000000
47,181653758629,181653759617,181653759643,0,512,1,10000000
47,181653761528,181653762328,181653762341,0,512,1,10000000
47,181653784232,181653786094,181653786128,0,512,1,10000000
47,181653790071,181653791280,181653791301,0,512,1,10000000
47,181653794998,181653796199,181653796218,0,512,1,10000000
47,181653800597,181653801915,181653801937,0,512,1,10000000
47,181653805716,181653807002,181653807023,0,512,1,10000000
47,181653810506,181653811558,181653811578,0,512,1,10000000
47,181653813726,181653814768,181653814787,0,512,1,10000000
47,181653817296,181653818188,181653818205,0,512,1,10000000
47,181653821632,181653822739,181653822758,0,512,1,10000000
47,181653825237,181653826120,181653826137,0,512,1,10000000
47,181653828835,181653830142,181653830157,0,512,1,10000000
47,181653853814,181653854871,181653854891,0,512,1,10000000
47,181653858798,181653859771,181653859790,0,512,1,10000000
47,181653864662,181653865979,181653866000,0,512,1,10000000
47,181653869899,181653871246,181653871264,0,512,1,10000000
47,181653875307,181653876548,181653876568,0,512,1,10000000
47,181653879322,181653880147,181653880161,0,512,1,10000000
47,181653883138,181653884191,181653884217,0,512,1,10000000
47,181653886552,181653887381,181653887399,0,512,1,10000000
47,181653890455,181653891272,181653891289,0,512,1,10000000
47,181653894421,181653895357,181653895376,0,512,1,10000000
47,181653898411,181653899324,181653899340,0,512,1,10000000
47,181653922927,181653924045,181653924074,0,512,1,10000000
47,181653928333,181653929295,181653929315,0,512,1,10000000
47,181653933474,181653934422,181653934441,0,512,1,10000000
47,181653938926,181653940283,181653940307,0,512,1,10000000
47,181653943282,181653944244,181653944268,0,512,1,10000000
47,181653947681,181653949069,181653949092,0,512,1,10000000
47,181653951307,181653952217,181653952236,0,512,1,10000000
47,181653954435,181653955653,181653955674,0,512,1,10000000
47,181653957838,181653958700,181653958716,0,512,1,10000000
47,181653961865,181653962690,181653962706,0,512,1,10000000
47,181653965853,181653966950,181653966970,0,512,1,10000000
47,181653969223,181653970246,181653970264,0,512,1,10000000
47,181653992736,181653993842,181653993874,0,512,1,10000000
47,181653997544,181653998657,181653998690,0,512,1,10000000
47,181654002926,181654003863,181654003881,0,512,1,10000000
47,181654007309,181654008405,181654008425,0,512,1,10000000
47,181654012492,181654013427,181654013442,0,512,1,10000000
47,181654017312,181654018816,181654018843,0,512,1,10000000
47,181654022115,181654023283,181654023303,0,512,1,10000000
47,181654026080,181654026884,181654026900,0,512,1,10000000
47,181654030648,181654031533,181654031551,0,512,1,10000000
47,181654034716,181654035546,181654035571,0,512,1,10000000
47,181654038509,181654039609,181654039630,0,512,1,10000000
47,181654061972,181654063077,181654063111,0,512,1,10000000
47,181654066829,181654067835,181654067864,0,512,1,10000000
47,181654072338,181654073264,181654073283,0,512,1,10000000
47,181654076583,181654077706,181654077727,0,512,1,10000000
47,181654081952,181654083308,181654083330,0,512,1,10000000
47,181654086929,181654088222,181654088243,0,512,1,10000000
47,181654091570,181654092759,181654092815,0,512,1,10000000
47,181654095016,181654096016,181654096034,0,512,1,10000000
47,181654099684,181654100574,181654100591,0,512,1,10000000
47,181654104833,181654106157,181654106176,0,512,1,10000000
47,181654108482,181654109575,181654109597,0,512,1,10000000
47,181654131728,181654132833,181654132866,0,512,1,10000000
47,181654136648,181654137581,181654137600,0,512,1,10000000
47,181654141983,181654142934,181654142953,0,512,1,10000000
47,181654147780,181654149125,181654149144,0,512,1,10000000
47,181654153071,181654154266,181654154286,0,512,1,10000000
47,181654156461,181654157381,181654157397,0,512,1,10000000
47,181654160165,181654161442,181654161465,0,512,1,10000000
47,181654163533,181654164366,181654164385,0,512,1,10000000
47,181654167547,181654168363,181654168381,0,512,1,10000000
47,181654171597,181654172510,181654172528,0,512,1,10000000
47,181654176855,181654177974,181654177994,0,512,1,10000000
47,181654201061,181654202200,181654202222,0,512,1,10000000
47,181654206208,181654207111,181654207129,0,512,1,10000000
47,181654211223,181654212206,181654212225,0,512,1,10000000
47,181654215065,181654216259,181654216279,0,512,1,10000000
47,181654218630,181654219457,181654219472,0,512,1,10000000
47,181654224035,181654225270,181654225290,0,512,1,10000000
47,181654228473,181654229653,181654229674,0,512,1,10000000
47,181654232208,181654233371,181654233391,0,512,1,10000000
47,181654236744,181654237656,181654237674,0,512,1,10000000
47,181654241381,181654242181,181654242198,0,512,1,10000000
47,181654245309,181654246449,181654246468,0,512,1,10000000
47,181654270414,181654271590,181654271619,0,512,1,10000000
47,181654275722,181654276650,181654276669,0,512,1,10000000
47,181654281129,181654282030,181654282049,0,512,1,10000000
47,181654286105,181654287379,181654287401,0,512,1,10000000
47,181654290495,181654291689,181654291709,0,512,1,10000000
47,181654294942,181654296185,181654296206,0,512,1,10000000
47,181654298962,181654300129,181654300151,0,512,1,10000000
47,181654302490,181654303292,181654303309,0,512,1,10000000
47,181654305597,181654306472,181654306488,0,512,1,10000000
47,181654309627,181654310544,181654310562,0,512,1,10000000
47,181654313664,181654314565,181654314579,0,512,1,10000000
47,181654316776,181654317624,181654317644,0,512,1,10000000
47,181654339805,181654341194,181654341218,0,512,1,10000000
47,181654344731,181654345771,181654345799,0,512,1,10000000
47,181654350097,181654350954,181654350971,0,512,1,10000000
47,181654354280,181654355353,181654355369,0,512,1,10000000
47,181654357796,181654359043,181654359063,0,512,1,10000000
47,181654361906,181654363043,181654363064,0,512,1,10000000
47,181654365070,181654365841,181654365854,0,512,1,10000000
47,181654368032,181654368882,181654368895,0,512,1,10000000
47,181654370992,181654371968,181654371987,0,512,1,10000000
47,181654375220,181654376075,181654376093,0,512,1,10000000
47,181654379312,181654380309,181654380327,0,512,1,10000000
47,181654383921,181654385563,181654385583,0,512,1,10000000
47,181654387917,181654388979,181654388996,0,512,1,10000000
47,181654408844,181654409841,181654409864,0,512,1,10000000
47,181654414221,181654415072,181654415090,0,512,1,10000000
47,181654419547,181654421322,181654421344,0,512,1,10000000
47,181654425348,181654426165,181654426180,0,512,1,10000000
47,181654430773,181654432143,181654432166,0,512,1,10000000
47,181654434654,181654435808,181654435828,0,512,1,10000000
47,181654438242,181654439567,181654439587,0,512,1,10000000
47,181654441904,181654443114,181654443141,0,512,1,10000000
47,181654446566,181654448061,181654448085,0,512,1,10000000
47,181654451444,181654452407,181654452427,0,512,1,10000000
47,181654455128,181654456058,181654456078,0,512,1,10000000
47,181654478787,181654479907,181654479937,0,512,1,10000000
47,181654483662,181654484631,181654484655,0,512,1,10000000
47,181654488926,181654489784,181654489803,0,512,1,10000000
47,181654492614,181654493743,181654493765,0,512,1,10000000
47,181654496519,181654497602,181654497619,0,512,1,10000000
47,181654501931,181654503009,181654503028,0,512,1,10000000
47,181654505205,181654506055,181654506074,0,512,1,10000000
47,181654509102,181654510269,181654510290,0,512,1,10000000
47,181654513256,181654514213,181654514233,0,512,1,10000000
47,181654517348,181654518299,181654518317,0,512,1,10000000
47,181654521472,181654522634,181654522689,0,512,1,10000000
47,181654525199,181654526333,181654526352,0,512,1,10000000
47,181654548221,181654549311,181654549333,0,512,1,10000000
47,181654553400,181654554356,181654554376,0,512,1,10000000
47,181654558769,181654559597,181654559615,0,512,1,10000000
47,181654564104,181654565521,181654565550,0,512,1,10000000
47,181654569699,181654571013,181654571033,0,512,1,10000000
47,181654573528,181654574745,181654574764,0,512,1,10000000
47,181654577599,181654578802,181654578823,0,512,1,10000000
47,181654581726,181654582606,181654582623,0,512,1,10000000
47,181654585608,181654586503,181654586521,0,512,1,10000000
47,181654589764,181654590679,181654590697,0,512,1,10000000
47,181654594205,181654595106,181654595124,0,512,1,10000000
47,181654617730,181654618925,181654618947,0,512,1,10000000
47,181654622654,181654623640,181654623658,0,512,1,10000000
47,181654628252,181654629154,181654629172,0,512,1,10000000
47,181654633717,181654635200,181654635223,0,512,1,10000000
47,181654639128,181654640365,181654640385,0,512,1,10000000
47,181654642637,181654643763,181654643782,0,512,1,10000000
47,181654646477,181654647563,181654647581,0,512,1,10000000
47,181654650772,181654651879,181654651898,0,512,1,10000000
47,181654655434,181654656336,181654656355,0,512,1,10000000
47,181654659553,181654660452,181654660470,0,512,1,10000000
47,181654663434,181654664291,181654664306,0,512,1,10000000
47,181654687609,181654688667,181654688695,0,512,1,10000000
47,181654691954,181654692922,181654692942,0,512,1,10000000
47,181654697270,181654698301,181654698323,0,512,1,10000000
47,181654702684,181654703976,181654703997,0,512,1,10000000
47,181654706675,181654707501,181654707516,0,512,1,10000000
47,181654711510,181654712858,181654712880,0,512,1,10000000
47,181654715157,181654716097,181654716125,0,512,1,10000000
47,181654719163,181654719975,181654719992,0,512,1,10000000
47,181654723198,181654724113,181654724132,0,512,1,10000000
47,181654727325,181654728465,181654728487,0,512,1,10000000
47,181654733185,181654734338,181654734358,0,512,1,10000000
47,181654756465,181654757563,181654757597,0,512,1,10000000
47,181654762253,181654763413,181654763434,0,512,1,10000000
47,181654767102,181654768019,181654768037,0,512,1,10000000
47,181654772383,181654773811,181654773833,0,512,1,10000000
47,181654778123,181654779327,181654779347,0,512,1,10000000
47,181654781657,181654782771,181654782791,0,512,1,10000000
47,181654785180,181654786508,181654786528,0,512,1,10000000
47,181654788761,181654789865,181654789883,0,512,1,10000000
47,181654793274,181654794139,181654794157,0,512,1,10000000
47,181654797088,181654797915,181654797931,0,512,1,10000000
47,181654801499,181654802674,181654802696,0,512,1,10000000
47,181654825890,181654826969,181654827002,0,512,1,10000000
47,181654830802,181654831792,181654831811,0,512,1,10000000
47,181654834531,181654835346,181654835362,0,512,1,10000000
47,181654838452,181654839603,181654839623,0,512,1,10000000
47,181654843758,181654845140,181654845162,0,512,1,10000000
47,181654849458,181654850810,181654850831,0,512,1,10000000
47,181654853246,181654854360,181654854379,0,512,1,10000000
47,181654857804,181654858751,181654858769,0,512,1,10000000
47,181654861762,181654862601,181654862619,0,512,1,10000000
47,181654865591,181654866747,181654866768,0,512,1,10000000
47,181654869509,181654870552,181654870578,0,512,1,10000000
47,181654872698,181654873579,181654873594,0,512,1,10000000
47,181654895436,181654896688,181654896707,0,512,1,10000000
47,181654900268,181654901197,181654901216,0,512,1,10000000
47,181654905585,181654907273,181654907297,0,512,1,10000000
47,181654911564,181654912670,181654912690,0,512,1,10000000
47,181654916708,181654917654,181654917672,0,512,1,10000000
47,181654920070,181654920857,181654920873,0,512,1,10000000
47,181654924185,181654926377,181654926410,0,512,1,10000000
47,181654929610,181654930378,181654930392,0,512,1,10000000
47,181654932525,181654933291,181654933304,0,512,1,10000000
47,181654936757,181654937628,181654937645,0,512,1,10000000
47,181654941593,181654942368,181654942381,0,512,1,10000000
47,181654964824,181654965878,181654965897,0,512,1,10000000
47,181654969612,181654970535,181654970553,0,512,1,10000000
47,181654974950,181654975900,181654975920,0,512,1,10000000
47,181654979599,181654980731,181654980751,0,512,1,10000000
47,181654984507,181654985768,181654985823,0,512,1,10000000
47,181654989320,181654990633,181654990654,0,512,1,10000000
47,181654993776,181654994571,181654994585,0,512,1,10000000
47,181654996546,181654997323,181654997339,0,512,1,10000000
47,181655000386,181655001253,181655001270,0,512,1,10000000
47,181655004366,181655005259,181655005277,0,512,1,10000000
47,181655008440,181655009547,181655009567,0,512,1,10000000
47,181655011750,181655012567,181655012581,0,512,1,10000000
47,181655033422,181655034717,181655034736,0,512,1,10000000
47,181655038967,181655040412,181655040440,0,512,1,10000000
47,181655043394,181655044295,181655044314,0,512,1,10000000
47,181655048397,181655049723,181655049744,0,512,1,10000000
47,181655053879,181655055064,181655055084,0,512,1,10000000
47,181655058511,181655059831,181655059854,0,512,1,10000000
47,181655061996,181655062972,181655062990,0,512,1,10000000
47,181655065089,181655065958,181655065977,0,512,1,10000000
47,181655068945,181655069780,181655069798,0,512,1,10000000
47,181655072777,181655073626,181655073644,0,512,1,10000000
47,181655076625,181655077685,181655077703,0,512,1,10000000
47,181655080098,181655080953,181655080971,0,512,1,10000000
47,181655103872,181655105101,181655105135,0,512,1,10000000
47,181655108728,181655109655,181655109675,0,512,1,10000000
47,181655113822,181655114768,181655114786,0,512,1,10000000
47,181655117635,181655118763,181655118781,0,512,1,10000000
47,181655121104,181655122370,181655122392,0,512,1,10000000
47,181655127159,181655128854,181655128877,0,512,1,10000000
47,181655130897,181655131745,181655131762,0,512,1,10000000
47,181655133637,181655134521,181655134540,0,512,1,10000000
47,181655138705,181655140150,181655140172,0,512,1,10000000
47,181655143356,181655144302,181655144322,0,512,1,10000000
47,181655147259,181655148360,181655148380,0,512,1,10000000
47,181655150622,181655151476,181655151491,0,512,1,10000000
47,181655173157,181655174408,181655174441,0,512,1,10000000
47,181655177779,181655178880,181655178913,0,512,1,10000000
47,181655183261,181655184241,181655184260,0,512,1,10000000
47,181655188791,181655190563,181655190584,0,512,1,10000000
47,181655194274,181655195652,181655195671,0,512,1,10000000
47,181655198137,181655199308,181655199327,0,512,1,10000000
47,181655204168,181655205070,181655205088,0,512,1,10000000
47,181655206991,181655207791,181655207806,0,512,1,10000000
47,181655211061,181655211871,181655211889,0,512,1,10000000
47,181655215055,181655216011,181655216030,0,512,1,10000000
47,181655219282,181655220366,181655220385,0,512,1,10000000
47,181655242443,181655243619,181655243649,0,512,1,10000000
47,181655247407,181655248326,181655248344,0,512,1,10000000
47,181655252660,181655253685,181655253718,0,512,1,10000000
47,181655258468,181655259871,181655259902,0,512,1,10000000
47,181655263879,181655265206,181655265225,0,512,1,10000000
47,181655267889,181655269035,181655269055,0,512,1,10000000
47,181655271205,181655272046,181655272062,0,512,1,10000000
47,181655273892,181655274749,181655274772,0,512,1,10000000
47,181655277620,181655278404,181655278419,0,512,1,10000000
47,181655281636,181655282571,181655282596,0,512,1,10000000
47,181655285752,181655286911,181655286933,0,512,1,10000000
47,181655289613,181655290446,181655290461,0,512,1,10000000
47,181655312005,181655312943,181655312961,0,512,1,10000000
47,181655317159,181655318193,181655318212,0,512,1,10000000
47,181655322674,181655323629,181655323648,0,512,1,10000000
47,181655327830,181655329121,181655329142,0,512,1,10000000
47,181655333591,181655334970,181655334992,0,512,1,10000000
47,181655337425,181655338273,181655338287,0,512,1,10000000
47,181655339825,181655340881,181655340902,0,512,1,10000000
47,181655343384,181655344486,181655344504,0,512,1,10000000
47,181655347668,181655348531,181655348549,0,512,1,10000000
47,181655351777,181655352705,181655352724,0,512,1,10000000
47,181655355721,181655356824,181655356843,0,512,1,10000000
47,181655381430,181655382501,181655382526,0,512,1,10000000
47,181655386089,181655387295,181655387320,0,512,1,10000000
47,181655391777,181655392776,181655392799,0,512,1,10000000
47,181655396976,181655397898,181655397913,0,512,1,10000000
47,181655402689,181655404080,181655404103,0,512,1,10000000
47,181655406528,181655407660,181655407679,0,512,1,10000000
47,181655410668,181655411873,181655411896,0,512,1,10000000
47,181655414428,181655415366,181655415424,0,512,1,10000000
47,181655417640,181655418459,181655418476,0,512,1,10000000
47,181655421556,181655422414,181655422431,0,512,1,10000000
47,181655425707,181655426532,181655426547,0,512,1,10000000
47,181655450868,181655452003,181655452033,0,512,1,10000000
47,181655455671,181655456707,181655456728,0,512,1,10000000
47,181655460108,181655461227,181655461244,0,512,1,10000000
47,181655465111,181655465997,181655466013,0,512,1,10000000
47,181655470353,181655471924,181655471946,0,512,1,10000000
47,181655475328,181655476575,181655476596,0,512,1,10000000
47,181655479029,181655479899,181655479918,0,512,1,10000000
47,181655483505,181655484458,181655484476,0,512,1,10000000
47,181655488213,181655489179,181655489199,0,512,1,10000000
47,181655492252,181655493138,181655493155,0,512,1,10000000
47,181655497384,181655499100,181655499120,0,512,1,10000000
47,181655520343,181655521659,181655521680,0,512,1,10000000
47,181655525334,181655526215,181655526241,0,512,1,10000000
47,181655530600,181655531509,181655531527,0,512,1,10000000
47,181655533998,181655535171,181655535200,0,512,1,10000000
47,181655537622,181655538759,181655538779,0,512,1,10000000
47,181655543320,181655544528,181655544549,0,512,1,10000000
47,181655547372,181655548523,181655548544,0,512,1,10000000
47,181655551767,181655553011,181655553034,0,512,1,10000000
47,181655556623,181655557717,181655557744,0,512,1,10000000
47,181655560757,181655561601,181655561618,0,512,1,10000000
47,181655564989,181655566186,181655566215,0,512,1,10000000
47,181655589787,181655591067,181655591087,0,512,1,10000000
47,181655594709,181655595711,181655595730,0,512,1,10000000
47,181655598875,181655599764,181655599783,0,512,1,10000000
47,181655603847,181655604986,181655605013,0,512,1,10000000
47,181655609072,181655610411,181655610433,0,512,1,10000000
47,181655614585,181655615937,181655615959,0,512,1,10000000
47,181655618382,181655619491,181655619512,0,512,1,10000000
47,181655623136,181655624045,181655624063,0,512,1,10000000
47,181655627276,181655628126,181655628143,0,512,1,10000000
47,181655631039,181655631982,181655632000,0,512,1,10000000
47,181655634738,181655635721,181655635746,0,512,1,10000000
47,181655659200,181655660410,181655660441,0,512,1,10000000
47,181655664173,181655665161,181655665180,0,512,1,10000000
47,181655669636,181655670643,181655670662,0,512,1,10000000
47,181655675286,181655676628,181655676649,0,512,1,10000000
47,181655680630,181655681937,181655681958,0,512,1,10000000
47,181655684528,181655685687,181655685707,0,512,1,10000000
47,181655688856,181655689986,181655690006,0,512,1,10000000
47,181655692849,181655693856,181655693880,0,512,1,10000000
47,181655696013,181655696797,181655696814,0,512,1,10000000
47,181655699898,181655700789,181655700808,0,512,1,10000000
47,181655703804,181655704670,181655704690,0,512,1,10000000
47,181655728632,181655729861,181655729891,0,512,1,10000000
47,181655733385,181655734556,181655734585,0,512,1,10000000
47,181655738745,181655739824,181655739845,0,512,1,10000000
47,181655744151,181655745349,181655745377,0,512,1,10000000
47,181655750206,181655751556,181655751578,0,512,1,10000000
47,181655753800,181655754877,181655754894,0,512,1,10000000
47,181655757429,181655758255,181655758269,0,512,1,10000000
47,181655759852,181655760639,181655760656,0,512,1,10000000
47,181655764529,181655765452,181655765471,0,512,1,10000000
47,181655768901,181655769787,181655769804,0,512,1,10000000
47,181655772964,181655773922,181655773949,0,512,1,10000000
47,181655798141,181655799421,181655799452,0,512,1,10000000
47,181655803090,181655803993,181655804011,0,512,1,10000000
47,181655808608,181655809512,181655809530,0,512,1,10000000
47,181655813813,181655815084,181655815105,0,512,1,10000000
47,181655818237,181655819430,181655819451,0,512,1,10000000
47,181655822479,181655823824,181655823845,0,512,1,10000000
47,181655826013,181655827080,181655827095,0,512,1,10000000
47,181655828676,181655829432,181655829445,0,512,1,10000000
47,181655833144,181655834062,181655834089,0,512,1,10000000
47,181655837166,181655838026,181655838044,0,512,1,10000000
47,181655841213,181655842266,181655842284,0,512,1,10000000
47,181655844551,181655845396,181655845411,0,512,1,10000000
47,181655867351,181655868469,181655868499,0,512,1,10000000
47,181655872259,181655873126,181655873143,0,512,1,10000000
47,181655876232,181655877046,181655877092,0,512,1,10000000
47,181655880103,181655881421,181655881440,0,512,1,10000000
47,181655885181,181655886565,181655886587,0,512,1,10000000
47,181655890939,181655892164,181655892185,0,512,1,10000000
47,181655894755,181655895566,181655895583,0,512,1,10000000
47,181655898069,181655898854,181655898871,0,512,1,10000000
47,181655900996,181655901755,181655901771,0,512,1,10000000
47,181655904683,181655905454,181655905469,0,512,1,10000000
47,181655909407,181655910254,181655910274,0,512,1,10000000
47,181655913759,181655914583,181655914600,0,512,1,10000000
47,181655936031,181655937026,181655937046,0,512,1,10000000
47,181655941729,181655942695,181655942713,0,512,1,10000000
47,181655946966,181655947845,181655947862,0,512,1,10000000
47,181655952595,181655953898,181655953929,0,512,1,10000000
47,181655958363,181655959645,181655959665,0,512,1,10000000
47,181655961958,181655963102,181655963122,0,512,1,10000000
47,181655965315,181655966141,181655966161,0,512,1,10000000
47,181655968237,181655969111,181655969136,0,512,1,10000000
47,181655972342,181655973261,181655973280,0,512,1,10000000
47,181655976387,181655977273,181655977290,0,512,1,10000000
47,181655980311,181655981359,181655981378,0,512,1,10000000
47,181655983749,181655984619,181655984635,0,512,1,10000000
47,181656006282,181656007647,181656007671,0,512,1,10000000
47,181656011317,181656012321,181656012348,0,512,1,10000000
47,181656016725,181656017663,181656017683,0,512,1,10000000
47,181656022034,181656023277,181656023298,0,512,1,10000000
47,181656027920,181656029363,181656029384,0,512,1,10000000
47,181656032249,181656033410,181656033432,0,512,1,10000000
47,181656035626,181656036777,181656036795,0,512,1,10000000
47,181656040001,181656040888,181656040906,0,512,1,10000000
47,181656044059,181656044891,181656044908,0,512,1,10000000
47,181656047854,181656048649,181656048666,0,512,1,10000000
47,181656052300,181656053435,181656053456,0,512,1,10000000
47,181656075796,181656076823,181656076853,0,512,1,10000000
47,181656080594,181656081494,181656081514,0,512,1,10000000
47,181656083984,181656085047,181656085067,0,512,1,10000000
47,181656089455,181656090686,181656090706,0,512,1,10000000
47,181656095422,181656096800,181656096824,0,512,1,10000000
47,181656100398,181656101688,181656101709,0,512,1,10000000
47,181656104170,181656105296,181656105316,0,512,1,10000000
47,181656108432,181656109261,181656109277,0,512,1,10000000
47,181656112679,181656113478,181656113494,0,512,1,10000000
47,181656116336,181656117423,181656117443,0,512,1,10000000
47,181656119967,181656121013,181656121028,0,512,1,10000000
47,181656145100,181656146221,181656146238,0,512,1,10000000
47,181656149781,181656150679,181656150698,0,512,1,10000000
47,181656155296,181656156290,181656156309,0,512,1,10000000
47,181656160915,181656162386,181656162409,0,512,1,10000000
47,181656166653,181656168091,181656168112,0,512,1,10000000
47,181656170508,181656171612,181656171631,0,512,1,10000000
47,181656173885,181656174977,181656174997,0,512,1,10000000
47,181656177313,181656178420,181656178440,0,512,1,10000000
47,181656182219,181656183160,181656183179,0,512,1,10000000
47,181656186024,181656186841,181656186858,0,512,1,10000000
47,181656189972,181656191103,181656191124,0,512,1,10000000
47,181656214581,181656215577,181656215596,0,512,1,10000000
47,181656219810,181656220757,181656220775,0,512,1,10000000
47,181656225223,181656226061,181656226079,0,512,1,10000000
47,181656230162,181656231532,181656231554,0,512,1,10000000
47,181656233856,181656234812,181656234832,0,512,1,10000000
47,181656238834,181656240144,181656240166,0,512,1,10000000
47,181656242372,181656243497,181656243518,0,512,1,10000000
47,181656246443,181656247603,181656247624,0,512,1,10000000
47,181656250382,181656251195,181656251211,0,512,1,10000000
47,181656254031,181656254914,181656254931,0,512,1,10000000
47,181656258210,181656259949,181656259973,0,512,1,10000000
47,181656262562,181656263439,181656263457,0,512,1,10000000
47,181656284022,181656285071,181656285091,0,512,1,10000000
47,181656289058,181656289917,181656289935,0,512,1,10000000
47,181656294120,181656295109,181656295126,0,512,1,10000000
47,181656297936,181656298980,181656298998,0,512,1,10000000
47,181656301427,181656302672,181656302692,0,512,1,10000000
47,181656305563,181656306632,181656306651,0,512,1,10000000
47,181656309650,181656310882,181656310901,0,512,1,10000000
47,181656313804,181656314972,181656315034,0,512,1,10000000
47,181656317954,181656318968,181656318995,0,512,1,10000000
47,181656322430,181656323352,181656323370,0,512,1,10000000
47,181656326589,181656327740,181656327761,0,512,1,10000000
47,181656330246,181656331368,181656331387,0,512,1,10000000
47,181656353325,181656354483,181656354504,0,512,1,10000000
47,181656358388,181656359367,181656359395,0,512,1,10000000
47,181656362627,181656363494,181656363512,0,512,1,10000000
47,181656367766,181656369035,181656369054,0,512,1,10000000
47,181656373043,181656374248,181656374267,0,512,1,10000000
47,181656378291,181656379620,181656379640,0,512,1,10000000
47,181656383171,181656384356,181656384379,0,512,1,10000000
47,181656388582,181656389445,181656389461,0,512,1,10000000
47,181656392590,181656393398,181656393413,0,512,1,10000000
47,181656396260,181656397206,181656397223,0,512,1,10000000
47,181656399668,181656400546,181656400565,0,512,1,10000000
47,181656422925,181656424082,181656424115,0,512,1,10000000
47,181656427570,181656428614,181656428636,0,512,1,10000000
47,181656433363,181656434365,181656434391,0,512,1,10000000
47,181656438922,181656440225,181656440242,0,512,1,10000000
47,181656444334,181656445689,181656445712,0,512,1,10000000
47,181656447885,181656449204,181656449224,0,512,1,10000000
47,181656451153,181656451996,181656452014,0,512,1,10000000
47,181656453767,181656454556,181656454573,0,512,1,10000000
47,181656458092,181656458977,181656458996,0,512,1,10000000
47,181656462211,181656463099,181656463116,0,512,1,10000000
47,181656466512,181656467552,181656467575,0,512,1,10000000
47,181656470001,181656470924,181656470942,0,512,1,10000000
47,181656492090,181656493198,181656493219,0,512,1,10000000
47,181656498338,181656499538,181656499560,0,512,1,10000000
47,181656502929,181656503833,181656503850,0,512,1,10000000
47,181656507877,181656509413,181656509435,0,512,1,10000000
47,181656513528,181656514855,181656514877,0,512,1,10000000
47,181656517284,181656518530,181656518550,0,512,1,10000000
47,181656520528,181656521353,181656521367,0,512,1,10000000
47,181656523858,181656524752,181656524769,0,512,1,10000000
47,181656527994,181656528879,181656528897,0,512,1,10000000
47,181656531943,181656532972,181656532990,0,512,1,10000000
47,181656536004,181656537118,181656537137,0,512,1,10000000
47,181656539359,181656540217,181656540234,0,512,1,10000000
47,181656561113,181656562200,181656562232,0,512,1,10000000
47,181656566657,181656567644,181656567667,0,512,1,10000000
47,181656572177,181656573137,181656573154,0,512,1,10000000
47,181656577603,181656578966,181656578985,0,512,1,10000000
47,181656583276,181656584495,181656584516,0,512,1,10000000
47,181656587319,181656588176,181656588195,0,512,1,10000000
47,181656591870,181656592996,181656593017,0,512,1,10000000
47,181656595125,181656596022,181656596041,0,512,1,10000000
47,181656599393,181656600304,181656600322,0,512,1,10000000
47,181656603395,181656604240,181656604258,0,512,1,10000000
47,181656608781,181656609906,181656609926,0,512,1,10000000
47,181656630743,181656633151,181656633182,0,512,1,10000000
47,181656636789,181656637699,181656637713,0,512,1,10000000
47,181656641580,181656643661,181656643684,0,512,1,10000000
47,181656646943,181656647831,181656647849,0,512,1,10000000
47,181656652428,181656653810,181656653833,0,512,1,10000000
47,181656657228,181656658415,181656658436,0,512,1,10000000
47,181656662153,181656663845,181656663867,0,512,1,10000000
47,181656667488,181656668386,181656668402,0,512,1,10000000
47,181656671338,181656672148,181656672162,0,512,1,10000000
47,181656674801,181656676005,181656676025,0,512,1,10000000
47,181656700092,181656703149,181656703177,0,512,1,10000000
47,181656707059,181656708744,181656708766,0,512,1,10000000
47,181656711898,181656712954,181656712966,0,512,1,10000000
47,181656716402,181656717658,181656717680,0,512,1,10000000
47,181656722662,181656723620,181656723639,0,512,1,10000000
47,181656727355,181656728558,181656728577,0,512,1,10000000
47,181656730995,181656732121,181656732141,0,512,1,10000000
47,181656735027,181656736118,181656736137,0,512,1,10000000
47,181656738369,181656739478,181656739501,0,512,1,10000000
47,181656743007,181656744069,181656744089,0,512,1,10000000
47,181656746602,181656747666,181656747686,0,512,1,10000000
47,181656769241,181656770492,181656770517,0,512,1,10000000
47,181656774649,181656775659,181656775720,0,512,1,10000000
47,181656780165,181656781472,181656781494,0,512,1,10000000
47,181656783729,181656784865,181656784885,0,512,1,10000000
47,181656787462,181656788636,181656788659,0,512,1,10000000
47,181656791076,181656792272,181656792291,0,512,1,10000000
47,181656795482,181656796344,181656796361,0,512,1,10000000
47,181656799528,181656800533,181656800550,0,512,1,10000000
47,181656803452,181656804549,181656804567,0,512,1,10000000
47,181656807057,181656808121,181656808139,0,512,1,10000000
47,181656811404,181656812529,181656812548,0,512,1,10000000
47,181656814987,181656815798,181656815813,0,512,1,10000000
47,181656839028,181656840005,181656840039,0,512,1,10000000
47,181656844029,181656844871,181656844888,0,512,1,10000000
47,181656849573,181656850523,181656850542,0,512,1,10000000
47,181656853469,181656855147,181656855168,0,512,1,10000000
47,181656858167,181656859031,181656859047,0,512,1,10000000
47,181656862829,181656863938,181656863959,0,512,1,10000000
47,181656866485,181656867562,181656867582,0,512,1,10000000
47,181656869905,181656870997,181656871015,0,512,1,10000000
47,181656874144,181656875162,181656875188,0,512,1,10000000
47,181656877988,181656878869,181656878886,0,512,1,10000000
47,181656881767,181656882742,181656882760,0,512,1,10000000
47,181656886250,181656887407,181656887428,0,512,1,10000000
47,181656908392,181656909402,181656909421,0,512,1,10000000
47,181656914122,181656915035,181656915054,0,512,1,10000000
47,181656919320,181656920788,181656920801,0,512,1,10000000
47,181656924425,181656925645,181656925669,0,512,1,10000000
47,181656928361,181656929618,181656929638,0,512,1,10000000
47,181656932710,181656933901,181656933920,0,512,1,10000000
47,181656936701,181656937713,181656937730,0,512,1,10000000
47,181656940934,181656942742,181656942766,0,512,1,10000000
47,181656946428,181656947355,181656947371,0,512,1,10000000
47,181656950505,181656951443,181656951459,0,512,1,10000000
47,181656953982,181656954914,181656954931,0,512,1,10000000
47,181656978321,181656979245,181656979264,0,512,1,10000000
47,181656983561,181656984406,181656984422,0,512,1,10000000
47,181656988469,181656989359,181656989378,0,512,1,10000000
47,181656992609,181656993677,181656993692,0,512,1,10000000
47,181656996466,181656997661,181656997684,0,512,1,10000000
47,181657001574,181657002925,181657002946,0,512,1,10000000
47,181657005226,181657006302,181657006323,0,512,1,10000000
47,181657008983,181657010162,181657010182,0,512,1,10000000
47,181657012473,181657013606,181657013625,0,512,1,10000000
47,181657016684,181657017578,181657017596,0,512,1,10000000
47,181657021008,181657022093,181657022113,0,512,1,10000000
47,181657024219,181657025033,181657025048,0,512,1,10000000
47,181657047002,181657048224,181657048255,0,512,1,10000000
47,181657052531,181657053554,181657053575,0,512,1,10000000
47,181657058488,181657059454,181657059473,0,512,1,10000000
47,181657063550,181657064901,181657064923,0,512,1,10000000
47,181657069210,181657070440,181657070461,0,512,1,10000000
47,181657072673,181657073974,181657073994,0,512,1,10000000
47,181657076137,181657077199,181657077217,0,512,1,10000000
47,181657079429,181657080425,181657080445,0,512,1,10000000
47,181657083260,181657084099,181657084117,0,512,1,10000000
47,181657087129,181657087982,181657088000,0,512,1,10000000
47,181657091316,181657092185,181657092199,0,512,1,10000000
47,181657095037,181657096235,181657096253,0,512,1,10000000
47,181657116818,181657118059,181657118080,0,512,1,10000000
47,181657122072,181657123080,181657123100,0,512,1,10000000
47,181657126895,181657127709,181657127726,0,512,1,10000000
47,181657131130,181657132357,181657132377,0,512,1,10000000
47,181657135375,181657136532,181657136552,0,512,1,10000000
47,181657140645,181657142030,181657142052,0,512,1,10000000
47,181657145950,181657148021,181657148044,0,512,1,10000000
47,181657150705,181657151864,181657151885,0,512,1,10000000
47,181657155747,181657156616,181657156635,0,512,1,10000000
47,181657160167,181657161094,181657161110,0,512,1,10000000
47,181657163138,181657164033,181657164050,0,512,1,10000000
47,181657186733,181657187855,181657187886,0,512,1,10000000
47,181657191744,181657192948,181657192971,0,512,1,10000000
47,181657197261,181657198340,181657198361,0,512,1,10000000
47,181657202526,181657203846,181657203868,0,512,1,10000000
47,181657207829,181657209045,181657209102,0,512,1,10000000
47,181657211380,181657212537,181657212556,0,512,1,10000000
47,181657215179,181657216293,181657216312,0,512,1,10000000
47,181657218586,181657219697,181657219716,0,512,1,10000000
47,181657223030,181657223916,181657223934,0,512,1,10000000
47,181657227695,181657228626,181657228646,0,512,1,10000000
47,181657232860,181657234002,181657234021,0,512,1,10000000
47,181657255626,181657256644,181657256672,0,512,1,10000000
47,181657261101,181657262107,181657262131,0,512,1,10000000
47,181657266640,181657267592,181657267611,0,512,1,10000000
47,181657272030,181657273404,181657273423,0,512,1,10000000
47,181657277544,181657278857,181657278878,0,512,1,10000000
47,181657281601,181657282780,181657282801,0,512,1,10000000
47,181657285206,181657286414,181657286434,0,512,1,10000000
47,181657288436,181657289382,181657289399,0,512,1,10000000
47,181657292394,181657293292,181657293310,0,512,1,10000000
47,181657296305,181657297157,181657297173,0,512,1,10000000
47,181657300287,181657301334,181657301349,0,512,1,10000000
47,181657325655,181657326881,181657326915,0,512,1,10000000
47,181657330528,181657331464,181657331484,0,512,1,10000000
47,181657335841,181657336688,181657336705,0,512,1,10000000
47,181657341378,181657342799,181657342822,0,512,1,10000000
47,181657346857,181657348078,181657348097,0,512,1,10000000
47,181657350266,181657351218,181657351237,0,512,1,10000000
47,181657353286,181657354096,181657354113,0,512,1,10000000
47,181657356341,181657357178,181657357195,0,512,1,10000000
47,181657360852,181657361740,181657361758,0,512,1,10000000
47,181657364910,181657365799,181657365815,0,512,1,10000000
47,181657368945,181657370052,181657370071,0,512,1,10000000
47,181657372394,181657373507,181657373526,0,512,1,10000000
47,181657394759,181657396252,181657396273,0,512,1,10000000
47,181657399529,181657400390,181657400407,0,512,1,10000000
47,181657405076,181657406002,181657406018,0,512,1,10000000
47,181657411117,181657412503,181657412525,0,512,1,10000000
47,181657416422,181657417713,181657417735,0,512,1,10000000
47,181657419801,181657420609,181657420622,0,512,1,10000000
47,181657422135,181657422948,181657422962,0,512,1,10000000
47,181657425278,181657426131,181657426143,0,512,1,10000000
47,181657429639,181657430524,181657430540,0,512,1,10000000
47,181657433324,181657434120,181657434136,0,512,1,10000000
47,181657437181,181657438889,181657439012,0,512,1,10000000
47,181657441691,181657442479,181657442492,0,512,1,10000000
47,181657464378,181657465290,181657465307,0,512,1,10000000
47,181657469405,181657470328,181657470345,0,512,1,10000000
47,181657474442,181657475362,181657475382,0,512,1,10000000
47,181657478572,181657479754,181657479773,0,512,1,10000000
47,181657484035,181657485427,181657485451,0,512,1,10000000
47,181657488777,181657489873,181657489892,0,512,1,10000000
47,181657492709,181657493810,181657493831,0,512,1,10000000
47,181657496577,181657497724,181657497745,0,512,1,10000000
47,181657500275,181657501109,181657501125,0,512,1,10000000
47,181657503259,181657504039,181657504055,0,512,1,10000000
47,181657507029,181657508168,181657508188,0,512,1,10000000
47,181657511066,181657511925,181657511943,0,512,1,10000000
47,181657533445,181657534906,181657534935,0,512,1,10000000
47,181657538756,181657539723,181657539741,0,512,1,10000000
47,181657543864,181657544719,181657544737,0,512,1,10000000
47,181657549347,181657550665,181657550688,0,512,1,10000000
47,181657555254,181657556619,181657556642,0,512,1,10000000
47,181657560580,181657561705,181657561725,0,512,1,10000000
47,181657565049,181657566251,181657566272,0,512,1,10000000
47,181657568950,181657569935,181657569955,0,512,1,10000000
47,181657573050,181657573953,181657573971,0,512,1,10000000
47,181657577002,181657577849,181657577866,0,512,1,10000000
47,181657579810,181657580651,181657580668,0,512,1,10000000
47,181657603359,181657604542,181657604575,0,512,1,10000000
47,181657608236,181657609234,181657609262,0,512,1,10000000
47,181657613324,181657614262,181657614281,0,512,1,10000000
47,181657617154,181657617944,181657617960,0,512,1,10000000
47,181657621384,181657622223,181657622235,0,512,1,10000000
47,181657626086,181657627422,181657627445,0,512,1,10000000
47,181657630255,181657631439,181657631461,0,512,1,10000000
47,181657634131,181657635122,181657635148,0,512,1,10000000
47,181657637865,181657638686,181657638739,0,512,1,10000000
47,181657641781,181657642623,181657642640,0,512,1,10000000
47,181657645571,181657646647,181657646666,0,512,1,10000000
47,181657648871,181657649719,181657649738,0,512,1,10000000
47,181657672591,181657673797,181657673819,0,512,1,10000000
47,181657677779,181657678715,181657678733,0,512,1,10000000
47,181657683350,181657684414,181657684433,0,512,1,10000000
47,181657688738,181657690110,181657690132,0,512,1,10000000
47,181657694098,181657695315,181657695337,0,512,1,10000000
47,181657698296,181657699388,181657699407,0,512,1,10000000
47,181657701913,181657702998,181657703016,0,512,1,10000000
47,181657705143,181657706234,181657706255,0,512,1,10000000
47,181657709402,181657710201,181657710217,0,512,1,10000000
47,181657712457,181657713285,181657713302,0,512,1,10000000
47,181657716453,181657717286,181657717303,0,512,1,10000000
47,181657742239,181657743429,181657743461,0,512,1,10000000
47,181657746662,181657747537,181657747556,0,512,1,10000000
47,181657752184,181657753130,181657753149,0,512,1,10000000
47,181657756276,181657757450,181657757472,0,512,1,10000000
47,181657761877,181657763194,181657763216,0,512,1,10000000
47,181657766402,181657767337,181657767351,0,512,1,10000000
47,181657770746,181657771963,181657771985,0,512,1,10000000
47,181657774173,181657775019,181657775037,0,512,1,10000000
47,181657778257,181657779139,181657779156,0,512,1,10000000
47,181657782367,181657783292,181657783310,0,512,1,10000000
47,181657787497,181657788385,181657788412,0,512,1,10000000
47,181657811545,181657812861,181657812883,0,512,1,10000000
47,181657816444,181657817382,181657817400,0,512,1,10000000
47,181657820824,181657821784,181657821804,0,512,1,10000000
47,181657825790,181657827253,181657827274,0,512,1,10000000
47,181657831181,181657832398,181657832419,0,512,1,10000000
47,181657835949,181657837186,181657837206,0,512,1,10000000
47,181657839928,181657841075,181657841095,0,512,1,10000000
47,181657843536,181657844330,181657844346,0,512,1,10000000
47,181657846924,181657847768,181657847785,0,512,1,10000000
47,181657850872,181657851751,181657851770,0,512,1,10000000
47,181657854953,181657855957,181657855986,0,512,1,10000000
47,181657858206,181657859342,181657859361,0,512,1,10000000
47,181657880457,181657881603,181657881623,0,512,1,10000000
47,181657885768,181657886751,181657886772,0,512,1,10000000
47,181657891055,181657892013,181657892031,0,512,1,10000000
47,181657896530,181657897478,181657897493,0,512,1,10000000
47,181657901977,181657903442,181657903466,0,512,1,10000000
47,181657905951,181657907124,181657907144,0,512,1,10000000
47,181657910370,181657911586,181657911605,0,512,1,10000000
47,181657914377,181657915401,181657915422,0,512,1,10000000
47,181657918594,181657919466,181657919482,0,512,1,10000000
47,181657922787,181657923616,181657923634,0,512,1,10000000
47,181657926654,181657927453,181657927470,0,512,1,10000000
47,181657949739,181657950736,181657950756,0,512,1,10000000
47,181657954959,181657955909,181657955936,0,512,1,10000000
47,181657959024,181657959938,181657959956,0,512,1,10000000
47,181657964536,181657965762,181657965781,0,512,1,10000000
47,181657969831,181657971228,181657971250,0,512,1,10000000
47,181657975063,181657976391,181657976412,0,512,1,10000000
47,181657979595,181657980738,181657980765,0,512,1,10000000
47,181657983115,181657983939,181657983957,0,512,1,10000000
47,181657986991,181657987829,181657987847,0,512,1,10000000
47,181657991080,181657992021,181657992037,0,512,1,10000000
47,181657994165,181657995078,181657995097,0,512,1,10000000
47,181658019830,181658021127,181658021154,0,512,1,10000000
47,181658024457,181658025453,181658025472,0,512,1,10000000
47,181658029931,181658030881,181658030900,0,512,1,10000000
47,181658035357,181658036778,181658036797,0,512,1,10000000
47,181658041372,181658042731,181658042755,0,512,1,10000000
47,181658045599,181658046727,181658046747,0,512,1,10000000
47,181658049114,181658049915,181658049928,0,512,1,10000000
47,181658052907,181658053930,181658053954,0,512,1,10000000
47,181658056890,181658057765,181658057781,0,512,1,10000000
47,181658060907,181658061798,181658061815,0,512,1,10000000
47,181658065378,181658066489,181658066511,0,512,1,10000000
47,181658088646,181658089823,181658089849,0,512,1,10000000
47,181658093868,181658094863,181658094885,0,512,1,10000000
47,181658098069,181658099093,181658099179,0,512,1,10000000
47,181658103421,181658104721,181658104740,0,512,1,10000000
47,181658108862,181658110247,181658110268,0,512,1,10000000
47,181658113974,181658115349,181658115370,0,512,1,10000000
47,181658118467,181658119634,181658119654,0,512,1,10000000
47,181658122919,181658123784,181658123804,0,512,1,10000000
47,181658126858,181658127747,181658127765,0,512,1,10000000
47,181658131269,181658132201,181658132220,0,512,1,10000000
47,181658134928,181658136051,181658136070,0,512,1,10000000
47,181658158605,181658159852,181658159877,0,512,1,10000000
47,181658163267,181658164227,181658164248,0,512,1,10000000
47,181658167314,181658168298,181658168317,0,512,1,10000000
47,181658172370,181658173369,181658173385,0,512,1,10000000
47,181658176045,181658177362,181658177384,0,512,1,10000000
47,181658182266,181658183706,181658183728,0,512,1,10000000
47,181658186091,181658187270,181658187290,0,512,1,10000000
47,181658189584,181658190718,181658190739,0,512,1,10000000
47,181658194128,181658194983,181658195001,0,512,1,10000000
47,181658198064,181658198927,181658198944,0,512,1,10000000
47,181658202312,181658203564,181658203591,0,512,1,10000000
47,181658206389,181658207906,181658207928,0,512,1,10000000
47,181658227820,181658228998,181658229026,0,512,1,10000000
47,181658232685,181658233642,181658233662,0,512,1,10000000
47,181658236538,181658237366,181658237385,0,512,1,10000000
47,181658241791,181658243121,181658243143,0,512,1,10000000
47,181658246379,181658247263,181658247283,0,512,1,10000000
47,181658251418,181658252778,181658252803,0,512,1,10000000
47,181658255501,181658256335,181658256352,0,512,1,10000000
47,181658259251,181658260253,181658260272,0,512,1,10000000
47,181658264367,181658265263,181658265281,0,512,1,10000000
47,181658268217,181658269049,181658269067,0,512,1,10000000
47,181658272165,181658273239,181658273261,0,512,1,10000000
47,181658297401,181658298523,181658298551,0,512,1,10000000
47,181658302131,181658303113,181658303134,0,512,1,10000000
47,181658307620,181658308541,181658308562,0,512,1,10000000
47,181658311532,181658312287,181658312299,0,512,1,10000000
47,181658315875,181658317083,181658317102,0,512,1,10000000
47,181658320945,181658322142,181658322161,0,512,1,10000000
47,181658324573,181658325364,181658325377,0,512,1,10000000
47,181658328407,181658329588,181658329607,0,512,1,10000000
47,181658332083,181658333049,181658333067,0,512,1,10000000
47,181658335378,181658336286,181658336305,0,512,1,10000000
47,181658339109,181658340042,181658340059,0,512,1,10000000
47,181658343213,181658343981,181658343996,0,512,1,10000000
47,181658367006,181658368339,181658368361,0,512,1,10000000
47,181658371853,181658372956,181658372975,0,512,1,10000000
47,181658377118,181658378092,181658378120,0,512,1,10000000
47,181658383072,181658384462,181658384489,0,512,1,10000000
47,181658388497,181658389691,181658389711,0,512,1,10000000
47,181658391953,181658393010,181658393028,0,512,1,10000000
47,181658395148,181658395970,181658395987,0,512,1,10000000
47,181658397697,181658398526,181658398542,0,512,1,10000000
47,181658401493,181658402397,181658402415,0,512,1,10000000
47,181658405524,181658406468,181658406488,0,512,1,10000000
47,181658409580,181658410684,181658410703,0,512,1,10000000
47,181658413255,181658414364,181658414383,0,512,1,10000000
47,181658435985,181658437194,181658437218,0,512,1,10000000
47,181658441386,181658442387,181658442408,0,512,1,10000000
47,181658446530,181658447523,181658447542,0,512,1,10000000
47,181658452333,181658453739,181658453765,0,512,1,10000000
47,181658457969,181658459263,181658459285,0,512,1,10000000
47,181658461532,181658462694,181658462714,0,512,1,10000000
47,181658464919,181658465989,181658466009,0,512,1,10000000
47,181658468402,181658469473,181658469492,0,512,1,10000000
47,181658472924,181658473828,181658473847,0,512,1,10000000
47,181658476974,181658477865,181658477882,0,512,1,10000000
47,181658481181,181658482321,181658482342,0,512,1,10000000
47,181658505911,181658506965,181658506995,0,512,1,10000000
47,181658510388,181658511301,181658511320,0,512,1,10000000
47,181658515137,181658516069,181658516089,0,512,1,10000000
47,181658519880,181658520842,181658520858,0,512,1,10000000
47,181658523192,181658524478,181658524500,0,512,1,10000000
47,181658529221,181658530549,181658530570,0,512,1,10000000
47,181658533536,181658534718,181658534782,0,512,1,10000000
47,181658537720,181658538786,181658538811,0,512,1,10000000
47,181658541644,181658542492,181658542509,0,512,1,10000000
47,181658545355,181658546166,181658546183,0,512,1,10000000
47,181658549080,181658550153,181658550171,0,512,1,10000000
47,181658552407,181658553361,181658553381,0,512,1,10000000
47,181658574946,181658575918,181658575939,0,512,1,10000000
47,181658579989,181658580961,181658580981,0,512,1,10000000
47,181658585524,181658586450,181658586468,0,512,1,10000000
47,181658591367,181658592699,181658592721,0,512,1,10000000
47,181658596696,181658597866,181658597886,0,512,1,10000000
47,181658600130,181658601350,181658601372,0,512,1,10000000
47,181658603872,181658604745,181658604762,0,512,1,10000000
47,181658606609,181658607390,181658607404,0,512,1,10000000
47,181658610724,181658611889,181658611907,0,512,1,10000000
47,181658615288,181658616175,181658616193,0,512,1,10000000
47,181658619444,181658620504,181658620523,0,512,1,10000000
47,181658644692,181658646014,181658646035,0,512,1,10000000
47,181658649257,181658650196,181658650221,0,512,1,10000000
47,181658653428,181658654340,181658654358,0,512,1,10000000
47,181658658798,181658660236,181658660257,0,512,1,10000000
47,181658664080,181658665305,181658665324,0,512,1,10000000
47,181658668937,181658670197,181658670217,0,512,1,10000000
47,181658672877,181658674011,181658674030,0,512,1,10000000
47,181658677425,181658678290,181658678308,0,512,1,10000000
47,181658681358,181658682201,181658682218,0,512,1,10000000
47,181658685216,181658686363,181658686383,0,512,1,10000000
47,181658689297,181658690126,181658690141,0,512,1,10000000
47,181658714081,181658715010,181658715029,0,512,1,10000000
47,181658718697,181658719632,181658719651,0,512,1,10000000
47,181658723077,181658724012,181658724030,0,512,1,10000000
47,181658727985,181658728922,181658728936,0,512,1,10000000
47,181658733324,181658734612,181658734634,0,512,1,10000000
47,181658738519,181658739856,181658739877,0,512,1,10000000
47,181658742322,181658743345,181658743366,0,512,1,10000000
47,181658746602,181658747427,181658747445,0,512,1,10000000
47,181658750591,181658751440,181658751458,0,512,1,10000000
47,181658754453,181658755723,181658755742,0,512,1,10000000
47,181658758413,181658759235,181658759252,0,512,1,10000000
47,181658783146,181658784503,181658784530,0,512,1,10000000
47,181658788163,181658789123,181658789141,0,512,1,10000000
47,181658792162,181658793020,181658793037,0,512,1,10000000
47,181658797247,181658798646,181658798670,0,512,1,10000000
47,181658802350,181658803489,181658803510,0,512,1,10000000
47,181658806731,181658807986,181658808006,0,512,1,10000000
47,181658809695,181658810500,181658810512,0,512,1,10000000
47,181658814187,181658815336,181658815355,0,512,1,10000000
47,181658819624,181658821274,181658821297,0,512,1,10000000
47,181658825401,181658826894,181658826912,0,512,1,10000000
47,181658829818,181658830880,181658830901,0,512,1,10000000
47,181658852587,181658853798,181658853820,0,512,1,10000000
47,181658857518,181658858706,181658858727,0,512,1,10000000
47,181658862929,181658864078,181658864099,0,512,1,10000000
47,181658868475,181658869656,181658869678,0,512,1,10000000
47,181658873961,181658875107,181658875127,0,512,1,10000000
47,181658878820,181658879985,181658880002,0,512,1,10000000
47,181658883726,181658884936,181658884957,0,512,1,10000000
47,181658887076,181658888162,181658888181,0,512,1,10000000
47,181658891915,181658893047,181658893067,0,512,1,10000000
47,181658895951,181658897015,181658897034,0,512,1,10000000
47,181658899781,181658900826,181658900844,0,512,1,10000000
47,181658922176,181658923308,181658923330,0,512,1,10000000
47,181658926997,181658927979,181658927999,0,512,1,10000000
47,181658931398,181658932486,181658932513,0,512,1,10000000
47,181658936334,181658937572,181658937593,0,512,1,10000000
47,181658941866,181658943268,181658943291,0,512,1,10000000
47,181658946063,181658947214,181658947232,0,512,1,10000000
47,181658949766,181658950705,181658950721,0,512,1,10000000
47,181658955868,181658956851,181658956869,0,512,1,10000000
47,181658959813,181658960656,181658960678,0,512,1,10000000
47,181658963611,181658964563,181658964581,0,512,1,10000000
47,181658968112,181658969632,181658969666,0,512,1,10000000
47,181658991767,181658992820,181658992848,0,512,1,10000000
47,181658996432,181658997418,181658997472,0,512,1,10000000
47,181659000177,181659001033,181659001058,0,512,1,10000000
47,181659005765,181659007177,181659007198,0,512,1,10000000
47,181659010702,181659011846,181659011867,0,512,1,10000000
47,181659014089,181659014939,181659014954,0,512,1,10000000
47,181659017204,181659018039,181659018058,0,512,1,10000000
47,181659019824,181659020621,181659020637,0,512,1,10000000
47,181659024089,181659024913,181659024931,0,512,1,10000000
47,181659028042,181659028945,181659028963,0,512,1,10000000
47,181659031981,181659033101,181659033121,0,512,1,10000000
47,181659035982,181659037081,181659037101,0,512,1,10000000
47,181659060689,181659061807,181659061842,0,512,1,10000000
47,181659065851,181659066844,181659066864,0,512,1,10000000
47,181659070180,181659071131,181659071151,0,512,1,10000000
47,181659074369,181659075585,181659075605,0,512,1,10000000
47,181659078640,181659079944,181659079968,0,512,1,10000000
47,181659084350,181659085560,181659085580,0,512,1,10000000
47,181659088605,181659089684,181659089702,0,512,1,10000000
47,181659092313,181659093275,181659093301,0,512,1,10000000
47,181659096466,181659097517,181659097537,0,512,1,10000000
47,181659100539,181659101348,181659101364,0,512,1,10000000
47,181659104565,181659105696,181659105718,0,512,1,10000000
47,181659107960,181659108899,181659108915,0,512,1,10000000
47,181659130677,181659131731,181659131751,0,512,1,10000000
47,181659135284,181659136224,181659136242,0,512,1,10000000
47,181659139159,181659140027,181659140044,0,512,1,10000000
47,181659144420,181659145642,181659145664,0,512,1,10000000
47,181659148809,181659149990,181659150010,0,512,1,10000000
47,181659153863,181659156184,181659156207,0,512,1,10000000
47,181659159210,181659160911,181659160934,0,512,1,10000000
47,181659163762,181659165438,181659165467,0,512,1,10000000
47,181659168243,181659169192,181659169210,0,512,1,10000000
47,181659172607,181659173550,181659173566,0,512,1,10000000
47,181659176836,181659177807,181659177823,0,512,1,10000000
47,181659200078,181659201138,181659201160,0,512,1,10000000
47,181659204875,181659205798,181659205818,0,512,1,10000000
47,181659210314,181659211314,181659211335,0,512,1,10000000
47,181659215900,181659217194,181659217214,0,512,1,10000000
47,181659221480,181659222756,181659222776,0,512,1,10000000
47,181659225135,181659226131,181659226150,0,512,1,10000000
47,181659228480,181659229563,181659229583,0,512,1,10000000
47,181659232013,181659233108,181659233130,0,512,1,10000000
47,181659236640,181659237608,181659237628,0,512,1,10000000
47,181659240918,181659241748,181659241765,0,512,1,10000000
47,181659244184,181659245235,181659245255,0,512,1,10000000
47,181659269263,181659270649,181659270673,0,512,1,10000000
47,181659274450,181659275649,181659275668,0,512,1,10000000
47,181659279715,181659281026,181659281048,0,512,1,10000000
47,181659285484,181659286791,181659286812,0,512,1,10000000
47,181659291001,181659292369,181659292396,0,512,1,10000000
47,181659295603,181659296681,181659296699,0,512,1,10000000
47,181659298967,181659300026,181659300045,0,512,1,10000000
47,181659302209,181659303046,181659303064,0,512,1,10000000
47,181659305221,181659306113,181659306137,0,512,1,10000000
47,181659309947,181659310752,181659310767,0,512,1,10000000
47,181659313404,181659314517,181659314537,0,512,1,10000000
47,181659338451,181659339902,181659339930,0,512,1,10000000
47,181659344087,181659345125,181659345140,0,512,1,10000000
47,181659349303,181659350557,181659350578,0,512,1,10000000
47,181659355088,181659356460,181659356480,0,512,1,10000000
47,181659360445,181659361788,181659361809,0,512,1,10000000
47,181659364848,181659365679,181659365695,0,512,1,10000000
47,181659368726,181659369835,181659369855,0,512,1,10000000
47,181659372614,181659373544,181659373561,0,512,1,10000000
47,181659377012,181659377838,181659377853,0,512,1,10000000
47,181659380689,181659381465,181659381478,0,512,1,10000000
47,181659385258,181659386415,181659386435,0,512,1,10000000
47,181659408139,181659409691,181659409717,0,512,1,10000000
47,181659413451,181659414670,181659414691,0,512,1,10000000
47,181659418956,181659420313,181659420331,0,512,1,10000000
47,181659424386,181659425537,181659425557,0,512,1,10000000
47,181659430013,181659430912,181659430929,0,512,1,10000000
47,181659433777,181659434604,181659434620,0,512,1,10000000
47,181659436422,181659437208,181659437225,0,512,1,10000000
47,181659439473,181659440415,181659440484,0,512,1,10000000
47,181659443184,181659444249,181659444268,0,512,1,10000000
47,181659447058,181659448054,181659448072,0,512,1,10000000
47,181659451237,181659452331,181659452348,0,512,1,10000000
47,181659454673,181659455499,181659455514,0,512,1,10000000
47,181659477390,181659478903,181659478930,0,512,1,10000000
47,181659482921,181659484006,181659484025,0,512,1,10000000
47,181659488414,181659489385,181659489413,0,512,1,10000000
47,181659493880,181659494811,181659494829,0,512,1,10000000
47,181659499219,181659500045,181659500061,0,512,1,10000000
47,181659502578,181659503612,181659503631,0,512,1,10000000
47,181659505586,181659506614,181659506639,0,512,1,10000000
47,181659509653,181659510466,181659510480,0,512,1,10000000
47,181659514575,181659515904,181659515924,0,512,1,10000000
47,181659519807,181659521245,181659521265,0,512,1,10000000
47,181659524003,181659525029,181659525046,0,512,1,10000000
47,181659546778,181659548336,181659548360,0,512,1,10000000
47,181659552161,181659553101,181659553122,0,512,1,10000000
47,181659556256,181659557152,181659557166,0,512,1,10000000
47,181659560518,181659561730,181659561750,0,512,1,10000000
47,181659564513,181659565410,181659565428,0,512,1,10000000
47,181659568089,181659568947,181659568967,0,512,1,10000000
47,181659571180,181659572059,181659572075,0,512,1,10000000
47,181659574225,181659575095,181659575112,0,512,1,10000000
47,181659577575,181659578452,181659578471,0,512,1,10000000
47,181659580370,181659581175,181659581191,0,512,1,10000000
47,181659584501,181659585455,181659585474,0,512,1,10000000
47,181659587847,181659588761,181659588774,0,512,1,10000000
47,181659592100,181659593283,181659593305,0,512,1,10000000
47,181659616412,181659617935,181659618083,0,512,1,10000000
47,181659621526,181659622355,181659622371,0,512,1,10000000
47,181659626884,181659628250,181659628270,0,512,1,10000000
47,181659632797,181659634152,181659634175,0,512,1,10000000
47,181659638224,181659639554,181659639573,0,512,1,10000000
47,181659641796,181659642561,181659642573,0,512,1,10000000
47,181659644621,181659645394,181659645409,0,512,1,10000000
47,181659646890,181659647648,181659647660,0,512,1,10000000
47,181659650635,181659651387,181659651399,0,512,1,10000000
47,181659654125,181659654924,181659654936,0,512,1,10000000
47,181659657607,181659658553,181659658568,0,512,1,10000000
47,181659661532,181659662478,181659662504,0,512,1,10000000
47,181659685794,181659687308,181659687334,0,512,1,10000000
47,181659691419,181659692342,181659692360,0,512,1,10000000
47,181659695833,181659696877,181659696893,0,512,1,10000000
47,181659699901,181659702242,181659702261,0,512,1,10000000
47,181659705216,181659706059,181659706077,0,512,1,10000000
47,181659709971,181659711246,181659711267,0,512,1,10000000
47,181659714774,181659715891,181659715911,0,512,1,10000000
47,181659718256,181659719411,181659719431,0,512,1,10000000
47,181659721713,181659722519,181659722537,0,512,1,10000000
47,181659725858,181659727084,181659727103,0,512,1,10000000
47,181659730516,181659731373,181659731392,0,512,1,10000000
47,181659733236,181659734019,181659734032,0,512,1,10000000
47,181659754956,181659756272,181659756292,0,512,1,10000000
47,181659760219,181659761778,181659761801,0,512,1,10000000
47,181659765062,181659766055,181659766072,0,512,1,10000000
47,181659770348,181659771221,181659771240,0,512,1,10000000
47,181659775339,181659776283,181659776302,0,512,1,10000000
47,181659779053,181659780235,181659780254,0,512,1,10000000
47,181659782428,181659783503,181659783523,0,512,1,10000000
47,181659789428,181659790448,181659790467,0,512,1,10000000
47,181659793421,181659794577,181659794596,0,512,1,10000000
47,181659798270,181659800596,181659800615,0,512,1,10000000
47,181659803435,181659804601,181659804619,0,512,1,10000000
47,181659824558,181659826324,181659826347,0,512,1,10000000
47,181659831185,181659832189,181659832205,0,512,1,10000000
47,181659835320,181659836315,181659836335,0,512,1,10000000
47,181659841277,181659842724,181659842749,0,512,1,10000000
47,181659846458,181659847627,181659847646,0,512,1,10000000
47,181659850450,181659851601,181659851620,0,512,1,10000000
47,181659854909,181659855900,181659855928,0,512,1,10000000
47,181659860036,181659861021,181659861041,0,512,1,10000000
47,181659864351,181659865214,181659865231,0,512,1,10000000
47,181659868486,181659869551,181659869616,0,512,1,10000000
47,181659871757,181659872593,181659872610,0,512,1,10000000
47,181659894173,181659895553,181659895571,0,512,1,10000000
47,181659899511,181659900641,181659900655,0,512,1,10000000
47,181659904957,181659906170,181659906187,0,512,1,10000000
47,181659910905,181659911773,181659911791,0,512,1,10000000
47,181659915624,181659916750,181659916769,0,512,1,10000000
47,181659920650,181659921727,181659921745,0,512,1,10000000
47,181659925524,181659926427,181659926443,0,512,1,10000000
47,181659928247,181659929147,181659929172,0,512,1,10000000
47,181659933416,181659934147,181659934163,0,512,1,10000000
47,181659936172,181659937047,181659937062,0,512,1,10000000
47,181659941316,181659942508,181659942528,0,512,1,10000000
47,181659963889,181659966781,181659966805,0,512,1,10000000
47,181659970348,181659972502,181659972524,0,512,1,10000000
47,181659976065,181659978193,181659978219,0,512,1,10000000
47,181659981549,181659982462,181659982480,0,512,1,10000000
47,181659986786,181659988946,181659988966,0,512,1,10000000
47,181659991459,181659992335,181659992354,0,512,1,10000000
47,181659994262,181659995080,181659995097,0,512,1,10000000
47,181659996988,181659997876,181659997892,0,512,1,10000000
47,181660000617,181660001692,181660001710,0,512,1,10000000
47,181660003573,181660004383,181660004401,0,512,1,10000000
47,181660006180,181660007472,181660007498,0,512,1,10000000
47,181660033160,181660035100,181660035124,0,512,1,10000000
47,181660040259,181660041729,181660041748,0,512,1,10000000
47,181660046285,181660047648,181660047669,0,512,1,10000000
47,181660051565,181660052761,181660052780,0,512,1,10000000
47,181660056628,181660058372,181660058393,0,512,1,10000000
47,181660061625,181660062840,181660062861,0,512,1,10000000
47,181660065571,181660066564,181660066582,0,512,1,10000000
47,181660068601,181660069422,181660069436,0,512,1,10000000
47,181660072115,181660073246,181660073267,0,512,1,10000000
47,181660075642,181660076697,181660076717,0,512,1,10000000
47,181660080546,181660081483,181660081502,0,512,1,10000000
47,181660102123,181660103827,181660103865,0,512,1,10000000
47,181660109188,181660110746,181660110776,0,512,1,10000000
47,181660114056,181660115532,181660115555,0,512,1,10000000
47,181660120152,181660121325,181660121342,0,512,1,10000000
47,181660125770,181660126853,181660126873,0,512,1,10000000
47,181660129108,181660130188,181660130205,0,512,1,10000000
47,181660133136,181660134608,181660134628,0,512,1,10000000
47,181660137538,181660138737,181660138758,0,512,1,10000000
47,181660143779,181660144933,181660144953,0,512,1,10000000
47,181660149929,181660151293,181660151314,0,512,1,10000000
47,181660171587,181660173650,181660173700,0,512,1,10000000
47,181660176823,181660178433,181660178456,0,512,1,10000000
47,181660182296,181660183804,181660183828,0,512,1,10000000
47,181660188292,181660189446,181660189469,0,512,1,10000000
47,181660194157,181660195388,181660195407,0,512,1,10000000
47,181660198178,181660199433,181660199453,0,512,1,10000000
47,181660202839,181660203702,181660203720,0,512,1,10000000
47,181660207164,181660208276,181660208292,0,512,1,10000000
47,181660212009,181660213021,181660213040,0,512,1,10000000
47,181660215204,181660216141,181660216158,0,512,1,10000000
47,181660241126,181660243134,181660243164,0,512,1,10000000
47,181660246751,181660247759,181660247774,0,512,1,10000000
47,181660252056,181660253112,181660253130,0,512,1,10000000
47,181660257521,181660258537,181660258556,0,512,1,10000000
47,181660263235,181660264902,181660264926,0,512,1,10000000
47,181660267478,181660268757,181660268776,0,512,1,10000000
47,181660271290,181660272346,181660272365,0,512,1,10000000
47,181660274465,181660275282,181660275298,0,512,1,10000000
47,181660278015,181660278844,181660278860,0,512,1,10000000
47,181660281862,181660282648,181660282662,0,512,1,10000000
47,181660285646,181660286820,181660286836,0,512,1,10000000
47,181660310713,181660312391,181660312418,0,512,1,10000000
47,181660316468,181660317593,181660317611,0,512,1,10000000
47,181660321732,181660322803,181660322916,0,512,1,10000000
47,181660327070,181660328362,181660328385,0,512,1,10000000
47,181660332476,181660333931,181660333956,0,512,1,10000000
47,181660337478,181660338813,181660338835,0,512,1,10000000
47,181660342988,181660344064,181660344083,0,512,1,10000000
47,181660346890,181660348080,181660348139,0,512,1,10000000
47,181660351746,181660352668,181660352683,0,512,1,10000000
47,181660356287,181660357826,181660357845,0,512,1,10000000
47,181660380025,181660381477,181660381505,0,512,1,10000000
47,181660385006,181660385969,181660385989,0,512,1,10000000
47,181660389133,181660390026,181660390041,0,512,1,10000000
47,181660393011,181660394144,181660394166,0,512,1,10000000
47,181660397008,181660397943,181660397959,0,512,1,10000000
47,181660400804,181660401893,181660401912,0,512,1,10000000
47,181660404767,181660405970,181660405989,0,512,1,10000000
47,181660408586,181660409690,181660409708,0,512,1,10000000
47,181660413127,181660414248,181660414268,0,512,1,10000000
47,181660418287,181660419255,181660419273,0,512,1,10000000
47,181660421974,181660422964,181660422983,0,512,1,10000000
47,181660426703,181660427731,181660427750,0,512,1,10000000
47,181660449598,181660450928,181660450971,0,512,1,10000000
47,181660458195,181660460412,181660460437,0,512,1,10000000
47,181660464925,181660465986,181660466018,0,512,1,10000000
47,181660469609,181660470910,181660470941,0,512,1,10000000
47,181660474394,181660475608,181660475632,0,512,1,10000000
47,181660479389,181660480612,181660480634,0,512,1,10000000
47,181660483062,181660484217,181660484236,0,512,1,10000000
47,181660486709,181660487837,181660487858,0,512,1,10000000
47,181660489847,181660490709,181660490726,0,512,1,10000000
47,181660493674,181660494725,181660494746,0,512,1,10000000
47,181660518857,181660520971,181660520999,0,512,1,10000000
47,181660526160,181660527063,181660527082,0,512,1,10000000
47,181660530491,181660531777,181660531806,0,512,1,10000000
47,181660535155,181660536336,181660536356,0,512,1,10000000
47,181660540825,181660542208,181660542233,0,512,1,10000000
47,181660545978,181660547090,181660547104,0,512,1,10000000
47,181660549376,181660550408,181660550427,0,512,1,10000000
47,181660552830,181660553893,181660553910,0,512,1,10000000
47,181660557208,181660558286,181660558304,0,512,1,10000000
47,181660561514,181660562879,181660562903,0,512,1,10000000
47,181660565324,181660566399,181660566415,0,512,1,10000000
47,181660588346,181660589559,181660589579,0,512,1,10000000
47,181660593339,181660594481,181660594498,0,512,1,10000000
47,181660597813,181660598840,181660598859,0,512,1,10000000
47,181660602849,181660603957,181660603987,0,512,1,10000000
47,181660608071,181660609327,181660609349,0,512,1,10000000
47,181660612376,181660613499,181660613518,0,512,1,10000000
47,181660615857,181660616724,181660616744,0,512,1,10000000
47,181660618797,181660619626,181660619642,0,512,1,10000000
47,181660622594,181660623418,181660623444,0,512,1,10000000
47,181660626495,181660627328,181660627344,0,512,1,10000000
47,181660630578,181660631564,181660631581,0,512,1,10000000
47,181660634601,181660635548,181660635565,0,512,1,10000000
47,181660657869,181660659357,181660659380,0,512,1,10000000
47,181660664259,181660665340,181660665358,0,512,1,10000000
47,181660668811,181660669856,181660669873,0,512,1,10000000
47,181660673333,181660674514,181660674530,0,512,1,10000000
47,181660677299,181660678508,181660678527,0,512,1,10000000
47,181660682070,181660683183,181660683206,0,512,1,10000000
47,181660685627,181660686715,181660686734,0,512,1,10000000
47,181660690121,181660691067,181660691086,0,512,1,10000000
47,181660695244,181660696119,181660696137,0,512,1,10000000
47,181660700216,181660701496,181660701511,0,512,1,10000000
47,181660703612,181660704479,181660704494,0,512,1,10000000
47,181660727396,181660729305,181660729336,0,512,1,10000000
47,181660735541,181660736692,181660736711,0,512,1,10000000
47,181660739463,181660740495,181660740514,0,512,1,10000000
47,181660744513,181660745841,181660745870,0,512,1,10000000
47,181660750027,181660751205,181660751225,0,512,1,10000000
47,181660755423,181660756599,181660756619,0,512,1,10000000
47,181660759573,181660760717,181660760738,0,512,1,10000000
47,181660763617,181660764525,181660764543,0,512,1,10000000
47,181660768850,181660769995,181660770011,0,512,1,10000000
47,181660773910,181660774760,181660774775,0,512,1,10000000
47,181660796850,181660798176,181660798198,0,512,1,10000000
47,181660802267,181660803210,181660803230,0,512,1,10000000
47,181660807012,181660808280,181660808300,0,512,1,10000000
47,181660812404,181660813402,181660813421,0,512,1,10000000
47,181660816373,181660817263,181660817323,0,512,1,10000000
47,181660820715,181660821911,181660821931,0,512,1,10000000
47,181660824829,181660826058,181660826080,0,512,1,10000000
47,181660828358,181660829495,181660829514,0,512,1,10000000
47,181660831784,181660832896,181660832917,0,512,1,10000000
47,181660836665,181660837516,181660837534,0,512,1,10000000
47,181660841081,181660842263,181660842282,0,512,1,10000000
47,181660866205,181660867839,181660867871,0,512,1,10000000
47,181660871632,181660872556,181660872573,0,512,1,10000000
47,181660877068,181660878565,181660878589,0,512,1,10000000
47,181660882448,181660883684,181660883707,0,512,1,10000000
47,181660887890,181660889104,181660889125,0,512,1,10000000
47,181660892469,181660893674,181660893694,0,512,1,10000000
47,181660895602,181660896443,181660896460,0,512,1,10000000
47,181660899033,181660899916,181660899933,0,512,1,10000000
47,181660902595,181660903493,181660903519,0,512,1,10000000
47,181660906648,181660907491,181660907506,0,512,1,10000000
47,181660911124,181660912239,181660912261,0,512,1,10000000
47,181660935602,181660936825,181660936850,0,512,1,10000000
47,181660940498,181660941920,181660941944,0,512,1,10000000
47,181660946416,181660947789,181660947811,0,512,1,10000000
47,181660952102,181660953350,181660953370,0,512,1,10000000
47,181660957595,181660958634,181660958653,0,512,1,10000000
47,181660960910,181660961715,181660961732,0,512,1,10000000
47,181660963679,181660964811,181660964832,0,512,1,10000000
47,181660967141,181660968327,181660968347,0,512,1,10000000
47,181660970669,181660971792,181660971810,0,512,1,10000000
47,181660975337,181660976524,181660976546,0,512,1,10000000
47,181660979682,181660980808,181660980829,0,512,1,10000000
47,181660982895,181660983722,181660983739,0,512,1,10000000
47,181661005029,181661006571,181661006597,0,512,1,10000000
47,181661010317,181661011689,181661011713,0,512,1,10000000
47,181661015706,181661017032,181661017053,0,512,1,10000000
47,181661021306,181661022825,181661022846,0,512,1,10000000
47,181661026599,181661028222,181661028241,0,512,1,10000000
47,181661031404,181661032845,181661032860,0,512,1,10000000
47,181661037015,181661038235,181661038255,0,512,1,10000000
47,181661040832,181661041734,181661041753,0,512,1,10000000
47,181661045605,181661046461,181661046479,0,512,1,10000000
47,181661050068,181661050933,181661050950,0,512,1,10000000
47,181661074103,181661075832,181661075863,0,512,1,10000000
47,181661079680,181661081685,181661081711,0,512,1,10000000
47,181661085248,181661086224,181661086240,0,512,1,10000000
47,181661090819,181661092249,181661092271,0,512,1,10000000
47,181661096120,181661097432,181661097454,0,512,1,10000000
47,181661099994,181661101187,181661101207,0,512,1,10000000
47,181661104160,181661105026,181661105046,0,512,1,10000000
47,181661106907,181661107728,181661107745,0,512,1,10000000
47,181661111298,181661112165,181661112180,0,512,1,10000000
47,181661114727,181661115652,181661115668,0,512,1,10000000
47,181661118851,181661119938,181661119965,0,512,1,10000000
47,181661144144,181661145692,181661145715,0,512,1,10000000
47,181661148821,181661149921,181661149940,0,512,1,10000000
47,181661154575,181661155700,181661155720,0,512,1,10000000
47,181661160349,181661161430,181661161446,0,512,1,10000000
47,181661165613,181661167211,181661167233,0,512,1,10000000
47,181661169771,181661170641,181661170660,0,512,1,10000000
47,181661173164,181661173990,181661174007,0,512,1,10000000
47,181661177167,181661178337,181661178357,0,512,1,10000000
47,181661181067,181661181924,181661181950,0,512,1,10000000
47,181661186541,181661188158,181661188178,0,512,1,10000000
47,181661191057,181661192143,181661192166,0,512,1,10000000
47,181661213324,181661214492,181661214514,0,512,1,10000000
47,181661218582,181661219833,181661219853,0,512,1,10000000
47,181661224144,181661225134,181661225153,0,512,1,10000000
47,181661229390,181661230320,181661230339,0,512,1,10000000
47,181661234850,181661235699,181661235715,0,512,1,10000000
47,181661237825,181661238904,181661238925,0,512,1,10000000
47,181661240717,181661241529,181661241547,0,512,1,10000000
47,181661243696,181661244619,181661244640,0,512,1,10000000
47,181661247086,181661248021,181661248041,0,512,1,10000000
47,181661250516,181661251659,181661251680,0,512,1,10000000
47,181661254524,181661255647,181661255667,0,512,1,10000000
47,181661259382,181661260750,181661260817,0,512,1,10000000
47,181661282776,181661283988,181661284015,0,512,1,10000000
47,181661287960,181661288877,181661288897,0,512,1,10000000
47,181661293154,181661294136,181661294154,0,512,1,10000000
47,181661298597,181661299995,181661300016,0,512,1,10000000
47,181661302371,181661303685,181661303704,0,512,1,10000000
47,181661307334,181661308810,181661308832,0,512,1,10000000
47,181661311548,181661312802,181661312825,0,512,1,10000000
47,181661315730,181661316741,181661316760,0,512,1,10000000
47,181661320111,181661320975,181661320992,0,512,1,10000000
47,181661323983,181661324909,181661324926,0,512,1,10000000
47,181661328394,181661329527,181661329555,0,512,1,10000000
47,181661352300,181661353780,181661353813,0,512,1,10000000
47,181661357169,181661358220,181661358241,0,512,1,10000000
47,181661362642,181661363785,181661363812,0,512,1,10000000
47,181661368060,181661369218,181661369239,0,512,1,10000000
47,181661373835,181661375157,181661375180,0,512,1,10000000
47,181661378500,181661379648,181661379670,0,512,1,10000000
47,181661382305,181661383569,181661383592,0,512,1,10000000
47,181661387200,181661388239,181661388260,0,512,1,10000000
47,181661391298,181661392152,181661392172,0,512,1,10000000
47,181661395856,181661397031,181661397053,0,512,1,10000000
47,181661399367,181661400458,181661400479,0,512,1,10000000
47,181661421484,181661423184,181661423220,0,512,1,10000000
47,181661426497,181661427513,181661427536,0,512,1,10000000
47,181661432009,181661433003,181661433022,0,512,1,10000000
47,181661437493,181661438495,181661438514,0,512,1,10000000
47,181661443402,181661444455,181661444472,0,512,1,10000000
47,181661446310,181661447152,181661447167,0,512,1,10000000
47,181661448971,181661449811,181661449825,0,512,1,10000000
47,181661452612,181661453506,181661453524,0,512,1,10000000
47,181661455672,181661456753,181661456770,0,512,1,10000000
47,181661458756,181661459535,181661459549,0,512,1,10000000
47,181661463057,181661464171,181661464190,0,512,1,10000000
47,181661467708,181661468651,181661468665,0,512,1,10000000
47,181661490876,181661492085,181661492106,0,512,1,10000000
47,181661496016,181661497426,181661497450,0,512,1,10000000
47,181661501551,181661503715,181661503740,0,512,1,10000000
47,181661507203,181661508336,181661508353,0,512,1,10000000
47,181661512845,181661514211,181661514232,0,512,1,10000000
47,181661516462,181661517583,181661517602,0,512,1,10000000
47,181661520551,181661521728,181661521750,0,512,1,10000000
47,181661524042,181661525178,181661525198,0,512,1,10000000
47,181661527841,181661528792,181661528810,0,512,1,10000000
47,181661531925,181661532835,181661532855,0,512,1,10000000
47,181661537151,181661538093,181661538111,0,512,1,10000000
47,181661560127,181661561836,181661561869,0,512,1,10000000
47,181661565486,181661567862,181661567888,0,512,1,10000000
47,181661571644,181661572624,181661572643,0,512,1,10000000
47,181661576677,181661577860,181661577888,0,512,1,10000000
47,181661581987,181661583387,181661583409,0,512,1,10000000
47,181661586011,181661586891,181661586909,0,512,1,10000000
47,181661589158,181661590253,181661590274,0,512,1,10000000
47,181661592953,181661594165,181661594186,0,512,1,10000000
47,181661597574,181661599083,181661599104,0,512,1,10000000
47,181661602586,181661604376,181661604404,0,512,1,10000000
47,181661608002,181661608949,181661608969,0,512,1,10000000
47,181661629780,181661631437,181661631467,0,512,1,10000000
47,181661636186,181661637335,181661637355,0,512,1,10000000
47,181661640360,181661641566,181661641587,0,512,1,10000000
47,181661645777,181661647018,181661647039,0,512,1,10000000
47,181661651301,181661652553,181661652574,0,512,1,10000000
47,181661655815,181661656954,181661656973,0,512,1,10000000
47,181661661068,181661662066,181661662093,0,512,1,10000000
47,181661665331,181661666188,181661666205,0,512,1,10000000
47,181661669439,181661670533,181661670555,0,512,1,10000000
47,181661673386,181661674591,181661674610,0,512,1,10000000
47,181661676970,181661677838,181661677854,0,512,1,10000000
47,181661699502,181661700903,181661700931,0,512,1,10000000
47,181661706239,181661707657,181661707689,0,512,1,10000000
47,181661711508,181661712726,181661712747,0,512,1,10000000
47,181661716470,181661717594,181661717615,0,512,1,10000000
47,181661720898,181661722112,181661722131,0,512,1,10000000
47,181661724989,181661726155,181661726204,0,512,1,10000000
47,181661728586,181661729833,181661729853,0,512,1,10000000
47,181661732148,181661733221,181661733241,0,512,1,10000000
47,181661737383,181661738179,181661738192,0,512,1,10000000
47,181661742371,181661744050,181661744070,0,512,1,10000000
47,181661746695,181661747602,181661747621,0,512,1,10000000
47,181661768462,181661770033,181661770065,0,512,1,10000000
47,181661773831,181661774966,181661774986,0,512,1,10000000
47,181661779728,181661782107,181661782131,0,512,1,10000000
47,181661785767,181661786946,181661786966,0,512,1,10000000
47,181661790202,181661791401,181661791421,0,512,1,10000000
47,181661793929,181661795882,181661795902,0,512,1,10000000
47,181661799016,181661799885,181661799903,0,512,1,10000000
47,181661801960,181661803136,181661803154,0,512,1,10000000
47,181661805696,181661806893,181661806913,0,512,1,10000000
47,181661808953,181661809760,181661809773,0,512,1,10000000
47,181661811707,181661812765,181661812780,0,512,1,10000000
47,181661837677,181661839276,181661839311,0,512,1,10000000
47,181661843088,181661844421,181661844444,0,512,1,10000000
47,181661849156,181661850585,181661850611,0,512,1,10000000
47,181661854354,181661855461,181661855483,0,512,1,10000000
47,181661859548,181661860456,181661860476,0,512,1,10000000
47,181661862783,181661863830,181661863851,0,512,1,10000000
47,181661865925,181661866946,181661866966,0,512,1,10000000
47,181661869983,181661871098,181661871118,0,512,1,10000000
47,181661873142,181661873964,181661873979,0,512,1,10000000
47,181661877130,181661878113,181661878141,0,512,1,10000000
47,181661881368,181661882541,181661882561,0,512,1,10000000
47,181661885409,181661886227,181661886242,0,512,1,10000000
47,181661907600,181661909099,181661909123,0,512,1,10000000
47,181661912783,181661913936,181661913954,0,512,1,10000000
47,181661918408,181661919701,181661919722,0,512,1,10000000
47,181661923951,181661925081,181661925109,0,512,1,10000000
47,181661929347,181661930236,181661930254,0,512,1,10000000
47,181661932422,181661933250,181661933266,0,512,1,10000000
47,181661936349,181661937285,181661937303,0,512,1,10000000
47,181661939734,181661940534,181661940551,0,512,1,10000000
47,181661942321,181661943139,181661943155,0,512,1,10000000
47,181661947272,181661948830,181661948853,0,512,1,10000000
47,181661953238,181661954424,181661954447,0,512,1,10000000
47,181661957762,181661958707,181661958725,0,512,1,10000000
47,181661976920,181661978733,181661978754,0,512,1,10000000
47,181661982362,181661983244,181661983262,0,512,1,10000000
47,181661987683,181661989811,181661989835,0,512,1,10000000
47,181661993210,181661994227,181661994249,0,512,1,10000000
47,181661998695,181661999827,181661999849,0,512,1,10000000
47,181662002750,181662003600,181662003618,0,512,1,10000000
47,181662005788,181662006583,181662006600,0,512,1,10000000
47,181662009173,181662010052,181662010071,0,512,1,10000000
47,181662012034,181662012851,181662012869,0,512,1,10000000
47,181662016370,181662017188,181662017204,0,512,1,10000000
47,181662019180,181662020028,181662020044,0,512,1,10000000
47,181662024058,181662025008,181662025027,0,512,1,10000000
47,181662045985,181662047851,181662047879,0,512,1,10000000
47,181662051663,181662052857,181662052876,0,512,1,10000000
47,181662057423,181662058861,181662058885,0,512,1,10000000
47,181662062719,181662063934,181662063954,0,512,1,10000000
47,181662068341,181662069650,181662069673,0,512,1,10000000
47,181662073828,181662075589,181662075604,0,512,1,10000000
47,181662077863,181662078673,181662078686,0,512,1,10000000
47,181662081524,181662082339,181662082355,0,512,1,10000000
47,181662084402,181662086084,181662086109,0,512,1,10000000
47,181662090467,181662091636,181662091655,0,512,1,10000000
47,181662093913,181662095041,181662095061,0,512,1,10000000
47,181662115794,181662117010,181662117030,0,512,1,10000000
47,181662121152,181662123279,181662123303,0,512,1,10000000
47,181662127352,181662128458,181662128481,0,512,1,10000000
47,181662132240,181662133326,181662133348,0,512,1,10000000
47,181662137392,181662138641,181662138658,0,512,1,10000000
47,181662140664,181662141610,181662141626,0,512,1,10000000
47,181662144036,181662145117,181662145136,0,512,1,10000000
47,181662147345,181662148294,181662148313,0,512,1,10000000
47,181662152988,181662153965,181662153985,0,512,1,10000000
47,181662157246,181662158058,181662158073,0,512,1,10000000
47,181662161307,181662162457,181662162479,0,512,1,10000000
47,181662185312,181662187376,181662187403,0,512,1,10000000
47,181662190976,181662191846,181662191864,0,512,1,10000000
47,181662195958,181662196822,181662196839,0,512,1,10000000
47,181662201345,181662202800,181662202823,0,512,1,10000000
47,181662206708,181662207977,181662207998,0,512,1,10000000
47,181662211370,181662212648,181662212669,0,512,1,10000000
47,181662214975,181662216056,181662216074,0,512,1,10000000
47,181662218313,181662219416,181662219434,0,512,1,10000000
47,181662222806,181662223713,181662223733,0,512,1,10000000
47,181662226800,181662227649,181662227665,0,512,1,10000000
47,181662230833,181662231810,181662231831,0,512,1,10000000
47,181662254602,181662256316,181662256349,0,512,1,10000000
47,181662259801,181662261205,181662261230,0,512,1,10000000
47,181662265534,181662266703,181662266731,0,512,1,10000000
47,181662270761,181662272106,181662272128,0,512,1,10000000
47,181662276564,181662278667,181662278688,0,512,1,10000000
47,181662281956,181662283166,181662283189,0,512,1,10000000
47,181662286315,181662287505,181662287528,0,512,1,10000000
47,181662292021,181662293289,181662293311,0,512,1,10000000
47,181662295880,181662296999,181662297016,0,512,1,10000000
47,181662301256,181662302317,181662302338,0,512,1,10000000
47,181662324211,181662326246,181662326275,0,512,1,10000000
47,181662330680,181662331906,181662331925,0,512,1,10000000
47,181662336072,181662337350,181662337372,0,512,1,10000000
47,181662341307,181662342195,181662342213,0,512,1,10000000
47,181662345495,181662346550,181662346573,0,512,1,10000000
47,181662350426,181662351629,181662351651,0,512,1,10000000
47,181662354251,181662355312,181662355330,0,512,1,10000000
47,181662357418,181662358449,181662358468,0,512,1,10000000
47,181662361292,181662362175,181662362193,0,512,1,10000000
47,181662365365,181662366176,181662366194,0,512,1,10000000
47,181662369725,181662370591,181662370609,0,512,1,10000000
47,181662393577,181662395214,181662395247,0,512,1,10000000
47,181662400563,181662401578,181662401595,0,512,1,10000000
47,181662404658,181662405724,181662405740,0,512,1,10000000
47,181662409732,181662411030,181662411054,0,512,1,10000000
47,181662415339,181662416759,181662416779,0,512,1,10000000
47,181662419921,181662420977,181662420996,0,512,1,10000000
47,181662423835,181662424996,181662425016,0,512,1,10000000
47,181662427374,181662428716,181662428738,0,512,1,10000000
47,181662431439,181662432403,181662432422,0,512,1,10000000
47,181662435617,181662436474,181662436490,0,512,1,10000000
47,181662441376,181662442310,181662442338,0,512,1,10000000
47,181662463189,181662464473,181662464494,0,512,1,10000000
47,181662468033,181662469509,181662469533,0,512,1,10000000
47,181662473750,181662475090,181662475111,0,512,1,10000000
47,181662478994,181662481190,181662481215,0,512,1,10000000
47,181662484695,181662486815,181662486835,0,512,1,10000000
47,181662489649,181662491178,181662491198,0,512,1,10000000
47,181662494179,181662495646,181662495667,0,512,1,10000000
47,181662499734,181662500535,181662500552,0,512,1,10000000
47,181662504120,181662505008,181662505023,0,512,1,10000000
47,181662508303,181662509539,181662509559,0,512,1,10000000
47,181662532342,181662533461,181662533490,0,512,1,10000000
47,181662537663,181662538803,181662538824,0,512,1,10000000
47,181662542379,181662543450,181662544540,0,512,1,10000000
47,181662547560,181662548419,181662548433,0,512,1,10000000
47,181662552557,181662553831,181662553853,0,512,1,10000000
47,181662557522,181662558489,181662558505,0,512,1,10000000
47,181662560170,181662561147,181662561162,0,512,1,10000000
47,181662563737,181662564795,181662564812,0,512,1,10000000
47,181662566995,181662568101,181662568117,0,512,1,10000000
47,181662571196,181662572126,181662572142,0,512,1,10000000
47,181662575355,181662576718,181662576738,0,512,1,10000000
47,181662580663,181662581613,181662581633,0,512,1,10000000
47,181662602022,181662603277,181662603301,0,512,1,10000000
47,181662606870,181662608120,181662608142,0,512,1,10000000
47,181662613166,181662614639,181662614661,0,512,1,10000000
47,181662618011,181662619160,181662619190,0,512,1,10000000
47,181662623520,181662624547,181662624567,0,512,1,10000000
47,181662626746,181662627585,181662627602,0,512,1,10000000
47,181662629491,181662630287,181662630303,0,512,1,10000000
47,181662631985,181662632763,181662632778,0,512,1,10000000
47,181662634481,181662635411,181662635429,0,512,1,10000000
47,181662637896,181662638701,181662638715,0,512,1,10000000
47,181662641526,181662642303,181662642319,0,512,1,10000000
47,181662645827,181662646961,181662646977,0,512,1,10000000
47,181662649030,181662649795,181662649809,0,512,1,10000000
47,181662671169,181662672877,181662672906,0,512,1,10000000
47,181662677109,181662678157,181662678176,0,512,1,10000000
47,181662682044,181662684388,181662684411,0,512,1,10000000
47,181662687512,181662688613,181662688634,0,512,1,10000000
47,181662693051,181662694271,181662694291,0,512,1,10000000
47,181662696858,181662697750,181662697769,0,512,1,10000000
47,181662699885,181662700956,181662700974,0,512,1,10000000
47,181662703676,181662704769,181662704787,0,512,1,10000000
47,181662707450,181662708406,181662708426,0,512,1,10000000
47,181662711456,181662712472,181662712500,0,512,1,10000000
47,181662716058,181662717212,181662717233,0,512,1,10000000
47,181662740351,181662742282,181662742312,0,512,1,10000000
47,181662746138,181662747479,181662747500,0,512,1,10000000
47,181662751502,181662753005,181662753026,0,512,1,10000000
47,181662757004,181662758147,181662758178,0,512,1,10000000
47,181662762426,181662763503,181662763524,0,512,1,10000000
47,181662765621,181662766750,181662766770,0,512,1,10000000
47,181662768705,181662769506,181662769520,0,512,1,10000000
47,181662771083,181662771875,181662771888,0,512,1,10000000
47,181662776450,181662777480,181662777498,0,512,1,10000000
47,181662780822,181662781948,181662781968,0,512,1,10000000
47,181662785533,181662786583,181662786605,0,512,1,10000000
47,181662810357,181662811436,181662811453,0,512,1,10000000
47,181662815201,181662816590,181662816610,0,512,1,10000000
47,181662821253,181662822326,181662822349,0,512,1,10000000
47,181662826687,181662827523,181662827541,0,512,1,10000000
47,181662832108,181662833751,181662833774,0,512,1,10000000
47,181662836863,181662837830,181662837849,0,512,1,10000000
47,181662840008,181662840850,181662840867,0,512,1,10000000
47,181662842775,181662843590,181662843607,0,512,1,10000000
47,181662845478,181662846249,181662846263,0,512,1,10000000
47,181662848197,181662849056,181662849072,0,512,1,10000000
47,181662852851,181662853923,181662853944,0,512,1,10000000
47,181662856901,181662858117,181662858138,0,512,1,10000000
47,181662879522,181662881526,181662881555,0,512,1,10000000
47,181662885404,181662886610,181662886640,0,512,1,10000000
47,181662890447,181662891704,181662891725,0,512,1,10000000
47,181662896133,181662897466,181662897485,0,512,1,10000000
47,181662901189,181662902521,181662902540,0,512,1,10000000
47,181662904851,181662905871,181662905887,0,512,1,10000000
47,181662909421,181662910388,181662910404,0,512,1,10000000
47,181662913674,181662914797,181662914818,0,512,1,10000000
47,181662918217,181662919419,181662919441,0,512,1,10000000
47,181662922563,181662923768,181662923790,0,512,1,10000000
47,181662927747,181662928599,181662928617,0,512,1,10000000
47,181662948622,181662949986,181662950018,0,512,1,10000000
47,181662954218,181662956372,181662956399,0,512,1,10000000
47,181662959740,181662960613,181662960629,0,512,1,10000000
47,181662964932,181662965919,181662965983,0,512,1,10000000
47,181662970875,181662972214,181662972235,0,512,1,10000000
47,181662975225,181662976360,181662976381,0,512,1,10000000
47,181662978502,181662979376,181662979395,0,512,1,10000000
47,181662982089,181662982965,181662982984,0,512,1,10000000
47,181662985065,181662985898,181662985915,0,512,1,10000000
47,181662988774,181662989598,181662989613,0,512,1,10000000
47,181662992768,181662993900,181662993918,0,512,1,10000000
47,181662996243,181662997042,181662997056,0,512,1,10000000
47,181663018317,181663019917,181663019947,0,512,1,10000000
47,181663024250,181663025342,181663025360,0,512,1,10000000
47,181663028530,181663029342,181663029355,0,512,1,10000000
47,181663032296,181663033428,181663033448,0,512,1,10000000
47,181663036757,181663037669,181663037688,0,512,1,10000000
47,181663041976,181663043015,181663043036,0,512,1,10000000
47,181663046112,181663047018,181663047035,0,512,1,10000000
47,181663049672,181663050464,181663050480,0,512,1,10000000
47,181663052237,181663053023,181663053039,0,512,1,10000000
47,181663054764,181663055563,181663055579,0,512,1,10000000
47,181663057268,181663058073,181663058090,0,512,1,10000000
47,181663061853,181663062802,181663062817,0,512,1,10000000
47,181663064675,181663065650,181663065663,0,512,1,10000000
47,181663087513,181663089018,181663089042,0,512,1,10000000
47,181663092895,181663094085,181663094104,0,512,1,10000000
47,181663098624,181663099942,181663099964,0,512,1,10000000
47,181663104154,181663105621,181663105644,0,512,1,10000000
47,181663109546,181663110667,181663110687,0,512,1,10000000
47,181663112567,181663113415,181663113432,0,512,1,10000000
47,181663115909,181663116798,181663116815,0,512,1,10000000
47,181663120993,181663122328,181663122349,0,512,1,10000000
47,181663125741,181663126758,181663126773,0,512,1,10000000
47,181663129871,181663130713,181663130731,0,512,1,10000000
47,181663134402,181663135414,181663135441,0,512,1,10000000
47,181663156957,181663158665,181663158697,0,512,1,10000000
47,181663162355,181663164684,181663164712,0,512,1,10000000
47,181663168898,181663170170,181663170191,0,512,1,10000000
47,181663173653,181663175111,181663175134,0,512,1,10000000
47,181663179088,181663180060,181663180088,0,512,1,10000000
47,181663183031,181663183929,181663183947,0,512,1,10000000
47,181663185837,181663186646,181663186747,0,512,1,10000000
47,181663188489,181663189333,181663189349,0,512,1,10000000
47,181663191068,181663191859,181663191875,0,512,1,10000000
47,181663193680,181663194429,181663194444,0,512,1,10000000
47,181663196152,181663197132,181663197150,0,512,1,10000000
47,181663199896,181663202124,181663202145,0,512,1,10000000
47,181663206086,181663207004,181663207022,0,512,1,10000000
47,181663226700,181663228051,181663228074,0,512,1,10000000
47,181663231698,181663232847,181663232866,0,512,1,10000000
47,181663237276,181663238551,181663238571,0,512,1,10000000
47,181663243057,181663244302,181663244323,0,512,1,10000000
47,181663248430,181663249828,181663249848,0,512,1,10000000
47,181663252313,181663253366,181663253384,0,512,1,10000000
47,181663256576,181663257768,181663257790,0,512,1,10000000
47,181663261314,181663262144,181663262161,0,512,1,10000000
47,181663265060,181663265873,181663265890,0,512,1,10000000
47,181663268988,181663269959,181663269977,0,512,1,10000000
47,181663274051,181663275271,181663275296,0,512,1,10000000
47,181663296264,181663297464,181663297498,0,512,1,10000000
47,181663301477,181663302625,181663302648,0,512,1,10000000
47,181663307174,181663308447,181663308469,0,512,1,10000000
47,181663312320,181663313477,181663313497,0,512,1,10000000
47,181663317628,181663319887,181663319913,0,512,1,10000000
47,181663322909,181663323889,181663323910,0,512,1,10000000
47,181663326107,181663326930,181663326944,0,512,1,10000000
47,181663329269,181663330368,181663330387,0,512,1,10000000
47,181663332686,181663333837,181663333857,0,512,1,10000000
47,181663337230,181663338066,181663338083,0,512,1,10000000
47,181663340658,181663341730,181663341748,0,512,1,10000000
47,181663365590,181663367684,181663367720,0,512,1,10000000
47,181663372160,181663373302,181663373332,0,512,1,10000000
47,181663376434,181663377307,181663377326,0,512,1,10000000
47,181663381555,181663382734,181663382762,0,512,1,10000000
47,181663387393,181663388677,181663388699,0,512,1,10000000
47,181663391600,181663392787,181663392842,0,512,1,10000000
47,181663394877,181663395704,181663395722,0,512,1,10000000
47,181663398498,181663399624,181663399644,0,512,1,10000000
47,181663402159,181663403001,181663403018,0,512,1,10000000
47,181663406254,181663407142,181663407162,0,512,1,10000000
47,181663410423,181663411317,181663411337,0,512,1,10000000
47,181663434663,181663436206,181663436233,0,512,1,10000000
47,181663439990,181663441143,181663441165,0,512,1,10000000
47,181663445780,181663447036,181663447055,0,512,1,10000000
47,181663451287,181663452472,181663452491,0,512,1,10000000
47,181663456942,181663458112,181663458133,0,512,1,10000000
47,181663460567,181663461435,181663461451,0,512,1,10000000
47,181663463984,181663464842,181663464858,0,512,1,10000000
47,181663466683,181663467456,181663467472,0,512,1,10000000
47,181663469680,181663470597,181663470616,0,512,1,10000000
47,181663472514,181663473359,181663473382,0,512,1,10000000
47,181663475345,181663476641,181663476664,0,512,1,10000000
47,181663480616,181663481760,181663481791,0,512,1,10000000
47,181663504579,181663506299,181663506329,0,512,1,10000000
47,181663510730,181663511682,181663511699,0,512,1,10000000
47,181663515168,181663517393,181663517418,0,512,1,10000000
47,181663520711,181663522015,181663522035,0,512,1,10000000
47,181663525962,181663527193,181663527214,0,512,1,10000000
47,181663530267,181663531450,181663531469,0,512,1,10000000
47,181663533904,181663534802,181663534820,0,512,1,10000000
47,181663536767,181663537589,181663537606,0,512,1,10000000
47,181663539394,181663540181,181663540197,0,512,1,10000000
47,181663541966,181663542765,181663542783,0,512,1,10000000
47,181663546127,181663547271,181663547302,0,512,1,10000000
47,181663551176,181663552013,181663552032,0,512,1,10000000
47,181663574057,181663575524,181663575549,0,512,1,10000000
47,181663579454,181663580486,181663580503,0,512,1,10000000
47,181663584926,181663586130,181663586149,0,512,1,10000000
47,181663589991,181663591010,181663591030,0,512,1,10000000
47,181663595637,181663596620,181663596638,0,512,1,10000000
47,181663600243,181663601393,181663601412,0,512,1,10000000
47,181663604827,181663605890,181663605911,0,512,1,10000000
47,181663608828,181663609674,181663609688,0,512,1,10000000
47,181663612398,181663613299,181663613314,0,512,1,10000000
47,181663616411,181663617755,181663617776,0,512,1,10000000
47,181663622283,181663623469,181663623490,0,512,1,10000000
47,181663643278,181663645227,181663645258,0,512,1,10000000
47,181663648771,181663649647,181663649666,0,512,1,10000000
47,181663653847,181663655263,181663655287,0,512,1,10000000
47,181663659589,181663660876,181663660899,0,512,1,10000000
47,181663664985,181663666279,181663666299,0,512,1,10000000
47,181663668679,181663669951,181663669974,0,512,1,10000000
47,181663672744,181663673901,181663673922,0,512,1,10000000
47,181663676666,181663677712,181663677731,0,512,1,10000000
47,181663681382,181663682511,181663682530,0,512,1,10000000
47,181663686761,181663688159,181663688178,0,512,1,10000000
47,181663690918,181663691996,181663692015,0,512,1,10000000
47,181663712334,181663714305,181663714334,0,512,1,10000000
47,181663718467,181663719730,181663719748,0,512,1,10000000
47,181663723420,181663725105,181663725125,0,512,1,10000000
47,181663728890,181663730232,181663730257,0,512,1,10000000
47,181663734323,181663735820,181663735845,0,512,1,10000000
47,181663740108,181663741271,181663741294,0,512,1,10000000
47,181663745392,181663746243,181663746259,0,512,1,10000000
47,181663747940,181663748740,181663748754,0,512,1,10000000
47,181663751281,181663752066,181663752081,0,512,1,10000000
47,181663755414,181663756810,181663756832,0,512,1,10000000
47,181663758995,181663759871,181663759890,0,512,1,10000000
47,181663781981,181663784274,181663784312,0,512,1,10000000
47,181663789245,181663790569,181663790595,0,512,1,10000000
47,181663793870,181663795175,181663795198,0,512,1,10000000
47,181663799403,181663800695,181663800715,0,512,1,10000000
47,181663803822,181663804962,181663804985,0,512,1,10000000
47,181663807620,181663808768,181663808787,0,512,1,10000000
47,181663811128,181663812196,181663812214,0,512,1,10000000
47,181663815881,181663816911,181663816927,0,512,1,10000000
47,181663820610,181663821793,181663821812,0,512,1,10000000
47,181663825254,181663826322,181663826341,0,512,1,10000000
47,181663830118,181663831787,181663831839,0,512,1,10000000
47,181663851635,181663853040,181663853067,0,512,1,10000000
47,181663857152,181663858149,181663858164,0,512,1,10000000
47,181663862601,181663864906,181663864931,0,512,1,10000000
47,181663868597,181663869756,181663869779,0,512,1,10000000
47,181663873488,181663874654,181663874675,0,512,1,10000000
47,181663876795,181663877771,181663877788,0,512,1,10000000
47,181663880590,181663881540,181663881558,0,512,1,10000000
47,181663883699,181663884758,181663884777,0,512,1,10000000
47,181663888374,181663889317,181663889336,0,512,1,10000000
47,181663892563,181663893519,181663893537,0,512,1,10000000
47,181663896278,181663897113,181663897128,0,512,1,10000000
47,181663920689,181663922901,181663922932,0,512,1,10000000
47,181663926642,181663927736,181663927764,0,512,1,10000000
47,181663931831,181663934087,181663934112,0,512,1,10000000
47,181663937301,181663938237,181663938256,0,512,1,10000000
47,181663942717,181663943709,181663943737,0,512,1,10000000
47,181663945808,181663946667,181663946684,0,512,1,10000000
47,181663948589,181663949481,181663949497,0,512,1,10000000
47,181663951349,181663952167,181663952183,0,512,1,10000000
47,181663954986,181663955872,181663955888,0,512,1,10000000
47,181663957837,181663958687,181663958700,0,512,1,10000000
47,181663960215,181663961003,181663961015,0,512,1,10000000
47,181663962471,181663963191,181663963203,0,512,1,10000000
47,181663966575,181663967592,181663967607,0,512,1,10000000
47,181663990417,181663992509,181663992540,0,512,1,10000000
47,181663995783,181663996741,181663996760,0,512,1,10000000
47,181664001021,181664002336,181664002357,0,512,1,10000000
47,181664006852,181664007887,181664007907,0,512,1,10000000
47,181664012173,181664013039,181664013057,0,512,1,10000000
47,181664015131,181664016085,181664016102,0,512,1,10000000
47,181664017917,181664018987,181664019005,0,512,1,10000000
47,181664022122,181664022979,181664022992,0,512,1,10000000
47,181664026004,181664027148,181664027167,0,512,1,10000000
47,181664030492,181664031306,181664031320,0,512,1,10000000
47,181664034324,181664035303,181664035322,0,512,1,10000000
47,181664059908,181664061611,181664061657,0,512,1,10000000
47,181664068543,181664069733,181664069755,0,512,1,10000000
47,181664074026,181664075151,181664075178,0,512,1,10000000
47,181664079675,181664080619,181664080636,0,512,1,10000000
47,181664085137,181664087287,181664087309,0,512,1,10000000
47,181664090685,181664091861,181664091880,0,512,1,10000000
47,181664094806,181664095728,181664095747,0,512,1,10000000
47,181664098650,181664099676,181664099694,0,512,1,10000000
47,181664102340,181664103321,181664103341,0,512,1,10000000
47,181664106314,181664107491,181664107510,0,512,1,10000000
47,181664129461,181664130708,181664130732,0,512,1,10000000
47,181664134395,181664135446,181664135467,0,512,1,10000000
47,181664139877,181664141174,181664141195,0,512,1,10000000
47,181664145438,181664147704,181664147732,0,512,1,10000000
47,181664150848,181664153516,181664153542,0,512,1,10000000
47,181664157405,181664158302,181664158321,0,512,1,10000000
47,181664161349,181664162195,181664162213,0,512,1,10000000
47,181664165090,181664165976,181664165994,0,512,1,10000000
47,181664170087,181664171057,181664171076,0,512,1,10000000
47,181664175100,181664176369,181664176394,0,512,1,10000000
47,181664198968,181664200287,181664200326,0,512,1,10000000
47,181664203988,181664205212,181664205234,0,512,1,10000000
47,181664209549,181664210818,181664210835,0,512,1,10000000
47,181664214696,181664215628,181664215645,0,512,1,10000000
47,181664220402,181664221360,181664221376,0,512,1,10000000
47,181664224473,181664225808,181664225828,0,512,1,10000000
47,181664228911,181664230006,181664230025,0,512,1,10000000
47,181664233757,181664234900,181664234921,0,512,1,10000000
47,181664237746,181664238854,181664238875,0,512,1,10000000
47,181664240932,181664241737,181664241750,0,512,1,10000000
47,181664245583,181664246782,181664246802,0,512,1,10000000
47,181664267782,181664268993,181664269015,0,512,1,10000000
47,181664273242,181664274474,181664274493,0,512,1,10000000
47,181664279088,181664280075,181664280091,0,512,1,10000000
47,181664284123,181664285348,181664285367,0,512,1,10000000
47,181664290000,181664291288,181664291308,0,512,1,10000000
47,181664293810,181664294713,181664294732,0,512,1,10000000
47,181664297149,181664297975,181664298024,0,512,1,10000000
47,181664299823,181664300739,181664300763,0,512,1,10000000
47,181664304482,181664305398,181664305416,0,512,1,10000000
47,181664308285,181664309094,181664309112,0,512,1,10000000
47,181664312094,181664313170,181664313190,0,512,1,10000000
47,181664337674,181664339324,181664339359,0,512,1,10000000
47,181664342991,181664344247,181664344265,0,512,1,10000000
47,181664348417,181664350723,181664350753,0,512,1,10000000
47,181664353677,181664355079,181664355099,0,512,1,10000000
47,181664359542,181664360917,181664360938,0,512,1,10000000
47,181664363158,181664364036,181664364056,0,512,1,10000000
47,181664365959,181664366831,181664366851,0,512,1,10000000
47,181664369806,181664370765,181664370783,0,512,1,10000000
47,181664375065,181664375955,181664375974,0,512,1,10000000
47,181664379725,181664380557,181664380574,0,512,1,10000000
47,181664384048,181664385051,181664385067,0,512,1,10000000
47,181664406692,181664408065,181664408089,0,512,1,10000000
47,181664412120,181664413305,181664413326,0,512,1,10000000
47,181664417863,181664418976,181664419164,0,512,1,10000000
47,181664423261,181664424733,181664424757,0,512,1,10000000
47,181664428746,181664430231,181664430253,0,512,1,10000000
47,181664432717,181664433904,181664433923,0,512,1,10000000
47,181664436171,181664437279,181664437298,0,512,1,10000000
47,181664439266,181664440355,181664440374,0,512,1,10000000
47,181664444044,181664445039,181664445055,0,512,1,10000000
47,181664448566,181664449391,181664449411,0,512,1,10000000
47,181664452628,181664453758,181664453780,0,512,1,10000000
47,181664476673,181664477920,181664477952,0,512,1,10000000
47,181664482556,181664483619,181664483637,0,512,1,10000000
47,181664487402,181664488352,181664488371,0,512,1,10000000
47,181664492417,181664493822,181664493845,0,512,1,10000000
47,181664498151,181664499520,181664499542,0,512,1,10000000
47,181664503581,181664505322,181664505346,0,512,1,10000000
47,181664507704,181664508592,181664508609,0,512,1,10000000
47,181664512873,181664513758,181664513775,0,512,1,10000000
47,181664517099,181664517997,181664518017,0,512,1,10000000
47,181664520891,181664521907,181664521926,0,512,1,10000000
47,181664545971,181664548033,181664548067,0,512,1,10000000
47,181664551984,181664553050,181664553071,0,512,1,10000000
47,181664556538,181664557940,181664557963,0,512,1,10000000
47,181664562168,181664563333,181664563353,0,512,1,10000000
47,181664567361,181664568481,181664568500,0,512,1,10000000
47,181664570889,181664571737,181664571753,0,512,1,10000000
47,181664573566,181664574568,181664574586,0,512,1,10000000
47,181664576606,181664577430,181664577447,0,512,1,10000000
47,181664580353,181664581625,181664581649,0,512,1,10000000
47,181664584492,181664585652,181664585673,0,512,1,10000000
47,181664588259,181664589109,181664589132,0,512,1,10000000
47,181664592867,181664594065,181664594084,0,512,1,10000000
47,181664615295,181664617069,181664617095,0,512,1,10000000
47,181664620791,181664621866,181664621884,0,512,1,10000000
47,181664626080,181664627403,181664627423,0,512,1,10000000
47,181664631427,181664632509,181664632530,0,512,1,10000000
47,181664636802,181664638778,181664638801,0,512,1,10000000
47,181664641904,181664642751,181664642769,0,512,1,10000000
47,181664644901,181664645726,181664645743,0,512,1,10000000
47,181664648113,181664649129,181664649146,0,512,1,10000000
47,181664652198,181664653063,181664653078,0,512,1,10000000
47,181664655935,181664656750,181664656767,0,512,1,10000000
47,181664659935,181664660777,181664660792,0,512,1,10000000
47,181664684620,181664686265,181664686301,0,512,1,10000000
47,181664691088,181664692162,181664692183,0,512,1,10000000
47,181664695523,181664697550,181664697574,0,512,1,10000000
47,181664700957,181664702340,181664702361,0,512,1,10000000
47,181664706334,181664707418,181664707439,0,512,1,10000000
47,181664710351,181664711198,181664711215,0,512,1,10000000
47,181664713075,181664713944,181664713960,0,512,1,10000000
47,181664718214,181664719491,181664719514,0,512,1,10000000
47,181664722114,181664723293,181664723311,0,512,1,10000000
47,181664725698,181664726870,181664726891,0,512,1,10000000
47,181664730864,181664731973,181664731990,0,512,1,10000000
47,181664753878,181664755784,181664755822,0,512,1,10000000
47,181664760235,181664761526,181664761548,0,512,1,10000000
47,181664764789,181664766152,181664766206,0,512,1,10000000
47,181664770410,181664771875,181664771896,0,512,1,10000000
47,181664775720,181664777014,181664777033,0,512,1,10000000
47,181664779922,181664781183,181664781202,0,512,1,10000000
47,181664784622,181664785494,181664785511,0,512,1,10000000
47,181664789165,181664790132,181664790149,0,512,1,10000000
47,181664793336,181664794215,181664794233,0,512,1,10000000
47,181664797451,181664798524,181664798543,0,512,1,10000000
47,181664800800,181664801909,181664801928,0,512,1,10000000
47,181664823763,181664825084,181664825109,0,512,1,10000000
47,181664828719,181664830256,181664830277,0,512,1,10000000
47,181664834466,181664835869,181664835889,0,512,1,10000000
47,181664839996,181664840898,181664840916,0,512,1,10000000
47,181664845375,181664846891,181664846914,0,512,1,10000000
47,181664849993,181664850975,181664850994,0,512,1,10000000
47,181664853094,181664854028,181664854045,0,512,1,10000000
47,181664856462,181664857413,181664857430,0,512,1,10000000
47,181664859359,181664860192,181664860208,0,512,1,10000000
47,181664863250,181664864065,181664864082,0,512,1,10000000
47,181664867527,181664868483,181664868500,0,512,1,10000000
47,181664871142,181664872130,181664872146,0,512,1,10000000
47,181664892951,181664894885,181664894912,0,512,1,10000000
47,181664898464,181664899369,181664899387,0,512,1,10000000
47,181664903905,181664904940,181664904967,0,512,1,10000000
47,181664909189,181664910376,181664910396,0,512,1,10000000
47,181664914714,181664915580,181664915597,0,512,1,10000000
47,181664917971,181664918806,181664918822,0,512,1,10000000
47,181664920784,181664921797,181664921815,0,512,1,10000000
47,181664924938,181664925784,181664925800,0,512,1,10000000
47,181664929201,181664930017,181664930032,0,512,1,10000000
47,181664933278,181664934093,181664934111,0,512,1,10000000
47,181664937345,181664938441,181664938460,0,512,1,10000000
47,181664962531,181664965389,181664965423,0,512,1,10000000
47,181664970841,181664972027,181664972052,0,512,1,10000000
47,181664974610,181664975579,181664975605,0,512,1,10000000
47,181664978596,181664980634,181664980652,0,512,1,10000000
47,181664984054,181664985361,181664985383,0,512,1,10000000
47,181664990069,181664991669,181664991695,0,512,1,10000000
47,181664994500,181664996152,181664996171,0,512,1,10000000
47,181664998908,181665000499,181665000520,0,512,1,10000000
47,181665003496,181665004512,181665004529,0,512,1,10000000
47,181665009209,181665010117,181665010135,0,512,1,10000000
47,181665032198,181665033511,181665033538,0,512,1,10000000
47,181665038328,181665039201,181665039218,0,512,1,10000000
47,181665042730,181665044328,181665044352,0,512,1,10000000
47,181665048356,181665049650,181665049672,0,512,1,10000000
47,181665053709,181665055002,181665055024,0,512,1,10000000
47,181665057185,181665057993,181665058010,0,512,1,10000000
47,181665059807,181665060623,181665060639,0,512,1,10000000
47,181665062337,181665063101,181665063118,0,512,1,10000000
47,181665065098,181665065851,181665065865,0,512,1,10000000
47,181665069102,181665070210,181665070226,0,512,1,10000000
47,181665072918,181665073777,181665073793,0,512,1,10000000
47,181665076683,181665077553,181665077570,0,512,1,10000000
47,181665101074,181665103059,181665103099,0,512,1,10000000
47,181665107331,181665108239,181665108253,0,512,1,10000000
47,181665112196,181665113193,181665113213,0,512,1,10000000
47,181665117726,181665119116,181665119139,0,512,1,10000000
47,181665123044,181665124324,181665124344,0,512,1,10000000
47,181665126643,181665127671,181665127689,0,512,1,10000000
47,181665131224,181665132596,181665132616,0,512,1,10000000
47,181665135120,181665136297,181665136318,0,512,1,10000000
47,181665141864,181665142872,181665142889,0,512,1,10000000
47,181665146662,181665148092,181665148109,0,512,1,10000000
47,181665170643,181665172837,181665172867,0,512,1,10000000
47,181665176321,181665177466,181665177488,0,512,1,10000000
47,181665181252,181665182233,181665182252,0,512,1,10000000
47,181665186807,181665188502,181665188525,0,512,1,10000000
47,181665192662,181665193923,181665193943,0,512,1,10000000
47,181665196236,181665197503,181665197526,0,512,1,10000000
47,181665201048,181665201964,181665201985,0,512,1,10000000
47,181665204758,181665205605,181665205623,0,512,1,10000000
47,181665207976,181665208793,181665208810,0,512,1,10000000
47,181665211256,181665212103,181665212121,0,512,1,10000000
47,181665214535,181665215888,181665215953,0,512,1,10000000
47,181665240302,181665242284,181665242319,0,512,1,10000000
47,181665246168,181665247250,181665247270,0,512,1,10000000
47,181665250887,181665252403,181665252426,0,512,1,10000000
47,181665256660,181665257990,181665258011,0,512,1,10000000
47,181665262005,181665263244,181665263266,0,512,1,10000000
47,181665265729,181665266626,181665266644,0,512,1,10000000
47,181665268717,181665269854,181665269872,0,512,1,10000000
47,181665273263,181665274192,181665274210,0,512,1,10000000
47,181665278297,181665279472,181665279494,0,512,1,10000000
47,181665283096,181665284200,181665284219,0,512,1,10000000
47,181665286620,181665287719,181665287737,0,512,1,10000000
47,181665309552,181665311467,181665311503,0,512,1,10000000
47,181665315615,181665316952,181665316975,0,512,1,10000000
47,181665320775,181665322061,181665322081,0,512,1,10000000
47,181665326024,181665327064,181665327091,0,512,1,10000000
47,181665331115,181665332298,181665332319,0,512,1,10000000
47,181665335197,181665336160,181665336180,0,512,1,10000000
47,181665339078,181665340065,181665340084,0,512,1,10000000
47,181665341909,181665342719,181665342737,0,512,1,10000000
47,181665346354,181665347345,181665347363,0,512,1,10000000
47,181665350306,181665351236,181665351253,0,512,1,10000000
47,181665353595,181665354569,181665354585,0,512,1,10000000
47,181665379168,181665381259,181665381298,0,512,1,10000000
47,181665386349,181665387844,181665387871,0,512,1,10000000
47,181665391808,181665393100,181665393121,0,512,1,10000000
47,181665395929,181665397149,181665397170,0,512,1,10000000
47,181665400611,181665401834,181665401855,0,512,1,10000000
47,181665403973,181665405130,181665405149,0,512,1,10000000
47,181665407604,181665408511,181665408529,0,512,1,10000000
47,181665410449,181665411278,181665411296,0,512,1,10000000
47,181665413265,181665414072,181665414088,0,512,1,10000000
47,181665415818,181665416666,181665416684,0,512,1,10000000
47,181665420419,181665421537,181665421553,0,512,1,10000000
47,181665424740,181665425603,181665425620,0,512,1,10000000
47,181665448292,181665450015,181665450055,0,512,1,10000000
47,181665456779,181665458487,181665458510,0,512,1,10000000
47,181665462147,181665463071,181665463090,0,512,1,10000000
47,181665466176,181665467017,181665467034,0,512,1,10000000
47,181665470099,181665471059,181665471078,0,512,1,10000000
47,181665474313,181665475461,181665475480,0,512,1,10000000
47,181665478007,181665478930,181665478946,0,512,1,10000000
47,181665482495,181665483411,181665483428,0,512,1,10000000
47,181665486616,181665487550,181665487568,0,512,1,10000000
47,181665489985,181665490845,181665490863,0,512,1,10000000
47,181665493221,181665494269,181665494287,0,512,1,10000000
47,181665517689,181665519979,181665520015,0,512,1,10000000
47,181665524284,181665525606,181665525628,0,512,1,10000000
47,181665529156,181665530364,181665530382,0,512,1,10000000
47,181665534040,181665535508,181665535531,0,512,1,10000000
47,181665539483,181665540777,181665540799,0,512,1,10000000
47,181665543837,181665544997,181665545019,0,512,1,10000000
47,181665548082,181665549379,181665549399,0,512,1,10000000
47,181665552176,181665553395,181665553417,0,512,1,10000000
47,181665556803,181665557870,181665557893,0,512,1,10000000
47,181665561674,181665562762,181665562784,0,512,1,10000000
47,181665565525,181665566418,181665566436,0,512,1,10000000
47,181665587248,181665588928,181665588963,0,512,1,10000000
47,181665592464,181665594545,181665594572,0,512,1,10000000
47,181665598268,181665600048,181665600066,0,512,1,10000000
47,181665604397,181665605645,181665605668,0,512,1,10000000
47,181665609477,181665610699,181665610719,0,512,1,10000000
47,181665613414,181665614301,181665614319,0,512,1,10000000
47,181665617229,181665618254,181665618271,0,512,1,10000000
47,181665619941,181665621662,181665621688,0,512,1,10000000
47,181665624389,181665625168,181665625184,0,512,1,10000000
47,181665628246,181665629345,181665629364,0,512,1,10000000
47,181665631785,181665632850,181665632867,0,512,1,10000000
47,181665656939,181665659249,181665659286,0,512,1,10000000
47,181665663556,181665664690,181665664710,0,512,1,10000000
47,181665667929,181665669366,181665669388,0,512,1,10000000
47,181665673022,181665673920,181665673937,0,512,1,10000000
47,181665678397,181665679961,181665679985,0,512,1,10000000
47,181665683527,181665685232,181665685296,0,512,1,10000000
47,181665689274,181665690428,181665690447,0,512,1,10000000
47,181665692922,181665694395,181665694419,0,512,1,10000000
47,181665696586,181665697566,181665697584,0,512,1,10000000
47,181665703228,181665704549,181665704570,0,512,1,10000000
47,181665725923,181665727249,181665727278,0,512,1,10000000
47,181665731246,181665732840,181665732864,0,512,1,10000000
47,181665737121,181665738296,181665738319,0,512,1,10000000
47,181665742328,181665743367,181665743386,0,512,1,10000000
47,181665747724,181665748687,181665748705,0,512,1,10000000
47,181665751103,181665751964,181665751981,0,512,1,10000000
47,181665754092,181665755137,181665755162,0,512,1,10000000
47,181665758284,181665759164,181665759178,0,512,1,10000000
47,181665762454,181665763572,181665763591,0,512,1,10000000
47,181665767319,181665769094,181665769116,0,512,1,10000000
47,181665772801,181665774131,181665774156,0,512,1,10000000
47,181665795535,181665797376,181665797405,0,512,1,10000000
47,181665801075,181665802073,181665802092,0,512,1,10000000
47,181665806553,181665808107,181665808131,0,512,1,10000000
47,181665811828,181665812997,181665813017,0,512,1,10000000
47,181665817483,181665818837,181665818859,0,512,1,10000000
47,181665822214,181665823216,181665823235,0,512,1,10000000
47,181665826068,181665827231,181665827250,0,512,1,10000000
47,181665829420,181665830503,181665830522,0,512,1,10000000
47,181665832768,181665833874,181665833895,0,512,1,10000000
47,181665837046,181665838362,181665838382,0,512,1,10000000
47,181665841850,181665843066,181665843088,0,512,1,10000000
47,181665864995,181665866797,181665866828,0,512,1,10000000
47,181665870285,181665871198,181665871215,0,512,1,10000000
47,181665875835,181665876848,181665876868,0,512,1,10000000
47,181665881289,181665882230,181665882248,0,512,1,10000000
47,181665886534,181665887763,181665887785,0,512,1,10000000
47,181665890424,181665891594,181665891613,0,512,1,10000000
47,181665895143,181665896026,181665896046,0,512,1,10000000
47,181665899739,181665901092,181665901116,0,512,1,10000000
47,181665904287,181665905141,181665905160,0,512,1,10000000
47,181665908526,181665909736,181665909758,0,512,1,10000000
47,181665912743,181665913713,181665913731,0,512,1,10000000
47,181665934609,181665936619,181665936650,0,512,1,10000000
47,181665940472,181665941621,181665941637,0,512,1,10000000
47,181665945408,181665946268,181665946282,0,512,1,10000000
47,181665950640,181665951789,181665951808,0,512,1,10000000
47,181665956194,181665957466,181665957486,0,512,1,10000000
47,181665960293,181665961595,181665961617,0,512,1,10000000
47,181665965111,181665966282,181665966302,0,512,1,10000000
47,181665968824,181665969975,181665969996,0,512,1,10000000
47,181665973128,181665973967,181665973985,0,512,1,10000000
47,181665977295,181665978390,181665978405,0,512,1,10000000
47,181665981381,181665982649,181665982672,0,512,1,10000000
47,181666003891,181666005658,181666005689,0,512,1,10000000
47,181666009269,181666010424,181666010442,0,512,1,10000000
47,181666014669,181666016097,181666016119,0,512,1,10000000
47,181666020016,181666021170,181666021188,0,512,1,10000000
47,181666025649,181666027067,181666027088,0,512,1,10000000
47,181666030772,181666031992,181666032013,0,512,1,10000000
47,181666034871,181666036022,181666036043,0,512,1,10000000
47,181666038733,181666039571,181666039586,0,512,1,10000000
47,181666041128,181666041899,181666041912,0,512,1,10000000
47,181666043774,181666044564,181666044580,0,512,1,10000000
47,181666047949,181666048975,181666048993,0,512,1,10000000
47,181666073066,181666075141,181666075180,0,512,1,10000000
47,181666078720,181666079861,181666079887,0,512,1,10000000
47,181666084272,181666085281,181666085310,0,512,1,10000000
47,181666089676,181666091270,181666091293,0,512,1,10000000
47,181666095208,181666096694,181666096716,0,512,1,10000000
47,181666098805,181666099690,181666099708,0,512,1,10000000
47,181666101508,181666102392,181666102407,0,512,1,10000000
47,181666104139,181666104899,181666104915,0,512,1,10000000
47,181666109117,181666110210,181666110231,0,512,1,10000000
47,181666113279,181666114141,181666114159,0,512,1,10000000
47,181666117157,181666118914,181666118939,0,512,1,10000000
47,181666121488,181666122586,181666122606,0,512,1,10000000
47,181666142710,181666144806,181666144837,0,512,1,10000000
47,181666150986,181666152405,181666152498,0,512,1,10000000
47,181666156650,181666157900,181666157919,0,512,1,10000000
47,181666161593,181666162829,181666162853,0,512,1,10000000
47,181666168750,181666170041,181666170063,0,512,1,10000000
47,181666173652,181666174727,181666174748,0,512,1,10000000
47,181666177306,181666178444,181666178464,0,512,1,10000000
47,181666181798,181666182922,181666182940,0,512,1,10000000
47,181666185759,181666187023,181666187045,0,512,1,10000000
47,181666190054,181666191203,181666191224,0,512,1,10000000
47,181666211936,181666213752,181666213785,0,512,1,10000000
47,181666217479,181666218476,181666218495,0,512,1,10000000
47,181666222859,181666224183,181666224204,0,512,1,10000000
47,181666228272,181666229550,181666229572,0,512,1,10000000
47,181666233684,181666235014,181666235036,0,512,1,10000000
47,181666237573,181666238768,181666238787,0,512,1,10000000
47,181666240984,181666242060,181666242078,0,512,1,10000000
47,181666244461,181666245614,181666245631,0,512,1,10000000
47,181666249901,181666250892,181666250910,0,512,1,10000000
47,181666254364,181666255244,181666255260,0,512,1,10000000
47,181666259261,181666260703,181666260726,0,512,1,10000000
47,181666281526,181666283015,181666283042,0,512,1,10000000
47,181666286880,181666288062,181666288080,0,512,1,10000000
47,181666293550,181666294817,181666294838,0,512,1,10000000
47,181666298594,181666299997,181666300018,0,512,1,10000000
47,181666304257,181666305991,181666306031,0,512,1,10000000
47,181666308948,181666309893,181666309909,0,512,1,10000000
47,181666313463,181666314580,181666314600,0,512,1,10000000
47,181666316834,181666317955,181666317977,0,512,1,10000000
47,181666319933,181666320781,181666320801,0,512,1,10000000
47,181666325845,181666326753,181666326769,0,512,1,10000000
47,181666329304,181666330371,181666330390,0,512,1,10000000
47,181666351070,181666353082,181666353109,0,512,1,10000000
47,181666356490,181666357495,181666357515,0,512,1,10000000
47,181666362056,181666363396,181666363417,0,512,1,10000000
47,181666367664,181666368770,181666368787,0,512,1,10000000
47,181666372889,181666374135,181666374154,0,512,1,10000000
47,181666377197,181666378287,181666378304,0,512,1,10000000
47,181666381115,181666381966,181666381981,0,512,1,10000000
47,181666385767,181666387399,181666387427,0,512,1,10000000
47,181666389903,181666390766,181666390782,0,512,1,10000000
47,181666393948,181666395094,181666395113,0,512,1,10000000
47,181666397500,181666398377,181666398395,0,512,1,10000000
47,181666420551,181666422645,181666422678,0,512,1,10000000
47,181666427084,181666428037,181666428053,0,512,1,10000000
47,181666431988,181666432882,181666432897,0,512,1,10000000
47,181666436682,181666437890,181666437911,0,512,1,10000000
47,181666441973,181666442852,181666442870,0,512,1,10000000
47,181666445944,181666447689,181666447713,0,512,1,10000000
47,181666450659,181666452373,181666452394,0,512,1,10000000
47,181666455256,181666456147,181666456163,0,512,1,10000000
47,181666460238,181666461300,181666461319,0,512,1,10000000
47,181666465506,181666466750,181666466773,0,512,1,10000000
47,181666469427,181666470572,181666470596,0,512,1,10000000
47,181666490036,181666491913,181666491937,0,512,1,10000000
47,181666497066,181666498629,181666498651,0,512,1,10000000
47,181666501951,181666502860,181666502877,0,512,1,10000000
47,181666508817,181666510194,181666510215,0,512,1,10000000
47,181666513227,181666514130,181666514156,0,512,1,10000000
47,181666516099,181666516970,181666516984,0,512,1,10000000
47,181666520441,181666521570,181666521589,0,512,1,10000000
47,181666524819,181666525943,181666525964,0,512,1,10000000
47,181666528266,181666529387,181666529407,0,512,1,10000000
47,181666531775,181666532612,181666532628,0,512,1,10000000
47,181666535459,181666536315,181666536334,0,512,1,10000000
47,181666559318,181666561359,181666561390,0,512,1,10000000
47,181666564699,181666565675,181666565691,0,512,1,10000000
47,181666570518,181666571941,181666571962,0,512,1,10000000
47,181666575953,181666577326,181666577348,0,512,1,10000000
47,181666581207,181666582631,181666582655,0,512,1,10000000
47,181666585426,181666586407,181666586423,0,512,1,10000000
47,181666591098,181666592090,181666592109,0,512,1,10000000
47,181666595412,181666596241,181666596256,0,512,1,10000000
47,181666599055,181666599951,181666599973,0,512,1,10000000
47,181666603334,181666605248,181666605354,0,512,1,10000000
47,181666608303,181666609270,181666609286,0,512,1,10000000
47,181666628992,181666630424,181666630451,0,512,1,10000000
47,181666634314,181666635467,181666635489,0,512,1,10000000
47,181666639830,181666640929,181666640949,0,512,1,10000000
47,181666645183,181666646295,181666646322,0,512,1,10000000
47,181666650663,181666652085,181666652108,0,512,1,10000000
47,181666655266,181666656594,181666656616,0,512,1,10000000
47,181666659700,181666660591,181666660609,0,512,1,10000000
47,181666664135,181666665091,181666665109,0,512,1,10000000
47,181666667112,181666667934,181666667951,0,512,1,10000000
47,181666671249,181666672262,181666672285,0,512,1,10000000
47,181666675717,181666676775,181666676800,0,512,1,10000000
47,181666698076,181666699573,181666699597,0,512,1,10000000
47,181666703966,181666705224,181666705254,0,512,1,10000000
47,181666709008,181666710273,181666710293,0,512,1,10000000
47,181666714604,181666715642,181666715663,0,512,1,10000000
47,181666719671,181666720650,181666720668,0,512,1,10000000
47,181666722856,181666723819,181666723839,0,512,1,10000000
47,181666726371,181666727203,181666727220,0,512,1,10000000
47,181666730222,181666731010,181666731023,0,512,1,10000000
47,181666734320,181666735132,181666735148,0,512,1,10000000
47,181666738234,181666739086,181666739104,0,512,1,10000000
47,181666741990,181666743039,181666743053,0,512,1,10000000
47,181666746878,181666748023,181666748047,0,512,1,10000000
47,181666767670,181666769262,181666769291,0,512,1,10000000
47,181666773146,181666774131,181666774148,0,512,1,10000000
47,181666777202,181666778355,181666778376,0,512,1,10000000
47,181666781961,181666783021,181666783038,0,512,1,10000000
47,181666787962,181666789090,181666789117,0,512,1,10000000
47,181666793352,181666795125,181666795160,0,512,1,10000000
47,181666798504,181666799672,181666799693,0,512,1,10000000
47,181666802035,181666803162,181666803182,0,512,1,10000000
47,181666806103,181666807097,181666807117,0,512,1,10000000
47,181666810536,181666811746,181666811767,0,512,1,10000000
47,181666814283,181666815616,181666815638,0,512,1,10000000
47,181666837197,181666838690,181666838714,0,512,1,10000000
47,181666842576,181666843871,181666843893,0,512,1,10000000
47,181666847918,181666849204,181666849226,0,512,1,10000000
47,181666851662,181666852933,181666852955,0,512,1,10000000
47,181666855607,181666856804,181666856825,0,512,1,10000000
47,181666860843,181666862169,181666862190,0,512,1,10000000
47,181666865285,181666866151,181666866170,0,512,1,10000000
47,181666869355,181666870277,181666870295,0,512,1,10000000
47,181666873920,181666875246,181666875267,0,512,1,10000000
47,181666877788,181666878928,181666878947,0,512,1,10000000
47,181666882709,181666883789,181666883810,0,512,1,10000000
47,181666906357,181666908080,181666908108,0,512,1,10000000
47,181666913183,181666914107,181666914127,0,512,1,10000000
47,181666917350,181666918915,181666918938,0,512,1,10000000
47,181666922902,181666924164,181666924187,0,512,1,10000000
47,181666928272,181666929607,181666929628,0,512,1,10000000
47,181666933319,181666934587,181666934611,0,512,1,10000000
47,181666937422,181666938526,181666938545,0,512,1,10000000
47,181666941705,181666943081,181666943104,0,512,1,10000000
47,181666946938,181666947807,181666947823,0,512,1,10000000
47,181666950789,181666951893,181666951912,0,512,1,10000000
47,181666975970,181666977620,181666977646,0,512,1,10000000
47,181666981111,181666982039,181666982054,0,512,1,10000000
47,181666986513,181666987966,181666987991,0,512,1,10000000
47,181666991674,181666992905,181666992926,0,512,1,10000000
47,181666995977,181666997300,181666997320,0,512,1,10000000
47,181667000994,181667002389,181667002410,0,512,1,10000000
47,181667004798,181667005961,181667005982,0,512,1,10000000
47,181667010100,181667011282,181667011303,0,512,1,10000000
47,181667014846,181667016046,181667016067,0,512,1,10000000
47,181667019764,181667020954,181667020973,0,512,1,10000000
47,181667023266,181667024408,181667024426,0,512,1,10000000
47,181667045474,181667046942,181667046968,0,512,1,10000000
47,181667051462,181667052720,181667052740,0,512,1,10000000
47,181667056451,181667057397,181667057413,0,512,1,10000000
47,181667060835,181667062068,181667062089,0,512,1,10000000
47,181667065571,181667066896,181667066918,0,512,1,10000000
47,181667070053,181667071340,181667071431,0,512,1,10000000
47,181667073710,181667074869,181667074890,0,512,1,10000000
47,181667078740,181667079617,181667079632,0,512,1,10000000
47,181667083049,181667084259,181667084281,0,512,1,10000000
47,181667087634,181667088792,181667088812,0,512,1,10000000
47,181667091540,181667092719,181667092740,0,512,1,10000000
47,181667114494,181667116049,181667116075,0,512,1,10000000
47,181667119790,181667121092,181667121112,0,512,1,10000000
47,181667124392,181667125292,181667125309,0,512,1,10000000
47,181667129426,181667130568,181667130588,0,512,1,10000000
47,181667135048,181667136463,181667136484,0,512,1,10000000
47,181667139783,181667141025,181667141044,0,512,1,10000000
47,181667143981,181667146113,181667146135,0,512,1,10000000
47,181667148986,181667150251,181667150274,0,512,1,10000000
47,181667154861,181667156010,181667156030,0,512,1,10000000
47,181667161340,181667162899,181667162923,0,512,1,10000000
47,181667184408,181667185529,181667185559,0,512,1,10000000
47,181667190279,181667191244,181667191263,0,512,1,10000000
47,181667195295,181667196869,181667196890,0,512,1,10000000
47,181667200658,181667201799,181667201820,0,512,1,10000000
47,181667206233,181667207177,181667207193,0,512,1,10000000
47,181667209219,181667210311,181667210330,0,512,1,10000000
47,181667212685,181667214057,181667214076,0,512,1,10000000
47,181667216973,181667218163,181667218184,0,512,1,10000000
47,181667221140,181667222041,181667222056,0,512,1,10000000
47,181667225111,181667225888,181667225902,0,512,1,10000000
47,181667229140,181667230337,181667230358,0,512,1,10000000
47,181667253696,181667255358,181667255384,0,512,1,10000000
47,181667258905,181667259915,181667259933,0,512,1,10000000
47,181667264757,181667266104,181667266126,0,512,1,10000000
47,181667270049,181667271300,181667271322,0,512,1,10000000
47,181667275605,181667277028,181667277051,0,512,1,10000000
47,181667279979,181667281160,181667281180,0,512,1,10000000
47,181667284120,181667285351,181667285371,0,512,1,10000000
47,181667287706,181667288864,181667288885,0,512,1,10000000
47,181667292496,181667293419,181667293436,0,512,1,10000000
47,181667297091,181667298335,181667298355,0,512,1,10000000
47,181667300482,181667301409,181667301427,0,512,1,10000000
47,181667323292,181667324836,181667324866,0,512,1,10000000
47,181667328039,181667329293,181667329319,0,512,1,10000000
47,181667332148,181667333362,181667333383,0,512,1,10000000
47,181667337986,181667339210,181667339232,0,512,1,10000000
47,181667343147,181667344405,181667344428,0,512,1,10000000
47,181667348051,181667349132,181667349152,0,512,1,10000000
47,181667351587,181667352490,181667352508,0,512,1,10000000
47,181667355462,181667356809,181667356829,0,512,1,10000000
47,181667360236,181667361135,181667361153,0,512,1,10000000
47,181667363510,181667364670,181667364689,0,512,1,10000000
47,181667367258,181667368073,181667368090,0,512,1,10000000
47,181667392218,181667393836,181667393867,0,512,1,10000000
47,181667399588,181667400828,181667400854,0,512,1,10000000
47,181667406753,181667408142,181667408163,0,512,1,10000000
47,181667412494,181667413934,181667413955,0,512,1,10000000
47,181667417159,181667418076,181667418095,0,512,1,10000000
47,181667421450,181667422830,181667422853,0,512,1,10000000
47,181667425831,181667426977,181667426996,0,512,1,10000000
47,181667429343,181667430496,181667430517,0,512,1,10000000
47,181667433091,181667434036,181667434055,0,512,1,10000000
47,181667437662,181667438732,181667438750,0,512,1,10000000
47,181667462071,181667463574,181667463601,0,512,1,10000000
47,181667467021,181667468037,181667468058,0,512,1,10000000
47,181667473124,181667474475,181667474496,0,512,1,10000000
47,181667478239,181667479441,181667479461,0,512,1,10000000
47,181667483720,181667484715,181667484734,0,512,1,10000000
47,181667486606,181667487444,181667487460,0,512,1,10000000
47,181667489715,181667490613,181667490630,0,512,1,10000000
47,181667493785,181667494710,181667494725,0,512,1,10000000
47,181667497762,181667498671,181667498686,0,512,1,10000000
47,181667502197,181667503338,181667503356,0,512,1,10000000
47,181667506856,181667507919,181667507936,0,512,1,10000000
47,181667531509,181667533055,181667533081,0,512,1,10000000
47,181667536827,181667537802,181667537817,0,512,1,10000000
47,181667541324,181667542539,181667542560,0,512,1,10000000
47,181667545811,181667547071,181667547096,0,512,1,10000000
47,181667551518,181667552547,181667552567,0,512,1,10000000
47,181667556175,181667557600,181667557621,0,512,1,10000000
47,181667560784,181667562233,181667562255,0,512,1,10000000
47,181667565072,181667566304,181667566325,0,512,1,10000000
47,181667570563,181667571454,181667571482,0,512,1,10000000
47,181667574826,181667575878,181667575895,0,512,1,10000000
47,181667578138,181667578996,181667579021,0,512,1,10000000
47,181667600983,181667602021,181667602042,0,512,1,10000000
47,181667605860,181667607332,181667607356,0,512,1,10000000
47,181667610601,181667611464,181667611482,0,512,1,10000000
47,181667614523,181667615406,181667615432,0,512,1,10000000
47,181667618393,181667619397,181667619417,0,512,1,10000000
47,181667622181,181667623098,181667623118,0,512,1,10000000
47,181667626035,181667626865,181667626884,0,512,1,10000000
47,181667629488,181667630309,181667630327,0,512,1,10000000
47,181667632133,181667632927,181667632943,0,512,1,10000000
47,181667635574,181667636386,181667636403,0,512,1,10000000
47,181667640057,181667640823,181667640837,0,512,1,10000000
47,181667644383,181667645613,181667645635,0,512,1,10000000
47,181667647702,181667648469,181667648486,0,512,1,10000000
47,181667670527,181667671621,181667671641,0,512,1,10000000
47,181667675302,181667676609,181667676628,0,512,1,10000000
47,181667681115,181667682572,181667682594,0,512,1,10000000
47,181667686636,181667687800,181667687819,0,512,1,10000000
47,181667692155,181667693120,181667693147,0,512,1,10000000
47,181667696480,181667697291,181667697308,0,512,1,10000000
47,181667699904,181667700672,181667700688,0,512,1,10000000
47,181667702517,181667703366,181667703382,0,512,1,10000000
47,181667705662,181667706600,181667706627,0,512,1,10000000
47,181667708610,181667709428,181667709445,0,512,1,10000000
47,181667712233,181667713006,181667713019,0,512,1,10000000
47,181667716919,181667718166,181667718189,0,512,1,10000000
47,181667739361,181667741109,181667741140,0,512,1,10000000
47,181667744743,181667746181,181667746203,0,512,1,10000000
47,181667750806,181667752196,181667752218,0,512,1,10000000
47,181667756100,181667757344,181667757363,0,512,1,10000000
47,181667761361,181667762353,181667762381,0,512,1,10000000
47,181667768217,181667769254,181667769272,0,512,1,10000000
47,181667772268,181667773513,181667773533,0,512,1,10000000
47,181667775786,181667776948,181667776967,0,512,1,10000000
47,181667782970,181667784285,181667784307,0,512,1,10000000
47,181667787281,181667788480,181667788498,0,512,1,10000000
47,181667809132,181667810456,181667810478,0,512,1,10000000
47,181667814161,181667815394,181667815422,0,512,1,10000000
47,181667819207,181667820347,181667820368,0,512,1,10000000
47,181667823633,181667824848,181667824869,0,512,1,10000000
47,181667827268,181667828651,181667828671,0,512,1,10000000
47,181667832476,181667833830,181667833852,0,512,1,10000000
47,181667839741,181667840895,181667840915,0,512,1,10000000
47,181667843579,181667844715,181667844735,0,512,1,10000000
47,181667848522,181667849640,181667849661,0,512,1,10000000
47,181667854099,181667855339,181667855359,0,512,1,10000000
47,181667858966,181667860192,181667860212,0,512,1,10000000
47,181667878180,181667879629,181667879653,0,512,1,10000000
47,181667883748,181667885029,181667885050,0,512,1,10000000
47,181667889098,181667890440,181667890463,0,512,1,10000000
47,181667894901,181667896190,181667896214,0,512,1,10000000
47,181667900329,181667901859,181667901881,0,512,1,10000000
47,181667905167,181667906333,181667906353,0,512,1,10000000
47,181667909250,181667910432,181667910451,0,512,1,10000000
47,181667913797,181667914692,181667914707,0,512,1,10000000
47,181667917923,181667919022,181667919041,0,512,1,10000000
47,181667922362,181667923495,181667923514,0,512,1,10000000
47,181667926380,181667927213,181667927228,0,512,1,10000000
47,181667947974,181667949668,181667949696,0,512,1,10000000
47,181667953011,181667954275,181667954296,0,512,1,10000000
47,181667958536,181667959843,181667959866,0,512,1,10000000
47,181667964191,181667965709,181667965730,0,512,1,10000000
47,181667969743,181667972016,181667972038,0,512,1,10000000
47,181667975414,181667976221,181667976236,0,512,1,10000000
47,181667978112,181667979186,181667979201,0,512,1,10000000
47,181667980830,181667981783,181667981797,0,512,1,10000000
47,181667984765,181667986169,181667986192,0,512,1,10000000
47,181667988546,181667989773,181667989792,0,512,1,10000000
47,181667993489,181667994616,181667994642,0,512,1,10000000
47,181668017293,181668018615,181668018638,0,512,1,10000000
47,181668022806,181668024962,181668024982,0,512,1,10000000
47,181668028144,181668029092,181668029111,0,512,1,10000000
47,181668033462,181668034475,181668034493,0,512,1,10000000
47,181668038912,181668041047,181668041067,0,512,1,10000000
47,181668044481,181668045682,181668045701,0,512,1,10000000
47,181668048741,181668049690,181668049708,0,512,1,10000000
47,181668053183,181668054205,181668054222,0,512,1,10000000
47,181668058197,181668059039,181668059063,0,512,1,10000000
47,181668062679,181668063651,181668063672,0,512,1,10000000
47,181668086591,181668088227,181668088259,0,512,1,10000000
47,181668091942,181668093491,181668093517,0,512,1,10000000
47,181668097441,181668098799,181668098819,0,512,1,10000000
47,181668103244,181668104661,181668104684,0,512,1,10000000
47,181668108633,181668109914,181668109935,0,512,1,10000000
47,181668112623,181668113531,181668113546,0,512,1,10000000
47,181668116717,181668118250,181668118269,0,512,1,10000000
47,181668121528,181668122588,181668122607,0,512,1,10000000
47,181668127097,181668128392,181668128413,0,512,1,10000000
47,181668133610,181668135203,181668135221,0,512,1,10000000
47,181668156228,181668157976,181668158000,0,512,1,10000000
47,181668161709,181668162676,181668162695,0,512,1,10000000
47,181668166860,181668169127,181668169173,0,512,1,10000000
47,181668173401,181668175261,181668175280,0,512,1,10000000
47,181668178123,181668178990,181668179010,0,512,1,10000000
47,181668181985,181668182872,181668182891,0,512,1,10000000
47,181668184576,181668185472,181668185487,0,512,1,10000000
47,181668187138,181668187921,181668187936,0,512,1,10000000
47,181668189639,181668190415,181668190430,0,512,1,10000000
47,181668195392,181668196654,181668196675,0,512,1,10000000
47,181668200869,181668201725,181668201743,0,512,1,10000000
47,181668203867,181668204662,181668204682,0,512,1,10000000
47,181668226006,181668227299,181668227323,0,512,1,10000000
47,181668231043,181668232496,181668232518,0,512,1,10000000
47,181668236733,181668238100,181668238121,0,512,1,10000000
47,181668242084,181668243531,181668243551,0,512,1,10000000
47,181668247555,181668248818,181668248838,0,512,1,10000000
47,181668251395,181668252662,181668252683,0,512,1,10000000
47,181668256214,181668257218,181668257236,0,512,1,10000000
47,181668260279,181668261670,181668261690,0,512,1,10000000
47,181668265716,181668267043,181668267063,0,512,1,10000000
47,181668269721,181668270827,181668270847,0,512,1,10000000
47,181668296038,181668298147,181668298176,0,512,1,10000000
47,181668302092,181668303621,181668303646,0,512,1,10000000
47,181668307891,181668309142,181668309160,0,512,1,10000000
47,181668313352,181668314842,181668314864,0,512,1,10000000
47,181668318666,181668319980,181668320003,0,512,1,10000000
47,181668322469,181668323713,181668323734,0,512,1,10000000
47,181668326308,181668327486,181668327506,0,512,1,10000000
47,181668329898,181668331043,181668331063,0,512,1,10000000
47,181668333514,181668334718,181668334739,0,512,1,10000000
47,181668337630,181668338532,181668338551,0,512,1,10000000
47,181668341493,181668342704,181668342725,0,512,1,10000000
47,181668364362,181668365734,181668365760,0,512,1,10000000
47,181668369673,181668370929,181668370949,0,512,1,10000000
47,181668373627,181668374685,181668374701,0,512,1,10000000
47,181668379077,181668380184,181668380202,0,512,1,10000000
47,181668384394,181668385701,181668385723,0,512,1,10000000
47,181668389362,181668390550,181668390569,0,512,1,10000000
47,181668393023,181668394212,181668394229,0,512,1,10000000
47,181668398050,181668399072,181668399089,0,512,1,10000000
47,181668402178,181668403211,181668403229,0,512,1,10000000
47,181668406675,181668407745,181668407763,0,512,1,10000000
47,181668410825,181668411990,181668412010,0,512,1,10000000
47,181668434141,181668435745,181668435773,0,512,1,10000000
47,181668439365,181668440371,181668440390,0,512,1,10000000
47,181668444849,181668446318,181668446340,0,512,1,10000000
47,181668450413,181668451644,181668451666,0,512,1,10000000
47,181668455822,181668457247,181668457270,0,512,1,10000000
47,181668459696,181668460835,181668460853,0,512,1,10000000
47,181668463923,181668465053,181668465074,0,512,1,10000000
47,181668467686,181668468732,181668468756,0,512,1,10000000
47,181668470538,181668471345,181668471364,0,512,1,10000000
47,181668474001,181668474941,181668474958,0,512,1,10000000
47,181668479319,181668480795,181668480817,0,512,1,10000000
47,181668503413,181668504995,181668505023,0,512,1,10000000
47,181668508423,181668509413,181668509431,0,512,1,10000000
47,181668512717,181668514201,181668514226,0,512,1,10000000
47,181668517711,181668518901,181668518922,0,512,1,10000000
47,181668523299,181668524693,181668524712,0,512,1,10000000
47,181668528263,181668529464,181668529484,0,512,1,10000000
47,181668531720,181668532773,181668532793,0,512,1,10000000
47,181668534904,181668535977,181668535996,0,512,1,10000000
47,181668539558,181668540711,181668540732,0,512,1,10000000
47,181668543598,181668544436,181668544454,0,512,1,10000000
47,181668547486,181668548517,181668548540,0,512,1,10000000
47,181668573069,181668574922,181668574956,0,512,1,10000000
47,181668579083,181668580293,181668580313,0,512,1,10000000
47,181668583614,181668584547,181668584564,0,512,1,10000000
47,181668588202,181668589334,181668589353,0,512,1,10000000
47,181668592256,181668593363,181668593380,0,512,1,10000000
47,181668596013,181668597066,181668597086,0,512,1,10000000
47,181668599688,181668600756,181668600777,0,512,1,10000000
47,181668603511,181668604602,181668604620,0,512,1,10000000
47,181668607040,181668608077,181668608095,0,512,1,10000000
47,181668612102,181668613176,181668613193,0,512,1,10000000
47,181668617001,181668618040,181668618058,0,512,1,10000000
47,181668621675,181668622739,181668622758,0,512,1,10000000
47,181668642435,181668643928,181668643954,0,512,1,10000000
47,181668647346,181668648677,181668648699,0,512,1,10000000
47,181668652440,181668653724,181668653745,0,512,1,10000000
47,181668657421,181668658662,181668658682,0,512,1,10000000
47,181668662651,181668663886,181668663906,0,512,1,10000000
47,181668667103,181668668183,181668668202,0,512,1,10000000
47,181668671579,181668672643,181668672660,0,512,1,10000000
47,181668675028,181668676090,181668676108,0,512,1,10000000
47,181668678801,181668679900,181668679919,0,512,1,10000000
47,181668682715,181668683804,181668683822,0,512,1,10000000
47,181668686065,181668687099,181668687116,0,512,1,10000000
47,181668711851,181668713550,181668713576,0,512,1,10000000
47,181668718399,181668719468,181668719487,0,512,1,10000000
47,181668723141,181668724321,181668724341,0,512,1,10000000
47,181668728309,181668729423,181668729442,0,512,1,10000000
47,181668733628,181668734822,181668734845,0,512,1,10000000
47,181668738055,181668739303,181668739324,0,512,1,10000000
47,181668741387,181668742293,181668742311,0,512,1,10000000
47,181668744151,181668745000,181668745017,0,512,1,10000000
47,181668746862,181668747761,181668747786,0,512,1,10000000
47,181668751927,181668753100,181668753124,0,512,1,10000000
47,181668755845,181668756985,181668757004,0,512,1,10000000
47,181668761296,181668762402,181668762422,0,512,1,10000000
47,181668781076,181668782661,181668782692,0,512,1,10000000
47,181668786306,181668787690,181668787713,0,512,1,10000000
47,181668792003,181668793541,181668793562,0,512,1,10000000
47,181668797606,181668799928,181668799956,0,512,1,10000000
47,181668803380,181668804714,181668804734,0,512,1,10000000
47,181668811622,181668814071,181668814112,0,512,1,10000000
47,181668817872,181668819465,181668819486,0,512,1,10000000
47,181668822566,181668823565,181668823582,0,512,1,10000000
47,181668827298,181668828444,181668828462,0,512,1,10000000
47,181668850585,181668853218,181668853264,0,512,1,10000000
47,181668858819,181668860759,181668860783,0,512,1,10000000
47,181668865113,181668866932,181668867081,0,512,1,10000000
47,181668871294,181668872557,181668872580,0,512,1,10000000
47,181668876097,181668877305,181668877336,0,512,1,10000000
47,181668881497,181668882747,181668882770,0,512,1,10000000
47,181668885122,181668886292,181668886314,0,512,1,10000000
47,181668889353,181668890485,181668890506,0,512,1,10000000
47,181668893462,181668894543,181668894560,0,512,1,10000000
47,181668896829,181668897674,181668897691,0,512,1,10000000
47,181668920084,181668922044,181668922075,0,512,1,10000000
47,181668925539,181668926856,181668926877,0,512,1,10000000
47,181668930713,181668931851,181668931872,0,512,1,10000000
47,181668935752,181668936865,181668936885,0,512,1,10000000
47,181668939862,181668940996,181668941015,0,512,1,10000000
47,181668943211,181668944056,181668944070,0,512,1,10000000
47,181668947413,181668948553,181668948573,0,512,1,10000000
47,181668951016,181668952060,181668952073,0,512,1,10000000
47,181668953709,181668954558,181668954570,0,512,1,10000000
47,181668956893,181668957738,181668957753,0,512,1,10000000
47,181668960397,181668961529,181668961550,0,512,1,10000000
47,181668965049,181668966120,181668966140,0,512,1,10000000
47,181668989531,181668991358,181668991392,0,512,1,10000000
47,181668995412,181668997014,181668997040,0,512,1,10000000
47,181669001018,181669002279,181669002301,0,512,1,10000000
47,181669006035,181669007211,181669007231,0,512,1,10000000
47,181669011183,181669012567,181669012590,0,512,1,10000000
47,181669015289,181669016436,181669016456,0,512,1,10000000
47,181669019065,181669020237,181669020257,0,512,1,10000000
47,181669023846,181669025141,181669025163,0,512,1,10000000
47,181669029073,181669030222,181669030241,0,512,1,10000000
47,181669034406,181669035538,181669035557,0,512,1,10000000
47,181669038803,181669040019,181669040042,0,512,1,10000000
47,181669058583,181669060164,181669060194,0,512,1,10000000
47,181669063894,181669065258,181669065277,0,512,1,10000000
47,181669069701,181669071072,181669071093,0,512,1,10000000
47,181669075483,181669076752,181669076769,0,512,1,10000000
47,181669080421,181669081902,181669081919,0,512,1,10000000
47,181669084283,181669085549,181669085565,0,512,1,10000000
47,181669088021,181669089165,181669089180,0,512,1,10000000
47,181669091665,181669092962,181669092982,0,512,1,10000000
47,181669096542,181669097629,181669097645,0,512,1,10000000
47,181669101851,181669103034,181669103059,0,512,1,10000000
47,181669105373,181669106305,181669106323,0,512,1,10000000
47,181669128445,181669130735,181669130768,0,512,1,10000000
47,181669133638,181669134654,181669134672,0,512,1,10000000
47,181669138939,181669140455,181669140480,0,512,1,10000000
47,181669144542,181669146088,181669146111,0,512,1,10000000
47,181669150259,181669151714,181669151735,0,512,1,10000000
47,181669154792,181669155997,181669156018,0,512,1,10000000
47,181669159445,181669161093,181669161113,0,512,1,10000000
47,181669164051,181669165697,181669165719,0,512,1,10000000
47,181669168244,181669169404,181669169424,0,512,1,10000000
47,181669171978,181669173389,181669173411,0,512,1,10000000
47,181669197694,181669199689,181669199721,0,512,1,10000000
47,181669203695,181669204984,181669205008,0,512,1,10000000
47,181669208374,181669209521,181669209541,0,512,1,10000000
47,181669213504,181669214777,181669214798,0,512,1,10000000
47,181669217282,181669218169,181669218187,0,512,1,10000000
47,181669220739,181669221853,181669221873,0,512,1,10000000
47,181669224648,181669225781,181669225800,0,512,1,10000000
47,181669229156,181669230272,181669230291,0,512,1,10000000
47,181669232659,181669233763,181669233782,0,512,1,10000000
47,181669238140,181669239437,181669239459,0,512,1,10000000
47,181669243135,181669244327,181669244347,0,512,1,10000000
47,181669267337,181669269031,181669269060,0,512,1,10000000
47,181669272127,181669273434,181669273456,0,512,1,10000000
47,181669277650,181669278781,181669278800,0,512,1,10000000
47,181669282499,181669283633,181669283651,0,512,1,10000000
47,181669286993,181669288076,181669288094,0,512,1,10000000
47,181669292094,181669293395,181669293415,0,512,1,10000000
47,181669296672,181669297727,181669297744,0,512,1,10000000
47,181669299862,181669300852,181669300868,0,512,1,10000000
47,181669302748,181669303680,181669303696,0,512,1,10000000
47,181669307130,181669308387,181669308420,0,512,1,10000000
47,181669311546,181669312621,181669312637,0,512,1,10000000
47,181669336572,181669338846,181669338896,0,512,1,10000000
47,181669343923,181669345490,181669345517,0,512,1,10000000
47,181669350076,181669351484,181669351510,0,512,1,10000000
47,181669353974,181669355046,181669355066,0,512,1,10000000
47,181669359918,181669360780,181669360802,0,512,1,10000000
47,181669363513,181669364345,181669364363,0,512,1,10000000
47,181669367507,181669368379,181669368395,0,512,1,10000000
47,181669371552,181669372344,181669372361,0,512,1,10000000
47,181669374252,181669375024,181669375040,0,512,1,10000000
47,181669378540,181669379641,181669379657,0,512,1,10000000
47,181669383158,181669384137,181669384155,0,512,1,10000000
47,181669406047,181669407396,181669407432,0,512,1,10000000
47,181669411010,181669412207,181669412229,0,512,1,10000000
47,181669416851,181669417870,181669417893,0,512,1,10000000
47,181669422169,181669423120,181669423141,0,512,1,10000000
47,181669428083,181669429609,181669429632,0,512,1,10000000
47,181669433557,181669434794,181669434816,0,512,1,10000000
47,181669438573,181669439775,181669439795,0,512,1,10000000
47,181669442839,181669443984,181669444004,0,512,1,10000000
47,181669447291,181669448390,181669448410,0,512,1,10000000
47,181669451323,181669452446,181669452473,0,512,1,10000000
47,181669475578,181669477187,181669477216,0,512,1,10000000
47,181669481094,181669482282,181669482302,0,512,1,10000000
47,181669485260,181669486150,181669486170,0,512,1,10000000
47,181669489616,181669490835,181669490856,0,512,1,10000000
47,181669494057,181669494993,181669495011,0,512,1,10000000
47,181669498914,181669499854,181669499872,0,512,1,10000000
47,181669501987,181669503243,181669503268,0,512,1,10000000
47,181669506976,181669507945,181669507966,0,512,1,10000000
47,181669510134,181669511159,181669511179,0,512,1,10000000
47,181669513278,181669514092,181669514106,0,512,1,10000000
47,181669516990,181669517776,181669517790,0,512,1,10000000
47,181669520905,181669521834,181669521853,0,512,1,10000000
47,181669545120,181669546171,181669546197,0,512,1,10000000
47,181669549819,181669550620,181669550633,0,512,1,10000000
47,181669555431,181669556920,181669556942,0,512,1,10000000
47,181669561147,181669562388,181669562409,0,512,1,10000000
47,181669566868,181669568229,181669568250,0,512,1,10000000
47,181669570535,181669571880,181669571900,0,512,1,10000000
47,181669575319,181669576542,181669576565,0,512,1,10000000
47,181669578982,181669580272,181669580292,0,512,1,10000000
47,181669583461,181669584365,181669584383,0,512,1,10000000
47,181669587570,181669588655,181669588677,0,512,1,10000000
47,181669591399,181669592452,181669592469,0,512,1,10000000
47,181669614471,181669616082,181669616107,0,512,1,10000000
47,181669620382,181669621240,181669621255,0,512,1,10000000
47,181669624511,181669625323,181669625336,0,512,1,10000000
47,181669627610,181669628586,181669628603,0,512,1,10000000
47,181669632690,181669633645,181669633663,0,512,1,10000000
47,181669638099,181669639361,181669639382,0,512,1,10000000
47,181669641602,181669642665,181669642683,0,512,1,10000000
47,181669645689,181669646796,181669646816,0,512,1,10000000
47,181669649557,181669650484,181669650498,0,512,1,10000000
47,181669653349,181669654149,181669654163,0,512,1,10000000
47,181669656795,181669657621,181669657638,0,512,1,10000000
47,181669660528,181669661680,181669661699,0,512,1,10000000
47,181669683802,181669685283,181669685312,0,512,1,10000000
47,181669689151,181669690413,181669690435,0,512,1,10000000
47,181669693579,181669694818,181669694839,0,512,1,10000000
47,181669698249,181669699286,181669699312,0,512,1,10000000
47,181669701856,181669702674,181669702687,0,512,1,10000000
47,181669705738,181669706909,181669706929,0,512,1,10000000
47,181669709605,181669710758,181669710777,0,512,1,10000000
47,181669713104,181669714195,181669714214,0,512,1,10000000
47,181669717461,181669718261,181669718275,0,512,1,10000000
47,181669721069,181669721852,181669721865,0,512,1,10000000
47,181669724434,181669725202,181669725217,0,512,1,10000000
47,181669728241,181669729314,181669729331,0,512,1,10000000
47,181669752896,181669754613,181669754643,0,512,1,10000000
47,181669758188,181669759118,181669759132,0,512,1,10000000
47,181669763721,181669765205,181669765231,0,512,1,10000000
47,181669768487,181669769349,181669769365,0,512,1,10000000
47,181669773354,181669774568,181669774587,0,512,1,10000000
47,181669778149,181669779410,181669779431,0,512,1,10000000
47,181669782027,181669783096,181669783114,0,512,1,10000000
47,181669785832,181669787041,181669787062,0,512,1,10000000
47,181669791084,181669791899,181669791913,0,512,1,10000000
47,181669795364,181669797071,181669797095,0,512,1,10000000
47,181669799838,181669801009,181669801031,0,512,1,10000000
47,181669822721,181669824323,181669824347,0,512,1,10000000
47,181669827892,181669829076,181669829108,0,512,1,10000000
47,181669832828,181669834069,181669834090,0,512,1,10000000
47,181669837773,181669838924,181669838944,0,512,1,10000000
47,181669841783,181669842974,181669842996,0,512,1,10000000
47,181669847122,181669848468,181669848493,0,512,1,10000000
47,181669851391,181669852606,181669852627,0,512,1,10000000
47,181669855900,181669856769,181669856784,0,512,1,10000000
47,181669859814,181669860680,181669860696,0,512,1,10000000
47,181669863891,181669865033,181669865053,0,512,1,10000000
47,181669868031,181669869059,181669869079,0,512,1,10000000
47,181669892109,181669893878,181669893909,0,512,1,10000000
47,181669897857,181669899028,181669899050,0,512,1,10000000
47,181669902631,181669903750,181669903771,0,512,1,10000000
47,181669907093,181669908154,181669908172,0,512,1,10000000
47,181669910980,181669912333,181669912354,0,512,1,10000000
47,181669915549,181669916772,181669916792,0,512,1,10000000
47,181669920482,181669921666,181669921687,0,512,1,10000000
47,181669923926,181669924986,181669925005,0,512,1,10000000
47,181669928406,181669929241,181669929256,0,512,1,10000000
47,181669932333,181669933241,181669933257,0,512,1,10000000
47,181669937456,181669938719,181669938740,0,512,1,10000000
47,181669961670,181669963517,181669963544,0,512,1,10000000
47,181669967589,181669968886,181669968908,0,512,1,10000000
47,181669972321,181669973212,181669973227,0,512,1,10000000
47,181669976525,181669977709,181669977730,0,512,1,10000000
47,181669981542,181669982463,181669982481,0,512,1,10000000
47,181669986297,181669987563,181669987581,0,512,1,10000000
47,181669990540,181669991674,181669991694,0,512,1,10000000
47,181669993913,181669994987,181669995006,0,512,1,10000000
47,181669996866,181669997772,181669997790,0,512,1,10000000
47,181670001209,181670002051,181670002063,0,512,1,10000000
47,181670004955,181670006227,181670006247,0,512,1,10000000
47,181670008803,181670009652,181670009670,0,512,1,10000000
47,181670030925,181670032431,181670032457,0,512,1,10000000
47,181670035944,181670037433,181670037452,0,512,1,10000000
47,181670041905,181670042852,181670042870,0,512,1,10000000
47,181670046531,181670047470,181670047489,0,512,1,10000000
47,181670051033,181670052041,181670052061,0,512,1,10000000
47,181670055942,181670057015,181670057034,0,512,1,10000000
47,181670059157,181670059987,181670060004,0,512,1,10000000
47,181670061841,181670062795,181670062811,0,512,1,10000000
47,181670064828,181670065681,181670065697,0,512,1,10000000
47,181670067484,181670068254,181670068269,0,512,1,10000000
47,181670071845,181670072754,181670072772,0,512,1,10000000
47,181670075913,181670076978,181670076997,0,512,1,10000000
47,181670099967,181670101523,181670101555,0,512,1,10000000
47,181670105352,181670106569,181670106593,0,512,1,10000000
47,181670109717,181670110616,181670110636,0,512,1,10000000
47,181670115037,181670116401,181670116426,0,512,1,10000000
47,181670120628,181670121916,181670121935,0,512,1,10000000
47,181670124983,181670126199,181670126225,0,512,1,10000000
47,181670129320,181670130159,181670130175,0,512,1,10000000
47,181670133596,181670134828,181670134851,0,512,1,10000000
47,181670137908,181670138785,181670138805,0,512,1,10000000
47,181670142747,181670144192,181670144215,0,512,1,10000000
47,181670147099,181670148172,181670148192,0,512,1,10000000
47,181670169772,181670171489,181670171523,0,512,1,10000000
47,181670175275,181670176618,181670176638,0,512,1,10000000
47,181670180957,181670183154,181670183175,0,512,1,10000000
47,181670186715,181670187818,181670187841,0,512,1,10000000
47,181670191507,181670192516,181670192536,0,512,1,10000000
47,181670195110,181670195991,181670196008,0,512,1,10000000
47,181670198750,181670199554,181670199570,0,512,1,10000000
47,181670201347,181670202146,181670202163,0,512,1,10000000
47,181670204061,181670205062,181670205079,0,512,1,10000000
47,181670206937,181670207722,181670207737,0,512,1,10000000
47,181670209596,181670210401,181670210418,0,512,1,10000000
47,181670213416,181670214272,181670214290,0,512,1,10000000
47,181670217390,181670218653,181670218674,0,512,1,10000000
47,181670239353,181670240368,181670240396,0,512,1,10000000
47,181670244280,181670245733,181670245755,0,512,1,10000000
47,181670249441,181670250335,181670250348,0,512,1,10000000
47,181670253400,181670254321,181670254346,0,512,1,10000000
47,181670257361,181670258272,181670258292,0,512,1,10000000
47,181670261517,181670262686,181670262707,0,512,1,10000000
47,181670265235,181670266059,181670266076,0,512,1,10000000
47,181670268216,181670269026,181670269043,0,512,1,10000000
47,181670270952,181670271729,181670271747,0,512,1,10000000
47,181670273430,181670274341,181670274358,0,512,1,10000000
47,181670276120,181670276885,181670276900,0,512,1,10000000
47,181670279847,181670280778,181670280795,0,512,1,10000000
47,181670285357,181670286383,181670286410,0,512,1,10000000
47,181670308653,181670310224,181670310249,0,512,1,10000000
47,181670313629,181670314673,181670314693,0,512,1,10000000
47,181670318313,181670319481,181670319501,0,512,1,10000000
47,181670321656,181670322760,181670322779,0,512,1,10000000
47,181670326488,181670327657,181670327677,0,512,1,10000000
47,181670332061,181670333447,181670333467,0,512,1,10000000
47,181670336320,181670337166,181670337183,0,512,1,10000000
47,181670340367,181670341162,181670341178,0,512,1,10000000
47,181670344492,181670345382,181670345399,0,512,1,10000000
47,181670348592,181670349545,181670349560,0,512,1,10000000
47,181670351408,181670352321,181670352347,0,512,1,10000000
47,181670355894,181670356793,181670356812,0,512,1,10000000
47,181670377730,181670379577,181670379606,0,512,1,10000000
47,181670383080,181670384464,181670384486,0,512,1,10000000
47,181670387782,181670388648,181670388665,0,512,1,10000000
47,181670392460,181670393613,181670393630,0,512,1,10000000
47,181670397860,181670398768,181670398786,0,512,1,10000000
47,181670401299,181670402140,181670402156,0,512,1,10000000
47,181670403919,181670404711,181670404728,0,512,1,10000000
47,181670406543,181670407380,181670407396,0,512,1,10000000
47,181670409484,181670410360,181670410377,0,512,1,10000000
47,181670413382,181670414215,181670414232,0,512,1,10000000
47,181670417318,181670418106,181670418119,0,512,1,10000000
47,181670420819,181670422471,181670422489,0,512,1,10000000
47,181670424854,181670425934,181670425952,0,512,1,10000000
47,181670447136,181670448768,181670448803,0,512,1,10000000
47,181670452703,181670454189,181670454215,0,512,1,10000000
47,181670458535,181670459932,181670459955,0,512,1,10000000
47,181670463967,181670465216,181670465235,0,512,1,10000000
47,181670469263,181670470160,181670470179,0,512,1,10000000
47,181670473510,181670474344,181670474362,0,512,1,10000000
47,181670477210,181670478226,181670478247,0,512,1,10000000
47,181670480607,181670481448,181670481464,0,512,1,10000000
47,181670483320,181670484182,181670484198,0,512,1,10000000
47,181670486739,181670487537,181670487551,0,512,1,10000000
47,181670490722,181670491682,181670491700,0,512,1,10000000
47,181670494604,181670495420,181670495436,0,512,1,10000000
47,181670516905,181670518577,181670518602,0,512,1,10000000
47,181670523122,181670524315,181670524334,0,512,1,10000000
47,181670527226,181670528092,181670528109,0,512,1,10000000
47,181670531189,181670532136,181670532155,0,512,1,10000000
47,181670534718,181670535690,181670535709,0,512,1,10000000
47,181670540153,181670541151,181670541171,0,512,1,10000000
47,181670543201,181670544101,181670544121,0,512,1,10000000
47,181670547281,181670548058,181670548071,0,512,1,10000000
47,181670550959,181670551881,181670551896,0,512,1,10000000
47,181670554838,181670555618,181670555635,0,512,1,10000000
47,181670559318,181670560828,181670560851,0,512,1,10000000
47,181670564133,181670565014,181670565031,0,512,1,10000000
47,181670586524,181670587990,181670588013,0,512,1,10000000
47,181670591496,181670592536,181670592551,0,512,1,10000000
47,181670595641,181670596673,181670596692,0,512,1,10000000
47,181670600971,181670602145,181670602165,0,512,1,10000000
47,181670606566,181670607881,181670607902,0,512,1,10000000
47,181670611007,181670612233,181670612252,0,512,1,10000000
47,181670615402,181670616275,181670616292,0,512,1,10000000
47,181670618733,181670619847,181670619867,0,512,1,10000000
47,181670623102,181670623956,181670623974,0,512,1,10000000
47,181670627135,181670627941,181670627956,0,512,1,10000000
47,181670631264,181670632432,181670632451,0,512,1,10000000
47,181670655802,181670657334,181670657361,0,512,1,10000000
47,181670660798,181670662115,181670662136,0,512,1,10000000
47,181670664986,181670665934,181670665949,0,512,1,10000000
47,181670669905,181670671055,181670671075,0,512,1,10000000
47,181670674110,181670675246,181670675265,0,512,1,10000000
47,181670678115,181670679181,181670679198,0,512,1,10000000
47,181670681385,181670682487,181670682505,0,512,1,10000000
47,181670684818,181670685652,181670685670,0,512,1,10000000
47,181670689029,181670689815,181670689831,0,512,1,10000000
47,181670692738,181670693516,181670693529,0,512,1,10000000
47,181670696372,181670697465,181670697484,0,512,1,10000000
47,181670700818,181670701695,181670701714,0,512,1,10000000
47,181670724968,181670726444,181670726472,0,512,1,10000000
47,181670730721,181670731603,181670731618,0,512,1,10000000
47,181670735788,181670737175,181670737198,0,512,1,10000000
47,181670740371,181670741245,181670741262,0,512,1,10000000
47,181670745683,181670746578,181670746595,0,512,1,10000000
47,181670750133,181670750982,181670750998,0,512,1,10000000
47,181670753955,181670755170,181670755192,0,512,1,10000000
47,181670757545,181670758692,181670758713,0,512,1,10000000
47,181670761385,181670762530,181670762549,0,512,1,10000000
47,181670766297,181670767116,181670767131,0,512,1,10000000
47,181670770314,181670771277,181670771303,0,512,1,10000000
47,181670794801,181670795824,181670795843,0,512,1,10000000
47,181670799673,181670801065,181670801087,0,512,1,10000000
47,181670805630,181670806940,181670806961,0,512,1,10000000
47,181670811085,181670812237,181670812256,0,512,1,10000000
47,181670816563,181670817508,181670817530,0,512,1,10000000
47,181670820040,181670820919,181670820937,0,512,1,10000000
47,181670823579,181670824388,181670824406,0,512,1,10000000
47,181670827344,181670828633,181670828653,0,512,1,10000000
47,181670831273,181670832322,181670832341,0,512,1,10000000
47,181670835947,181670836830,181670836846,0,512,1,10000000
47,181670840503,181670841755,181670841774,0,512,1,10000000
47,181670864174,181670865337,181670865359,0,512,1,10000000
47,181670869111,181670870485,181670870507,0,512,1,10000000
47,181670873852,181670874718,181670874734,0,512,1,10000000
47,181670878708,181670880064,181670880087,0,512,1,10000000
47,181670884247,181670885162,181670885188,0,512,1,10000000
47,181670888898,181670889835,181670889854,0,512,1,10000000
47,181670892343,181670893140,181670893157,0,512,1,10000000
47,181670895728,181670896559,181670896576,0,512,1,10000000
47,181670898618,181670899704,181670899728,0,512,1,10000000
47,181670902821,181670903597,181670903610,0,512,1,10000000
47,181670906988,181670908165,181670908186,0,512,1,10000000
47,181670911652,181670912505,181670912520,0,512,1,10000000
47,181670933836,181670935130,181670935165,0,512,1,10000000
47,181670938768,181670939723,181670939743,0,512,1,10000000
47,181670944309,181670945239,181670945256,0,512,1,10000000
47,181670949768,181670951180,181670951207,0,512,1,10000000
47,181670955533,181670956807,181670956829,0,512,1,10000000
47,181670959127,181670960277,181670960298,0,512,1,10000000
47,181670963549,181670965049,181670965072,0,512,1,10000000
47,181670967394,181670968358,181670968374,0,512,1,10000000
47,181670971263,181670972372,181670972388,0,512,1,10000000
47,181670976819,181670977920,181670977941,0,512,1,10000000
47,181670980840,181670981969,181670981988,0,512,1,10000000
47,181671002656,181671004577,181671004614,0,512,1,10000000
47,181671008455,181671009842,181671009862,0,512,1,10000000
47,181671019126,181671020235,181671020255,0,512,1,10000000
47,181671022576,181671023600,181671023619,0,512,1,10000000
47,181671027575,181671028788,181671028807,0,512,1,10000000
47,181671030998,181671032062,181671032080,0,512,1,10000000
47,181671034821,181671036111,181671036132,0,512,1,10000000
47,181671039330,181671040172,181671040185,0,512,1,10000000
47,181671043117,181671043911,181671043924,0,512,1,10000000
47,181671047196,181671048182,181671048202,0,512,1,10000000
47,181671072522,181671074311,181671074358,0,512,1,10000000
47,181671078329,181671079576,181671079597,0,512,1,10000000
47,181671083823,181671085335,181671085357,0,512,1,10000000
47,181671088774,181671089861,181671089880,0,512,1,10000000
47,181671094130,181671095123,181671095142,0,512,1,10000000
47,181671097219,181671098134,181671098151,0,512,1,10000000
47,181671100233,181671101030,181671101046,0,512,1,10000000
47,181671103683,181671104500,181671104517,0,512,1,10000000
47,181671106494,181671107514,181671107531,0,512,1,10000000
47,181671110360,181671111539,181671111557,0,512,1,10000000
47,181671114808,181671115862,181671115880,0,512,1,10000000
47,181671118602,181671119512,181671119527,0,512,1,10000000
47,181671141812,181671143520,181671143561,0,512,1,10000000
47,181671147881,181671148966,181671148983,0,512,1,10000000
47,181671152658,181671154067,181671154098,0,512,1,10000000
47,181671158261,181671159628,181671159651,0,512,1,10000000
47,181671162614,181671163552,181671163570,0,512,1,10000000
47,181671166479,181671167643,181671167662,0,512,1,10000000
47,181671169968,181671171091,181671171110,0,512,1,10000000
47,181671174075,181671175207,181671175228,0,512,1,10000000
47,181671178021,181671179116,181671179134,0,512,1,10000000
47,181671181430,181671182584,181671182604,0,512,1,10000000
47,181671185650,181671186621,181671186642,0,512,1,10000000
47,181671189189,181671190333,181671190353,0,512,1,10000000
47,181671211178,181671212677,181671212701,0,512,1,10000000
47,181671216297,181671217395,181671217424,0,512,1,10000000
47,181671222228,181671223258,181671223280,0,512,1,10000000
47,181671227552,181671228446,181671228465,0,512,1,10000000
47,181671233193,181671234449,181671234470,0,512,1,10000000
47,181671236989,181671237973,181671237991,0,512,1,10000000
47,181671239978,181671241062,181671241086,0,512,1,10000000
47,181671245278,181671246328,181671246346,0,512,1,10000000
47,181671249669,181671250946,181671250964,0,512,1,10000000
47,181671254155,181671255225,181671255241,0,512,1,10000000
47,181671259568,181671260785,181671260815,0,512,1,10000000
47,181671280769,181671282562,181671282598,0,512,1,10000000
47,181671286638,181671287576,181671287592,0,512,1,10000000
47,181671290537,181671291471,181671291491,0,512,1,10000000
47,181671295111,181671296061,181671296077,0,512,1,10000000
47,181671299567,181671300710,181671300739,0,512,1,10000000
47,181671304234,181671305132,181671305149,0,512,1,10000000
47,181671307319,181671308172,181671308188,0,512,1,10000000
47,181671310455,181671311261,181671311278,0,512,1,10000000
47,181671313145,181671313951,181671313968,0,512,1,10000000
47,181671315741,181671316547,181671316563,0,512,1,10000000
47,181671319088,181671319957,181671319971,0,512,1,10000000
47,181671323148,181671323997,181671324013,0,512,1,10000000
47,181671326851,181671327758,181671327772,0,512,1,10000000
47,181671350113,181671352023,181671352048,0,512,1,10000000
47,181671356814,181671357918,181671357935,0,512,1,10000000
47,181671360921,181671362743,181671362766,0,512,1,10000000
47,181671366643,181671367552,181671367615,0,512,1,10000000
47,181671371772,181671372714,181671372733,0,512,1,10000000
47,181671374953,181671375777,181671375793,0,512,1,10000000
47,181671377673,181671378450,181671378465,0,512,1,10000000
47,181671380874,181671381734,181671381751,0,512,1,10000000
47,181671383508,181671384290,181671384306,0,512,1,10000000
47,181671386383,181671387348,181671387372,0,512,1,10000000
47,181671392041,181671393826,181671393849,0,512,1,10000000
47,181671396759,181671399112,181671399138,0,512,1,10000000
47,181671419310,181671421007,181671421033,0,512,1,10000000
47,181671424647,181671425617,181671425633,0,512,1,10000000
47,181671430420,181671432033,181671432059,0,512,1,10000000
47,181671435834,181671436956,181671436978,0,512,1,10000000
47,181671441421,181671442323,181671442341,0,512,1,10000000
47,181671446239,181671447099,181671447116,0,512,1,10000000
47,181671448974,181671449841,181671449859,0,512,1,10000000
47,181671451883,181671452979,181671452999,0,512,1,10000000
47,181671455900,181671457702,181671457725,0,512,1,10000000
47,181671461972,181671462916,181671462935,0,512,1,10000000
47,181671465824,181671466905,181671466927,0,512,1,10000000
47,181671488712,181671490407,181671490436,0,512,1,10000000
47,181671494001,181671494939,181671494956,0,512,1,10000000
47,181671499495,181671500464,181671500490,0,512,1,10000000
47,181671505289,181671506254,181671506273,0,512,1,10000000
47,181671510923,181671511877,181671511896,0,512,1,10000000
47,181671513756,181671514557,181671514572,0,512,1,10000000
47,181671516814,181671517690,181671517707,0,512,1,10000000
47,181671520233,181671521037,181671521054,0,512,1,10000000
47,181671524525,181671525366,181671525380,0,512,1,10000000
47,181671528403,181671529219,181671529235,0,512,1,10000000
47,181671532822,181671534230,181671534250,0,512,1,10000000
47,181671537525,181671538592,181671538618,0,512,1,10000000
47,181671558636,181671559608,181671559626,0,512,1,10000000
47,181671563460,181671564437,181671564454,0,512,1,10000000
47,181671569007,181671570488,181671570514,0,512,1,10000000
47,181671574837,181671575787,181671575807,0,512,1,10000000
47,181671580128,181671581104,181671581124,0,512,1,10000000
47,181671583865,181671584847,181671584868,0,512,1,10000000
47,181671587497,181671588298,181671588313,0,512,1,10000000
47,181671590135,181671590870,181671590881,0,512,1,10000000
47,181671593850,181671595061,181671595081,0,512,1,10000000
47,181671597367,181671598520,181671598540,0,512,1,10000000
47,181671602549,181671603659,181671603678,0,512,1,10000000
47,181671606044,181671606859,181671606876,0,512,1,10000000
47,181671628165,181671630191,181671630218,0,512,1,10000000
47,181671633460,181671634286,181671634303,0,512,1,10000000
47,181671639304,181671640719,181671640740,0,512,1,10000000
47,181671644875,181671646101,181671646121,0,512,1,10000000
47,181671649649,181671650889,181671650908,0,512,1,10000000
47,181671653072,181671654400,181671654420,0,512,1,10000000
47,181671657106,181671658363,181671658385,0,512,1,10000000
47,181671661762,181671662647,181671662662,0,512,1,10000000
47,181671665850,181671666711,181671666730,0,512,1,10000000
47,181671670665,181671671807,181671671827,0,512,1,10000000
47,181671674509,181671675516,181671675534,0,512,1,10000000
47,181671696881,181671698542,181671698569,0,512,1,10000000
47,181671702869,181671704306,181671704329,0,512,1,10000000
47,181671708223,181671709601,181671709624,0,512,1,10000000
47,181671713600,181671714979,181671715000,0,512,1,10000000
47,181671719150,181671720255,181671720273,0,512,1,10000000
47,181671723383,181671724368,181671724386,0,512,1,10000000
47,181671726867,181671727810,181671727826,0,512,1,10000000
47,181671729947,181671731035,181671731054,0,512,1,10000000
47,181671733319,181671734296,181671734313,0,512,1,10000000
47,181671738522,181671739800,181671739821,0,512,1,10000000
47,181671743973,181671745193,181671745215,0,512,1,10000000
47,181671766308,181671768372,181671768407,0,512,1,10000000
47,181671771757,181671773380,181671773406,0,512,1,10000000
47,181671777629,181671779041,181671779062,0,512,1,10000000
47,181671783186,181671784533,181671784554,0,512,1,10000000
47,181671788688,181671789983,181671790006,0,512,1,10000000
47,181671794223,181671795445,181671795465,0,512,1,10000000
47,181671798649,181671799881,181671799903,0,512,1,10000000
47,181671803501,181671804600,181671804621,0,512,1,10000000
47,181671806839,181671807958,181671807981,0,512,1,10000000
47,181671811623,181671813080,181671813100,0,512,1,10000000
47,181671836220,181671838237,181671838263,0,512,1,10000000
47,181671841821,181671842758,181671842775,0,512,1,10000000
47,181671845616,181671846461,181671846480,0,512,1,10000000
47,181671851878,181671852888,181671852908,0,512,1,10000000
47,181671855894,181671856788,181671856805,0,512,1,10000000
47,181671860717,181671862099,181671862122,0,512,1,10000000
47,181671864344,181671865168,181671865184,0,512,1,10000000
47,181671867050,181671867834,181671867850,0,512,1,10000000
47,181671869649,181671870478,181671870501,0,512,1,10000000
47,181671873708,181671874499,181671874513,0,512,1,10000000
47,181671877180,181671877935,181671877949,0,512,1,10000000
47,181671882525,181671883464,181671883481,0,512,1,10000000
47,181671905791,181671907401,181671907436,0,512,1,10000000
47,181671912974,181671914269,181671914295,0,512,1,10000000
47,181671917645,181671918832,181671918848,0,512,1,10000000
47,181671923252,181671924558,181671924579,0,512,1,10000000
47,181671928518,181671929793,181671929813,0,512,1,10000000
47,181671933688,181671935098,181671935119,0,512,1,10000000
47,181671938200,181671939310,181671939329,0,512,1,10000000
47,181671941568,181671942864,181671942885,0,512,1,10000000
47,181671945306,181671946531,181671946550,0,512,1,10000000
47,181671949985,181671951289,181671951308,0,512,1,10000000
47,181671975165,181671976912,181671976943,0,512,1,10000000
47,181671980847,181671982157,181671982180,0,512,1,10000000
47,181671985909,181671987302,181671987325,0,512,1,10000000
47,181671991390,181671992779,181671992801,0,512,1,10000000
47,181671996902,181671998332,181671998353,0,512,1,10000000
47,181672002837,181672003756,181672003774,0,512,1,10000000
47,181672007574,181672008811,181672008830,0,512,1,10000000
47,181672011851,181672013100,181672013119,0,512,1,10000000
47,181672017608,181672018690,181672018709,0,512,1,10000000
47,181672022682,181672023652,181672023670,0,512,1,10000000
47,181672044472,181672045933,181672045958,0,512,1,10000000
47,181672050233,181672051179,181672051195,0,512,1,10000000
47,181672055096,181672056536,181672056561,0,512,1,10000000
47,181672060976,181672062014,181672062034,0,512,1,10000000
47,181672066044,181672067340,181672067363,0,512,1,10000000
47,181672070549,181672071400,181672071418,0,512,1,10000000
47,181672073299,181672074105,181672074121,0,512,1,10000000
47,181672077346,181672078362,181672078388,0,512,1,10000000
47,181672081244,181672082144,181672082164,0,512,1,10000000
47,181672084294,181672085228,181672085246,0,512,1,10000000
47,181672088966,181672090007,181672090026,0,512,1,10000000
47,181672092525,181672093559,181672093576,0,512,1,10000000
47,181672113680,181672115246,181672115269,0,512,1,10000000
47,181672119619,181672120783,181672120805,0,512,1,10000000
47,181672124784,181672126168,181672126190,0,512,1,10000000
47,181672129788,181672130966,181672130986,0,512,1,10000000
47,181672135690,181672136920,181672136940,0,512,1,10000000
47,181672139126,181672140221,181672140240,0,512,1,10000000
47,181672144171,181672145409,181672145432,0,512,1,10000000
47,181672148384,181672149205,181672149223,0,512,1,10000000
47,181672152780,181672153765,181672153786,0,512,1,10000000
47,181672157457,181672158870,181672158887,0,512,1,10000000
47,181672162993,181672164137,181672164158,0,512,1,10000000
47,181672182927,181672184515,181672184545,0,512,1,10000000
47,181672188324,181672189722,181672189747,0,512,1,10000000
47,181672194233,181672196547,181672196592,0,512,1,10000000
47,181672200470,181672201433,181672201454,0,512,1,10000000
47,181672204911,181672206084,181672206113,0,512,1,10000000
47,181672208172,181672209001,181672209019,0,512,1,10000000
47,181672211615,181672212430,181672212447,0,512,1,10000000
47,181672214622,181672215415,181672215431,0,512,1,10000000
47,181672217205,181672218237,181672218261,0,512,1,10000000
47,181672220610,181672221587,181672221605,0,512,1,10000000
47,181672224107,181672224890,181672224907,0,512,1,10000000
47,181672228160,181672229234,181672229253,0,512,1,10000000
47,181672252707,181672254373,181672254398,0,512,1,10000000
47,181672258504,181672259979,181672260001,0,512,1,10000000
47,181672264158,181672265311,181672265333,0,512,1,10000000
47,181672268878,181672270120,181672270141,0,512,1,10000000
47,181672274672,181672275809,181672275826,0,512,1,10000000
47,181672280059,181672281160,181672281181,0,512,1,10000000
47,181672283774,181672284935,181672284956,0,512,1,10000000
47,181672287637,181672288993,181672289013,0,512,1,10000000
47,181672292916,181672294197,181672294219,0,512,1,10000000
47,181672297837,181672298924,181672298944,0,512,1,10000000
47,181672321819,181672323695,181672323731,0,512,1,10000000
47,181672327581,181672328932,181672328959,0,512,1,10000000
47,181672333050,181672334497,181672334521,0,512,1,10000000
47,181672338805,181672340120,181672340146,0,512,1,10000000
47,181672344069,181672345442,181672345466,0,512,1,10000000
47,181672348872,181672350057,181672350078,0,512,1,10000000
47,181672353642,181672354532,181672354547,0,512,1,10000000
47,181672358156,181672359334,181672359355,0,512,1,10000000
47,181672363283,181672364229,181672364255,0,512,1,10000000
47,181672367649,181672368796,181672368816,0,512,1,10000000
47,181672391468,181672393249,181672393286,0,512,1,10000000
47,181672396657,181672398033,181672398055,0,512,1,10000000
47,181672402615,181672404091,181672404114,0,512,1,10000000
47,181672408143,181672409084,181672409112,0,512,1,10000000
47,181672413388,181672414398,181672414426,0,512,1,10000000
47,181672417209,181672418234,181672418254,0,512,1,10000000
47,181672420947,181672421780,181672421798,0,512,1,10000000
47,181672423686,181672424490,181672424507,0,512,1,10000000
47,181672426764,181672427582,181672427597,0,512,1,10000000
47,181672429433,181672430291,181672430308,0,512,1,10000000
47,181672433580,181672434525,181672434551,0,512,1,10000000
47,181672438667,181672440094,181672440114,0,512,1,10000000
47,181672461187,181672462563,181672462587,0,512,1,10000000
47,181672465932,181672467095,181672467116,0,512,1,10000000
47,181672471140,181672472431,181672472453,0,512,1,10000000
47,181672475312,181672476204,181672476221,0,512,1,10000000
47,181672478950,181672480081,181672480108,0,512,1,10000000
47,181672482446,181672483330,181672483348,0,512,1,10000000
47,181672485702,181672486646,181672486666,0,512,1,10000000
47,181672488546,181672489471,181672489485,0,512,1,10000000
47,181672492674,181672493507,181672493523,0,512,1,10000000
47,181672496788,181672497670,181672497688,0,512,1,10000000
47,181672500941,181672501743,181672501759,0,512,1,10000000
47,181672505283,181672506177,181672506203,0,512,1,10000000
47,181672509547,181672510450,181672510470,0,512,1,10000000
47,181672530233,181672531676,181672531710,0,512,1,10000000
47,181672536128,181672536990,181672537004,0,512,1,10000000
47,181672541248,181672543142,181672543164,0,512,1,10000000
47,181672546840,181672548098,181672548119,0,512,1,10000000
47,181672552001,181672553030,181672553049,0,512,1,10000000
47,181672556410,181672557254,181672557271,0,512,1,10000000
47,181672559078,181672559866,181672559881,0,512,1,10000000
47,181672563672,181672564447,181672564462,0,512,1,10000000
47,181672566592,181672567469,181672567486,0,512,1,10000000
47,181672569371,181672570105,181672570118,0,512,1,10000000
47,181672573968,181672574876,181672574890,0,512,1,10000000
47,181672577097,181672577859,181672577873,0,512,1,10000000
47,181672599920,181672601770,181672601797,0,512,1,10000000
47,181672604989,181672605858,181672605876,0,512,1,10000000
47,181672609395,181672610761,181672610782,0,512,1,10000000
47,181672614782,181672615727,181672615818,0,512,1,10000000
47,181672619864,181672620841,181672620862,0,512,1,10000000
47,181672624574,181672625950,181672625974,0,512,1,10000000
47,181672628681,181672629793,181672629812,0,512,1,10000000
47,181672632707,181672633501,181672633515,0,512,1,10000000
47,181672637494,181672638354,181672638371,0,512,1,10000000
47,181672641229,181672642041,181672642059,0,512,1,10000000
47,181672645836,181672646960,181672646979,0,512,1,10000000
47,181672669241,181672670782,181672670807,0,512,1,10000000
47,181672675223,181672676537,181672676557,0,512,1,10000000
47,181672680358,181672681820,181672681840,0,512,1,10000000
47,181672685651,181672686807,181672686828,0,512,1,10000000
47,181672690879,181672691925,181672691945,0,512,1,10000000
47,181672694577,181672695427,181672695443,0,512,1,10000000
47,181672698192,181672699283,181672699302,0,512,1,10000000
47,181672701517,181672702585,181672702604,0,512,1,10000000
47,181672704839,181672705951,181672705969,0,512,1,10000000
47,181672709689,181672710490,181672710503,0,512,1,10000000
47,181672713558,181672715026,181672715047,0,512,1,10000000
47,181672739026,181672740922,181672740963,0,512,1,10000000
47,181672744587,181672745469,181672745487,0,512,1,10000000
47,181672749600,181672751122,181672751146,0,512,1,10000000
47,181672755028,181672756127,181672756147,0,512,1,10000000
47,181672760936,181672761882,181672761897,0,512,1,10000000
47,181672765397,181672767122,181672767144,0,512,1,10000000
47,181672770965,181672771984,181672772003,0,512,1,10000000
47,181672775326,181672776656,181672776676,0,512,1,10000000
47,181672778999,181672780018,181672780037,0,512,1,10000000
47,181672783414,181672784548,181672784569,0,512,1,10000000
47,181672808138,181672809410,181672809432,0,512,1,10000000
47,181672813166,181672814417,181672814437,0,512,1,10000000
47,181672817429,181672818614,181672818633,0,512,1,10000000
47,181672821146,181672822207,181672822225,0,512,1,10000000
47,181672824500,181672825549,181672825565,0,512,1,10000000
47,181672830113,181672831087,181672831105,0,512,1,10000000
47,181672834864,181672835965,181672835985,0,512,1,10000000
47,181672839258,181672840254,181672840273,0,512,1,10000000
47,181672843498,181672844544,181672844562,0,512,1,10000000
47,181672847431,181672848516,181672848535,0,512,1,10000000
47,181672851555,181672852926,181672852950,0,512,1,10000000
47,181672855394,181672856567,181672856587,0,512,1,10000000
47,181672877398,181672879005,181672879031,0,512,1,10000000
47,181672882759,181672883703,181672883718,0,512,1,10000000
47,181672888084,181672889331,181672889356,0,512,1,10000000
47,181672892233,181672893124,181672893143,0,512,1,10000000
47,181672897536,181672898471,181672898490,0,512,1,10000000
47,181672901498,181672902493,181672902508,0,512,1,10000000
47,181672905843,181672906982,181672907001,0,512,1,10000000
47,181672910578,181672911778,181672911800,0,512,1,10000000
47,181672914096,181672915039,181672915056,0,512,1,10000000
47,181672918182,181672919235,181672919255,0,512,1,10000000
47,181672922636,181672923649,181672923666,0,512,1,10000000
47,181672947204,181672949129,181672949178,0,512,1,10000000
47,181672953058,181672954061,181672954082,0,512,1,10000000
47,181672957646,181672959660,181672959684,0,512,1,10000000
47,181672963478,181672964397,181672964416,0,512,1,10000000
47,181672968800,181672969923,181672969941,0,512,1,10000000
47,181672972985,181672974106,181672974125,0,512,1,10000000
47,181672976504,181672977338,181672977356,0,512,1,10000000
47,181672979169,181672980004,181672980021,0,512,1,10000000
47,181672983108,181672984394,181672984414,0,512,1,10000000
47,181672988099,181672988912,181672988928,0,512,1,10000000
47,181672992532,181672993597,181672993615,0,512,1,10000000
47,181673016481,181673018448,181673018470,0,512,1,10000000
47,181673021901,181673022840,181673022855,0,512,1,10000000
47,181673027173,181673028698,181673028723,0,512,1,10000000
47,181673032987,181673034302,181673034321,0,512,1,10000000
47,181673038066,181673039080,181673039099,0,512,1,10000000
47,181673042082,181673042968,181673042986,0,512,1,10000000
47,181673045340,181673046228,181673046247,0,512,1,10000000
47,181673048463,181673049292,181673049309,0,512,1,10000000
47,181673051180,181673051962,181673051977,0,512,1,10000000
47,181673055141,181673056099,181673056114,0,512,1,10000000
47,181673059764,181673060885,181673060906,0,512,1,10000000
47,181673063823,181673064755,181673064774,0,512,1,10000000
47,181673085993,181673087285,181673087308,0,512,1,10000000
47,181673090869,181673092343,181673092368,0,512,1,10000000
47,181673096112,181673097170,181673097189,0,512,1,10000000
47,181673100514,181673101428,181673101447,0,512,1,10000000
47,181673103703,181673104841,181673104860,0,512,1,10000000
47,181673109123,181673110422,181673110444,0,512,1,10000000
47,181673112819,181673113957,181673113976,0,512,1,10000000
47,181673117560,181673118698,181673118720,0,512,1,10000000
47,181673121005,181673121806,181673121821,0,512,1,10000000
47,181673125132,181673125938,181673125952,0,512,1,10000000
47,181673128621,181673129816,181673129836,0,512,1,10000000
47,181673131888,181673132672,181673132686,0,512,1,10000000
47,181673155057,181673156442,181673156483,0,512,1,10000000
47,181673160338,181673161596,181673161619,0,512,1,10000000
47,181673164784,181673165822,181673165839,0,512,1,10000000
47,181673169755,181673170799,181673170827,0,512,1,10000000
47,181673175208,181673176475,181673176499,0,512,1,10000000
47,181673180301,181673181370,181673181398,0,512,1,10000000
47,181673183667,181673184487,181673184504,0,512,1,10000000
47,181673186623,181673187680,181673187698,0,512,1,10000000
47,181673191542,181673192409,181673192427,0,512,1,10000000
47,181673195651,181673196474,181673196489,0,512,1,10000000
47,181673199468,181673200512,181673200531,0,512,1,10000000
47,181673224400,181673225705,181673225734,0,512,1,10000000
47,181673229792,181673230893,181673230910,0,512,1,10000000
47,181673235268,181673236671,181673236694,0,512,1,10000000
47,181673240092,181673240995,181673241016,0,512,1,10000000
47,181673244426,181673245597,181673245618,0,512,1,10000000
47,181673248939,181673250030,181673250050,0,512,1,10000000
47,181673252790,181673253852,181673253870,0,512,1,10000000
47,181673256901,181673258309,181673258331,0,512,1,10000000
47,181673261529,181673262589,181673262614,0,512,1,10000000
47,181673265856,181673266649,181673266665,0,512,1,10000000
47,181673269649,181673270554,181673270571,0,512,1,10000000
47,181673294393,181673295623,181673295647,0,512,1,10000000
47,181673299236,181673300071,181673300087,0,512,1,10000000
47,181673302838,181673303627,181673303640,0,512,1,10000000
47,181673308265,181673309482,181673309501,0,512,1,10000000
47,181673312897,181673314149,181673314166,0,512,1,10000000
47,181673316317,181673317268,181673317284,0,512,1,10000000
47,181673319885,181673320922,181673320937,0,512,1,10000000
47,181673323130,181673324452,181673324473,0,512,1,10000000
47,181673328601,181673329510,181673329537,0,512,1,10000000
47,181673332500,181673333414,181673333429,0,512,1,10000000
47,181673336352,181673337260,181673337276,0,512,1,10000000
47,181673339479,181673340418,181673340437,0,512,1,10000000
47,181673363280,181673364700,181673364731,0,512,1,10000000
47,181673370399,181673371556,181673371575,0,512,1,10000000
47,181673375876,181673377002,181673377021,0,512,1,10000000
47,181673380345,181673381509,181673381532,0,512,1,10000000
47,181673385537,181673386606,181673386635,0,512,1,10000000
47,181673389080,181673390095,181673390119,0,512,1,10000000
47,181673392145,181673393025,181673393041,0,512,1,10000000
47,181673395788,181673396948,181673396967,0,512,1,10000000
47,181673399833,181673400798,181673400816,0,512,1,10000000
47,181673403909,181673404765,181673404783,0,512,1,10000000
47,181673408110,181673409159,181673409177,0,512,1,10000000
47,181673433280,181673435251,181673435295,0,512,1,10000000
47,181673439979,181673441518,181673441546,0,512,1,10000000
47,181673445493,181673446417,181673446435,0,512,1,10000000
47,181673449577,181673450464,181673450483,0,512,1,10000000
