index,begin_qpc,end_qpc,hresult,flags,successful_present,qpc_frequency
0,181993115666,181993201663,0,0,1,10000000
1,181993214289,181993223234,0,0,1,10000000
2,181993377965,181993381892,0,0,1,10000000
3,181994696222,181994699608,0,0,1,10000000
4,181994703488,181994706432,0,0,1,10000000
5,181995333479,181995337459,0,0,1,10000000
6,181995342122,181995344656,0,0,1,10000000
7,181995347258,181995354410,0,0,1,10000000
8,181995497935,181995502008,0,0,1,10000000
9,181995525464,181995528311,0,0,1,10000000
10,181996185267,181996187779,0,0,1,10000000
11,181996189857,181996192182,0,0,1,10000000
12,181996823491,181996825577,0,0,1,10000000
13,181996830447,181996832420,0,0,1,10000000
14,181996844289,181996846149,0,0,1,10000000
15,181996851035,181996852350,0,0,1,10000000
16,181996856735,181996858246,0,0,1,10000000
17,181997487221,181997489018,0,0,1,10000000
18,181997492423,181997494293,0,0,1,10000000
19,181997497545,181997498895,0,0,1,10000000
20,181997503226,181997505451,0,0,1,10000000
21,181997509466,181997510833,0,0,1,10000000
22,181997515546,181997517625,0,0,1,10000000
23,181997537464,181997538911,0,0,1,10000000
24,181997542696,181997543848,0,0,1,10000000
25,181998240228,181998242163,0,0,1,10000000
26,181998246203,181998247521,0,0,1,10000000
27,181998892103,181998894829,0,0,1,10000000
28,181998898697,181998900527,0,0,1,10000000
29,181998927557,181998929769,0,0,1,10000000
30,181998936601,181998938769,0,0,1,10000000
31,181998947238,181998949034,0,0,1,10000000
32,181998963354,181998964670,0,0,1,10000000
33,181999601802,181999604531,0,0,1,10000000
34,181999610397,181999612379,0,0,1,10000000
35,181999622381,181999626779,0,0,1,10000000
36,182000262866,182000264990,0,0,1,10000000
37,182000271580,182000273410,0,0,1,10000000
38,182000278874,182000281177,0,0,1,10000000
39,182000286878,182000288785,0,0,1,10000000
40,182000936799,182000938849,0,0,1,10000000
41,182000942551,182000944230,0,0,1,10000000
42,182000955166,182000956642,0,0,1,10000000
43,182000964149,182000965714,0,0,1,10000000
44,182001591404,182001593438,0,0,1,10000000
45,182001597248,182001598879,0,0,1,10000000
46,182001607908,182001609987,0,0,1,10000000
47,182001635110,182001636324,0,0,1,10000000
48,182001643814,182001646029,0,0,1,10000000
49,182002284229,182002286691,0,0,1,10000000
50,182002292183,182002294476,0,0,1,10000000
51,182002296851,182002298308,0,0,1,10000000
52,182002328231,182002330110,0,0,1,10000000
53,182002985065,182002986842,0,0,1,10000000
54,182002991549,182002993213,0,0,1,10000000
55,182003024345,182003026102,0,0,1,10000000
56,182003646747,182003648562,0,0,1,10000000
57,182003653633,182003655553,0,0,1,10000000
58,182003670292,182003672527,0,0,1,10000000
59,182004307043,182004309457,0,0,1,10000000
60,182004312288,182004314000,0,0,1,10000000
61,182004342597,182004344528,0,0,1,10000000
62,182004351355,182004353461,0,0,1,10000000
63,182004383718,182004385413,0,0,1,10000000
64,182005074202,182005077406,0,0,1,10000000
65,182005081000,182005083175,0,0,1,10000000
66,182005105850,182005107819,0,0,1,10000000
67,182005800411,182005802108,0,0,1,10000000
68,182005808180,182005809601,0,0,1,10000000
69,182005822423,182005823826,0,0,1,10000000
70,182006467588,182006470199,0,0,1,10000000
71,182006473734,182006474847,0,0,1,10000000
72,182006494785,182006496328,0,0,1,10000000
73,182007122248,182007123757,0,0,1,10000000
74,182007126424,182007128203,0,0,1,10000000
75,182007144237,182007145662,0,0,1,10000000
76,182007153144,182007155195,0,0,1,10000000
77,182007188140,182007190310,0,0,1,10000000
78,182007815877,182007817361,0,0,1,10000000
79,182007820846,182007822414,0,0,1,10000000
80,182007839006,182007840444,0,0,1,10000000
81,182008502250,182008504724,0,0,1,10000000
82,182008508693,182008510403,0,0,1,10000000
83,182008530316,182008531749,0,0,1,10000000
84,182009168998,182009170654,0,0,1,10000000
85,182009174603,182009176787,0,0,1,10000000
86,182009202528,182009203828,0,0,1,10000000
87,182009829505,182009831437,0,0,1,10000000
88,182009833578,182009835255,0,0,1,10000000
89,182009850161,182009851655,0,0,1,10000000
90,182009857471,182009858633,0,0,1,10000000
91,182009896011,182009897611,0,0,1,10000000
92,182010525315,182010527111,0,0,1,10000000
93,182010531135,182010532898,0,0,1,10000000
94,182010545753,182010547574,0,0,1,10000000
95,182011171091,182011172720,0,0,1,10000000
96,182011176726,182011178479,0,0,1,10000000
97,182011216394,182011218328,0,0,1,10000000
98,182011226770,182011228122,0,0,1,10000000
99,182011237541,182011238852,0,0,1,10000000
100,182011905088,182011910384,0,0,1,10000000
101,182011918766,182011921011,0,0,1,10000000
102,182012589044,182012590873,0,0,1,10000000
103,182012594189,182012595575,0,0,1,10000000
104,182012612155,182012613615,0,0,1,10000000
105,182013244319,182013246434,0,0,1,10000000
106,182013250509,182013251997,0,0,1,10000000
107,182013261845,182013263309,0,0,1,10000000
108,182013267968,182013269119,0,0,1,10000000
109,182013298427,182013299781,0,0,1,10000000
110,182013928639,182013931524,0,0,1,10000000
111,182013935637,182013938750,0,0,1,10000000
112,182013949253,182013951250,0,0,1,10000000
113,182013960528,182013961828,0,0,1,10000000
114,182013969909,182013971025,0,0,1,10000000
115,182013992326,182013993810,0,0,1,10000000
116,182013999810,182014001233,0,0,1,10000000
117,182014008520,182014009865,0,0,1,10000000
118,182014017191,182014018488,0,0,1,10000000
119,182014023435,182014024887,0,0,1,10000000
120,182014029193,182014030711,0,0,1,10000000
121,182014062743,182014064223,0,0,1,10000000
122,182014078694,182014079960,0,0,1,10000000
123,182014088842,182014089974,0,0,1,10000000
124,182014093634,182014094876,0,0,1,10000000
125,182014102534,182014103957,0,0,1,10000000
126,182014131613,182014132725,0,0,1,10000000
127,182014142313,182014143508,0,0,1,10000000
128,182014151846,182014152968,0,0,1,10000000
129,182014156739,182014158116,0,0,1,10000000
130,182014165204,182014166695,0,0,1,10000000
131,182014170326,182014171718,0,0,1,10000000
132,182014201137,182014202286,0,0,1,10000000
133,182014207564,182014208530,0,0,1,10000000
134,182014238417,182014239368,0,0,1,10000000
135,182014270640,182014271809,0,0,1,10000000
136,182014281555,182014282654,0,0,1,10000000
137,182014290346,182014291858,0,0,1,10000000
138,182014295273,182014296597,0,0,1,10000000
139,182014304053,182014305108,0,0,1,10000000
140,182014308867,182014309835,0,0,1,10000000
141,182014339151,182014340119,0,0,1,10000000
142,182014348282,182014349828,0,0,1,10000000
143,182014357627,182014358745,0,0,1,10000000
144,182014364217,182014365069,0,0,1,10000000
145,182014371415,182014372326,0,0,1,10000000
146,182014376164,182014377541,0,0,1,10000000
147,182014409369,182014410575,0,0,1,10000000
148,182014420402,182014421495,0,0,1,10000000
149,182014433836,182014434692,0,0,1,10000000
150,182014438560,182014439447,0,0,1,10000000
151,182014447276,182014448901,0,0,1,10000000
152,182014478728,182014479820,0,0,1,10000000
153,182014487258,182014488210,0,0,1,10000000
154,182014496254,182014497359,0,0,1,10000000
155,182014503101,182014504525,0,0,1,10000000
156,182014509613,182014510972,0,0,1,10000000
157,182014514408,182014515682,0,0,1,10000000
158,182014548397,182014549713,0,0,1,10000000
159,182014559215,182014560252,0,0,1,10000000
160,182014568242,182014569281,0,0,1,10000000
161,182014573372,182014574539,0,0,1,10000000
162,182014581314,182014582657,0,0,1,10000000
163,182014586341,182014587674,0,0,1,10000000
164,182014617738,182014618915,0,0,1,10000000
165,182014626146,182014627157,0,0,1,10000000
166,182014657092,182014658108,0,0,1,10000000
167,182014687078,182014688098,0,0,1,10000000
168,182014695434,182014696378,0,0,1,10000000
169,182014702703,182014703625,0,0,1,10000000
170,182014710001,182014711355,0,0,1,10000000
171,182014715750,182014717054,0,0,1,10000000
172,182014721140,182014722290,0,0,1,10000000
173,182014726504,182014727576,0,0,1,10000000
174,182014756540,182014757718,0,0,1,10000000
175,182014772351,182014773470,0,0,1,10000000
176,182014780848,182014782316,0,0,1,10000000
177,182014786550,182014787860,0,0,1,10000000
178,182014791503,182014792821,0,0,1,10000000
179,182014797289,182014798622,0,0,1,10000000
180,182014825882,182014826936,0,0,1,10000000
181,182014834421,182014835455,0,0,1,10000000
182,182014841588,182014843034,0,0,1,10000000
183,182014850256,182014851640,0,0,1,10000000
184,182014855567,182014856801,0,0,1,10000000
185,182014864478,182014865447,0,0,1,10000000
186,182014895377,182014896591,0,0,1,10000000
187,182014906154,182014907652,0,0,1,10000000
188,182014912900,182014914296,0,0,1,10000000
189,182014919658,182014921025,0,0,1,10000000
190,182014927421,182014928800,0,0,1,10000000
191,182014932297,182014933601,0,0,1,10000000
192,182014964448,182014965448,0,0,1,10000000
193,182014973294,182014974287,0,0,1,10000000
194,182014980651,182014981659,0,0,1,10000000
195,182014987938,182014988981,0,0,1,10000000
196,182014992884,182014993844,0,0,1,10000000
197,182014998589,182014999728,0,0,1,10000000
198,182015003847,182015004688,0,0,1,10000000
199,182015033553,182015034663,0,0,1,10000000
200,182015043363,182015044433,0,0,1,10000000
201,182015049855,182015050815,0,0,1,10000000
202,182015059044,182015060079,0,0,1,10000000
203,182015063500,182015064435,0,0,1,10000000
204,182015072821,182015073833,0,0,1,10000000
205,182015103637,182015104890,0,0,1,10000000
206,182015112187,182015113253,0,0,1,10000000
207,182015124954,182015125906,0,0,1,10000000
208,182015130713,182015131927,0,0,1,10000000
209,182015138637,182015139749,0,0,1,10000000
210,182015143777,182015144749,0,0,1,10000000
211,182015173335,182015174578,0,0,1,10000000
212,182015184034,182015184973,0,0,1,10000000
213,182015192859,182015193786,0,0,1,10000000
214,182015198015,182015198915,0,0,1,10000000
215,182015206263,182015207182,0,0,1,10000000
216,182015210941,182015211871,0,0,1,10000000
217,182015242599,182015243704,0,0,1,10000000
218,182015251038,182015252001,0,0,1,10000000
219,182015266107,182015267117,0,0,1,10000000
220,182015273154,182015274088,0,0,1,10000000
221,182015282285,182015283166,0,0,1,10000000
222,182015312187,182015313370,0,0,1,10000000
223,182015322943,182015323908,0,0,1,10000000
224,182015331729,182015332647,0,0,1,10000000
225,182015336473,182015337370,0,0,1,10000000
226,182015345794,182015346676,0,0,1,10000000
227,182015350458,182015351418,0,0,1,10000000
228,182015381834,182015383057,0,0,1,10000000
229,182015392654,182015393576,0,0,1,10000000
230,182015400946,182015401851,0,0,1,10000000
231,182015405673,182015406537,0,0,1,10000000
232,182015417297,182015418281,0,0,1,10000000
233,182015421997,182015423170,0,0,1,10000000
234,182015450603,182015451831,0,0,1,10000000
235,182015466634,182015467678,0,0,1,10000000
236,182015473898,182015474806,0,0,1,10000000
237,182015479910,182015481519,0,0,1,10000000
238,182015485634,182015486533,0,0,1,10000000
239,182015491199,182015492239,0,0,1,10000000
240,182015520321,182015521507,0,0,1,10000000
241,182015531067,182015532052,0,0,1,10000000
242,182015537852,182015538951,0,0,1,10000000
243,182015544521,182015545454,0,0,1,10000000
244,182015552528,182015553422,0,0,1,10000000
245,182015557065,182015557957,0,0,1,10000000
246,182015589739,182015590754,0,0,1,10000000
247,182015598154,182015599173,0,0,1,10000000
248,182015607273,182015608237,0,0,1,10000000
249,182015613931,182015614817,0,0,1,10000000
250,182015620239,182015621134,0,0,1,10000000
251,182015625253,182015626322,0,0,1,10000000
252,182015630878,182015632346,0,0,1,10000000
253,182015659098,182015660072,0,0,1,10000000
254,182015670080,182015670988,0,0,1,10000000
255,182015679296,182015680223,0,0,1,10000000
256,182015683890,182015684780,0,0,1,10000000
257,182015692772,182015693643,0,0,1,10000000
258,182015697478,182015698374,0,0,1,10000000
259,182015728249,182015729753,0,0,1,10000000
260,182015737269,182015738348,0,0,1,10000000
261,182015749822,182015750745,0,0,1,10000000
262,182015755130,182015756017,0,0,1,10000000
263,182015763254,182015764055,0,0,1,10000000
264,182015767894,182015768783,0,0,1,10000000
265,182015797922,182015798974,0,0,1,10000000
266,182015804432,182015805353,0,0,1,10000000
267,182015814042,182015815000,0,0,1,10000000
268,182015820865,182015821781,0,0,1,10000000
269,182015828775,182015829670,0,0,1,10000000
270,182015834101,182015835089,0,0,1,10000000
271,182015867413,182015868622,0,0,1,10000000
272,182015878335,182015879223,0,0,1,10000000
273,182015884816,182015885717,0,0,1,10000000
274,182015891867,182015892746,0,0,1,10000000
275,182015896825,182015897701,0,0,1,10000000
276,182015906496,182015907368,0,0,1,10000000
277,182015937067,182015938978,0,0,1,10000000
278,182015947746,182015948650,0,0,1,10000000
279,182015956551,182015957479,0,0,1,10000000
280,182015961754,182015962645,0,0,1,10000000
281,182015969497,182015970451,0,0,1,10000000
282,182015974540,182015975444,0,0,1,10000000
283,182016005648,182016007052,0,0,1,10000000
284,182016012836,182016014411,0,0,1,10000000
285,182016021904,182016023184,0,0,1,10000000
286,182016030660,182016031890,0,0,1,10000000
287,182016036010,182016036909,0,0,1,10000000
288,182016041431,182016042819,0,0,1,10000000
289,182016046591,182016047854,0,0,1,10000000
290,182016075171,182016076624,0,0,1,10000000
291,182016092110,182016093160,0,0,1,10000000
292,182016100597,182016101669,0,0,1,10000000
293,182016106006,182016107289,0,0,1,10000000
294,182016112236,182016113174,0,0,1,10000000
295,182016118147,182016119460,0,0,1,10000000
296,182016145053,182016146014,0,0,1,10000000
297,182016155569,182016156497,0,0,1,10000000
298,182016162534,182016163608,0,0,1,10000000
299,182016169798,182016171157,0,0,1,10000000
300,182016175069,182016176466,0,0,1,10000000
301,182016180335,182016181512,0,0,1,10000000
302,182016186210,182016187306,0,0,1,10000000
303,182016214572,182016215799,0,0,1,10000000
304,182016223067,182016224069,0,0,1,10000000
305,182016230339,182016231490,0,0,1,10000000
306,182016239341,182016240237,0,0,1,10000000
307,182016244182,182016245490,0,0,1,10000000
308,182016249446,182016250746,0,0,1,10000000
309,182016255611,182016257391,0,0,1,10000000
310,182016284313,182016285417,0,0,1,10000000
311,182016294566,182016295566,0,0,1,10000000
312,182016301458,182016302809,0,0,1,10000000
313,182016308337,182016309711,0,0,1,10000000
314,182016315502,182016316826,0,0,1,10000000
315,182016320354,182016321349,0,0,1,10000000
316,182016352744,182016354276,0,0,1,10000000
317,182016363988,182016365321,0,0,1,10000000
318,182016370855,182016371801,0,0,1,10000000
319,182016377685,182016378777,0,0,1,10000000
320,182016383607,182016384968,0,0,1,10000000
321,182016389305,182016390759,0,0,1,10000000
322,182016394617,182016395792,0,0,1,10000000
323,182016422846,182016424182,0,0,1,10000000
324,182016436940,182016438473,0,0,1,10000000
325,182016447192,182016448594,0,0,1,10000000
326,182016452752,182016454145,0,0,1,10000000
327,182016458112,182016459514,0,0,1,10000000
328,182016463296,182016464693,0,0,1,10000000
329,182016492296,182016493382,0,0,1,10000000
330,182016503075,182016504190,0,0,1,10000000
331,182016512501,182016513746,0,0,1,10000000
332,182016517426,182016518396,0,0,1,10000000
333,182016526236,182016527652,0,0,1,10000000
334,182016530953,182016531938,0,0,1,10000000
335,182016561752,182016562808,0,0,1,10000000
336,182016572265,182016573214,0,0,1,10000000
337,182016581580,182016583026,0,0,1,10000000
338,182016586370,182016587685,0,0,1,10000000
339,182016595112,182016596152,0,0,1,10000000
340,182016599884,182016600849,0,0,1,10000000
341,182016631421,182016632538,0,0,1,10000000
342,182016639915,182016641431,0,0,1,10000000
343,182016648658,182016650061,0,0,1,10000000
344,182016655614,182016656776,0,0,1,10000000
345,182016661727,182016662699,0,0,1,10000000
346,182016666968,182016667895,0,0,1,10000000
347,182016700038,182016701128,0,0,1,10000000
348,182016709096,182016710134,0,0,1,10000000
349,182016718759,182016719820,0,0,1,10000000
350,182016724871,182016726355,0,0,1,10000000
351,182016731621,182016732947,0,0,1,10000000
352,182016736844,182016738153,0,0,1,10000000
353,182016770157,182016771426,0,0,1,10000000
354,182016782134,182016783326,0,0,1,10000000
355,182016792942,182016794153,0,0,1,10000000
356,182016798575,182016799660,0,0,1,10000000
357,182016805835,182016807034,0,0,1,10000000
358,182016810491,182016811778,0,0,1,10000000
359,182016839450,182016840517,0,0,1,10000000
360,182016849845,182016850860,0,0,1,10000000
361,182016856902,182016858683,0,0,1,10000000
362,182016863776,182016865105,0,0,1,10000000
363,182016869029,182016870362,0,0,1,10000000
364,182016875256,182016876589,0,0,1,10000000
365,182016880417,182016881527,0,0,1,10000000
366,182016908932,182016909958,0,0,1,10000000
367,182016919063,182016920038,0,0,1,10000000
368,182016926319,182016927770,0,0,1,10000000
369,182016933175,182016934649,0,0,1,10000000
370,182016938954,182016940356,0,0,1,10000000
371,182016944157,182016945171,0,0,1,10000000
372,182016949190,182016950240,0,0,1,10000000
373,182016978361,182016979428,0,0,1,10000000
374,182016988705,182016989692,0,0,1,10000000
375,182016995924,182016996886,0,0,1,10000000
376,182017002626,182017004042,0,0,1,10000000
377,182017007774,182017009006,0,0,1,10000000
378,182017012711,182017014034,0,0,1,10000000
379,182017018479,182017020015,0,0,1,10000000
380,182017048015,182017049086,0,0,1,10000000
381,182017056154,182017057754,0,0,1,10000000
382,182017063391,182017064845,0,0,1,10000000
383,182017070726,182017072053,0,0,1,10000000
384,182017076304,182017078581,0,0,1,10000000
385,182017081474,182017082503,0,0,1,10000000
386,182017086536,182017087678,0,0,1,10000000
387,182017117177,182017118312,0,0,1,10000000
388,182017132836,182017134267,0,0,1,10000000
389,182017140289,182017141523,0,0,1,10000000
390,182017145448,182017146457,0,0,1,10000000
391,182017150556,182017151485,0,0,1,10000000
392,182017155697,182017156606,0,0,1,10000000
393,182017186671,182017187669,0,0,1,10000000
394,182017196760,182017197727,0,0,1,10000000
395,182017204011,182017204997,0,0,1,10000000
396,182017210885,182017212003,0,0,1,10000000
397,182017216466,182017217808,0,0,1,10000000
398,182017223957,182017225091,0,0,1,10000000
399,182017255765,182017256799,0,0,1,10000000
400,182017266411,182017267475,0,0,1,10000000
401,182017273642,182017274673,0,0,1,10000000
402,182017280359,182017281598,0,0,1,10000000
403,182017285424,182017286813,0,0,1,10000000
404,182017293735,182017294791,0,0,1,10000000
405,182017325559,182017326725,0,0,1,10000000
406,182017335730,182017337222,0,0,1,10000000
407,182017345147,182017346045,0,0,1,10000000
408,182017351208,182017352156,0,0,1,10000000
409,182017357747,182017358896,0,0,1,10000000
410,182017362859,182017364096,0,0,1,10000000
411,182017394875,182017396039,0,0,1,10000000
412,182017411437,182017412544,0,0,1,10000000
413,182017419362,182017420351,0,0,1,10000000
414,182017424667,182017425543,0,0,1,10000000
415,182017430036,182017431351,0,0,1,10000000
416,182017435530,182017436953,0,0,1,10000000
417,182017464283,182017465396,0,0,1,10000000
418,182017474700,182017475681,0,0,1,10000000
419,182017484332,182017485501,0,0,1,10000000
420,182017491714,182017492684,0,0,1,10000000
421,182017499196,182017500532,0,0,1,10000000
422,182017504431,182017505460,0,0,1,10000000
423,182017533802,182017534764,0,0,1,10000000
424,182017543951,182017544909,0,0,1,10000000
425,182017551244,182017552717,0,0,1,10000000
426,182017558097,182017559487,0,0,1,10000000
427,182017563794,182017565223,0,0,1,10000000
428,182017568887,182017569813,0,0,1,10000000
429,182017573882,182017574840,0,0,1,10000000
430,182017603312,182017604306,0,0,1,10000000
431,182017609671,182017610611,0,0,1,10000000
432,182017618971,182017620080,0,0,1,10000000
433,182017627513,182017628935,0,0,1,10000000
434,182017632852,182017634190,0,0,1,10000000
435,182017637970,182017639370,0,0,1,10000000
436,182017642934,182017643890,0,0,1,10000000
437,182017671880,182017673082,0,0,1,10000000
438,182017683088,182017684485,0,0,1,10000000
439,182017690087,182017691487,0,0,1,10000000
440,182017696901,182017697922,0,0,1,10000000
441,182017702153,182017703163,0,0,1,10000000
442,182017710126,182017711011,0,0,1,10000000
443,182017742131,182017743312,0,0,1,10000000
444,182017756643,182017757758,0,0,1,10000000
445,182017766678,182017767692,0,0,1,10000000
446,182017771368,182017772234,0,0,1,10000000
447,182017777041,182017778455,0,0,1,10000000
448,182017782489,182017783800,0,0,1,10000000
449,182017811596,182017812868,0,0,1,10000000
450,182017820021,182017820954,0,0,1,10000000
451,182017827274,182017828255,0,0,1,10000000
452,182017834546,182017835612,0,0,1,10000000
453,182017839823,182017841143,0,0,1,10000000
454,182017844744,182017845800,0,0,1,10000000
455,182017850099,182017851037,0,0,1,10000000
456,182017881119,182017882258,0,0,1,10000000
457,182017891090,182017892084,0,0,1,10000000
458,182017898343,182017899772,0,0,1,10000000
459,182017905199,182017906533,0,0,1,10000000
460,182017910227,182017911561,0,0,1,10000000
461,182017915366,182017916318,0,0,1,10000000
462,182017920415,182017921378,0,0,1,10000000
463,182017950574,182017951827,0,0,1,10000000
464,182017958661,182017959978,0,0,1,10000000
465,182017967823,182017969175,0,0,1,10000000
466,182017974620,182017975657,0,0,1,10000000
467,182017980277,182017981261,0,0,1,10000000
468,182017985396,182017986320,0,0,1,10000000
469,182017990838,182017992099,0,0,1,10000000
470,182018019138,182018020233,0,0,1,10000000
471,182018028099,182018029094,0,0,1,10000000
472,182018035396,182018036365,0,0,1,10000000
473,182018042700,182018044112,0,0,1,10000000
474,182018047966,182018048897,0,0,1,10000000
475,182018053444,182018054836,0,0,1,10000000
476,182018058450,182018059404,0,0,1,10000000
477,182018088804,182018089894,0,0,1,10000000
478,182018101321,182018102322,0,0,1,10000000
479,182018110295,182018111728,0,0,1,10000000
480,182018115513,182018116823,0,0,1,10000000
481,182018121319,182018122655,0,0,1,10000000
482,182018126823,182018128086,0,0,1,10000000
483,182018158267,182018159892,0,0,1,10000000
484,182018167476,182018168890,0,0,1,10000000
485,182018176109,182018177654,0,0,1,10000000
486,182018182939,182018184215,0,0,1,10000000
487,182018188244,182018189560,0,0,1,10000000
488,182018193454,182018194505,0,0,1,10000000
489,182018198535,182018199503,0,0,1,10000000
490,182018228158,182018229269,0,0,1,10000000
491,182018238661,182018239617,0,0,1,10000000
492,182018245674,182018246812,0,0,1,10000000
493,182018252351,182018253672,0,0,1,10000000
494,182018257432,182018258777,0,0,1,10000000
495,182018262970,182018264285,0,0,1,10000000
496,182018267845,182018268776,0,0,1,10000000
497,182018297685,182018298732,0,0,1,10000000
498,182018305955,182018307049,0,0,1,10000000
499,182018315429,182018316789,0,0,1,10000000
500,182018321788,182018323192,0,0,1,10000000
501,182018327389,182018328297,0,0,1,10000000
502,182018332356,182018333226,0,0,1,10000000
503,182018337963,182018338995,0,0,1,10000000
504,182018366992,182018368039,0,0,1,10000000
505,182018375441,182018376485,0,0,1,10000000
506,182018384547,182018385463,0,0,1,10000000
507,182018391242,182018392622,0,0,1,10000000
508,182018396328,182018397757,0,0,1,10000000
509,182018401645,182018402944,0,0,1,10000000
510,182018406737,182018408005,0,0,1,10000000
511,182018436346,182018437588,0,0,1,10000000
512,182018450525,182018451648,0,0,1,10000000
513,182018460920,182018462309,0,0,1,10000000
514,182018466034,182018467354,0,0,1,10000000
515,182018470922,182018472000,0,0,1,10000000
516,182018476049,182018477009,0,0,1,10000000
517,182018506008,182018507117,0,0,1,10000000
518,182018515994,182018517390,0,0,1,10000000
519,182018523224,182018524626,0,0,1,10000000
520,182018530102,182018531024,0,0,1,10000000
521,182018535498,182018536382,0,0,1,10000000
522,182018540910,182018541805,0,0,1,10000000
523,182018546418,182018547583,0,0,1,10000000
524,182018575236,182018576447,0,0,1,10000000
525,182018583535,182018584506,0,0,1,10000000
526,182018591008,182018591942,0,0,1,10000000
527,182018598138,182018599591,0,0,1,10000000
528,182018603798,182018605082,0,0,1,10000000
529,182018608801,182018610104,0,0,1,10000000
530,182018614130,182018615102,0,0,1,10000000
531,182018644826,182018645979,0,0,1,10000000
532,182018653154,182018654132,0,0,1,10000000
533,182018660327,182018661727,0,0,1,10000000
534,182018667608,182018668930,0,0,1,10000000
535,182018676526,182018677445,0,0,1,10000000
536,182018681215,182018682155,0,0,1,10000000
537,182018685040,182018686014,0,0,1,10000000
538,182018687802,182018688563,0,0,1,10000000
539,182018714087,182018715143,0,0,1,10000000
540,182018718894,182018720249,0,0,1,10000000
541,182018724580,182018725780,0,0,1,10000000
542,182018730128,182018731510,0,0,1,10000000
543,182018735586,182018736950,0,0,1,10000000
544,182018738588,182018739690,0,0,1,10000000
545,182018742214,182018743077,0,0,1,10000000
546,182018745114,182018745884,0,0,1,10000000
547,182018747186,182018747950,0,0,1,10000000
548,182018749616,182018750453,0,0,1,10000000
549,182018752885,182018753664,0,0,1,10000000
550,182018756093,182018757266,0,0,1,10000000
551,182018782829,182018784816,0,0,1,10000000
552,182018788190,182018789176,0,0,1,10000000
553,182018791849,182018793194,0,0,1,10000000
554,182018798645,182018800076,0,0,1,10000000
555,182018803063,182018804276,0,0,1,10000000
556,182018807817,182018808875,0,0,1,10000000
557,182018810987,182018811780,0,0,1,10000000
558,182018813522,182018814337,0,0,1,10000000
559,182018815463,182018816415,0,0,1,10000000
560,182018818453,182018819603,0,0,1,10000000
561,182018822548,182018823473,0,0,1,10000000
562,182018826156,182018827274,0,0,1,10000000
563,182018853126,182018854376,0,0,1,10000000
564,182018857610,182018858756,0,0,1,10000000
565,182018863503,182018864504,0,0,1,10000000
566,182018869049,182018870386,0,0,1,10000000
567,182018874117,182018875368,0,0,1,10000000
568,182018877244,182018878439,0,0,1,10000000
569,182018880345,182018881108,0,0,1,10000000
570,182018882216,182018882954,0,0,1,10000000
571,182018885948,182018886752,0,0,1,10000000
572,182018889120,182018889909,0,0,1,10000000
573,182018892470,182018893535,0,0,1,10000000
574,182018895529,182018896447,0,0,1,10000000
575,182018922403,182018923894,0,0,1,10000000
576,182018927048,182018927988,0,0,1,10000000
577,182018932534,182018933481,0,0,1,10000000
578,182018936368,182018937750,0,0,1,10000000
579,182018939800,182018940897,0,0,1,10000000
580,182018945574,182018946809,0,0,1,10000000
581,182018949082,182018950052,0,0,1,10000000
582,182018951231,182018952046,0,0,1,10000000
583,182018953086,182018953828,0,0,1,10000000
584,182018957421,182018958267,0,0,1,10000000
585,182018961078,182018961872,0,0,1,10000000
586,182018964361,182018965148,0,0,1,10000000
587,182018991578,182018992556,0,0,1,10000000
588,182018996491,182018997447,0,0,1,10000000
589,182019000065,182019000890,0,0,1,10000000
590,182019005567,182019006762,0,0,1,10000000
591,182019009944,182019010902,0,0,1,10000000
592,182019015064,182019017355,0,0,1,10000000
593,182019019922,182019021411,0,0,1,10000000
594,182019023502,182019024717,0,0,1,10000000
595,182019027510,182019028636,0,0,1,10000000
596,182019032007,182019033002,0,0,1,10000000
597,182019035743,182019037001,0,0,1,10000000
598,182019060567,182019061729,0,0,1,10000000
599,182019065947,182019067068,0,0,1,10000000
600,182019071444,182019072987,0,0,1,10000000
601,182019074980,182019076253,0,0,1,10000000
602,182019078653,182019079824,0,0,1,10000000
603,182019084521,182019085551,0,0,1,10000000
604,182019087947,182019088869,0,0,1,10000000
605,182019091455,182019092266,0,0,1,10000000
606,182019094690,182019095514,0,0,1,10000000
607,182019098106,182019098996,0,0,1,10000000
608,182019100913,182019102068,0,0,1,10000000
609,182019104965,182019105988,0,0,1,10000000
610,182019130634,182019131894,0,0,1,10000000
611,182019135494,182019136583,0,0,1,10000000
612,182019139466,182019140759,0,0,1,10000000
613,182019144877,182019146347,0,0,1,10000000
614,182019150325,182019151339,0,0,1,10000000
615,182019155170,182019156382,0,0,1,10000000
616,182019158776,182019160296,0,0,1,10000000
617,182019162536,182019163276,0,0,1,10000000
618,182019165809,182019167382,0,0,1,10000000
619,182019169969,182019170859,0,0,1,10000000
620,182019173880,182019174856,0,0,1,10000000
621,182019200224,182019201372,0,0,1,10000000
622,182019204753,182019205761,0,0,1,10000000
623,182019208370,182019209248,0,0,1,10000000
624,182019213875,182019215221,0,0,1,10000000
625,182019217760,182019218899,0,0,1,10000000
626,182019221167,182019222241,0,0,1,10000000
627,182019224369,182019225581,0,0,1,10000000
628,182019227167,182019228268,0,0,1,10000000
629,182019230151,182019231291,0,0,1,10000000
630,182019234390,182019235301,0,0,1,10000000
631,182019238292,182019239136,0,0,1,10000000
632,182019241829,182019242918,0,0,1,10000000
633,182019269681,182019270842,0,0,1,10000000
634,182019274191,182019275180,0,0,1,10000000
635,182019277936,182019278848,0,0,1,10000000
636,182019281518,182019282913,0,0,1,10000000
637,182019287424,182019289038,0,0,1,10000000
638,182019293077,182019294427,0,0,1,10000000
639,182019296196,182019297321,0,0,1,10000000
640,182019299980,182019300827,0,0,1,10000000
641,182019303232,182019304018,0,0,1,10000000
642,182019306492,182019307572,0,0,1,10000000
643,182019309397,182019310118,0,0,1,10000000
644,182019312549,182019313724,0,0,1,10000000
645,182019338907,182019339918,0,0,1,10000000
646,182019343642,182019344607,0,0,1,10000000
647,182019347296,182019348230,0,0,1,10000000
648,182019352731,182019354079,0,0,1,10000000
649,182019356318,182019357490,0,0,1,10000000
650,182019362252,182019363562,0,0,1,10000000
651,182019365630,182019366444,0,0,1,10000000
652,182019367765,182019368528,0,0,1,10000000
653,182019371461,182019372356,0,0,1,10000000
654,182019374847,182019375690,0,0,1,10000000
655,182019378015,182019378888,0,0,1,10000000
656,182019381145,182019382260,0,0,1,10000000
657,182019408555,182019409770,0,0,1,10000000
658,182019413323,182019414304,0,0,1,10000000
659,182019416702,182019417721,0,0,1,10000000
660,182019422177,182019423468,0,0,1,10000000
661,182019426095,182019427206,0,0,1,10000000
662,182019431738,182019433153,0,0,1,10000000
663,182019434895,182019435681,0,0,1,10000000
664,182019438337,182019439211,0,0,1,10000000
665,182019441816,182019442616,0,0,1,10000000
666,182019445746,182019446748,0,0,1,10000000
667,182019448429,182019449173,0,0,1,10000000
668,182019451904,182019452706,0,0,1,10000000
669,182019477859,182019478886,0,0,1,10000000
670,182019482463,182019483415,0,0,1,10000000
671,182019486126,182019487056,0,0,1,10000000
672,182019491555,182019492967,0,0,1,10000000
673,182019497860,182019499201,0,0,1,10000000
674,182019502346,182019503696,0,0,1,10000000
675,182019505326,182019506481,0,0,1,10000000
676,182019508061,182019508855,0,0,1,10000000
677,182019511280,182019512046,0,0,1,10000000
678,182019514538,182019515330,0,0,1,10000000
679,182019517973,182019519141,0,0,1,10000000
680,182019521051,182019522134,0,0,1,10000000
681,182019547375,182019548478,0,0,1,10000000
682,182019551898,182019552841,0,0,1,10000000
683,182019555730,182019556647,0,0,1,10000000
684,182019561041,182019562398,0,0,1,10000000
685,182019564851,182019565999,0,0,1,10000000
686,182019570194,182019571456,0,0,1,10000000
687,182019573075,182019574152,0,0,1,10000000
688,182019575561,182019576378,0,0,1,10000000
689,182019578235,182019579058,0,0,1,10000000
690,182019581511,182019582380,0,0,1,10000000
691,182019584810,182019585759,0,0,1,10000000
692,182019588359,182019589473,0,0,1,10000000
693,182019591042,182019592109,0,0,1,10000000
694,182019616715,182019617947,0,0,1,10000000
695,182019621331,182019622304,0,0,1,10000000
696,182019624993,182019625955,0,0,1,10000000
697,182019630456,182019631877,0,0,1,10000000
698,182019634491,182019635706,0,0,1,10000000
699,182019639919,182019641280,0,0,1,10000000
700,182019643625,182019644853,0,0,1,10000000
701,182019647040,182019648128,0,0,1,10000000
702,182019651029,182019651913,0,0,1,10000000
703,182019654727,182019655606,0,0,1,10000000
704,182019657428,182019658356,0,0,1,10000000
705,182019686047,182019687495,0,0,1,10000000
706,182019690785,182019691845,0,0,1,10000000
707,182019696296,182019697249,0,0,1,10000000
708,182019701725,182019703041,0,0,1,10000000
709,182019707775,182019709024,0,0,1,10000000
710,182019710582,182019711674,0,0,1,10000000
711,182019713277,182019714099,0,0,1,10000000
712,182019715207,182019715923,0,0,1,10000000
713,182019717118,182019718004,0,0,1,10000000
714,182019720589,182019721514,0,0,1,10000000
715,182019724003,182019724862,0,0,1,10000000
716,182019727714,182019728633,0,0,1,10000000
717,182019730622,182019731664,0,0,1,10000000
718,182019755541,182019756734,0,0,1,10000000
719,182019760189,182019761148,0,0,1,10000000
720,182019763889,182019764750,0,0,1,10000000
721,182019769317,182019770722,0,0,1,10000000
722,182019775537,182019776877,0,0,1,10000000
723,182019780051,182019781477,0,0,1,10000000
724,182019783347,182019784140,0,0,1,10000000
725,182019786705,182019787637,0,0,1,10000000
726,182019791050,182019791898,0,0,1,10000000
727,182019794556,182019795555,0,0,1,10000000
728,182019797428,182019798498,0,0,1,10000000
729,182019825019,182019826118,0,0,1,10000000
730,182019829633,182019830577,0,0,1,10000000
731,182019833355,182019834283,0,0,1,10000000
732,182019838719,182019840122,0,0,1,10000000
733,182019842758,182019843935,0,0,1,10000000
734,182019848097,182019849445,0,0,1,10000000
735,182019851898,182019853030,0,0,1,10000000
736,182019854703,182019855774,0,0,1,10000000
737,182019858298,182019859087,0,0,1,10000000
738,182019861713,182019862588,0,0,1,10000000
739,182019865162,182019866235,0,0,1,10000000
740,182019869849,182019870907,0,0,1,10000000
741,182019894330,182019895281,0,0,1,10000000
742,182019899092,182019900114,0,0,1,10000000
743,182019902685,182019903570,0,0,1,10000000
744,182019908187,182019909557,0,0,1,10000000
745,182019912739,182019913943,0,0,1,10000000
746,182019916143,182019916981,0,0,1,10000000
747,182019918701,182019919948,0,0,1,10000000
748,182019922137,182019922964,0,0,1,10000000
749,182019925140,182019926189,0,0,1,10000000
750,182019929322,182019930178,0,0,1,10000000
751,182019932657,182019934109,0,0,1,10000000
752,182019936984,182019938067,0,0,1,10000000
753,182019963759,182019964896,0,0,1,10000000
754,182019968491,182019969451,0,0,1,10000000
755,182019972177,182019973117,0,0,1,10000000
756,182019977606,182019978977,0,0,1,10000000
757,182019981609,182019982740,0,0,1,10000000
758,182019984932,182019986070,0,0,1,10000000
759,182019988113,182019989259,0,0,1,10000000
760,182019991172,182019992371,0,0,1,10000000
761,182019994098,182019995347,0,0,1,10000000
762,182019998167,182019999160,0,0,1,10000000
763,182020001690,182020002584,0,0,1,10000000
764,182020004389,182020005350,0,0,1,10000000
765,182020033665,182020034730,0,0,1,10000000
766,182020038673,182020040348,0,0,1,10000000
767,182020043564,182020044581,0,0,1,10000000
768,182020048925,182020049902,0,0,1,10000000
769,182020054774,182020056115,0,0,1,10000000
770,182020058081,182020059109,0,0,1,10000000
771,182020060603,182020061644,0,0,1,10000000
772,182020063184,182020064293,0,0,1,10000000
773,182020066581,182020067580,0,0,1,10000000
774,182020070418,182020071198,0,0,1,10000000
775,182020073978,182020075110,0,0,1,10000000
776,182020077036,182020078067,0,0,1,10000000
777,182020102634,182020106066,0,0,1,10000000
778,182020112121,182020113777,0,0,1,10000000
779,182020117207,182020118457,0,0,1,10000000
780,182020121162,182020122431,0,0,1,10000000
781,182020125635,182020127002,0,0,1,10000000
782,182020129024,182020130056,0,0,1,10000000
783,182020133122,182020134294,0,0,1,10000000
784,182020136509,182020137594,0,0,1,10000000
785,182020140157,182020141304,0,0,1,10000000
786,182020143251,182020144626,0,0,1,10000000
787,182020146378,182020147479,0,0,1,10000000
788,182020171913,182020175883,0,0,1,10000000
789,182020179658,182020180900,0,0,1,10000000
790,182020184184,182020185226,0,0,1,10000000
791,182020188252,182020189704,0,0,1,10000000
792,182020193555,182020194889,0,0,1,10000000
793,182020197253,182020198478,0,0,1,10000000
794,182020200235,182020201321,0,0,1,10000000
795,182020203624,182020204803,0,0,1,10000000
796,182020206438,182020207551,0,0,1,10000000
797,182020210865,182020212096,0,0,1,10000000
798,182020215089,182020216222,0,0,1,10000000
799,182020241127,182020242866,0,0,1,10000000
800,182020246158,182020247469,0,0,1,10000000
801,182020251836,182020253314,0,0,1,10000000
802,182020257660,182020259015,0,0,1,10000000
803,182020263135,182020264165,0,0,1,10000000
804,182020265851,182020266711,0,0,1,10000000
805,182020268025,182020268785,0,0,1,10000000
806,182020270144,182020270875,0,0,1,10000000
807,182020272181,182020273041,0,0,1,10000000
808,182020274372,182020275103,0,0,1,10000000
809,182020278588,182020279487,0,0,1,10000000
810,182020281948,182020283359,0,0,1,10000000
811,182020286103,182020287011,0,0,1,10000000
812,182020310850,182020312505,0,0,1,10000000
813,182020315664,182020317198,0,0,1,10000000
814,182020321756,182020322965,0,0,1,10000000
815,182020327230,182020328308,0,0,1,10000000
816,182020332444,182020333636,0,0,1,10000000
817,182020336219,182020337395,0,0,1,10000000
818,182020339275,182020340531,0,0,1,10000000
819,182020342468,182020343529,0,0,1,10000000
820,182020345047,182020346111,0,0,1,10000000
821,182020348249,182020349275,0,0,1,10000000
822,182020352189,182020353118,0,0,1,10000000
823,182020354983,182020355904,0,0,1,10000000
824,182020380190,182020381439,0,0,1,10000000
825,182020385095,182020386129,0,0,1,10000000
826,182020390582,182020391840,0,0,1,10000000
827,182020396395,182020397411,0,0,1,10000000
828,182020402020,182020403357,0,0,1,10000000
829,182020406694,182020407658,0,0,1,10000000
830,182020410239,182020411146,0,0,1,10000000
831,182020413644,182020414542,0,0,1,10000000
832,182020416994,182020417930,0,0,1,10000000
833,182020419935,182020421124,0,0,1,10000000
834,182020423829,182020424968,0,0,1,10000000
835,182020449441,182020450929,0,0,1,10000000
836,182020458174,182020459268,0,0,1,10000000
837,182020462095,182020463124,0,0,1,10000000
838,182020467586,182020468610,0,0,1,10000000
839,182020471084,182020472046,0,0,1,10000000
840,182020474467,182020475384,0,0,1,10000000
841,182020477418,182020478316,0,0,1,10000000
842,182020479631,182020480704,0,0,1,10000000
843,182020482434,182020483620,0,0,1,10000000
844,182020486066,182020487277,0,0,1,10000000
845,182020489939,182020490919,0,0,1,10000000
846,182020493519,182020494482,0,0,1,10000000
847,182020518971,182020520315,0,0,1,10000000
848,182020524002,182020525181,0,0,1,10000000
849,182020529673,182020530703,0,0,1,10000000
850,182020533078,182020534059,0,0,1,10000000
851,182020538523,182020539490,0,0,1,10000000
852,182020543845,182020545062,0,0,1,10000000
853,182020548392,182020549403,0,0,1,10000000
854,182020551393,182020552502,0,0,1,10000000
855,182020553858,182020554734,0,0,1,10000000
856,182020556685,182020557841,0,0,1,10000000
857,182020560518,182020561475,0,0,1,10000000
858,182020562545,182020563435,0,0,1,10000000
859,182020588435,182020589883,0,0,1,10000000
860,182020593364,182020594464,0,0,1,10000000
861,182020597196,182020598334,0,0,1,10000000
862,182020600639,182020601515,0,0,1,10000000
863,182020606122,182020607102,0,0,1,10000000
864,182020611617,182020612724,0,0,1,10000000
865,182020614434,182020615374,0,0,1,10000000
866,182020617018,182020617924,0,0,1,10000000
867,182020620951,182020621883,0,0,1,10000000
868,182020624936,182020625732,0,0,1,10000000
869,182020628143,182020629175,0,0,1,10000000
870,182020632673,182020633563,0,0,1,10000000
871,182020657849,182020659283,0,0,1,10000000
872,182020663068,182020664324,0,0,1,10000000
873,182020666817,182020667666,0,0,1,10000000
874,182020671914,182020673115,0,0,1,10000000
875,182020675645,182020676782,0,0,1,10000000
876,182020681272,182020682302,0,0,1,10000000
877,182020683978,182020684893,0,0,1,10000000
878,182020686509,182020687413,0,0,1,10000000
879,182020690294,182020691159,0,0,1,10000000
880,182020693471,182020694230,0,0,1,10000000
881,182020696695,182020697610,0,0,1,10000000
882,182020700076,182020700941,0,0,1,10000000
883,182020727416,182020729246,0,0,1,10000000
884,182020733326,182020734619,0,0,1,10000000
885,182020737618,182020738633,0,0,1,10000000
886,182020741578,182020742498,0,0,1,10000000
887,182020747352,182020748354,0,0,1,10000000
888,182020752072,182020753058,0,0,1,10000000
889,182020754409,182020755360,0,0,1,10000000
890,182020756576,182020757509,0,0,1,10000000
891,182020759050,182020760039,0,0,1,10000000
892,182020762409,182020763264,0,0,1,10000000
893,182020765016,182020766929,0,0,1,10000000
894,182020769597,182020770512,0,0,1,10000000
895,182020771837,182020772530,0,0,1,10000000
896,182020796379,182020797784,0,0,1,10000000
897,182020801971,182020803126,0,0,1,10000000
898,182020807375,182020808537,0,0,1,10000000
899,182020813193,182020814503,0,0,1,10000000
900,182020818441,182020819749,0,0,1,10000000
901,182020821994,182020822812,0,0,1,10000000
902,182020824156,182020825067,0,0,1,10000000
903,182020828789,182020830053,0,0,1,10000000
904,182020832162,182020833298,0,0,1,10000000
905,182020837712,182020838871,0,0,1,10000000
906,182020840528,182020841809,0,0,1,10000000
907,182020865892,182020867682,0,0,1,10000000
908,182020871323,182020872594,0,0,1,10000000
909,182020877102,182020878323,0,0,1,10000000
910,182020882519,182020883583,0,0,1,10000000
911,182020887986,182020888965,0,0,1,10000000
912,182020890696,182020891561,0,0,1,10000000
913,182020893397,182020894592,0,0,1,10000000
914,182020897249,182020898074,0,0,1,10000000
915,182020900490,182020901262,0,0,1,10000000
916,182020903775,182020904916,0,0,1,10000000
917,182020907167,182020908280,0,0,1,10000000
918,182020911043,182020911925,0,0,1,10000000
919,182020935634,182020937117,0,0,1,10000000
920,182020940545,182020941847,0,0,1,10000000
921,182020944426,182020945327,0,0,1,10000000
922,182020949659,182020950934,0,0,1,10000000
923,182020955595,182020957003,0,0,1,10000000
924,182020960138,182020961315,0,0,1,10000000
925,182020962891,182020963751,0,0,1,10000000
926,182020965761,182020966932,0,0,1,10000000
927,182020968727,182020969524,0,0,1,10000000
928,182020972606,182020973722,0,0,1,10000000
929,182020976478,182020977533,0,0,1,10000000
930,182020979537,182020980526,0,0,1,10000000
931,182021005040,182021006771,0,0,1,10000000
932,182021011608,182021012856,0,0,1,10000000
933,182021015684,182021017205,0,0,1,10000000
934,182021022122,182021023665,0,0,1,10000000
935,182021026839,182021028293,0,0,1,10000000
936,182021030492,182021031688,0,0,1,10000000
937,182021036027,182021037263,0,0,1,10000000
938,182021040213,182021041473,0,0,1,10000000
939,182021043983,182021045054,0,0,1,10000000
940,182021046662,182021047917,0,0,1,10000000
941,182021074091,182021075795,0,0,1,10000000
942,182021079467,182021080960,0,0,1,10000000
943,182021085253,182021086658,0,0,1,10000000
944,182021090615,182021091879,0,0,1,10000000
945,182021096713,182021097750,0,0,1,10000000
946,182021099959,182021101067,0,0,1,10000000
947,182021103436,182021104462,0,0,1,10000000
948,182021106348,182021107365,0,0,1,10000000
949,182021108847,182021109837,0,0,1,10000000
950,182021112172,182021113131,0,0,1,10000000
951,182021114664,182021115746,0,0,1,10000000
952,182021118034,182021119250,0,0,1,10000000
953,182021143597,182021145021,0,0,1,10000000
954,182021148840,182021150200,0,0,1,10000000
955,182021153133,182021154077,0,0,1,10000000
956,182021156859,182021158364,0,0,1,10000000
957,182021161745,182021163110,0,0,1,10000000
958,182021167286,182021168808,0,0,1,10000000
959,182021172798,182021173998,0,0,1,10000000
960,182021175995,182021176985,0,0,1,10000000
961,182021178089,182021178937,0,0,1,10000000
962,182021180026,182021180753,0,0,1,10000000
963,182021184086,182021185356,0,0,1,10000000
964,182021187571,182021188736,0,0,1,10000000
965,182021213076,182021214531,0,0,1,10000000
966,182021218245,182021219485,0,0,1,10000000
967,182021223923,182021225186,0,0,1,10000000
968,182021229699,182021231016,0,0,1,10000000
969,182021235170,182021236423,0,0,1,10000000
970,182021238035,182021239124,0,0,1,10000000
971,182021242224,182021243285,0,0,1,10000000
972,182021246216,182021247144,0,0,1,10000000
973,182021249547,182021250637,0,0,1,10000000
974,182021252901,182021254093,0,0,1,10000000
975,182021256637,182021257764,0,0,1,10000000
976,182021282270,182021283494,0,0,1,10000000
977,182021287944,182021289452,0,0,1,10000000
978,182021292156,182021293211,0,0,1,10000000
979,182021296907,182021298310,0,0,1,10000000
980,182021302888,182021304049,0,0,1,10000000
981,182021307371,182021309014,0,0,1,10000000
982,182021310768,182021311928,0,0,1,10000000
983,182021313510,182021314630,0,0,1,10000000
984,182021316208,182021317339,0,0,1,10000000
985,182021321345,182021322690,0,0,1,10000000
986,182021325766,182021327069,0,0,1,10000000
987,182021352149,182021354393,0,0,1,10000000
988,182021357118,182021358663,0,0,1,10000000
989,182021362660,182021364153,0,0,1,10000000
990,182021368272,182021369550,0,0,1,10000000
991,182021373948,182021375214,0,0,1,10000000
992,182021377370,182021378506,0,0,1,10000000
993,182021380416,182021381501,0,0,1,10000000
994,182021384303,182021385492,0,0,1,10000000
995,182021386991,182021387804,0,0,1,10000000
996,182021389020,182021389768,0,0,1,10000000
997,182021391894,182021392912,0,0,1,10000000
998,182021394356,182021395377,0,0,1,10000000
999,182021421604,182021423283,0,0,1,10000000
1000,182021426553,182021427780,0,0,1,10000000
1001,182021432542,182021433797,0,0,1,10000000
1002,182021437911,182021439114,0,0,1,10000000
1003,182021443183,182021444423,0,0,1,10000000
1004,182021447318,182021449196,0,0,1,10000000
1005,182021450742,182021451566,0,0,1,10000000
1006,182021453915,182021454777,0,0,1,10000000
1007,182021457339,182021458372,0,0,1,10000000
1008,182021459855,182021460905,0,0,1,10000000
1009,182021462990,182021464016,0,0,1,10000000
1010,182021491159,182021493100,0,0,1,10000000
1011,182021496489,182021497641,0,0,1,10000000
1012,182021500381,182021501423,0,0,1,10000000
1013,182021504224,182021505350,0,0,1,10000000
1014,182021507836,182021508930,0,0,1,10000000
1015,182021511426,182021512606,0,0,1,10000000
1016,182021514568,182021515761,0,0,1,10000000
1017,182021518264,182021519322,0,0,1,10000000
1018,182021521244,182021522071,0,0,1,10000000
1019,182021523623,182021524439,0,0,1,10000000
1020,182021527589,182021528645,0,0,1,10000000
1021,182021531265,182021532224,0,0,1,10000000
1022,182021535137,182021536226,0,0,1,10000000
1023,182021560460,182021562152,0,0,1,10000000
1024,182021565444,182021566779,0,0,1,10000000
1025,182021569409,182021570714,0,0,1,10000000
1026,182021575277,182021576581,0,0,1,10000000
1027,182021580582,182021581945,0,0,1,10000000
1028,182021585048,182021586217,0,0,1,10000000
1029,182021587859,182021588881,0,0,1,10000000
1030,182021591386,182021592358,0,0,1,10000000
1031,182021595069,182021596069,0,0,1,10000000
1032,182021598587,182021599561,0,0,1,10000000
1033,182021602354,182021603624,0,0,1,10000000
1034,182021607001,182021608174,0,0,1,10000000
1035,182021630173,182021632509,0,0,1,10000000
1036,182021636655,182021638227,0,0,1,10000000
1037,182021642502,182021643951,0,0,1,10000000
1038,182021647315,182021648268,0,0,1,10000000
1039,182021651738,182021653084,0,0,1,10000000
1040,182021655608,182021656944,0,0,1,10000000
1041,182021660902,182021661777,0,0,1,10000000
1042,182021663808,182021664777,0,0,1,10000000
1043,182021667208,182021668440,0,0,1,10000000
1044,182021671648,182021673215,0,0,1,10000000
1045,182021675142,182021676153,0,0,1,10000000
1046,182021698896,182021700415,0,0,1,10000000
1047,182021704382,182021705671,0,0,1,10000000
1048,182021710319,182021711792,0,0,1,10000000
1049,182021715305,182021716824,0,0,1,10000000
1050,182021718846,182021719719,0,0,1,10000000
1051,182021723881,182021724885,0,0,1,10000000
1052,182021727662,182021728813,0,0,1,10000000
1053,182021730501,182021731467,0,0,1,10000000
1054,182021734286,182021735090,0,0,1,10000000
1055,182021737508,182021738583,0,0,1,10000000
1056,182021741238,182021742095,0,0,1,10000000
1057,182021768414,182021770492,0,0,1,10000000
1058,182021774421,182021775821,0,0,1,10000000
1059,182021779264,182021780492,0,0,1,10000000
1060,182021785147,182021786530,0,0,1,10000000
1061,182021790124,182021791226,0,0,1,10000000
1062,182021794147,182021795350,0,0,1,10000000
1063,182021796946,182021798094,0,0,1,10000000
1064,182021800756,182021801623,0,0,1,10000000
1065,182021803769,182021804592,0,0,1,10000000
1066,182021806005,182021806791,0,0,1,10000000
1067,182021811269,182021812592,0,0,1,10000000
1068,182021838142,182021839710,0,0,1,10000000
1069,182021843126,182021844750,0,0,1,10000000
1070,182021847245,182021848178,0,0,1,10000000
1071,182021851201,182021852272,0,0,1,10000000
1072,182021855981,182021857357,0,0,1,10000000
1073,182021861572,182021862859,0,0,1,10000000
1074,182021865172,182021866084,0,0,1,10000000
1075,182021868350,182021869522,0,0,1,10000000
1076,182021871303,182021872261,0,0,1,10000000
1077,182021873577,182021874437,0,0,1,10000000
1078,182021877520,182021878499,0,0,1,10000000
1079,182021881231,182021882308,0,0,1,10000000
1080,182021907573,182021909533,0,0,1,10000000
1081,182021913438,182021914635,0,0,1,10000000
1082,182021918087,182021919545,0,0,1,10000000
1083,182021923868,182021925191,0,0,1,10000000
1084,182021929067,182021930319,0,0,1,10000000
1085,182021932992,182021934143,0,0,1,10000000
1086,182021936064,182021937170,0,0,1,10000000
1087,182021938682,182021939703,0,0,1,10000000
1088,182021941696,182021942863,0,0,1,10000000
1089,182021945286,182021946417,0,0,1,10000000
1090,182021949264,182021950297,0,0,1,10000000
1091,182021952202,182021953221,0,0,1,10000000
1092,182021977048,182021978557,0,0,1,10000000
1093,182021982027,182021983009,0,0,1,10000000
1094,182021987883,182021988875,0,0,1,10000000
1095,182021993322,182021994670,0,0,1,10000000
1096,182021998823,182022000199,0,0,1,10000000
1097,182022002210,182022003300,0,0,1,10000000
1098,182022005759,182022006634,0,0,1,10000000
1099,182022009256,182022010085,0,0,1,10000000
1100,182022012319,182022013155,0,0,1,10000000
1101,182022016292,182022017353,0,0,1,10000000
1102,182022019866,182022020671,0,0,1,10000000
1103,182022046476,182022047971,0,0,1,10000000
1104,182022051803,182022052619,0,0,1,10000000
1105,182022057021,182022058270,0,0,1,10000000
1106,182022062669,182022064085,0,0,1,10000000
1107,182022068072,182022069058,0,0,1,10000000
1108,182022071804,182022072814,0,0,1,10000000
1109,182022074289,182022075317,0,0,1,10000000
1110,182022076926,182022077867,0,0,1,10000000
1111,182022079170,182022080102,0,0,1,10000000
1112,182022082947,182022083710,0,0,1,10000000
1113,182022085990,182022086748,0,0,1,10000000
1114,182022089482,182022090603,0,0,1,10000000
1115,182022116015,182022117774,0,0,1,10000000
1116,182022121170,182022122079,0,0,1,10000000
1117,182022126487,182022127825,0,0,1,10000000
1118,182022132301,182022133679,0,0,1,10000000
1119,182022137327,182022138284,0,0,1,10000000
1120,182022140674,182022141459,0,0,1,10000000
1121,182022143246,182022144010,0,0,1,10000000
1122,182022145929,182022146833,0,0,1,10000000
1123,182022148190,182022148997,0,0,1,10000000
1124,182022151404,182022153220,0,0,1,10000000
1125,182022157288,182022158348,0,0,1,10000000
1126,182022161798,182022163226,0,0,1,10000000
1127,182022185362,182022187086,0,0,1,10000000
1128,182022192695,182022194285,0,0,1,10000000
1129,182022197087,182022198181,0,0,1,10000000
1130,182022201247,182022202642,0,0,1,10000000
1131,182022206696,182022207924,0,0,1,10000000
1132,182022210006,182022211044,0,0,1,10000000
1133,182022212434,182022213730,0,0,1,10000000
1134,182022216367,182022217363,0,0,1,10000000
1135,182022219668,182022220555,0,0,1,10000000
1136,182022222969,182022223997,0,0,1,10000000
1137,182022228287,182022229075,0,0,1,10000000
1138,182022230469,182022231557,0,0,1,10000000
1139,182022254611,182022255790,0,0,1,10000000
1140,182022259702,182022261154,0,0,1,10000000
1141,182022264014,182022264849,0,0,1,10000000
1142,182022267543,182022268332,0,0,1,10000000
1143,182022272745,182022273730,0,0,1,10000000
1144,182022278341,182022279507,0,0,1,10000000
1145,182022282017,182022283120,0,0,1,10000000
1146,182022284754,182022285701,0,0,1,10000000
1147,182022287338,182022288285,0,0,1,10000000
1148,182022290814,182022291758,0,0,1,10000000
1149,182022294307,182022295323,0,0,1,10000000
1150,182022298168,182022299078,0,0,1,10000000
1151,182022324202,182022325885,0,0,1,10000000
1152,182022329133,182022330021,0,0,1,10000000
1153,182022334645,182022335835,0,0,1,10000000
1154,182022340621,182022341896,0,0,1,10000000
1155,182022345982,182022347150,0,0,1,10000000
1156,182022348705,182022349706,0,0,1,10000000
1157,182022351357,182022352329,0,0,1,10000000
1158,182022353997,182022354960,0,0,1,10000000
1159,182022356632,182022357581,0,0,1,10000000
1160,182022359937,182022360925,0,0,1,10000000
1161,182022363312,182022364123,0,0,1,10000000
1162,182022366823,182022367792,0,0,1,10000000
1163,182022393348,182022395151,0,0,1,10000000
1164,182022398581,182022399814,0,0,1,10000000
1165,182022402661,182022403515,0,0,1,10000000
1166,182022408195,182022409578,0,0,1,10000000
1167,182022413349,182022414310,0,0,1,10000000
1168,182022418256,182022419631,0,0,1,10000000
1169,182022421982,182022422969,0,0,1,10000000
1170,182022424343,182022425090,0,0,1,10000000
1171,182022427271,182022428507,0,0,1,10000000
1172,182022431293,182022432236,0,0,1,10000000
1173,182022435736,182022437517,0,0,1,10000000
1174,182022439385,182022440385,0,0,1,10000000
1175,182022462782,182022464085,0,0,1,10000000
1176,182022467996,182022469295,0,0,1,10000000
1177,182022473046,182022474120,0,0,1,10000000
1178,182022477105,182022478156,0,0,1,10000000
1179,182022481684,182022483098,0,0,1,10000000
1180,182022486777,182022487737,0,0,1,10000000
1181,182022489366,182022490170,0,0,1,10000000
1182,182022491907,182022492715,0,0,1,10000000
1183,182022494190,182022496935,0,0,1,10000000
1184,182022499058,182022499977,0,0,1,10000000
1185,182022503266,182022504256,0,0,1,10000000
1186,182022507985,182022509082,0,0,1,10000000
1187,182022532602,182022534386,0,0,1,10000000
1188,182022537564,182022538525,0,0,1,10000000
1189,182022542418,182022543278,0,0,1,10000000
1190,182022546526,182022547449,0,0,1,10000000
1191,182022552495,182022553500,0,0,1,10000000
1192,182022557238,182022558053,0,0,1,10000000
1193,182022559373,182022560121,0,0,1,10000000
1194,182022561446,182022562186,0,0,1,10000000
1195,182022563504,182022564215,0,0,1,10000000
1196,182022565702,182022566421,0,0,1,10000000
1197,182022567824,182022568565,0,0,1,10000000
1198,182022570293,182022571074,0,0,1,10000000
1199,182022572404,182022573121,0,0,1,10000000
1200,182022575046,182022576119,0,0,1,10000000
1201,182022601727,182022603210,0,0,1,10000000
1202,182022606840,182022608161,0,0,1,10000000
1203,182022610497,182022611777,0,0,1,10000000
1204,182022615994,182022617149,0,0,1,10000000
1205,182022621477,182022622683,0,0,1,10000000
1206,182022626827,182022628220,0,0,1,10000000
1207,182022630062,182022631024,0,0,1,10000000
1208,182022632970,182022633874,0,0,1,10000000
1209,182022635581,182022636299,0,0,1,10000000
1210,182022637858,182022638719,0,0,1,10000000
1211,182022639903,182022640593,0,0,1,10000000
1212,182022642023,182022642727,0,0,1,10000000
1213,182022671009,182022672543,0,0,1,10000000
1214,182022676285,182022677464,0,0,1,10000000
1215,182022679942,182022681093,0,0,1,10000000
1216,182022685370,182022686594,0,0,1,10000000
1217,182022690915,182022692141,0,0,1,10000000
1218,182022694540,182022695879,0,0,1,10000000
1219,182022697651,182022698632,0,0,1,10000000
1220,182022700332,182022701172,0,0,1,10000000
1221,182022702340,182022703240,0,0,1,10000000
1222,182022704367,182022705179,0,0,1,10000000
1223,182022706688,182022707555,0,0,1,10000000
1224,182022708693,182022709405,0,0,1,10000000
1225,182022710869,182022711681,0,0,1,10000000
1226,182022713290,182022714127,0,0,1,10000000
1227,182022740456,182022741989,0,0,1,10000000
1228,182022745699,182022746974,0,0,1,10000000
1229,182022749456,182022750848,0,0,1,10000000
1230,182022754848,182022756086,0,0,1,10000000
1231,182022759117,182022760050,0,0,1,10000000
1232,182022763953,182022765126,0,0,1,10000000
1233,182022767130,182022767859,0,0,1,10000000
1234,182022769069,182022769770,0,0,1,10000000
1235,182022771047,182022771738,0,0,1,10000000
1236,182022774041,182022774854,0,0,1,10000000
1237,182022777780,182022778689,0,0,1,10000000
1238,182022780242,182022781057,0,0,1,10000000
1239,182022783192,182022784480,0,0,1,10000000
1240,182022809886,182022811145,0,0,1,10000000
1241,182022815168,182022816341,0,0,1,10000000
1242,182022818827,182022820139,0,0,1,10000000
1243,182022824251,182022825464,0,0,1,10000000
1244,182022830075,182022831284,0,0,1,10000000
1245,182022835210,182022836396,0,0,1,10000000
1246,182022838446,182022839411,0,0,1,10000000
1247,182022840888,182022841622,0,0,1,10000000
1248,182022842906,182022843610,0,0,1,10000000
1249,182022844968,182022845733,0,0,1,10000000
1250,182022848398,182022849316,0,0,1,10000000
1251,182022851546,182022852823,0,0,1,10000000
1252,182022879306,182022880714,0,0,1,10000000
1253,182022884576,182022885965,0,0,1,10000000
1254,182022888336,182022889433,0,0,1,10000000
1255,182022893687,182022894818,0,0,1,10000000
1256,182022899206,182022900432,0,0,1,10000000
1257,182022904520,182022905758,0,0,1,10000000
1258,182022907825,182022908697,0,0,1,10000000
1259,182022910286,182022911031,0,0,1,10000000
1260,182022912627,182022913487,0,0,1,10000000
1261,182022914763,182022915549,0,0,1,10000000
1262,182022917097,182022918061,0,0,1,10000000
1263,182022919639,182022920378,0,0,1,10000000
1264,182022921867,182022922646,0,0,1,10000000
1265,182022949866,182022951498,0,0,1,10000000
1266,182022955310,182022956504,0,0,1,10000000
1267,182022960325,182022961832,0,0,1,10000000
1268,182022966162,182022967447,0,0,1,10000000
1269,182022970715,182022972065,0,0,1,10000000
1270,182022974063,182022974984,0,0,1,10000000
1271,182022976684,182022977658,0,0,1,10000000
1272,182022979402,182022980363,0,0,1,10000000
1273,182022982083,182022982986,0,0,1,10000000
1274,182022984295,182022985195,0,0,1,10000000
1275,182022986940,182022987895,0,0,1,10000000
1276,182022989640,182022990865,0,0,1,10000000
1277,182022992915,182022993792,0,0,1,10000000
1278,182023018452,182023019687,0,0,1,10000000
1279,182023023464,182023024731,0,0,1,10000000
1280,182023027211,182023028610,0,0,1,10000000
1281,182023032590,182023033744,0,0,1,10000000
1282,182023036235,182023037313,0,0,1,10000000
1283,182023041749,182023042888,0,0,1,10000000
1284,182023044807,182023045707,0,0,1,10000000
1285,182023047785,182023048822,0,0,1,10000000
1286,182023050729,182023051712,0,0,1,10000000
1287,182023053371,182023054318,0,0,1,10000000
1288,182023056142,182023057095,0,0,1,10000000
1289,182023058929,182023059846,0,0,1,10000000
1290,182023061649,182023062577,0,0,1,10000000
1291,182023088038,182023089720,0,0,1,10000000
1292,182023092908,182023094234,0,0,1,10000000
1293,182023096527,182023098747,0,0,1,10000000
1294,182023102306,182023104504,0,0,1,10000000
1295,182023107807,182023109300,0,0,1,10000000
1296,182023112774,182023113942,0,0,1,10000000
1297,182023115769,182023116629,0,0,1,10000000
1298,182023118472,182023119561,0,0,1,10000000
1299,182023121636,182023122617,0,0,1,10000000
1300,182023124409,182023125475,0,0,1,10000000
1301,182023127519,182023128606,0,0,1,10000000
1302,182023130720,182023131859,0,0,1,10000000
1303,182023157388,182023158824,0,0,1,10000000
1304,182023162690,182023163946,0,0,1,10000000
1305,182023166264,182023167105,0,0,1,10000000
1306,182023171707,182023173003,0,0,1,10000000
1307,182023177211,182023178619,0,0,1,10000000
1308,182023182619,182023184187,0,0,1,10000000
1309,182023186473,182023187630,0,0,1,10000000
1310,182023189623,182023190452,0,0,1,10000000
1311,182023192433,182023193401,0,0,1,10000000
1312,182023196499,182023198425,0,0,1,10000000
1313,182023200447,182023201387,0,0,1,10000000
1314,182023226759,182023228110,0,0,1,10000000
1315,182023231764,182023233072,0,0,1,10000000
1316,182023235386,182023236524,0,0,1,10000000
1317,182023239095,182023240313,0,0,1,10000000
1318,182023244573,182023245754,0,0,1,10000000
1319,182023248177,182023249237,0,0,1,10000000
1320,182023251429,182023252713,0,0,1,10000000
1321,182023254893,182023255911,0,0,1,10000000
1322,182023257798,182023258802,0,0,1,10000000
1323,182023260721,182023261679,0,0,1,10000000
1324,182023263687,182023264704,0,0,1,10000000
1325,182023266498,182023267502,0,0,1,10000000
1326,182023270305,182023271513,0,0,1,10000000
1327,182023295893,182023297291,0,0,1,10000000
1328,182023301168,182023302216,0,0,1,10000000
1329,182023304797,182023306150,0,0,1,10000000
1330,182023310269,182023311450,0,0,1,10000000
1331,182023314021,182023315367,0,0,1,10000000
1332,182023319401,182023320517,0,0,1,10000000
1333,182023322191,182023323241,0,0,1,10000000
1334,182023325196,182023326033,0,0,1,10000000
1335,182023328042,182023329336,0,0,1,10000000
1336,182023331373,182023332263,0,0,1,10000000
1337,182023333995,182023334831,0,0,1,10000000
1338,182023336883,182023337982,0,0,1,10000000
1339,182023339580,182023340700,0,0,1,10000000
1340,182023365217,182023366424,0,0,1,10000000
1341,182023370863,182023372419,0,0,1,10000000
1342,182023376603,182023378107,0,0,1,10000000
1343,182023381557,182023382827,0,0,1,10000000
1344,182023387033,182023388373,0,0,1,10000000
1345,182023390489,182023391695,0,0,1,10000000
1346,182023393672,182023394424,0,0,1,10000000
1347,182023395943,182023396736,0,0,1,10000000
1348,182023398103,182023398827,0,0,1,10000000
1349,182023400178,182023400905,0,0,1,10000000
1350,182023402237,182023402955,0,0,1,10000000
1351,182023404358,182023405081,0,0,1,10000000
1352,182023406496,182023407336,0,0,1,10000000
1353,182023434930,182023436572,0,0,1,10000000
1354,182023440039,182023441507,0,0,1,10000000
1355,182023443658,182023444984,0,0,1,10000000
1356,182023449425,182023450767,0,0,1,10000000
1357,182023454645,182023455586,0,0,1,10000000
1358,182023458279,182023459661,0,0,1,10000000
1359,182023461693,182023462576,0,0,1,10000000
1360,182023464204,182023464990,0,0,1,10000000
1361,182023466890,182023468082,0,0,1,10000000
1362,182023469813,182023470712,0,0,1,10000000
1363,182023472845,182023474102,0,0,1,10000000
1364,182023475955,182023476894,0,0,1,10000000
1365,182023478978,182023479765,0,0,1,10000000
1366,182023504232,182023505811,0,0,1,10000000
1367,182023509484,182023510907,0,0,1,10000000
1368,182023513114,182023514465,0,0,1,10000000
1369,182023516767,182023518063,0,0,1,10000000
1370,182023522232,182023523535,0,0,1,10000000
1371,182023527873,182023529301,0,0,1,10000000
1372,182023531293,182023532068,0,0,1,10000000
1373,182023534060,182023535150,0,0,1,10000000
1374,182023537022,182023537767,0,0,1,10000000
1375,182023539777,182023540913,0,0,1,10000000
1376,182023542946,182023543743,0,0,1,10000000
1377,182023545276,182023546787,0,0,1,10000000
1378,182023574046,182023575462,0,0,1,10000000
1379,182023579068,182023580529,0,0,1,10000000
1380,182023584897,182023586476,0,0,1,10000000
1381,182023590326,182023591724,0,0,1,10000000
1382,182023595702,182023597087,0,0,1,10000000
1383,182023599208,182023600019,0,0,1,10000000
1384,182023601499,182023602324,0,0,1,10000000
1385,182023604301,182023605038,0,0,1,10000000
1386,182023606460,182023607192,0,0,1,10000000
1387,182023608694,182023609447,0,0,1,10000000
1388,182023610861,182023611572,0,0,1,10000000
1389,182023612772,182023613480,0,0,1,10000000
1390,182023614915,182023616174,0,0,1,10000000
1391,182023644117,182023645949,0,0,1,10000000
1392,182023649308,182023650909,0,0,1,10000000
1393,182023654986,182023656410,0,0,1,10000000
1394,182023660596,182023662040,0,0,1,10000000
1395,182023665888,182023667508,0,0,1,10000000
1396,182023669648,182023670702,0,0,1,10000000
1397,182023672857,182023674007,0,0,1,10000000
1398,182023675848,182023676659,0,0,1,10000000
1399,182023678228,182023679212,0,0,1,10000000
1400,182023681101,182023682348,0,0,1,10000000
1401,182023684006,182023685083,0,0,1,10000000
1402,182023686950,182023687720,0,0,1,10000000
1403,182023712331,182023713814,0,0,1,10000000
1404,182023717797,182023719067,0,0,1,10000000
1405,182023722041,182023723171,0,0,1,10000000
1406,182023725874,182023727050,0,0,1,10000000
1407,182023730911,182023732070,0,0,1,10000000
1408,182023736297,182023737607,0,0,1,10000000
1409,182023740097,182023741105,0,0,1,10000000
1410,182023742936,182023743949,0,0,1,10000000
1411,182023745463,182023746471,0,0,1,10000000
1412,182023747919,182023748934,0,0,1,10000000
1413,182023750547,182023751527,0,0,1,10000000
1414,182023754267,182023755312,0,0,1,10000000
1415,182023757175,182023757993,0,0,1,10000000
1416,182023782208,182023783951,0,0,1,10000000
1417,182023787843,182023789119,0,0,1,10000000
1418,182023793020,182023794201,0,0,1,10000000
1419,182023798429,182023800793,0,0,1,10000000
1420,182023803985,182023806113,0,0,1,10000000
1421,182023808072,182023809258,0,0,1,10000000
1422,182023810981,182023812091,0,0,1,10000000
1423,182023814545,182023815635,0,0,1,10000000
1424,182023821599,182023823099,0,0,1,10000000
1425,182023824836,182023826035,0,0,1,10000000
1426,182023851364,182023852990,0,0,1,10000000
1427,182023857361,182023858748,0,0,1,10000000
1428,182023864144,182023865368,0,0,1,10000000
1429,182023868435,182023869365,0,0,1,10000000
1430,182023873385,182023874657,0,0,1,10000000
1431,182023876517,182023877616,0,0,1,10000000
1432,182023881095,182023882072,0,0,1,10000000
1433,182023884109,182023885207,0,0,1,10000000
1434,182023888124,182023889156,0,0,1,10000000
1435,182023891690,182023892774,0,0,1,10000000
1436,182023894748,182023895930,0,0,1,10000000
1437,182023921674,182023929512,0,0,1,10000000
1438,182023934067,182023935403,0,0,1,10000000
1439,182023938446,182023939729,0,0,1,10000000
1440,182023942555,182023943926,0,0,1,10000000
1441,182023945928,182023947120,0,0,1,10000000
1442,182023950377,182023951460,0,0,1,10000000
1443,182023953756,182023954924,0,0,1,10000000
1444,182023957102,182023958171,0,0,1,10000000
1445,182023960063,182023961199,0,0,1,10000000
1446,182023962932,182023964563,0,0,1,10000000
1447,182023990432,182023994396,0,0,1,10000000
1448,182023998569,182024000334,0,0,1,10000000
1449,182024003068,182024005247,0,0,1,10000000
1450,182024008341,182024009482,0,0,1,10000000
1451,182024014079,182024015302,0,0,1,10000000
1452,182024018813,182024019751,0,0,1,10000000
1453,182024021029,182024021753,0,0,1,10000000
1454,182024022878,182024023600,0,0,1,10000000
1455,182024025159,182024026189,0,0,1,10000000
1456,182024027815,182024029415,0,0,1,10000000
1457,182024032291,182024033763,0,0,1,10000000
1458,182024035418,182024036481,0,0,1,10000000
1459,182024059726,182024061143,0,0,1,10000000
1460,182024064944,182024066019,0,0,1,10000000
1461,182024070546,182024072096,0,0,1,10000000
1462,182024075873,182024077107,0,0,1,10000000
1463,182024079859,182024081407,0,0,1,10000000
1464,182024084772,182024085989,0,0,1,10000000
1465,182024087686,182024088776,0,0,1,10000000
1466,182024090852,182024091891,0,0,1,10000000
1467,182024094317,182024095298,0,0,1,10000000
1468,182024097322,182024098459,0,0,1,10000000
1469,182024100850,182024101916,0,0,1,10000000
1470,182024103643,182024104673,0,0,1,10000000
1471,182024129331,182024130926,0,0,1,10000000
1472,182024134363,182024135722,0,0,1,10000000
1473,182024139825,182024140986,0,0,1,10000000
1474,182024142655,182024143802,0,0,1,10000000
1475,182024147291,182024148667,0,0,1,10000000
1476,182024152817,182024154144,0,0,1,10000000
1477,182024156058,182024156966,0,0,1,10000000
1478,182024158362,182024159166,0,0,1,10000000
1479,182024162079,182024163204,0,0,1,10000000
1480,182024164920,182024165691,0,0,1,10000000
1481,182024167397,182024168185,0,0,1,10000000
1482,182024171495,182024172721,0,0,1,10000000
1483,182024174750,182024175836,0,0,1,10000000
1484,182024199016,182024200956,0,0,1,10000000
1485,182024204622,182024205961,0,0,1,10000000
1486,182024209308,182024210533,0,0,1,10000000
1487,182024213571,182024214936,0,0,1,10000000
1488,182024218692,182024220000,0,0,1,10000000
1489,182024223638,182024224970,0,0,1,10000000
1490,182024226958,182024228033,0,0,1,10000000
1491,182024229603,182024230663,0,0,1,10000000
1492,182024233783,182024234903,0,0,1,10000000
1493,182024237314,182024238379,0,0,1,10000000
1494,182024241094,182024242184,0,0,1,10000000
1495,182024267811,182024269184,0,0,1,10000000
1496,182024273328,182024274683,0,0,1,10000000
1497,182024277710,182024278621,0,0,1,10000000
1498,182024281292,182024282440,0,0,1,10000000
1499,182024285358,182024286233,0,0,1,10000000
1500,182024288728,182024289660,0,0,1,10000000
1501,182024291751,182024292949,0,0,1,10000000
1502,182024294528,182024295597,0,0,1,10000000
1503,182024297354,182024298368,0,0,1,10000000
1504,182024299847,182024300866,0,0,1,10000000
1505,182024303770,182024304793,0,0,1,10000000
1506,182024307475,182024308525,0,0,1,10000000
1507,182024311439,182024312474,0,0,1,10000000
1508,182024337561,182024339179,0,0,1,10000000
1509,182024342646,182024345655,0,0,1,10000000
1510,182024348640,182024349544,0,0,1,10000000
1511,182024353907,182024355150,0,0,1,10000000
1512,182024359239,182024360452,0,0,1,10000000
1513,182024363058,182024365002,0,0,1,10000000
1514,182024370073,182024370981,0,0,1,10000000
1515,182024374773,182024375680,0,0,1,10000000
1516,182024377101,182024378072,0,0,1,10000000
1517,182024379483,182024380605,0,0,1,10000000
1518,182024406729,182024408422,0,0,1,10000000
1519,182024412081,182024413576,0,0,1,10000000
1520,182024416532,182024417702,0,0,1,10000000
1521,182024420372,182024421254,0,0,1,10000000
1522,182024423467,182024424749,0,0,1,10000000
1523,182024427400,182024428519,0,0,1,10000000
1524,182024430334,182024431490,0,0,1,10000000
1525,182024434019,182024435143,0,0,1,10000000
1526,182024437165,182024438201,0,0,1,10000000
1527,182024439743,182024440809,0,0,1,10000000
1528,182024443688,182024444546,0,0,1,10000000
1529,182024447171,182024448388,0,0,1,10000000
1530,182024451019,182024452292,0,0,1,10000000
1531,182024476512,182024478037,0,0,1,10000000
1532,182024481528,182024482747,0,0,1,10000000
1533,182024485451,182024486330,0,0,1,10000000
1534,182024490581,182024491822,0,0,1,10000000
1535,182024494502,182024495660,0,0,1,10000000
1536,182024499740,182024500976,0,0,1,10000000
1537,182024503213,182024504273,0,0,1,10000000
1538,182024506477,182024507788,0,0,1,10000000
1539,182024510676,182024511833,0,0,1,10000000
1540,182024515442,182024516345,0,0,1,10000000
1541,182024519154,182024520219,0,0,1,10000000
1542,182024545698,182024547403,0,0,1,10000000
1543,182024550936,182024552441,0,0,1,10000000
1544,182024555411,182024556296,0,0,1,10000000
1545,182024558795,182024559720,0,0,1,10000000
1546,182024561936,182024563301,0,0,1,10000000
1547,182024567366,182024568286,0,0,1,10000000
1548,182024570748,182024571791,0,0,1,10000000
1549,182024573402,182024574557,0,0,1,10000000
1550,182024576339,182024577170,0,0,1,10000000
1551,182024579504,182024580589,0,0,1,10000000
1552,182024583296,182024584330,0,0,1,10000000
1553,182024586703,182024587819,0,0,1,10000000
1554,182024589342,182024590165,0,0,1,10000000
1555,182024615300,182024617338,0,0,1,10000000
1556,182024621045,182024622155,0,0,1,10000000
1557,182024624999,182024625895,0,0,1,10000000
1558,182024628392,182024629233,0,0,1,10000000
1559,182024633196,182024634150,0,0,1,10000000
1560,182024638598,182024639497,0,0,1,10000000
1561,182024641521,182024642342,0,0,1,10000000
1562,182024643643,182024644396,0,0,1,10000000
1563,182024645646,182024646375,0,0,1,10000000
1564,182024647674,182024648415,0,0,1,10000000
1565,182024649998,182024650902,0,0,1,10000000
1566,182024652637,182024653643,0,0,1,10000000
1567,182024656215,182024657236,0,0,1,10000000
1568,182024659013,182024660014,0,0,1,10000000
1569,182024684383,182024685965,0,0,1,10000000
1570,182024689771,182024690662,0,0,1,10000000
1571,182024693362,182024694258,0,0,1,10000000
1572,182024698906,182024700431,0,0,1,10000000
1573,182024704424,182024705888,0,0,1,10000000
1574,182024709445,182024710809,0,0,1,10000000
1575,182024712947,182024714165,0,0,1,10000000
1576,182024716454,182024717202,0,0,1,10000000
1577,182024719917,182024720862,0,0,1,10000000
1578,182024723405,182024724177,0,0,1,10000000
1579,182024725489,182024726713,0,0,1,10000000
1580,182024754373,182024756282,0,0,1,10000000
1581,182024759755,182024761022,0,0,1,10000000
1582,182024763848,182024764971,0,0,1,10000000
1583,182024767888,182024768943,0,0,1,10000000
1584,182024771997,182024773210,0,0,1,10000000
1585,182024778062,182024779087,0,0,1,10000000
1586,182024780867,182024781686,0,0,1,10000000
1587,182024783951,182024785131,0,0,1,10000000
1588,182024787022,182024788114,0,0,1,10000000
1589,182024790361,182024791439,0,0,1,10000000
1590,182024794092,182024795109,0,0,1,10000000
1591,182024798286,182024799383,0,0,1,10000000
1592,182024823846,182024825512,0,0,1,10000000
1593,182024828725,182024830087,0,0,1,10000000
1594,182024834684,182024836045,0,0,1,10000000
1595,182024840010,182024841255,0,0,1,10000000
1596,182024845586,182024846967,0,0,1,10000000
1597,182024848936,182024850257,0,0,1,10000000
1598,182024851897,182024852976,0,0,1,10000000
1599,182024855193,182024856293,0,0,1,10000000
1600,182024859068,182024860158,0,0,1,10000000
1601,182024862913,182024864001,0,0,1,10000000
1602,182024866533,182024867690,0,0,1,10000000
1603,182024893037,182024894588,0,0,1,10000000
1604,182024898113,182024899563,0,0,1,10000000
1605,182024902068,182024903007,0,0,1,10000000
1606,182024907247,182024908605,0,0,1,10000000
1607,182024913296,182024914320,0,0,1,10000000
1608,182024917966,182024918999,0,0,1,10000000
1609,182024920680,182024921490,0,0,1,10000000
1610,182024923240,182024924365,0,0,1,10000000
1611,182024925904,182024926968,0,0,1,10000000
1612,182024929578,182024930381,0,0,1,10000000
1613,182024932864,182024934034,0,0,1,10000000
1614,182024937409,182024938459,0,0,1,10000000
1615,182024962607,182024964150,0,0,1,10000000
1616,182024967549,182024968780,0,0,1,10000000
1617,182024973234,182024974539,0,0,1,10000000
1618,182024977428,182024978479,0,0,1,10000000
1619,182024981054,182024982007,0,0,1,10000000
1620,182024986254,182024987574,0,0,1,10000000
1621,182024989843,182024990943,0,0,1,10000000
1622,182024992800,182024993759,0,0,1,10000000
1623,182024997324,182024998469,0,0,1,10000000
1624,182025001184,182025002285,0,0,1,10000000
1625,182025005135,182025006362,0,0,1,10000000
1626,182025031749,182025033416,0,0,1,10000000
1627,182025037198,182025038497,0,0,1,10000000
1628,182025042481,182025043805,0,0,1,10000000
1629,182025046184,182025047232,0,0,1,10000000
1630,182025052592,182025054096,0,0,1,10000000
1631,182025058003,182025059260,0,0,1,10000000
1632,182025061328,182025062255,0,0,1,10000000
1633,182025064058,182025064887,0,0,1,10000000
1634,182025067508,182025068619,0,0,1,10000000
1635,182025070494,182025071289,0,0,1,10000000
1636,182025074584,182025075502,0,0,1,10000000
1637,182025101255,182025102772,0,0,1,10000000
1638,182025106346,182025107555,0,0,1,10000000
1639,182025110006,182025111014,0,0,1,10000000
1640,182025113663,182025114843,0,0,1,10000000
1641,182025117331,182025118496,0,0,1,10000000
1642,182025123031,182025125304,0,0,1,10000000
1643,182025127819,182025128822,0,0,1,10000000
1644,182025131618,182025132636,0,0,1,10000000
1645,182025135396,182025136368,0,0,1,10000000
1646,182025138994,182025139945,0,0,1,10000000
1647,182025142483,182025143589,0,0,1,10000000
1648,182025145114,182025146184,0,0,1,10000000
1649,182025170931,182025172440,0,0,1,10000000
1650,182025175860,182025177080,0,0,1,10000000
1651,182025179904,182025181053,0,0,1,10000000
1652,182025185221,182025187455,0,0,1,10000000
1653,182025190742,182025191714,0,0,1,10000000
1654,182025195786,182025196689,0,0,1,10000000
1655,182025198498,182025199495,0,0,1,10000000
1656,182025201891,182025203012,0,0,1,10000000
1657,182025205371,182025206509,0,0,1,10000000
1658,182025209101,182025210097,0,0,1,10000000
1659,182025213028,182025214677,0,0,1,10000000
1660,182025240351,182025242197,0,0,1,10000000
1661,182025245265,182025246607,0,0,1,10000000
1662,182025249221,182025250103,0,0,1,10000000
1663,182025254359,182025255612,0,0,1,10000000
1664,182025258019,182025259066,0,0,1,10000000
1665,182025261652,182025262758,0,0,1,10000000
1666,182025264862,182025265879,0,0,1,10000000
1667,182025268012,182025268975,0,0,1,10000000
1668,182025271204,182025272173,0,0,1,10000000
1669,182025274688,182025275621,0,0,1,10000000
1670,182025278222,182025279186,0,0,1,10000000
1671,182025281879,182025283378,0,0,1,10000000
1672,182025285794,182025286977,0,0,1,10000000
1673,182025309752,182025311292,0,0,1,10000000
1674,182025314690,182025315882,0,0,1,10000000
1675,182025319279,182025320303,0,0,1,10000000
1676,182025324031,182025325194,0,0,1,10000000
1677,182025329306,182025330533,0,0,1,10000000
1678,182025332929,182025334086,0,0,1,10000000
1679,182025335740,182025336747,0,0,1,10000000
1680,182025338256,182025339326,0,0,1,10000000
1681,182025342518,182025343486,0,0,1,10000000
1682,182025346358,182025347497,0,0,1,10000000
1683,182025350328,182025351853,0,0,1,10000000
1684,182025354359,182025355587,0,0,1,10000000
1685,182025379182,182025381248,0,0,1,10000000
1686,182025385371,182025386587,0,0,1,10000000
1687,182025390150,182025391277,0,0,1,10000000
1688,182025395243,182025396318,0,0,1,10000000
1689,182025400860,182025402347,0,0,1,10000000
1690,182025404920,182025405979,0,0,1,10000000
1691,182025407364,182025408369,0,0,1,10000000
1692,182025409741,182025410714,0,0,1,10000000
1693,182025412017,182025413009,0,0,1,10000000
1694,182025416198,182025417188,0,0,1,10000000
1695,182025420069,182025421339,0,0,1,10000000
1696,182025423161,182025424065,0,0,1,10000000
1697,182025448649,182025450189,0,0,1,10000000
1698,182025453548,182025454751,0,0,1,10000000
1699,182025459383,182025460581,0,0,1,10000000
1700,182025464502,182025465735,0,0,1,10000000
1701,182025468183,182025469545,0,0,1,10000000
1702,182025473466,182025474642,0,0,1,10000000
1703,182025476201,182025477165,0,0,1,10000000
1704,182025479840,182025480831,0,0,1,10000000
1705,182025483984,182025484989,0,0,1,10000000
1706,182025487707,182025488729,0,0,1,10000000
1707,182025491257,182025492437,0,0,1,10000000
1708,182025518068,182025519565,0,0,1,10000000
1709,182025522939,182025524079,0,0,1,10000000
1710,182025526632,182025527741,0,0,1,10000000
1711,182025530345,182025531321,0,0,1,10000000
1712,182025536202,182025537370,0,0,1,10000000
1713,182025541716,182025542892,0,0,1,10000000
1714,182025545024,182025546003,0,0,1,10000000
1715,182025548534,182025549530,0,0,1,10000000
1716,182025552294,182025553465,0,0,1,10000000
1717,182025556066,182025557058,0,0,1,10000000
1718,182025559295,182025560746,0,0,1,10000000
1719,182025563698,182025564570,0,0,1,10000000
1720,182025587404,182025588741,0,0,1,10000000
1721,182025592406,182025593634,0,0,1,10000000
1722,182025596241,182025597273,0,0,1,10000000
1723,182025601724,182025602780,0,0,1,10000000
1724,182025605134,182025606245,0,0,1,10000000
1725,182025610654,182025611582,0,0,1,10000000
1726,182025612939,182025613703,0,0,1,10000000
1727,182025614968,182025615704,0,0,1,10000000
1728,182025617810,182025618753,0,0,1,10000000
1729,182025621018,182025621881,0,0,1,10000000
1730,182025624959,182025626113,0,0,1,10000000
1731,182025628813,182025630159,0,0,1,10000000
1732,182025631918,182025632822,0,0,1,10000000
1733,182025657028,182025658648,0,0,1,10000000
1734,182025661813,182025662989,0,0,1,10000000
1735,182025667339,182025668531,0,0,1,10000000
1736,182025671396,182025672509,0,0,1,10000000
1737,182025676877,182025678820,0,0,1,10000000
1738,182025681983,182025683177,0,0,1,10000000
1739,182025685484,182025686534,0,0,1,10000000
1740,182025688016,182025688988,0,0,1,10000000
1741,182025691231,182025692221,0,0,1,10000000
1742,182025694722,182025695698,0,0,1,10000000
1743,182025698323,182025699384,0,0,1,10000000
1744,182025701310,182025702324,0,0,1,10000000
1745,182025725802,182025727104,0,0,1,10000000
1746,182025731261,182025732565,0,0,1,10000000
1747,182025735346,182025736509,0,0,1,10000000
1748,182025740885,182025742254,0,0,1,10000000
1749,182025746358,182025747741,0,0,1,10000000
1750,182025751256,182025752523,0,0,1,10000000
1751,182025754348,182025755427,0,0,1,10000000
1752,182025757162,182025758268,0,0,1,10000000
1753,182025760281,182025761217,0,0,1,10000000
1754,182025764369,182025765553,0,0,1,10000000
1755,182025768318,182025769615,0,0,1,10000000
1756,182025771631,182025772539,0,0,1,10000000
1757,182025795593,182025796985,0,0,1,10000000
1758,182025800689,182025801938,0,0,1,10000000
1759,182025806768,182025807912,0,0,1,10000000
1760,182025811887,182025813105,0,0,1,10000000
1761,182025817302,182025818471,0,0,1,10000000
1762,182025820424,182025821502,0,0,1,10000000
1763,182025824092,182025825444,0,0,1,10000000
1764,182025827230,182025828613,0,0,1,10000000
1765,182025833669,182025834757,0,0,1,10000000
1766,182025838242,182025839704,0,0,1,10000000
1767,182025841735,182025842590,0,0,1,10000000
1768,182025865144,182025866838,0,0,1,10000000
1769,182025870119,182025871181,0,0,1,10000000
1770,182025876092,182025877343,0,0,1,10000000
1771,182025882024,182025883234,0,0,1,10000000
1772,182025886950,182025887970,0,0,1,10000000
1773,182025890830,182025892014,0,0,1,10000000
1774,182025894448,182025895415,0,0,1,10000000
1775,182025896854,182025897705,0,0,1,10000000
1776,182025899011,182025899744,0,0,1,10000000
1777,182025901383,182025902287,0,0,1,10000000
1778,182025906399,182025908379,0,0,1,10000000
1779,182025910294,182025911188,0,0,1,10000000
1780,182025934405,182025936216,0,0,1,10000000
1781,182025940615,182025941637,0,0,1,10000000
1782,182025946020,182025947548,0,0,1,10000000
1783,182025950948,182025952218,0,0,1,10000000
1784,182025956295,182025957903,0,0,1,10000000
1785,182025962066,182025963785,0,0,1,10000000
1786,182025967577,182025968505,0,0,1,10000000
1787,182025971360,182025972343,0,0,1,10000000
1788,182025975958,182025977067,0,0,1,10000000
1789,182025978859,182025979664,0,0,1,10000000
1790,182026003602,182026005627,0,0,1,10000000
1791,182026009311,182026010279,0,0,1,10000000
1792,182026014528,182026016616,0,0,1,10000000
1793,182026020241,182026021313,0,0,1,10000000
1794,182026025579,182026026693,0,0,1,10000000
1795,182026028669,182026029694,0,0,1,10000000
1796,182026032116,182026032890,0,0,1,10000000
1797,182026034061,182026034763,0,0,1,10000000
1798,182026035908,182026036611,0,0,1,10000000
1799,182026037877,182026038555,0,0,1,10000000
1800,182026041121,182026042897,0,0,1,10000000
1801,182026045763,182026046704,0,0,1,10000000
1802,182026048459,182026049506,0,0,1,10000000
1803,182026073427,182026075439,0,0,1,10000000
1804,182026078598,182026079636,0,0,1,10000000
1805,182026083992,182026085168,0,0,1,10000000
1806,182026089682,182026090648,0,0,1,10000000
1807,182026095241,182026096265,0,0,1,10000000
1808,182026098280,182026099391,0,0,1,10000000
1809,182026102657,182026104017,0,0,1,10000000
1810,182026106798,182026107979,0,0,1,10000000
1811,182026110956,182026111893,0,0,1,10000000
1812,182026114522,182026115722,0,0,1,10000000
1813,182026118391,182026119621,0,0,1,10000000
1814,182026142611,182026144029,0,0,1,10000000
1815,182026147887,182026149026,0,0,1,10000000
1816,182026151462,182026152440,0,0,1,10000000
1817,182026156931,182026157977,0,0,1,10000000
1818,182026162535,182026163774,0,0,1,10000000
1819,182026167629,182026168694,0,0,1,10000000
1820,182026170812,182026171727,0,0,1,10000000
1821,182026173850,182026174857,0,0,1,10000000
1822,182026176525,182026177440,0,0,1,10000000
1823,182026180518,182026181426,0,0,1,10000000
1824,182026183963,182026185300,0,0,1,10000000
1825,182026187142,182026188304,0,0,1,10000000
1826,182026211952,182026213679,0,0,1,10000000
1827,182026217417,182026218415,0,0,1,10000000
1828,182026223051,182026224427,0,0,1,10000000
1829,182026228349,182026229637,0,0,1,10000000
1830,182026234023,182026234999,0,0,1,10000000
1831,182026237375,182026238206,0,0,1,10000000
1832,182026239512,182026240268,0,0,1,10000000
1833,182026241873,182026242824,0,0,1,10000000
1834,182026244727,182026245702,0,0,1,10000000
1835,182026247344,182026248124,0,0,1,10000000
1836,182026250018,182026250819,0,0,1,10000000
1837,182026253455,182026254709,0,0,1,10000000
1838,182026256246,182026257191,0,0,1,10000000
1839,182026281397,182026282865,0,0,1,10000000
1840,182026286669,182026287636,0,0,1,10000000
1841,182026290494,182026291515,0,0,1,10000000
1842,182026295820,182026297194,0,0,1,10000000
1843,182026299471,182026300682,0,0,1,10000000
1844,182026303237,182026304384,0,0,1,10000000
1845,182026306233,182026307315,0,0,1,10000000
1846,182026309725,182026310662,0,0,1,10000000
1847,182026313214,182026314109,0,0,1,10000000
1848,182026316920,182026317721,0,0,1,10000000
1849,182026320906,182026321692,0,0,1,10000000
1850,182026324126,182026325280,0,0,1,10000000
1851,182026350892,182026352305,0,0,1,10000000
1852,182026356117,182026357467,0,0,1,10000000
1853,182026360732,182026361856,0,0,1,10000000
1854,182026365652,182026366886,0,0,1,10000000
1855,182026371183,182026372565,0,0,1,10000000
1856,182026375768,182026378014,0,0,1,10000000
1857,182026380774,182026381529,0,0,1,10000000
1858,182026383296,182026384345,0,0,1,10000000
1859,182026387446,182026388583,0,0,1,10000000
1860,182026391365,182026392436,0,0,1,10000000
1861,182026394803,182026395603,0,0,1,10000000
1862,182026420390,182026421916,0,0,1,10000000
1863,182026425549,182026426847,0,0,1,10000000
1864,182026429417,182026430385,0,0,1,10000000
1865,182026432817,182026433654,0,0,1,10000000
1866,182026438337,182026439439,0,0,1,10000000
1867,182026444168,182026445141,0,0,1,10000000
1868,182026447243,182026448016,0,0,1,10000000
1869,182026449319,182026450160,0,0,1,10000000
1870,182026451920,182026452821,0,0,1,10000000
1871,182026456511,182026457660,0,0,1,10000000
1872,182026460163,182026460952,0,0,1,10000000
1873,182026463552,182026464508,0,0,1,10000000
1874,182026489965,182026491372,0,0,1,10000000
1875,182026495113,182026496263,0,0,1,10000000
1876,182026500747,182026501949,0,0,1,10000000
1877,182026507028,182026508114,0,0,1,10000000
1878,182026511906,182026513316,0,0,1,10000000
1879,182026516142,182026517203,0,0,1,10000000
1880,182026519840,182026521231,0,0,1,10000000
1881,182026525830,182026528117,0,0,1,10000000
1882,182026533947,182026535644,0,0,1,10000000
1883,182026539186,182026540958,0,0,1,10000000
1884,182026559657,182026561672,0,0,1,10000000
1885,182026565208,182026566441,0,0,1,10000000
1886,182026570006,182026571169,0,0,1,10000000
1887,182026575516,182026577179,0,0,1,10000000
1888,182026581297,182026582214,0,0,1,10000000
1889,182026584072,182026585385,0,0,1,10000000
1890,182026587996,182026588915,0,0,1,10000000
1891,182026591397,182026592680,0,0,1,10000000
1892,182026595066,182026596168,0,0,1,10000000
1893,182026598142,182026599243,0,0,1,10000000
1894,182026601490,182026602636,0,0,1,10000000
1895,182026629519,182026635015,0,0,1,10000000
1896,182026642160,182026644187,0,0,1,10000000
1897,182026647947,182026649369,0,0,1,10000000
1898,182026652058,182026653177,0,0,1,10000000
1899,182026654840,182026656058,0,0,1,10000000
1900,182026658992,182026660218,0,0,1,10000000
1901,182026662260,182026663283,0,0,1,10000000
1902,182026666311,182026667315,0,0,1,10000000
1903,182026669316,182026670652,0,0,1,10000000
1904,182026672831,182026673889,0,0,1,10000000
1905,182026698188,182026699772,0,0,1,10000000
1906,182026703433,182026705601,0,0,1,10000000
1907,182026709000,182026711078,0,0,1,10000000
1908,182026714721,182026715706,0,0,1,10000000
1909,182026720167,182026722236,0,0,1,10000000
1910,182026724542,182026725679,0,0,1,10000000
1911,182026727182,182026728273,0,0,1,10000000
1912,182026730154,182026731120,0,0,1,10000000
1913,182026732654,182026733438,0,0,1,10000000
1914,182026734666,182026735383,0,0,1,10000000
1915,182026736779,182026737527,0,0,1,10000000
1916,182026738788,182026739590,0,0,1,10000000
1917,182026767626,182026769728,0,0,1,10000000
1918,182026773487,182026774535,0,0,1,10000000
1919,182026778380,182026779504,0,0,1,10000000
1920,182026783906,182026785338,0,0,1,10000000
1921,182026789248,182026790773,0,0,1,10000000
1922,182026793486,182026794830,0,0,1,10000000
1923,182026796535,182026797801,0,0,1,10000000
1924,182026800246,182026801648,0,0,1,10000000
1925,182026803767,182026805335,0,0,1,10000000
1926,182026808152,182026809760,0,0,1,10000000
1927,182026811681,182026812549,0,0,1,10000000
1928,182026836951,182026838316,0,0,1,10000000
1929,182026842122,182026843034,0,0,1,10000000
1930,182026845894,182026847916,0,0,1,10000000
1931,182026851569,182026852577,0,0,1,10000000
1932,182026856756,182026857650,0,0,1,10000000
1933,182026861886,182026863280,0,0,1,10000000
1934,182026866169,182026866966,0,0,1,10000000
1935,182026869838,182026870703,0,0,1,10000000
1936,182026873116,182026873903,0,0,1,10000000
1937,182026875167,182026875996,0,0,1,10000000
1938,182026878441,182026879564,0,0,1,10000000
1939,182026906435,182026907921,0,0,1,10000000
1940,182026911817,182026913203,0,0,1,10000000
1941,182026915654,182026916463,0,0,1,10000000
1942,182026919035,182026920160,0,0,1,10000000
1943,182026923108,182026924288,0,0,1,10000000
1944,182026926404,182026927431,0,0,1,10000000
1945,182026931205,182026932304,0,0,1,10000000
1946,182026933732,182026934715,0,0,1,10000000
1947,182026936026,182026937262,0,0,1,10000000
1948,182026940390,182026941312,0,0,1,10000000
1949,182026943741,182026944519,0,0,1,10000000
1950,182026946972,182026947756,0,0,1,10000000
1951,182026950231,182026951482,0,0,1,10000000
1952,182026975730,182026977183,0,0,1,10000000
1953,182026981209,182026982575,0,0,1,10000000
1954,182026985355,182026986175,0,0,1,10000000
1955,182026990215,182026992283,0,0,1,10000000
1956,182026996138,182026997584,0,0,1,10000000
1957,182027000965,182027002192,0,0,1,10000000
1958,182027004071,182027005129,0,0,1,10000000
1959,182027007265,182027008252,0,0,1,10000000
1960,182027011210,182027012108,0,0,1,10000000
1961,182027015422,182027016187,0,0,1,10000000
1962,182027018728,182027019858,0,0,1,10000000
1963,182027045003,182027046593,0,0,1,10000000
1964,182027050667,182027052094,0,0,1,10000000
1965,182027055751,182027056562,0,0,1,10000000
1966,182027059061,182027059854,0,0,1,10000000
1967,182027062413,182027063858,0,0,1,10000000
1968,182027066903,182027067812,0,0,1,10000000
1969,182027070065,182027071332,0,0,1,10000000
1970,182027073355,182027074162,0,0,1,10000000
1971,182027075831,182027076636,0,0,1,10000000
1972,182027077854,182027078578,0,0,1,10000000
1973,182027080143,182027080923,0,0,1,10000000
1974,182027084856,182027085624,0,0,1,10000000
1975,182027089110,182027089905,0,0,1,10000000
1976,182027114731,182027115811,0,0,1,10000000
1977,182027119908,182027121543,0,0,1,10000000
1978,182027125515,182027126427,0,0,1,10000000
1979,182027131089,182027132404,0,0,1,10000000
1980,182027137012,182027138519,0,0,1,10000000
1981,182027141698,182027142825,0,0,1,10000000
1982,182027145107,182027146226,0,0,1,10000000
1983,182027149887,182027151040,0,0,1,10000000
1984,182027152695,182027153936,0,0,1,10000000
1985,182027155886,182027157279,0,0,1,10000000
1986,182027158815,182027159904,0,0,1,10000000
1987,182027184291,182027185882,0,0,1,10000000
1988,182027189840,182027190735,0,0,1,10000000
1989,182027194849,182027196138,0,0,1,10000000
1990,182027200488,182027201546,0,0,1,10000000
1991,182027206115,182027207684,0,0,1,10000000
1992,182027210538,182027211646,0,0,1,10000000
1993,182027213179,182027214217,0,0,1,10000000
1994,182027218089,182027219253,0,0,1,10000000
1995,182027221537,182027222622,0,0,1,10000000
1996,182027224240,182027225304,0,0,1,10000000
1997,182027232128,182027233299,0,0,1,10000000
1998,182027253708,182027255297,0,0,1,10000000
1999,182027258775,182027259871,0,0,1,10000000
2000,182027264312,182027265521,0,0,1,10000000
2001,182027270048,182027270881,0,0,1,10000000
2002,182027275129,182027276090,0,0,1,10000000
2003,182027278389,182027279369,0,0,1,10000000
2004,182027280986,182027282038,0,0,1,10000000
2005,182027283423,182027284152,0,0,1,10000000
2006,182027285910,182027286679,0,0,1,10000000
2007,182027291231,182027292085,0,0,1,10000000
2008,182027294498,182027295783,0,0,1,10000000
2009,182027299016,182027300617,0,0,1,10000000
2010,182027323204,182027324711,0,0,1,10000000
2011,182027328805,182027330123,0,0,1,10000000
2012,182027334138,182027335494,0,0,1,10000000
2013,182027339578,182027340666,0,0,1,10000000
2014,182027345096,182027346077,0,0,1,10000000
2015,182027348539,182027349426,0,0,1,10000000
2016,182027350771,182027351515,0,0,1,10000000
2017,182027352757,182027353483,0,0,1,10000000
2018,182027356499,182027357414,0,0,1,10000000
2019,182027361167,182027362370,0,0,1,10000000
2020,182027364814,182027365929,0,0,1,10000000
2021,182027367806,182027368936,0,0,1,10000000
2022,182027393120,182027394524,0,0,1,10000000
2023,182027397829,182027398929,0,0,1,10000000
2024,182027403192,182027404366,0,0,1,10000000
2025,182027408763,182027409743,0,0,1,10000000
2026,182027414118,182027415086,0,0,1,10000000
2027,182027418702,182027420651,0,0,1,10000000
2028,182027423303,182027424446,0,0,1,10000000
2029,182027426270,182027427355,0,0,1,10000000
2030,182027430652,182027431496,0,0,1,10000000
2031,182027435124,182027436235,0,0,1,10000000
2032,182027439658,182027440586,0,0,1,10000000
2033,182027462092,182027463257,0,0,1,10000000
2034,182027467079,182027468306,0,0,1,10000000
2035,182027472835,182027475485,0,0,1,10000000
2036,182027479117,182027480054,0,0,1,10000000
2037,182027483768,182027484733,0,0,1,10000000
2038,182027486734,182027487790,0,0,1,10000000
2039,182027489366,182027490267,0,0,1,10000000
2040,182027493252,182027494790,0,0,1,10000000
2041,182027497541,182027498651,0,0,1,10000000
2042,182027501199,182027502136,0,0,1,10000000
2043,182027503807,182027504867,0,0,1,10000000
2044,182027531979,182027533773,0,0,1,10000000
2045,182027536682,182027537825,0,0,1,10000000
2046,182027542951,182027543978,0,0,1,10000000
2047,182027549324,182027551133,0,0,1,10000000
2048,182027555099,182027556342,0,0,1,10000000
2049,182027558461,182027559675,0,0,1,10000000
2050,182027562450,182027563232,0,0,1,10000000
2051,182027565855,182027566681,0,0,1,10000000
2052,182027569429,182027570313,0,0,1,10000000
2053,182027573003,182027574020,0,0,1,10000000
2054,182027575449,182027576320,0,0,1,10000000
2055,182027600769,182027602298,0,0,1,10000000
2056,182027605904,182027607214,0,0,1,10000000
2057,182027611455,182027612733,0,0,1,10000000
2058,182027616823,182027617828,0,0,1,10000000
2059,182027620542,182027621480,0,0,1,10000000
2060,182027624104,182027624883,0,0,1,10000000
2061,182027626745,182027627828,0,0,1,10000000
2062,182027630163,182027631318,0,0,1,10000000
2063,182027632973,182027634035,0,0,1,10000000
2064,182027636072,182027637121,0,0,1,10000000
2065,182027638593,182027639601,0,0,1,10000000
2066,182027640996,182027642546,0,0,1,10000000
2067,182027644791,182027645752,0,0,1,10000000
2068,182027669986,182027671483,0,0,1,10000000
2069,182027675606,182027677330,0,0,1,10000000
2070,182027680997,182027682230,0,0,1,10000000
2071,182027686565,182027687732,0,0,1,10000000
2072,182027692237,182027693092,0,0,1,10000000
2073,182027695166,182027696049,0,0,1,10000000
2074,182027697374,182027698178,0,0,1,10000000
2075,182027699759,182027700512,0,0,1,10000000
2076,182027701754,182027702498,0,0,1,10000000
2077,182027703815,182027704530,0,0,1,10000000
2078,182027706322,182027707060,0,0,1,10000000
2079,182027709236,182027710019,0,0,1,10000000
2080,182027712263,182027713062,0,0,1,10000000
2081,182027739935,182027741627,0,0,1,10000000
2082,182027745102,182027746102,0,0,1,10000000
2083,182027750364,182027751548,0,0,1,10000000
2084,182027756046,182027757515,0,0,1,10000000
2085,182027762729,182027763813,0,0,1,10000000
2086,182027766890,182027767768,0,0,1,10000000
2087,182027772383,182027773494,0,0,1,10000000
2088,182027775779,182027776588,0,0,1,10000000
2089,182027779064,182027780177,0,0,1,10000000
2090,182027781751,182027783502,0,0,1,10000000
2091,182027809027,182027810422,0,0,1,10000000
2092,182027814297,182027815485,0,0,1,10000000
2093,182027819849,182027820903,0,0,1,10000000
2094,182027825626,182027827163,0,0,1,10000000
2095,182027830973,182027831909,0,0,1,10000000
2096,182027833823,182027834595,0,0,1,10000000
2097,182027836348,182027837144,0,0,1,10000000
2098,182027838811,182027840000,0,0,1,10000000
2099,182027843242,182027844438,0,0,1,10000000
2100,182027846931,182027847732,0,0,1,10000000
2101,182027850375,182027851628,0,0,1,10000000
2102,182027853176,182027854182,0,0,1,10000000
2103,182027878709,182027880345,0,0,1,10000000
2104,182027883631,182027884924,0,0,1,10000000
2105,182027889382,182027890577,0,0,1,10000000
2106,182027894973,182027896046,0,0,1,10000000
2107,182027900382,182027901487,0,0,1,10000000
2108,182027903268,182027904061,0,0,1,10000000
2109,182027905479,182027906247,0,0,1,10000000
2110,182027907852,182027908610,0,0,1,10000000
2111,182027910687,182027911441,0,0,1,10000000
2112,182027912694,182027913430,0,0,1,10000000
2113,182027914675,182027915476,0,0,1,10000000
2114,182027918106,182027918850,0,0,1,10000000
2115,182027921665,182027922807,0,0,1,10000000
2116,182027948052,182027949525,0,0,1,10000000
2117,182027953059,182027954301,0,0,1,10000000
2118,182027957150,182027958269,0,0,1,10000000
2119,182027962551,182027963926,0,0,1,10000000
2120,182027967708,182027968930,0,0,1,10000000
2121,182027972733,182027973926,0,0,1,10000000
2122,182027975438,182027976724,0,0,1,10000000
2123,182027979720,182027980577,0,0,1,10000000
2124,182027983351,182027984406,0,0,1,10000000
2125,182027986880,182027987919,0,0,1,10000000
2126,182027991096,182027992180,0,0,1,10000000
2127,182028017427,182028019724,0,0,1,10000000
2128,182028022491,182028023650,0,0,1,10000000
2129,182028028310,182028029342,0,0,1,10000000
2130,182028033828,182028034819,0,0,1,10000000
2131,182028039465,182028040411,0,0,1,10000000
2132,182028042692,182028043549,0,0,1,10000000
2133,182028045442,182028046174,0,0,1,10000000
2134,182028047795,182028048536,0,0,1,10000000
2135,182028050243,182028050980,0,0,1,10000000
2136,182028052209,182028052931,0,0,1,10000000
2137,182028056688,182028057883,0,0,1,10000000
2138,182028060816,182028061938,0,0,1,10000000
2139,182028086730,182028088269,0,0,1,10000000
2140,182028091897,182028093163,0,0,1,10000000
2141,182028095943,182028097119,0,0,1,10000000
2142,182028099787,182028100864,0,0,1,10000000
2143,182028104891,182028105883,0,0,1,10000000
2144,182028110677,182028111621,0,0,1,10000000
2145,182028113692,182028114455,0,0,1,10000000
2146,182028116033,182028116780,0,0,1,10000000
2147,182028118036,182028118766,0,0,1,10000000
2148,182028120306,182028121062,0,0,1,10000000
2149,182028125365,182028126322,0,0,1,10000000
2150,182028129665,182028131748,0,0,1,10000000
2151,182028156328,182028158445,0,0,1,10000000
2152,182028162714,182028163691,0,0,1,10000000
2153,182028166899,182028169012,0,0,1,10000000
2154,182028173083,182028174211,0,0,1,10000000
2155,182028177880,182028179068,0,0,1,10000000
2156,182028181157,182028182077,0,0,1,10000000
2157,182028184602,182028185397,0,0,1,10000000
2158,182028186718,182028187460,0,0,1,10000000
2159,182028190211,182028191868,0,0,1,10000000
2160,182028194026,182028195056,0,0,1,10000000
2161,182028198677,182028199952,0,0,1,10000000
2162,182028202744,182028203891,0,0,1,10000000
2163,182028225613,182028227185,0,0,1,10000000
2164,182028230738,182028232048,0,0,1,10000000
2165,182028234850,182028235894,0,0,1,10000000
2166,182028240237,182028241246,0,0,1,10000000
2167,182028245830,182028246773,0,0,1,10000000
2168,182028250578,182028251543,0,0,1,10000000
2169,182028253023,182028253792,0,0,1,10000000
2170,182028255591,182028256594,0,0,1,10000000
2171,182028259165,182028259912,0,0,1,10000000
2172,182028262445,182028263610,0,0,1,10000000
2173,182028266061,182028266910,0,0,1,10000000
2174,182028268913,182028270046,0,0,1,10000000
2175,182028294933,182028296398,0,0,1,10000000
2176,182028300165,182028301466,0,0,1,10000000
2177,182028304190,182028305079,0,0,1,10000000
2178,182028309270,182028310398,0,0,1,10000000
2179,182028314813,182028315767,0,0,1,10000000
2180,182028318439,182028319587,0,0,1,10000000
2181,182028321644,182028322711,0,0,1,10000000
2182,182028324611,182028325629,0,0,1,10000000
2183,182028327183,182028328272,0,0,1,10000000
2184,182028331268,182028332153,0,0,1,10000000
2185,182028334802,182028335600,0,0,1,10000000
2186,182028338490,182028339616,0,0,1,10000000
2187,182028364448,182028365866,0,0,1,10000000
2188,182028369660,182028370942,0,0,1,10000000
2189,182028373584,182028374394,0,0,1,10000000
2190,182028378989,182028379933,0,0,1,10000000
2191,182028384358,182028385159,0,0,1,10000000
2192,182028389472,182028390397,0,0,1,10000000
2193,182028392219,182028392985,0,0,1,10000000
2194,182028394390,182028395144,0,0,1,10000000
2195,182028398286,182028399249,0,0,1,10000000
2196,182028401724,182028402654,0,0,1,10000000
2197,182028405371,182028406408,0,0,1,10000000
2198,182028409252,182028410308,0,0,1,10000000
2199,182028433806,182028435323,0,0,1,10000000
2200,182028439033,182028440505,0,0,1,10000000
2201,182028444663,182028445961,0,0,1,10000000
2202,182028450170,182028451376,0,0,1,10000000
2203,182028455684,182028456969,0,0,1,10000000
2204,182028459025,182028460192,0,0,1,10000000
2205,182028462293,182028463104,0,0,1,10000000
2206,182028465342,182028466393,0,0,1,10000000
2207,182028467943,182028468961,0,0,1,10000000
2208,182028472896,182028474673,0,0,1,10000000
2209,182028478084,182028478885,0,0,1,10000000
2210,182028503333,182028504692,0,0,1,10000000
2211,182028508462,182028509562,0,0,1,10000000
2212,182028512278,182028513464,0,0,1,10000000
2213,182028517930,182028518986,0,0,1,10000000
2214,182028523381,182028524672,0,0,1,10000000
2215,182028528188,182028529479,0,0,1,10000000
2216,182028531580,182028532663,0,0,1,10000000
2217,182028534851,182028535900,0,0,1,10000000
2218,182028537671,182028538524,0,0,1,10000000
2219,182028539914,182028540698,0,0,1,10000000
2220,182028542739,182028543600,0,0,1,10000000
2221,182028546391,182028547470,0,0,1,10000000
2222,182028572696,182028574163,0,0,1,10000000
2223,182028577868,182028578950,0,0,1,10000000
2224,182028581609,182028582611,0,0,1,10000000
2225,182028587318,182028588249,0,0,1,10000000
2226,182028592773,182028593725,0,0,1,10000000
2227,182028597915,182028598966,0,0,1,10000000
2228,182028602134,182028602916,0,0,1,10000000
2229,182028605613,182028606427,0,0,1,10000000
2230,182028609168,182028610163,0,0,1,10000000
2231,182028612634,182028613409,0,0,1,10000000
2232,182028616187,182028617875,0,0,1,10000000
2233,182028642502,182028643915,0,0,1,10000000
2234,182028647405,182028649591,0,0,1,10000000
2235,182028653051,182028655213,0,0,1,10000000
2236,182028658471,182028659759,0,0,1,10000000
2237,182028663811,182028665118,0,0,1,10000000
2238,182028667508,182028668620,0,0,1,10000000
2239,182028670917,182028672008,0,0,1,10000000
2240,182028673924,182028674929,0,0,1,10000000
2241,182028676590,182028677588,0,0,1,10000000
2242,182028678928,182028679828,0,0,1,10000000
2243,182028683099,182028684592,0,0,1,10000000
2244,182028686950,182028687959,0,0,1,10000000
2245,182028711449,182028713438,0,0,1,10000000
2246,182028717714,182028719015,0,0,1,10000000
2247,182028722691,182028724639,0,0,1,10000000
2248,182028727903,182028729851,0,0,1,10000000
2249,182028733547,182028736093,0,0,1,10000000
2250,182028738736,182028740059,0,0,1,10000000
2251,182028742038,182028743253,0,0,1,10000000
2252,182028746400,182028747604,0,0,1,10000000
2253,182028750761,182028752225,0,0,1,10000000
2254,182028755321,182028756569,0,0,1,10000000
2255,182028781507,182028783424,0,0,1,10000000
2256,182028788240,182028790328,0,0,1,10000000
2257,182028793532,182028794453,0,0,1,10000000
2258,182028799032,182028800583,0,0,1,10000000
2259,182028804749,182028805779,0,0,1,10000000
2260,182028808263,182028809801,0,0,1,10000000
2261,182028811867,182028812931,0,0,1,10000000
2262,182028814401,182028815215,0,0,1,10000000
2263,182028817911,182028819071,0,0,1,10000000
2264,182028820655,182028821645,0,0,1,10000000
2265,182028824062,182028824921,0,0,1,10000000
2266,182028850991,182028857279,0,0,1,10000000
2267,182028864990,182028866765,0,0,1,10000000
2268,182028871106,182028872657,0,0,1,10000000
2269,182028876433,182028878713,0,0,1,10000000
2270,182028882892,182028883819,0,0,1,10000000
2271,182028886777,182028887868,0,0,1,10000000
2272,182028890680,182028891820,0,0,1,10000000
2273,182028894295,182028896130,0,0,1,10000000
2274,182028919805,182028921593,0,0,1,10000000
2275,182028926388,182028927570,0,0,1,10000000
2276,182028930652,182028931720,0,0,1,10000000
2277,182028936052,182028937300,0,0,1,10000000
2278,182028941602,182028942878,0,0,1,10000000
2279,182028945074,182028946062,0,0,1,10000000
2280,182028947328,182028948232,0,0,1,10000000
2281,182028949490,182028950378,0,0,1,10000000
2282,182028951906,182028952784,0,0,1,10000000
2283,182028954196,182028955076,0,0,1,10000000
2284,182028956332,182028957187,0,0,1,10000000
2285,182028962034,182028963565,0,0,1,10000000
2286,182028965802,182028966814,0,0,1,10000000
2287,182028989307,182028990843,0,0,1,10000000
2288,182028994488,182028995503,0,0,1,10000000
2289,182029000020,182029000976,0,0,1,10000000
2290,182029004483,182029005757,0,0,1,10000000
2291,182029009360,182029010325,0,0,1,10000000
2292,182029014469,182029015386,0,0,1,10000000
2293,182029017399,182029018389,0,0,1,10000000
2294,182029023173,182029024302,0,0,1,10000000
2295,182029027432,182029028350,0,0,1,10000000
2296,182029031659,182029032973,0,0,1,10000000
2297,182029058778,182029060673,0,0,1,10000000
2298,182029064389,182029065733,0,0,1,10000000
2299,182029069522,182029070528,0,0,1,10000000
2300,182029075181,182029076945,0,0,1,10000000
2301,182029080708,182029081927,0,0,1,10000000
2302,182029085787,182029087000,0,0,1,10000000
2303,182029088648,182029089733,0,0,1,10000000
2304,182029092302,182029093107,0,0,1,10000000
2305,182029096488,182029097654,0,0,1,10000000
2306,182029099482,182029100531,0,0,1,10000000
2307,182029104391,182029105356,0,0,1,10000000
2308,182029128265,182029130102,0,0,1,10000000
2309,182029134398,182029135455,0,0,1,10000000
2310,182029139119,182029140541,0,0,1,10000000
2311,182029144775,182029146835,0,0,1,10000000
2312,182029150120,182029151323,0,0,1,10000000
2313,182029154653,182029155822,0,0,1,10000000
2314,182029157540,182029158612,0,0,1,10000000
2315,182029160188,182029161249,0,0,1,10000000
2316,182029163669,182029165020,0,0,1,10000000
2317,182029167619,182029168424,0,0,1,10000000
2318,182029171302,182029172790,0,0,1,10000000
2319,182029197402,182029198841,0,0,1,10000000
2320,182029202873,182029204138,0,0,1,10000000
2321,182029208351,182029209545,0,0,1,10000000
2322,182029213820,182029215049,0,0,1,10000000
2323,182029219347,182029220682,0,0,1,10000000
2324,182029222414,182029223598,0,0,1,10000000
2325,182029225482,182029226529,0,0,1,10000000
2326,182029228373,182029229453,0,0,1,10000000
2327,182029231005,182029232041,0,0,1,10000000
2328,182029234747,182029235625,0,0,1,10000000
2329,182029239253,182029240575,0,0,1,10000000
2330,182029243169,182029244139,0,0,1,10000000
2331,182029267007,182029268393,0,0,1,10000000
2332,182029272466,182029273368,0,0,1,10000000
2333,182029277728,182029278975,0,0,1,10000000
2334,182029281791,182029282616,0,0,1,10000000
2335,182029286842,182029287750,0,0,1,10000000
2336,182029291368,182029292579,0,0,1,10000000
2337,182029294655,182029295394,0,0,1,10000000
2338,182029297204,182029298112,0,0,1,10000000
2339,182029299764,182029300535,0,0,1,10000000
2340,182029302062,182029302881,0,0,1,10000000
2341,182029304803,182029306012,0,0,1,10000000
2342,182029309756,182029310895,0,0,1,10000000
2343,182029312837,182029313920,0,0,1,10000000
2344,182029336275,182029337589,0,0,1,10000000
2345,182029341705,182029342965,0,0,1,10000000
2346,182029345567,182029346769,0,0,1,10000000
2347,182029351724,182029353347,0,0,1,10000000
2348,182029356883,182029358031,0,0,1,10000000
2349,182029361479,182029362461,0,0,1,10000000
2350,182029366652,182029367469,0,0,1,10000000
2351,182029371064,182029372123,0,0,1,10000000
2352,182029375854,182029376840,0,0,1,10000000
2353,182029379405,182029380498,0,0,1,10000000
2354,182029405743,182029407308,0,0,1,10000000
2355,182029411126,182029412294,0,0,1,10000000
2356,182029416956,182029418080,0,0,1,10000000
2357,182029422611,182029423913,0,0,1,10000000
2358,182029428612,182029430086,0,0,1,10000000
2359,182029431777,182029432765,0,0,1,10000000
2360,182029434177,182029435770,0,0,1,10000000
2361,182029437777,182029438940,0,0,1,10000000
2362,182029441888,182029442829,0,0,1,10000000
2363,182029445460,182029446417,0,0,1,10000000
2364,182029449324,182029450461,0,0,1,10000000
2365,182029475743,182029477168,0,0,1,10000000
2366,182029480535,182029481606,0,0,1,10000000
2367,182029486099,182029487546,0,0,1,10000000
2368,182029492057,182029494383,0,0,1,10000000
2369,182029498922,182029499881,0,0,1,10000000
2370,182029502926,182029503669,0,0,1,10000000
2371,182029505258,182029506072,0,0,1,10000000
2372,182029508442,182029509413,0,0,1,10000000
2373,182029510816,182029511687,0,0,1,10000000
2374,182029512915,182029513728,0,0,1,10000000
2375,182029515581,182029516413,0,0,1,10000000
2376,182029517859,182029518838,0,0,1,10000000
2377,182029544866,182029546275,0,0,1,10000000
2378,182029550033,182029551326,0,0,1,10000000
2379,182029555696,182029556681,0,0,1,10000000
2380,182029561189,182029562067,0,0,1,10000000
2381,182029566684,182029568144,0,0,1,10000000
2382,182029569911,182029570781,0,0,1,10000000
2383,182029572614,182029573422,0,0,1,10000000
2384,182029576046,182029576944,0,0,1,10000000
2385,182029579503,182029580311,0,0,1,10000000
2386,182029582797,182029583947,0,0,1,10000000
2387,182029587249,182029588367,0,0,1,10000000
2388,182029589984,182029590983,0,0,1,10000000
2389,182029614182,182029615553,0,0,1,10000000
2390,182029619339,182029620581,0,0,1,10000000
2391,182029624850,182029626076,0,0,1,10000000
2392,182029628871,182029629823,0,0,1,10000000
2393,182029632438,182029634302,0,0,1,10000000
2394,182029637696,182029638642,0,0,1,10000000
2395,182029640886,182029641698,0,0,1,10000000
2396,182029643271,182029644220,0,0,1,10000000
2397,182029646178,182029647045,0,0,1,10000000
2398,182029648607,182029649453,0,0,1,10000000
2399,182029650722,182029651478,0,0,1,10000000
2400,182029652963,182029654058,0,0,1,10000000
2401,182029656814,182029657997,0,0,1,10000000
2402,182029683610,182029685089,0,0,1,10000000
2403,182029688809,182029689693,0,0,1,10000000
2404,182029694310,182029695368,0,0,1,10000000
2405,182029700094,182029701054,0,0,1,10000000
2406,182029705207,182029706211,0,0,1,10000000
2407,182029708401,182029709386,0,0,1,10000000
2408,182029712276,182029713061,0,0,1,10000000
2409,182029715747,182029716511,0,0,1,10000000
2410,182029718782,182029719553,0,0,1,10000000
2411,182029721169,182029722134,0,0,1,10000000
2412,182029724341,182029725217,0,0,1,10000000
2413,182029728654,182029729684,0,0,1,10000000
2414,182029753056,182029754642,0,0,1,10000000
2415,182029758223,182029759543,0,0,1,10000000
2416,182029762381,182029763305,0,0,1,10000000
2417,182029767439,182029768802,0,0,1,10000000
2418,182029773029,182029774025,0,0,1,10000000
2419,182029778193,182029779127,0,0,1,10000000
2420,182029781373,182029782162,0,0,1,10000000
2421,182029784088,182029784981,0,0,1,10000000
2422,182029786408,182029787385,0,0,1,10000000
2423,182029792126,182029793293,0,0,1,10000000
2424,182029796548,182029797629,0,0,1,10000000
2425,182029822901,182029824387,0,0,1,10000000
2426,182029827885,182029829394,0,0,1,10000000
2427,182029833396,182029834526,0,0,1,10000000
2428,182029838630,182029839756,0,0,1,10000000
2429,182029842352,182029843490,0,0,1,10000000
2430,182029847618,182029848852,0,0,1,10000000
2431,182029850837,182029852017,0,0,1,10000000
2432,182029854149,182029855287,0,0,1,10000000
2433,182029857601,182029858603,0,0,1,10000000
2434,182029861356,182029862348,0,0,1,10000000
2435,182029864898,182029865812,0,0,1,10000000
2436,182029891847,182029893314,0,0,1,10000000
2437,182029897055,182029898340,0,0,1,10000000
2438,182029900830,182029901886,0,0,1,10000000
2439,182029905106,182029906203,0,0,1,10000000
2440,182029910107,182029911411,0,0,1,10000000
2441,182029915735,182029916900,0,0,1,10000000
2442,182029918984,182029919976,0,0,1,10000000
2443,182029921770,182029922746,0,0,1,10000000
2444,182029924165,182029925147,0,0,1,10000000
2445,182029928376,182029929485,0,0,1,10000000
2446,182029932253,182029933150,0,0,1,10000000
2447,182029936526,182029937443,0,0,1,10000000
2448,182029961340,182029962610,0,0,1,10000000
2449,182029966528,182029967727,0,0,1,10000000
2450,182029971014,182029972169,0,0,1,10000000
2451,182029975097,182029976166,0,0,1,10000000
2452,182029978984,182029980101,0,0,1,10000000
2453,182029983022,182029984074,0,0,1,10000000
2454,182029985623,182029986628,0,0,1,10000000
2455,182029988766,182029989759,0,0,1,10000000
2456,182029991688,182029992690,0,0,1,10000000
2457,182029994194,182029995202,0,0,1,10000000
2458,182029998590,182029999545,0,0,1,10000000
2459,182030002262,182030003419,0,0,1,10000000
2460,182030005135,182030006084,0,0,1,10000000
2461,182030030556,182030032207,0,0,1,10000000
2462,182030035976,182030037195,0,0,1,10000000
2463,182030041562,182030042719,0,0,1,10000000
2464,182030046866,182030047984,0,0,1,10000000
2465,182030052389,182030053686,0,0,1,10000000
2466,182030056403,182030057590,0,0,1,10000000
2467,182030059612,182030060662,0,0,1,10000000
2468,182030062252,182030063242,0,0,1,10000000
2469,182030064832,182030065834,0,0,1,10000000
2470,182030068212,182030069345,0,0,1,10000000
2471,182030072242,182030073295,0,0,1,10000000
2472,182030075130,182030076136,0,0,1,10000000
2473,182030100200,182030101620,0,0,1,10000000
2474,182030105368,182030106689,0,0,1,10000000
2475,182030110994,182030111962,0,0,1,10000000
2476,182030116406,182030117256,0,0,1,10000000
2477,182030120033,182030121250,0,0,1,10000000
2478,182030123678,182030125005,0,0,1,10000000
2479,182030126742,182030127863,0,0,1,10000000
2480,182030129951,182030131565,0,0,1,10000000
2481,182030134970,182030136406,0,0,1,10000000
2482,182030139854,182030140899,0,0,1,10000000
2483,182030143823,182030145093,0,0,1,10000000
2484,182030169883,182030171541,0,0,1,10000000
2485,182030175692,182030177281,0,0,1,10000000
2486,182030180677,182030181605,0,0,1,10000000
2487,182030184657,182030185580,0,0,1,10000000
2488,182030190249,182030191852,0,0,1,10000000
2489,182030194815,182030196101,0,0,1,10000000
2490,182030198057,182030199143,0,0,1,10000000
2491,182030200929,182030201756,0,0,1,10000000
2492,182030203358,182030204193,0,0,1,10000000
2493,182030205810,182030206992,0,0,1,10000000
2494,182030211746,182030212914,0,0,1,10000000
2495,182030214579,182030215650,0,0,1,10000000
2496,182030238974,182030240457,0,0,1,10000000
2497,182030244206,182030245445,0,0,1,10000000
2498,182030250211,182030251520,0,0,1,10000000
2499,182030255434,182030256705,0,0,1,10000000
2500,182030261017,182030262441,0,0,1,10000000
2501,182030265879,182030266795,0,0,1,10000000
2502,182030269879,182030270749,0,0,1,10000000
2503,182030273411,182030274498,0,0,1,10000000
2504,182030277161,182030278219,0,0,1,10000000
2505,182030280235,182030281468,0,0,1,10000000
2506,182030285284,182030286087,0,0,1,10000000
2507,182030308536,182030309978,0,0,1,10000000
2508,182030313681,182030314997,0,0,1,10000000
2509,182030318088,182030318978,0,0,1,10000000
2510,182030322992,182030324179,0,0,1,10000000
2511,182030326446,182030327500,0,0,1,10000000
2512,182030331925,182030333257,0,0,1,10000000
2513,182030334853,182030335969,0,0,1,10000000
2514,182030337564,182030338608,0,0,1,10000000
2515,182030340050,182030341128,0,0,1,10000000
2516,182030343500,182030344669,0,0,1,10000000
2517,182030347267,182030348079,0,0,1,10000000
2518,182030350750,182030351617,0,0,1,10000000
2519,182030377830,182030379375,0,0,1,10000000
2520,182030383126,182030384528,0,0,1,10000000
2521,182030387353,182030388238,0,0,1,10000000
2522,182030391130,182030392253,0,0,1,10000000
2523,182030395846,182030396849,0,0,1,10000000
2524,182030401579,182030402820,0,0,1,10000000
2525,182030404939,182030406047,0,0,1,10000000
2526,182030407568,182030408645,0,0,1,10000000
2527,182030411561,182030412396,0,0,1,10000000
2528,182030415096,182030415952,0,0,1,10000000
2529,182030418638,182030420121,0,0,1,10000000
2530,182030422592,182030423699,0,0,1,10000000
2531,182030447450,182030448654,0,0,1,10000000
2532,182030452564,182030454108,0,0,1,10000000
2533,182030456873,182030457846,0,0,1,10000000
2534,182030461797,182030462906,0,0,1,10000000
2535,182030467164,182030468115,0,0,1,10000000
2536,182030471002,182030471810,0,0,1,10000000
2537,182030473493,182030474297,0,0,1,10000000
2538,182030475844,182030476603,0,0,1,10000000
2539,182030478699,182030479497,0,0,1,10000000
2540,182030481006,182030482647,0,0,1,10000000
2541,182030486666,182030487831,0,0,1,10000000
2542,182030492836,182030494296,0,0,1,10000000
2543,182030516841,182030518341,0,0,1,10000000
2544,182030521953,182030523380,0,0,1,10000000
2545,182030525859,182030526743,0,0,1,10000000
2546,182030531035,182030532006,0,0,1,10000000
2547,182030534714,182030535868,0,0,1,10000000
2548,182030538709,182030539829,0,0,1,10000000
2549,182030541571,182030542690,0,0,1,10000000
2550,182030544471,182030545475,0,0,1,10000000
2551,182030547765,182030548842,0,0,1,10000000
2552,182030550515,182030551560,0,0,1,10000000
2553,182030554269,182030555098,0,0,1,10000000
2554,182030557406,182030558187,0,0,1,10000000
2555,182030561223,182030562259,0,0,1,10000000
2556,182030586124,182030587611,0,0,1,10000000
2557,182030591377,182030592665,0,0,1,10000000
2558,182030595299,182030596203,0,0,1,10000000
2559,182030600533,182030601543,0,0,1,10000000
2560,182030606067,182030607299,0,0,1,10000000
2561,182030611216,182030612411,0,0,1,10000000
2562,182030614309,182030615388,0,0,1,10000000
2563,182030618175,182030619007,0,0,1,10000000
2564,182030621460,182030622366,0,0,1,10000000
2565,182030624731,182030625556,0,0,1,10000000
2566,182030628386,182030629557,0,0,1,10000000
2567,182030655601,182030657111,0,0,1,10000000
2568,182030660846,182030662135,0,0,1,10000000
2569,182030664706,182030665531,0,0,1,10000000
2570,182030669959,182030671237,0,0,1,10000000
2571,182030675762,182030676716,0,0,1,10000000
2572,182030680743,182030681667,0,0,1,10000000
2573,182030684113,182030685216,0,0,1,10000000
2574,182030686767,182030687804,0,0,1,10000000
2575,182030690655,182030691471,0,0,1,10000000
2576,182030694089,182030694927,0,0,1,10000000
2577,182030697265,182030698275,0,0,1,10000000
2578,182030725032,182030726624,0,0,1,10000000
2579,182030730288,182030731764,0,0,1,10000000
2580,182030734650,182030735638,0,0,1,10000000
2581,182030739738,182030740953,0,0,1,10000000
2582,182030745321,182030746331,0,0,1,10000000
2583,182030750119,182030751524,0,0,1,10000000
2584,182030753461,182030754576,0,0,1,10000000
2585,182030756223,182030757324,0,0,1,10000000
2586,182030759553,182030760604,0,0,1,10000000
2587,182030763237,182030764050,0,0,1,10000000
2588,182030766921,182030767876,0,0,1,10000000
2589,182030769406,182030770201,0,0,1,10000000
2590,182030794464,182030795961,0,0,1,10000000
2591,182030799728,182030801028,0,0,1,10000000
2592,182030803773,182030804656,0,0,1,10000000
2593,182030807380,182030808304,0,0,1,10000000
2594,182030810725,182030811807,0,0,1,10000000
2595,182030814486,182030815648,0,0,1,10000000
2596,182030819406,182030820587,0,0,1,10000000
2597,182030822132,182030823165,0,0,1,10000000
2598,182030825217,182030826896,0,0,1,10000000
2599,182030828876,182030829748,0,0,1,10000000
2600,182030832505,182030833419,0,0,1,10000000
2601,182030835891,182030837150,0,0,1,10000000
2602,182030838827,182030839826,0,0,1,10000000
2603,182030864270,182030866108,0,0,1,10000000
2604,182030869202,182030870751,0,0,1,10000000
2605,182030873956,182030875028,0,0,1,10000000
2606,182030878363,182030879533,0,0,1,10000000
2607,182030884077,182030885335,0,0,1,10000000
2608,182030888995,182030890613,0,0,1,10000000
2609,182030892317,182030893589,0,0,1,10000000
2610,182030895898,182030897089,0,0,1,10000000
2611,182030898919,182030900107,0,0,1,10000000
2612,182030901475,182030902342,0,0,1,10000000
2613,182030905822,182030907414,0,0,1,10000000
2614,182030909907,182030910991,0,0,1,10000000
2615,182030933352,182030935596,0,0,1,10000000
2616,182030940689,182030944128,0,0,1,10000000
2617,182030949093,182030951492,0,0,1,10000000
2618,182030954628,182030957470,0,0,1,10000000
2619,182030960102,182030962274,0,0,1,10000000
2620,182030964578,182030966317,0,0,1,10000000
2621,182030968661,182030971028,0,0,1,10000000
2622,182030973318,182030974759,0,0,1,10000000
2623,182030977860,182030979808,0,0,1,10000000
2624,182031002984,182031006476,0,0,1,10000000
2625,182031011847,182031013332,0,0,1,10000000
2626,182031015587,182031016450,0,0,1,10000000
2627,182031020998,182031022471,0,0,1,10000000
2628,182031027706,182031028943,0,0,1,10000000
2629,182031032119,182031033194,0,0,1,10000000
2630,182031037030,182031038852,0,0,1,10000000
2631,182031041354,182031042569,0,0,1,10000000
2632,182031044604,182031045660,0,0,1,10000000
2633,182031072507,182031074193,0,0,1,10000000
2634,182031077875,182031079010,0,0,1,10000000
2635,182031086797,182031089034,0,0,1,10000000
2636,182031092592,182031094468,0,0,1,10000000
2637,182031097263,182031098998,0,0,1,10000000
2638,182031101081,182031102998,0,0,1,10000000
2639,182031105511,182031106840,0,0,1,10000000
2640,182031110266,182031112060,0,0,1,10000000
2641,182031114422,182031116389,0,0,1,10000000
2642,182031143284,182031147096,0,0,1,10000000
2643,182031152643,182031155082,0,0,1,10000000
2644,182031158823,182031159804,0,0,1,10000000
2645,182031163373,182031164533,0,0,1,10000000
2646,182031166479,182031167392,0,0,1,10000000
2647,182031169711,182031170657,0,0,1,10000000
2648,182031172720,182031173837,0,0,1,10000000
2649,182031176266,182031177302,0,0,1,10000000
2650,182031179348,182031180545,0,0,1,10000000
2651,182031182379,182031183577,0,0,1,10000000
2652,182031185322,182031186493,0,0,1,10000000
2653,182031211172,182031212722,0,0,1,10000000
2654,182031216656,182031219751,0,0,1,10000000
2655,182031223026,182031223958,0,0,1,10000000
2656,182031227253,182031228550,0,0,1,10000000
2657,182031231426,182031232288,0,0,1,10000000
2658,182031234496,182031235443,0,0,1,10000000
2659,182031236955,182031237797,0,0,1,10000000
2660,182031239063,182031239802,0,0,1,10000000
2661,182031242393,182031243535,0,0,1,10000000
2662,182031245887,182031247000,0,0,1,10000000
2663,182031248527,182031249598,0,0,1,10000000
2664,182031252442,182031253441,0,0,1,10000000
2665,182031254991,182031255766,0,0,1,10000000
2666,182031280558,182031282082,0,0,1,10000000
2667,182031285801,182031287114,0,0,1,10000000
2668,182031289294,182031290505,0,0,1,10000000
2669,182031294764,182031295995,0,0,1,10000000
2670,182031300283,182031301465,0,0,1,10000000
2671,182031305392,182031306958,0,0,1,10000000
2672,182031308889,182031310001,0,0,1,10000000
2673,182031313669,182031314623,0,0,1,10000000
2674,182031317245,182031318237,0,0,1,10000000
2675,182031320828,182031321821,0,0,1,10000000
2676,182031325559,182031326604,0,0,1,10000000
2677,182031350052,182031351757,0,0,1,10000000
2678,182031355149,182031356613,0,0,1,10000000
2679,182031361066,182031362471,0,0,1,10000000
2680,182031366508,182031367591,0,0,1,10000000
2681,182031372021,182031372990,0,0,1,10000000
2682,182031374855,182031375671,0,0,1,10000000
2683,182031376959,182031377719,0,0,1,10000000
2684,182031379648,182031380457,0,0,1,10000000
2685,182031381957,182031382731,0,0,1,10000000
2686,182031383994,182031384728,0,0,1,10000000
2687,182031385979,182031386739,0,0,1,10000000
2688,182031390362,182031391496,0,0,1,10000000
2689,182031394913,182031396037,0,0,1,10000000
2690,182031419452,182031420854,0,0,1,10000000
2691,182031424624,182031426649,0,0,1,10000000
2692,182031430193,182031431416,0,0,1,10000000
2693,182031435611,182031436963,0,0,1,10000000
2694,182031439438,182031440428,0,0,1,10000000
2695,182031444633,182031445718,0,0,1,10000000
2696,182031447316,182031448115,0,0,1,10000000
2697,182031449472,182031450617,0,0,1,10000000
2698,182031451995,182031452785,0,0,1,10000000
2699,182031454071,182031454836,0,0,1,10000000
2700,182031457714,182031458568,0,0,1,10000000
2701,182031460896,182031462004,0,0,1,10000000
2702,182031463684,182031464683,0,0,1,10000000
2703,182031488843,182031490106,0,0,1,10000000
2704,182031493981,182031494948,0,0,1,10000000
2705,182031497648,182031498627,0,0,1,10000000
2706,182031503350,182031505020,0,0,1,10000000
2707,182031509075,182031511710,0,0,1,10000000
2708,182031513980,182031514834,0,0,1,10000000
2709,182031516245,182031517283,0,0,1,10000000
2710,182031518845,182031519650,0,0,1,10000000
2711,182031521388,182031522201,0,0,1,10000000
2712,182031524681,182031525849,0,0,1,10000000
2713,182031528557,182031529673,0,0,1,10000000
2714,182031532999,182031534074,0,0,1,10000000
2715,182031558184,182031560034,0,0,1,10000000
2716,182031563380,182031564532,0,0,1,10000000
2717,182031568992,182031570277,0,0,1,10000000
2718,182031573077,182031574281,0,0,1,10000000
2719,182031578371,182031579376,0,0,1,10000000
2720,182031583066,182031584148,0,0,1,10000000
2721,182031585724,182031586701,0,0,1,10000000
2722,182031588555,182031589508,0,0,1,10000000
2723,182031591167,182031592088,0,0,1,10000000
2724,182031594444,182031595416,0,0,1,10000000
2725,182031598155,182031599507,0,0,1,10000000
2726,182031603224,182031604289,0,0,1,10000000
2727,182031627468,182031629044,0,0,1,10000000
2728,182031632859,182031634143,0,0,1,10000000
2729,182031636538,182031637447,0,0,1,10000000
2730,182031642015,182031643235,0,0,1,10000000
2731,182031645680,182031647049,0,0,1,10000000
2732,182031651644,182031652908,0,0,1,10000000
2733,182031655296,182031656325,0,0,1,10000000
2734,182031658656,182031659778,0,0,1,10000000
2735,182031662677,182031663792,0,0,1,10000000
2736,182031666628,182031667749,0,0,1,10000000
2737,182031671077,182031671907,0,0,1,10000000
2738,182031697034,182031698491,0,0,1,10000000
2739,182031702289,182031703599,0,0,1,10000000
2740,182031706032,182031706988,0,0,1,10000000
2741,182031711469,182031712831,0,0,1,10000000
2742,182031715041,182031716319,0,0,1,10000000
2743,182031720971,182031721993,0,0,1,10000000
2744,182031724329,182031725425,0,0,1,10000000
2745,182031726998,182031728129,0,0,1,10000000
2746,182031730433,182031731380,0,0,1,10000000
2747,182031734231,182031735063,0,0,1,10000000
2748,182031737840,182031738714,0,0,1,10000000
2749,182031741547,182031742429,0,0,1,10000000
2750,182031766367,182031768356,0,0,1,10000000
2751,182031772439,182031773583,0,0,1,10000000
2752,182031777233,182031778701,0,0,1,10000000
2753,182031781583,182031782737,0,0,1,10000000
2754,182031784601,182031785921,0,0,1,10000000
2755,182031790238,182031791261,0,0,1,10000000
2756,182031792842,182031793650,0,0,1,10000000
2757,182031795804,182031796881,0,0,1,10000000
2758,182031799061,182031800061,0,0,1,10000000
2759,182031801479,182031802503,0,0,1,10000000
2760,182031805665,182031806606,0,0,1,10000000
2761,182031809779,182031810871,0,0,1,10000000
2762,182031835994,182031837636,0,0,1,10000000
2763,182031841152,182031842536,0,0,1,10000000
2764,182031845515,182031846441,0,0,1,10000000
2765,182031850499,182031851916,0,0,1,10000000
2766,182031856002,182031857010,0,0,1,10000000
2767,182031860751,182031861676,0,0,1,10000000
2768,182031863812,182031864687,0,0,1,10000000
2769,182031866396,182031867229,0,0,1,10000000
2770,182031868496,182031869246,0,0,1,10000000
2771,182031871216,182031872046,0,0,1,10000000
2772,182031875038,182031875833,0,0,1,10000000
2773,182031878144,182031879615,0,0,1,10000000
2774,182031905305,182031906776,0,0,1,10000000
2775,182031910560,182031911849,0,0,1,10000000
2776,182031916511,182031917779,0,0,1,10000000
2777,182031921879,182031923201,0,0,1,10000000
2778,182031927315,182031928334,0,0,1,10000000
2779,182031930393,182031931265,0,0,1,10000000
2780,182031933035,182031933985,0,0,1,10000000
2781,182031935555,182031936642,0,0,1,10000000
2782,182031938965,182031940091,0,0,1,10000000
2783,182031942449,182031943436,0,0,1,10000000
2784,182031945996,182031946887,0,0,1,10000000
2785,182031949534,182031950623,0,0,1,10000000
2786,182031974770,182031976158,0,0,1,10000000
2787,182031979972,182031981070,0,0,1,10000000
2788,182031983641,182031984602,0,0,1,10000000
2789,182031987288,182031988216,0,0,1,10000000
2790,182031990953,182031991892,0,0,1,10000000
2791,182031994891,182031996036,0,0,1,10000000
2792,182031998258,182031999488,0,0,1,10000000
2793,182032002804,182032003623,0,0,1,10000000
2794,182032006195,182032007311,0,0,1,10000000
2795,182032009934,182032011076,0,0,1,10000000
2796,182032013946,182032015002,0,0,1,10000000
2797,182032017478,182032018706,0,0,1,10000000
2798,182032044371,182032046011,0,0,1,10000000
2799,182032049456,182032050813,0,0,1,10000000
2800,182032053344,182032054299,0,0,1,10000000
2801,182032058574,182032059910,0,0,1,10000000
2802,182032062527,182032063454,0,0,1,10000000
2803,182032067697,182032068950,0,0,1,10000000
2804,182032071244,182032072359,0,0,1,10000000
2805,182032074756,182032075815,0,0,1,10000000
2806,182032077415,182032078453,0,0,1,10000000
2807,182032081518,182032082454,0,0,1,10000000
2808,182032085110,182032086387,0,0,1,10000000
2809,182032087999,182032088851,0,0,1,10000000
2810,182032113695,182032115449,0,0,1,10000000
2811,182032118874,182032120247,0,0,1,10000000
2812,182032123010,182032123850,0,0,1,10000000
2813,182032128021,182032129314,0,0,1,10000000
2814,182032131608,182032132791,0,0,1,10000000
2815,182032137105,182032138217,0,0,1,10000000
2816,182032140870,182032141970,0,0,1,10000000
2817,182032144389,182032145523,0,0,1,10000000
2818,182032147211,182032148278,0,0,1,10000000
2819,182032151085,182032151955,0,0,1,10000000
2820,182032154323,182032155194,0,0,1,10000000
2821,182032157780,182032158929,0,0,1,10000000
2822,182032183111,182032184537,0,0,1,10000000
2823,182032188317,182032189591,0,0,1,10000000
2824,182032194288,182032195530,0,0,1,10000000
2825,182032199495,182032200544,0,0,1,10000000
2826,182032203283,182032204288,0,0,1,10000000
2827,182032207298,182032208393,0,0,1,10000000
2828,182032209934,182032210967,0,0,1,10000000
2829,182032213313,182032214430,0,0,1,10000000
2830,182032216165,182032217133,0,0,1,10000000
2831,182032219527,182032220473,0,0,1,10000000
2832,182032222906,182032223744,0,0,1,10000000
2833,182032226877,182032228049,0,0,1,10000000
2834,182032252365,182032253966,0,0,1,10000000
2835,182032257725,182032259075,0,0,1,10000000
2836,182032261688,182032262622,0,0,1,10000000
2837,182032266854,182032268233,0,0,1,10000000
2838,182032270553,182032271642,0,0,1,10000000
2839,182032274284,182032275517,0,0,1,10000000
2840,182032278195,182032279360,0,0,1,10000000
2841,182032281143,182032282195,0,0,1,10000000
2842,182032283607,182032284405,0,0,1,10000000
2843,182032286161,182032286962,0,0,1,10000000
2844,182032290174,182032290993,0,0,1,10000000
2845,182032293558,182032294928,0,0,1,10000000
2846,182032296786,182032297752,0,0,1,10000000
2847,182032321929,182032323422,0,0,1,10000000
2848,182032327172,182032328462,0,0,1,10000000
2849,182032331117,182032332065,0,0,1,10000000
2850,182032336259,182032337412,0,0,1,10000000
2851,182032341893,182032342861,0,0,1,10000000
2852,182032347002,182032347981,0,0,1,10000000
2853,182032349407,182032350237,0,0,1,10000000
2854,182032351699,182032352455,0,0,1,10000000
2855,182032353699,182032354471,0,0,1,10000000
2856,182032357415,182032358204,0,0,1,10000000
2857,182032360920,182032361735,0,0,1,10000000
2858,182032364302,182032365522,0,0,1,10000000
2859,182032391295,182032393254,0,0,1,10000000
2860,182032396667,182032397561,0,0,1,10000000
2861,182032400488,182032401427,0,0,1,10000000
2862,182032405692,182032406740,0,0,1,10000000
2863,182032409439,182032410806,0,0,1,10000000
2864,182032413297,182032414520,0,0,1,10000000
2865,182032416195,182032417499,0,0,1,10000000
2866,182032420216,182032421322,0,0,1,10000000
2867,182032423117,182032424244,0,0,1,10000000
2868,182032426109,182032427172,0,0,1,10000000
2869,182032429870,182032430643,0,0,1,10000000
2870,182032433348,182032434705,0,0,1,10000000
2871,182032460836,182032462452,0,0,1,10000000
2872,182032466006,182032467382,0,0,1,10000000
2873,182032471946,182032473204,0,0,1,10000000
2874,182032477245,182032478434,0,0,1,10000000
2875,182032482690,182032483769,0,0,1,10000000
2876,182032485644,182032486822,0,0,1,10000000
2877,182032488855,182032489690,0,0,1,10000000
2878,182032491237,182032492000,0,0,1,10000000
2879,182032493581,182032494573,0,0,1,10000000
2880,182032496025,182032496764,0,0,1,10000000
2881,182032498258,182032499044,0,0,1,10000000
2882,182032500640,182032501515,0,0,1,10000000
2883,182032503392,182032504308,0,0,1,10000000
2884,182032529974,182032531095,0,0,1,10000000
2885,182032535698,182032537071,0,0,1,10000000
2886,182032541313,182032542668,0,0,1,10000000
2887,182032546477,182032548089,0,0,1,10000000
2888,182032552238,182032553432,0,0,1,10000000
2889,182032555203,182032556091,0,0,1,10000000
2890,182032557583,182032558383,0,0,1,10000000
2891,182032560196,182032560949,0,0,1,10000000
2892,182032562128,182032562848,0,0,1,10000000
2893,182032564199,182032564927,0,0,1,10000000
2894,182032566285,182032567006,0,0,1,10000000
2895,182032568352,182032569069,0,0,1,10000000
2896,182032570399,182032571120,0,0,1,10000000
2897,182032599860,182032601501,0,0,1,10000000
2898,182032604872,182032606169,0,0,1,10000000
2899,182032610397,182032611628,0,0,1,10000000
2900,182032615992,182032617271,0,0,1,10000000
2901,182032621787,182032623041,0,0,1,10000000
2902,182032625132,182032626361,0,0,1,10000000
2903,182032628020,182032628797,0,0,1,10000000
2904,182032630516,182032631432,0,0,1,10000000
2905,182032633038,182032633858,0,0,1,10000000
2906,182032635235,182032636050,0,0,1,10000000
2907,182032637832,182032638710,0,0,1,10000000
2908,182032640030,182032640837,0,0,1,10000000
2909,182032642234,182032643139,0,0,1,10000000
2910,182032669452,182032671007,0,0,1,10000000
2911,182032674312,182032675506,0,0,1,10000000
2912,182032677948,182032679126,0,0,1,10000000
2913,182032683435,182032684676,0,0,1,10000000
2914,182032687090,182032688248,0,0,1,10000000
2915,182032692878,182032694054,0,0,1,10000000
2916,182032695683,182032696626,0,0,1,10000000
2917,182032698445,182032699340,0,0,1,10000000
2918,182032701095,182032702032,0,0,1,10000000
2919,182032703918,182032704753,0,0,1,10000000
2920,182032706480,182032707535,0,0,1,10000000
2921,182032709518,182032710400,0,0,1,10000000
2922,182032712557,182032713479,0,0,1,10000000
2923,182032738921,182032740242,0,0,1,10000000
2924,182032743817,182032745066,0,0,1,10000000
2925,182032749278,182032750534,0,0,1,10000000
2926,182032753092,182032754223,0,0,1,10000000
2927,182032756522,182032757693,0,0,1,10000000
2928,182032762010,182032763202,0,0,1,10000000
2929,182032764824,182032765805,0,0,1,10000000
2930,182032767688,182032768581,0,0,1,10000000
2931,182032770524,182032771516,0,0,1,10000000
2932,182032773378,182032774279,0,0,1,10000000
2933,182032776116,182032776913,0,0,1,10000000
2934,182032778677,182032779442,0,0,1,10000000
2935,182032780999,182032782173,0,0,1,10000000
2936,182032807951,182032809352,0,0,1,10000000
2937,182032813188,182032814330,0,0,1,10000000
2938,182032816897,182032818000,0,0,1,10000000
2939,182032822633,182032823804,0,0,1,10000000
2940,182032828068,182032829240,0,0,1,10000000
2941,182032831424,182032832750,0,0,1,10000000
2942,182032834527,182032835298,0,0,1,10000000
2943,182032836523,182032837224,0,0,1,10000000
2944,182032838669,182032839442,0,0,1,10000000
2945,182032840923,182032841815,0,0,1,10000000
2946,182032843270,182032844077,0,0,1,10000000
2947,182032846238,182032847220,0,0,1,10000000
2948,182032849018,182032850246,0,0,1,10000000
2949,182032851930,182032853060,0,0,1,10000000
2950,182032877392,182032878735,0,0,1,10000000
2951,182032882594,182032883735,0,0,1,10000000
2952,182032886227,182032887339,0,0,1,10000000
2953,182032889882,182032890990,0,0,1,10000000
2954,182032895369,182032896535,0,0,1,10000000
2955,182032899027,182032900142,0,0,1,10000000
2956,182032902209,182032903289,0,0,1,10000000
2957,182032904975,182032905842,0,0,1,10000000
2958,182032907420,182032908301,0,0,1,10000000
2959,182032909995,182032911013,0,0,1,10000000
2960,182032912633,182032913429,0,0,1,10000000
2961,182032915157,182032915879,0,0,1,10000000
2962,182032917473,182032918172,0,0,1,10000000
2963,182032920247,182032921495,0,0,1,10000000
2964,182032946862,182032948153,0,0,1,10000000
2965,182032952065,182032953222,0,0,1,10000000
2966,182032955680,182032956855,0,0,1,10000000
2967,182032961140,182032962372,0,0,1,10000000
2968,182032966685,182032967846,0,0,1,10000000
2969,182032970966,182032972106,0,0,1,10000000
2970,182032973683,182032974711,0,0,1,10000000
2971,182032976209,182032977200,0,0,1,10000000
2972,182032979342,182032980346,0,0,1,10000000
2973,182032981832,182032982851,0,0,1,10000000
2974,182032984487,182032985407,0,0,1,10000000
2975,182032986980,182032987981,0,0,1,10000000
2976,182032989261,182032990226,0,0,1,10000000
2977,182033016083,182033017794,0,0,1,10000000
2978,182033021514,182033022704,0,0,1,10000000
2979,182033026966,182033028035,0,0,1,10000000
2980,182033031171,182033032460,0,0,1,10000000
2981,182033036465,182033037423,0,0,1,10000000
2982,182033041154,182033042736,0,0,1,10000000
2983,182033045527,182033046956,0,0,1,10000000
2984,182033049724,182033050878,0,0,1,10000000
2985,182033053384,182033054589,0,0,1,10000000
2986,182033056427,182033059348,0,0,1,10000000
2987,182033061394,182033063367,0,0,1,10000000
2988,182033085914,182033088556,0,0,1,10000000
2989,182033093478,182033094775,0,0,1,10000000
2990,182033098417,182033100064,0,0,1,10000000
2991,182033104007,182033105272,0,0,1,10000000
2992,182033109360,182033110439,0,0,1,10000000
2993,182033114829,182033116220,0,0,1,10000000
2994,182033118335,182033119401,0,0,1,10000000
2995,182033121287,182033122090,0,0,1,10000000
2996,182033123623,182033124431,0,0,1,10000000
2997,182033125900,182033126863,0,0,1,10000000
2998,182033128630,182033129443,0,0,1,10000000
2999,182033156004,182033159202,0,0,1,10000000
3000,182033164488,182033165775,0,0,1,10000000
3001,182033168204,182033169512,0,0,1,10000000
3002,182033173227,182033174644,0,0,1,10000000
3003,182033178740,182033179906,0,0,1,10000000
3004,182033183579,182033184688,0,0,1,10000000
3005,182033186676,182033187720,0,0,1,10000000
3006,182033189717,182033190661,0,0,1,10000000
3007,182033191900,182033192756,0,0,1,10000000
3008,182033194623,182033195670,0,0,1,10000000
3009,182033224678,182033226656,0,0,1,10000000
3010,182033231657,182033233104,0,0,1,10000000
3011,182033237418,182033238692,0,0,1,10000000
3012,182033242800,182033244011,0,0,1,10000000
3013,182033248023,182033249230,0,0,1,10000000
3014,182033251107,182033251945,0,0,1,10000000
3015,182033253731,182033254563,0,0,1,10000000
3016,182033256102,182033256896,0,0,1,10000000
3017,182033258175,182033258919,0,0,1,10000000
3018,182033260364,182033261104,0,0,1,10000000
3019,182033262473,182033263197,0,0,1,10000000
3020,182033264572,182033265284,0,0,1,10000000
3021,182033266727,182033267625,0,0,1,10000000
3022,182033293966,182033295450,0,0,1,10000000
3023,182033299202,182033300316,0,0,1,10000000
3024,182033302849,182033303935,0,0,1,10000000
3025,182033308301,182033309481,0,0,1,10000000
3026,182033311966,182033313111,0,0,1,10000000
3027,182033317454,182033318532,0,0,1,10000000
3028,182033319942,182033320855,0,0,1,10000000
3029,182033322216,182033323108,0,0,1,10000000
3030,182033324657,182033325587,0,0,1,10000000
3031,182033327252,182033328161,0,0,1,10000000
3032,182033329463,182033330366,0,0,1,10000000
3033,182033332365,182033333275,0,0,1,10000000
3034,182033334987,182033336146,0,0,1,10000000
3035,182033338278,182033339393,0,0,1,10000000
3036,182033363344,182033364762,0,0,1,10000000
3037,182033368841,182033370176,0,0,1,10000000
3038,182033372258,182033373440,0,0,1,10000000
3039,182033377711,182033378841,0,0,1,10000000
3040,182033383238,182033384364,0,0,1,10000000
3041,182033386843,182033387933,0,0,1,10000000
3042,182033389618,182033390411,0,0,1,10000000
3043,182033391836,182033392664,0,0,1,10000000
3044,182033394516,182033395464,0,0,1,10000000
3045,182033396713,182033397435,0,0,1,10000000
3046,182033398708,182033399438,0,0,1,10000000
3047,182033400836,182033401584,0,0,1,10000000
3048,182033402939,182033403656,0,0,1,10000000
3049,182033405016,182033406969,0,0,1,10000000
3050,182033432913,182033434431,0,0,1,10000000
3051,182033438061,182033439273,0,0,1,10000000
3052,182033443603,182033444831,0,0,1,10000000
3053,182033449062,182033450162,0,0,1,10000000
3054,182033452706,182033453717,0,0,1,10000000
3055,182033456285,182033457535,0,0,1,10000000
3056,182033459956,182033460840,0,0,1,10000000
3057,182033462622,182033463465,0,0,1,10000000
3058,182033465392,182033466314,0,0,1,10000000
3059,182033468115,182033468955,0,0,1,10000000
3060,182033470136,182033470874,0,0,1,10000000
3061,182033472054,182033472755,0,0,1,10000000
3062,182033474391,182033475455,0,0,1,10000000
3063,182033502378,182033503777,0,0,1,10000000
3064,182033507474,182033508698,0,0,1,10000000
3065,182033511126,182033512271,0,0,1,10000000
3066,182033515145,182033516256,0,0,1,10000000
3067,182033520236,182033521373,0,0,1,10000000
3068,182033523921,182033525033,0,0,1,10000000
3069,182033527109,182033528217,0,0,1,10000000
3070,182033529673,182033530587,0,0,1,10000000
3071,182033531883,182033532642,0,0,1,10000000
3072,182033533911,182033534645,0,0,1,10000000
3073,182033535878,182033536591,0,0,1,10000000
3074,182033538002,182033538726,0,0,1,10000000
3075,182033540262,182033541184,0,0,1,10000000
3076,182033542739,182033543721,0,0,1,10000000
3077,182033545819,182033546753,0,0,1,10000000
3078,182033571499,182033572860,0,0,1,10000000
3079,182033576899,182033578112,0,0,1,10000000
3080,182033582772,182033584019,0,0,1,10000000
3081,182033588061,182033589282,0,0,1,10000000
3082,182033593438,182033594662,0,0,1,10000000
3083,182033596582,182033597575,0,0,1,10000000
3084,182033599370,182033600157,0,0,1,10000000
3085,182033602003,182033602796,0,0,1,10000000
3086,182033604281,182033605141,0,0,1,10000000
3087,182033606896,182033607719,0,0,1,10000000
3088,182033609293,182033610198,0,0,1,10000000
3089,182033611828,182033612622,0,0,1,10000000
3090,182033614016,182033615193,0,0,1,10000000
3091,182033641207,182033642730,0,0,1,10000000
3092,182033646346,182033647791,0,0,1,10000000
3093,182033652105,182033653375,0,0,1,10000000
3094,182033657400,182033658550,0,0,1,10000000
3095,182033663016,182033664411,0,0,1,10000000
3096,182033667295,182033668151,0,0,1,10000000
3097,182033669773,182033670724,0,0,1,10000000
3098,182033672483,182033673304,0,0,1,10000000
3099,182033674634,182033675451,0,0,1,10000000
3100,182033678060,182033679201,0,0,1,10000000
3101,182033680702,182033681757,0,0,1,10000000
3102,182033683886,182033684959,0,0,1,10000000
3103,182033710468,182033712003,0,0,1,10000000
3104,182033715859,182033717137,0,0,1,10000000
3105,182033721734,182033722759,0,0,1,10000000
3106,182033726718,182033727926,0,0,1,10000000
3107,182033732345,182033733461,0,0,1,10000000
3108,182033735678,182033736823,0,0,1,10000000
3109,182033739050,182033740108,0,0,1,10000000
3110,182033741744,182033742837,0,0,1,10000000
3111,182033745530,182033746743,0,0,1,10000000
3112,182033749551,182033750500,0,0,1,10000000
3113,182033753330,182033754383,0,0,1,10000000
3114,182033780288,182033782337,0,0,1,10000000
3115,182033785956,182033787202,0,0,1,10000000
3116,182033790168,182033791430,0,0,1,10000000
3117,182033794639,182033795979,0,0,1,10000000
3118,182033800459,182033801951,0,0,1,10000000
3119,182033804820,182033806258,0,0,1,10000000
3120,182033807978,182033809037,0,0,1,10000000
3121,182033811073,182033812133,0,0,1,10000000
3122,182033814897,182033816044,0,0,1,10000000
3123,182033817973,182033818937,0,0,1,10000000
3124,182033821770,182033822996,0,0,1,10000000
3125,182033825214,182033826606,0,0,1,10000000
3126,182033849757,182033851301,0,0,1,10000000
3127,182033855412,182033856634,0,0,1,10000000
3128,182033860240,182033861295,0,0,1,10000000
3129,182033865761,182033866890,0,0,1,10000000
3130,182033871429,182033872829,0,0,1,10000000
3131,182033876372,182033877327,0,0,1,10000000
3132,182033878973,182033880005,0,0,1,10000000
3133,182033882555,182033883744,0,0,1,10000000
3134,182033885365,182033886397,0,0,1,10000000
3135,182033889343,182033890485,0,0,1,10000000
3136,182033894626,182033895678,0,0,1,10000000
3137,182033918733,182033920328,0,0,1,10000000
3138,182033924076,182033925288,0,0,1,10000000
3139,182033927963,182033929129,0,0,1,10000000
3140,182033933614,182033934862,0,0,1,10000000
3141,182033939037,182033940227,0,0,1,10000000
3142,182033943932,182033945032,0,0,1,10000000
3143,182033946516,182033947489,0,0,1,10000000
3144,182033949550,182033950437,0,0,1,10000000
3145,182033952880,182033953831,0,0,1,10000000
3146,182033956375,182033957408,0,0,1,10000000
3147,182033960059,182033961005,0,0,1,10000000
3148,182033988467,182033989921,0,0,1,10000000
3149,182033993497,182033994693,0,0,1,10000000
3150,182033997311,182033998342,0,0,1,10000000
3151,182034002814,182034003862,0,0,1,10000000
3152,182034008404,182034009440,0,0,1,10000000
3153,182034013647,182034014601,0,0,1,10000000
3154,182034016468,182034017321,0,0,1,10000000
3155,182034018656,182034019445,0,0,1,10000000
3156,182034021001,182034021753,0,0,1,10000000
3157,182034024530,182034025663,0,0,1,10000000
3158,182034028266,182034029299,0,0,1,10000000
3159,182034032274,182034033460,0,0,1,10000000
3160,182034058074,182034059671,0,0,1,10000000
3161,182034062939,182034064156,0,0,1,10000000
3162,182034068891,182034070184,0,0,1,10000000
3163,182034074290,182034075448,0,0,1,10000000
3164,182034079483,182034080560,0,0,1,10000000
3165,182034083244,182034084306,0,0,1,10000000
3166,182034085771,182034086704,0,0,1,10000000
3167,182034088666,182034089512,0,0,1,10000000
3168,182034090938,182034091743,0,0,1,10000000
3169,182034094046,182034095068,0,0,1,10000000
3170,182034097697,182034098690,0,0,1,10000000
3171,182034101840,182034102837,0,0,1,10000000
3172,182034127601,182034129332,0,0,1,10000000
3173,182034132704,182034133818,0,0,1,10000000
3174,182034138449,182034139712,0,0,1,10000000
3175,182034143714,182034144908,0,0,1,10000000
3176,182034149345,182034150392,0,0,1,10000000
3177,182034152924,182034154023,0,0,1,10000000
3178,182034155760,182034156699,0,0,1,10000000
3179,182034158590,182034159535,0,0,1,10000000
3180,182034160877,182034161973,0,0,1,10000000
3181,182034164894,182034165834,0,0,1,10000000
3182,182034168434,182034169552,0,0,1,10000000
3183,182034171501,182034172939,0,0,1,10000000
3184,182034197621,182034198930,0,0,1,10000000
3185,182034201881,182034203568,0,0,1,10000000
3186,182034207661,182034208986,0,0,1,10000000
3187,182034213032,182034214171,0,0,1,10000000
3188,182034218589,182034219751,0,0,1,10000000
3189,182034222303,182034224514,0,0,1,10000000
3190,182034227570,182034228670,0,0,1,10000000
3191,182034230237,182034231210,0,0,1,10000000
3192,182034233565,182034234422,0,0,1,10000000
3193,182034236085,182034236938,0,0,1,10000000
3194,182034240937,182034241950,0,0,1,10000000
3195,182034266008,182034267434,0,0,1,10000000
3196,182034271354,182034273020,0,0,1,10000000
3197,182034278041,182034279159,0,0,1,10000000
3198,182034282578,182034284831,0,0,1,10000000
3199,182034288069,182034289536,0,0,1,10000000
3200,182034292186,182034293320,0,0,1,10000000
3201,182034295253,182034296099,0,0,1,10000000
3202,182034297461,182034298313,0,0,1,10000000
3203,182034301969,182034303082,0,0,1,10000000
3204,182034305547,182034306446,0,0,1,10000000
3205,182034309047,182034310014,0,0,1,10000000
3206,182034335400,182034337393,0,0,1,10000000
3207,182034341623,182034342934,0,0,1,10000000
3208,182034346515,182034347983,0,0,1,10000000
3209,182034351755,182034352943,0,0,1,10000000
3210,182034357344,182034358558,0,0,1,10000000
3211,182034362418,182034363547,0,0,1,10000000
3212,182034366768,182034367927,0,0,1,10000000
3213,182034370830,182034371908,0,0,1,10000000
3214,182034375032,182034376067,0,0,1,10000000
3215,182034379441,182034380350,0,0,1,10000000
3216,182034404925,182034406981,0,0,1,10000000
3217,182034411018,182034412187,0,0,1,10000000
3218,182034416563,182034418244,0,0,1,10000000
3219,182034422406,182034423852,0,0,1,10000000
3220,182034426658,182034427820,0,0,1,10000000
3221,182034430529,182034432003,0,0,1,10000000
3222,182034433716,182034434823,0,0,1,10000000
3223,182034437697,182034438772,0,0,1,10000000
3224,182034440763,182034441824,0,0,1,10000000
3225,182034443432,182034444539,0,0,1,10000000
3226,182034446869,182034448089,0,0,1,10000000
3227,182034474263,182034476101,0,0,1,10000000
3228,182034481731,182034483006,0,0,1,10000000
3229,182034486661,182034487631,0,0,1,10000000
3230,182034490666,182034491772,0,0,1,10000000
3231,182034496232,182034497555,0,0,1,10000000
3232,182034500335,182034501490,0,0,1,10000000
3233,182034504221,182034505361,0,0,1,10000000
3234,182034507493,182034508582,0,0,1,10000000
3235,182034510068,182034511056,0,0,1,10000000
3236,182034512849,182034513755,0,0,1,10000000
3237,182034515129,182034516040,0,0,1,10000000
3238,182034543772,182034545170,0,0,1,10000000
3239,182034548968,182034550594,0,0,1,10000000
3240,182034553723,182034554943,0,0,1,10000000
3241,182034557615,182034558593,0,0,1,10000000
3242,182034561813,182034563080,0,0,1,10000000
3243,182034567203,182034568174,0,0,1,10000000
3244,182034571090,182034572229,0,0,1,10000000
3245,182034574438,182034575468,0,0,1,10000000
3246,182034577125,182034578731,0,0,1,10000000
3247,182034580504,182034581340,0,0,1,10000000
3248,182034585110,182034586846,0,0,1,10000000
3249,182034588942,182034589765,0,0,1,10000000
3250,182034613429,182034614662,0,0,1,10000000
3251,182034618396,182034619828,0,0,1,10000000
3252,182034623287,182034624373,0,0,1,10000000
3253,182034627596,182034629029,0,0,1,10000000
3254,182034633346,182034634172,0,0,1,10000000
3255,182034638379,182034639662,0,0,1,10000000
3256,182034641515,182034642337,0,0,1,10000000
3257,182034644897,182034646076,0,0,1,10000000
3258,182034647734,182034648687,0,0,1,10000000
3259,182034652416,182034653456,0,0,1,10000000
3260,182034656903,182034658249,0,0,1,10000000
3261,182034682559,182034684225,0,0,1,10000000
3262,182034687976,182034689496,0,0,1,10000000
3263,182034693553,182034695265,0,0,1,10000000
3264,182034698897,182034700106,0,0,1,10000000
3265,182034704558,182034705749,0,0,1,10000000
3266,182034707958,182034709075,0,0,1,10000000
3267,182034710450,182034711285,0,0,1,10000000
3268,182034712587,182034713364,0,0,1,10000000
3269,182034716003,182034717135,0,0,1,10000000
3270,182034720839,182034721951,0,0,1,10000000
3271,182034724756,182034725962,0,0,1,10000000
3272,182034751791,182034753574,0,0,1,10000000
3273,182034757306,182034758593,0,0,1,10000000
3274,182034763140,182034764347,0,0,1,10000000
3275,182034768224,182034769360,0,0,1,10000000
3276,182034773663,182034774966,0,0,1,10000000
3277,182034777972,182034779165,0,0,1,10000000
3278,182034781691,182034782791,0,0,1,10000000
3279,182034784785,182034785852,0,0,1,10000000
3280,182034787420,182034788407,0,0,1,10000000
3281,182034790323,182034791170,0,0,1,10000000
3282,182034792454,182034793210,0,0,1,10000000
3283,182034797616,182034798471,0,0,1,10000000
3284,182034821531,182034823268,0,0,1,10000000
3285,182034826779,182034828061,0,0,1,10000000
3286,182034832589,182034833934,0,0,1,10000000
3287,182034837899,182034839106,0,0,1,10000000
3288,182034843081,182034844277,0,0,1,10000000
3289,182034846296,182034847370,0,0,1,10000000
3290,182034848902,182034849786,0,0,1,10000000
3291,182034851453,182034852530,0,0,1,10000000
3292,182034855384,182034856348,0,0,1,10000000
3293,182034859161,182034860398,0,0,1,10000000
3294,182034863296,182034864395,0,0,1,10000000
3295,182034867274,182034868085,0,0,1,10000000
3296,182034890840,182034892102,0,0,1,10000000
3297,182034896132,182034897387,0,0,1,10000000
3298,182034900106,182034900977,0,0,1,10000000
3299,182034905264,182034906274,0,0,1,10000000
3300,182034910855,182034912828,0,0,1,10000000
3301,182034915930,182034917029,0,0,1,10000000
3302,182034919966,182034921017,0,0,1,10000000
3303,182034924314,182034925474,0,0,1,10000000
3304,182034927745,182034928848,0,0,1,10000000
3305,182034932537,182034933811,0,0,1,10000000
3306,182034936228,182034937296,0,0,1,10000000
3307,182034960178,182034961785,0,0,1,10000000
3308,182034965534,182034966916,0,0,1,10000000
3309,182034971239,182034972610,0,0,1,10000000
3310,182034976822,182034978131,0,0,1,10000000
3311,182034982376,182034983392,0,0,1,10000000
3312,182034985818,182034986665,0,0,1,10000000
3313,182034988068,182034988857,0,0,1,10000000
3314,182034990656,182034991756,0,0,1,10000000
3315,182034994567,182034995452,0,0,1,10000000
3316,182034997978,182034998744,0,0,1,10000000
3317,182035000975,182035001747,0,0,1,10000000
3318,182035003775,182035004865,0,0,1,10000000
3319,182035029722,182035031184,0,0,1,10000000
3320,182035035028,182035036346,0,0,1,10000000
3321,182035039140,182035039988,0,0,1,10000000
3322,182035044087,182035045448,0,0,1,10000000
3323,182035047754,182035048794,0,0,1,10000000
3324,182035053483,182035054438,0,0,1,10000000
3325,182035056908,182035058712,0,0,1,10000000
3326,182035060919,182035062009,0,0,1,10000000
3327,182035063625,182035064682,0,0,1,10000000
3328,182035067624,182035068713,0,0,1,10000000
3329,182035071269,182035072677,0,0,1,10000000
3330,182035074388,182035075375,0,0,1,10000000
3331,182035099024,182035100569,0,0,1,10000000
3332,182035104387,182035105733,0,0,1,10000000
3333,182035108528,182035109452,0,0,1,10000000
3334,182035113591,182035114915,0,0,1,10000000
3335,182035117435,182035118388,0,0,1,10000000
3336,182035122635,182035123990,0,0,1,10000000
3337,182035126115,182035127114,0,0,1,10000000
3338,182035128524,182035129549,0,0,1,10000000
3339,182035132838,182035133779,0,0,1,10000000
3340,182035136751,182035137631,0,0,1,10000000
3341,182035140223,182035141257,0,0,1,10000000
3342,182035144036,182035145136,0,0,1,10000000
3343,182035168638,182035170221,0,0,1,10000000
3344,182035173909,182035175245,0,0,1,10000000
3345,182035179724,182035180991,0,0,1,10000000
3346,182035184959,182035186122,0,0,1,10000000
3347,182035190534,182035191557,0,0,1,10000000
3348,182035193445,182035194290,0,0,1,10000000
3349,182035196251,182035197183,0,0,1,10000000
3350,182035198577,182035199369,0,0,1,10000000
3351,182035201498,182035202533,0,0,1,10000000
3352,182035203941,182035204789,0,0,1,10000000
3353,182035207587,182035208423,0,0,1,10000000
3354,182035211329,182035212180,0,0,1,10000000
3355,182035238012,182035239544,0,0,1,10000000
3356,182035243281,182035244620,0,0,1,10000000
3357,182035247067,182035247868,0,0,1,10000000
3358,182035252436,182035253764,0,0,1,10000000
3359,182035256259,182035257685,0,0,1,10000000
3360,182035259938,182035260788,0,0,1,10000000
3361,182035262854,182035263800,0,0,1,10000000
3362,182035265697,182035266477,0,0,1,10000000
3363,182035268310,182035269415,0,0,1,10000000
3364,182035271399,182035272149,0,0,1,10000000
3365,182035274485,182035275266,0,0,1,10000000
3366,182035277743,182035278497,0,0,1,10000000
3367,182035281314,182035282412,0,0,1,10000000
3368,182035307860,182035309728,0,0,1,10000000
3369,182035312797,182035314376,0,0,1,10000000
3370,182035318525,182035320014,0,0,1,10000000
3371,182035324017,182035325095,0,0,1,10000000
3372,182035329082,182035330030,0,0,1,10000000
3373,182035332475,182035333672,0,0,1,10000000
3374,182035335873,182035337087,0,0,1,10000000
3375,182035339291,182035340424,0,0,1,10000000
3376,182035342371,182035343524,0,0,1,10000000
3377,182035346192,182035347305,0,0,1,10000000
3378,182035350099,182035351209,0,0,1,10000000
3379,182035376794,182035378458,0,0,1,10000000
3380,182035382175,182035383467,0,0,1,10000000
3381,182035386420,182035387336,0,0,1,10000000
3382,182035390074,182035391158,0,0,1,10000000
3383,182035395351,182035396669,0,0,1,10000000
3384,182035400726,182035401865,0,0,1,10000000
3385,182035404404,182035405401,0,0,1,10000000
3386,182035407708,182035408594,0,0,1,10000000
3387,182035411860,182035412927,0,0,1,10000000
3388,182035415256,182035416046,0,0,1,10000000
3389,182035418638,182035419807,0,0,1,10000000
3390,182035422722,182035423795,0,0,1,10000000
3391,182035446333,182035447939,0,0,1,10000000
3392,182035452432,182035453419,0,0,1,10000000
3393,182035457488,182035458866,0,0,1,10000000
3394,182035463626,182035465028,0,0,1,10000000
3395,182035467999,182035469290,0,0,1,10000000
3396,182035471310,182035472185,0,0,1,10000000
3397,182035473900,182035474922,0,0,1,10000000
3398,182035476640,182035477990,0,0,1,10000000
3399,182035479484,182035480490,0,0,1,10000000
3400,182035481814,182035483859,0,0,1,10000000
3401,182035485425,182035486322,0,0,1,10000000
3402,182035489230,182035490318,0,0,1,10000000
3403,182035516181,182035517754,0,0,1,10000000
3404,182035520999,182035522227,0,0,1,10000000
3405,182035526581,182035527741,0,0,1,10000000
3406,182035532524,182035533738,0,0,1,10000000
3407,182035537871,182035539026,0,0,1,10000000
3408,182035541161,182035542143,0,0,1,10000000
3409,182035544735,182035545727,0,0,1,10000000
3410,182035548135,182035548928,0,0,1,10000000
3411,182035551585,182035552605,0,0,1,10000000
3412,182035554950,182035555963,0,0,1,10000000
3413,182035557846,182035559174,0,0,1,10000000
3414,182035584998,182035586786,0,0,1,10000000
3415,182035590398,182035591821,0,0,1,10000000
3416,182035594725,182035595834,0,0,1,10000000
3417,182035599683,182035600796,0,0,1,10000000
3418,182035605087,182035606356,0,0,1,10000000
3419,182035610286,182035611436,0,0,1,10000000
3420,182035613007,182035613995,0,0,1,10000000
3421,182035615458,182035616459,0,0,1,10000000
3422,182035619452,182035620415,0,0,1,10000000
3423,182035623454,182035624448,0,0,1,10000000
3424,182035627093,182035628603,0,0,1,10000000
3425,182035631035,182035632298,0,0,1,10000000
3426,182035654876,182035656685,0,0,1,10000000
3427,182035659870,182035661094,0,0,1,10000000
3428,182035665741,182035666931,0,0,1,10000000
3429,182035671040,182035672317,0,0,1,10000000
3430,182035676675,182035678037,0,0,1,10000000
3431,182035680031,182035681177,0,0,1,10000000
3432,182035683044,182035683895,0,0,1,10000000
3433,182035686374,182035687487,0,0,1,10000000
3434,182035689996,182035691082,0,0,1,10000000
3435,182035693848,182035694876,0,0,1,10000000
3436,182035697930,182035699265,0,0,1,10000000
3437,182035724285,182035726234,0,0,1,10000000
3438,182035730237,182035731557,0,0,1,10000000
3439,182035735044,182035736212,0,0,1,10000000
3440,182035740225,182035741434,0,0,1,10000000
3441,182035744006,182035745139,0,0,1,10000000
3442,182035747791,182035749183,0,0,1,10000000
3443,182035751272,182035752373,0,0,1,10000000
3444,182035754480,182035755716,0,0,1,10000000
3445,182035757284,182035758530,0,0,1,10000000
3446,182035760968,182035761971,0,0,1,10000000
3447,182035764727,182035765684,0,0,1,10000000
3448,182035767757,182035768694,0,0,1,10000000
3449,182035793738,182035795248,0,0,1,10000000
3450,182035798687,182035799833,0,0,1,10000000
3451,182035804200,182035805444,0,0,1,10000000
3452,182035807871,182035808986,0,0,1,10000000
3453,182035813354,182035814518,0,0,1,10000000
3454,182035818638,182035819747,0,0,1,10000000
3455,182035822922,182035823854,0,0,1,10000000
3456,182035826445,182035827635,0,0,1,10000000
3457,182035830363,182035831482,0,0,1,10000000
3458,182035832988,182035833939,0,0,1,10000000
3459,182035836587,182035837604,0,0,1,10000000
3460,182035863275,182035864818,0,0,1,10000000
3461,182035868133,182035869165,0,0,1,10000000
3462,182035873622,182035874947,0,0,1,10000000
3463,182035878020,182035879099,0,0,1,10000000
3464,182035881886,182035883004,0,0,1,10000000
3465,182035886422,182035887486,0,0,1,10000000
3466,182035889004,182035889828,0,0,1,10000000
3467,182035891948,182035892773,0,0,1,10000000
3468,182035894428,182035895470,0,0,1,10000000
3469,182035897048,182035898124,0,0,1,10000000
3470,182035900553,182035901473,0,0,1,10000000
3471,182035903762,182035904738,0,0,1,10000000
3472,182035907292,182035908359,0,0,1,10000000
3473,182035932319,182035933792,0,0,1,10000000
3474,182035937774,182035939492,0,0,1,10000000
3475,182035943227,182035944473,0,0,1,10000000
3476,182035949890,182035951354,0,0,1,10000000
3477,182035953984,182035955386,0,0,1,10000000
3478,182035957689,182035958624,0,0,1,10000000
3479,182035960475,182035961289,0,0,1,10000000
3480,182035962538,182035963272,0,0,1,10000000
3481,182035964639,182035965370,0,0,1,10000000
3482,182035967492,182035969002,0,0,1,10000000
3483,182035971843,182035972792,0,0,1,10000000
3484,182035975458,182035976536,0,0,1,10000000
3485,182036001656,182036003450,0,0,1,10000000
3486,182036006990,182036008113,0,0,1,10000000
3487,182036012774,182036013875,0,0,1,10000000
3488,182036018205,182036019504,0,0,1,10000000
3489,182036023859,182036025042,0,0,1,10000000
3490,182036029026,182036031293,0,0,1,10000000
3491,182036036002,182036037856,0,0,1,10000000
3492,182036042152,182036045141,0,0,1,10000000
3493,182036047545,182036048895,0,0,1,10000000
3494,182036071620,182036075617,0,0,1,10000000
3495,182036080708,182036082425,0,0,1,10000000
3496,182036086124,182036087523,0,0,1,10000000
3497,182036091589,182036093229,0,0,1,10000000
3498,182036096108,182036097172,0,0,1,10000000
3499,182036100352,182036101305,0,0,1,10000000
3500,182036102916,182036103804,0,0,1,10000000
3501,182036105161,182036106042,0,0,1,10000000
3502,182036107317,182036108063,0,0,1,10000000
3503,182036110000,182036110801,0,0,1,10000000
3504,182036112054,182036112822,0,0,1,10000000
3505,182036140916,182036143164,0,0,1,10000000
3506,182036147058,182036148251,0,0,1,10000000
3507,182036151456,182036153546,0,0,1,10000000
3508,182036157149,182036158011,0,0,1,10000000
3509,182036163395,182036164720,0,0,1,10000000
3510,182036168014,182036169254,0,0,1,10000000
3511,182036170931,182036172022,0,0,1,10000000
3512,182036173823,182036174954,0,0,1,10000000
3513,182036176827,182036177853,0,0,1,10000000
3514,182036179342,182036180522,0,0,1,10000000
3515,182036181892,182036183065,0,0,1,10000000
3516,182036211414,182036217972,0,0,1,10000000
3517,182036222200,182036223460,0,0,1,10000000
3518,182036226658,182036227834,0,0,1,10000000
3519,182036232150,182036233258,0,0,1,10000000
3520,182036236613,182036237727,0,0,1,10000000
3521,182036239476,182036240445,0,0,1,10000000
3522,182036242424,182036243348,0,0,1,10000000
3523,182036244744,182036245659,0,0,1,10000000
3524,182036247746,182036248667,0,0,1,10000000
3525,182036251643,182036253246,0,0,1,10000000
3526,182036255122,182036256110,0,0,1,10000000
3527,182036279737,182036280900,0,0,1,10000000
3528,182036284752,182036285977,0,0,1,10000000
3529,182036290465,182036291737,0,0,1,10000000
3530,182036295682,182036297868,0,0,1,10000000
3531,182036300427,182036302643,0,0,1,10000000
3532,182036306150,182036307854,0,0,1,10000000
3533,182036309530,182036310400,0,0,1,10000000
3534,182036314240,182036315249,0,0,1,10000000
3535,182036320958,182036322166,0,0,1,10000000
3536,182036324359,182036325879,0,0,1,10000000
3537,182036349122,182036351145,0,0,1,10000000
3538,182036354598,182036356132,0,0,1,10000000
3539,182036359832,182036361261,0,0,1,10000000
3540,182036365251,182036366475,0,0,1,10000000
3541,182036370871,182036372132,0,0,1,10000000
3542,182036375835,182036377069,0,0,1,10000000
3543,182036379710,182036380994,0,0,1,10000000
3544,182036383584,182036384627,0,0,1,10000000
3545,182036386753,182036388598,0,0,1,10000000
3546,182036391010,182036392174,0,0,1,10000000
3547,182036393709,182036394796,0,0,1,10000000
3548,182036418874,182036420849,0,0,1,10000000
3549,182036425128,182036426307,0,0,1,10000000
3550,182036431543,182036433062,0,0,1,10000000
3551,182036437110,182036438622,0,0,1,10000000
3552,182036442714,182036444632,0,0,1,10000000
3553,182036447359,182036448468,0,0,1,10000000
3554,182036449967,182036451010,0,0,1,10000000
3555,182036453154,182036454169,0,0,1,10000000
3556,182036456375,182036457492,0,0,1,10000000
3557,182036459568,182036460819,0,0,1,10000000
3558,182036465115,182036466021,0,0,1,10000000
3559,182036487731,182036489121,0,0,1,10000000
3560,182036493064,182036494341,0,0,1,10000000
3561,182036498727,182036500151,0,0,1,10000000
3562,182036504184,182036505513,0,0,1,10000000
3563,182036507651,182036508777,0,0,1,10000000
3564,182036512630,182036513960,0,0,1,10000000
3565,182036516210,182036517134,0,0,1,10000000
3566,182036520105,182036521025,0,0,1,10000000
3567,182036524438,182036525633,0,0,1,10000000
3568,182036528396,182036529387,0,0,1,10000000
3569,182036532519,182036533610,0,0,1,10000000
3570,182036557521,182036559017,0,0,1,10000000
3571,182036562481,182036563686,0,0,1,10000000
3572,182036566438,182036567452,0,0,1,10000000
3573,182036571867,182036573035,0,0,1,10000000
3574,182036577782,182036578865,0,0,1,10000000
3575,182036582079,182036583060,0,0,1,10000000
3576,182036585595,182036587124,0,0,1,10000000
3577,182036589232,182036590102,0,0,1,10000000
3578,182036593369,182036594167,0,0,1,10000000
3579,182036596779,182036597808,0,0,1,10000000
3580,182036600899,182036601738,0,0,1,10000000
3581,182036626645,182036628135,0,0,1,10000000
3582,182036631978,182036634027,0,0,1,10000000
3583,182036637780,182036638791,0,0,1,10000000
3584,182036643058,182036644089,0,0,1,10000000
3585,182036648339,182036649279,0,0,1,10000000
3586,182036651890,182036653038,0,0,1,10000000
3587,182036654883,182036655953,0,0,1,10000000
3588,182036658395,182036659194,0,0,1,10000000
3589,182036661817,182036662577,0,0,1,10000000
3590,182036663934,182036664685,0,0,1,10000000
3591,182036667114,182036668187,0,0,1,10000000
3592,182036671450,182036672390,0,0,1,10000000
3593,182036696238,182036697731,0,0,1,10000000
3594,182036701830,182036703287,0,0,1,10000000
3595,182036707793,182036709147,0,0,1,10000000
3596,182036715055,182036716814,0,0,1,10000000
3597,182036719780,182036720965,0,0,1,10000000
3598,182036723290,182036724395,0,0,1,10000000
3599,182036726033,182036727091,0,0,1,10000000
3600,182036730115,182036731269,0,0,1,10000000
3601,182036734138,182036734994,0,0,1,10000000
3602,182036737289,182036739075,0,0,1,10000000
3603,182036741749,182036742831,0,0,1,10000000
3604,182036765779,182036767331,0,0,1,10000000
3605,182036770706,182036772053,0,0,1,10000000
3606,182036776771,182036778157,0,0,1,10000000
3607,182036782190,182036783462,0,0,1,10000000
3608,182036787587,182036788589,0,0,1,10000000
3609,182036791800,182036792942,0,0,1,10000000
3610,182036795175,182036796278,0,0,1,10000000
3611,182036798433,182036799311,0,0,1,10000000
3612,182036800611,182036801445,0,0,1,10000000
3613,182036804832,182036805986,0,0,1,10000000
3614,182036808803,182036809603,0,0,1,10000000
3615,182036835060,182036837085,0,0,1,10000000
3616,182036840367,182036841596,0,0,1,10000000
3617,182036845797,182036847220,0,0,1,10000000
3618,182036851424,182036853640,0,0,1,10000000
3619,182036857015,182036858665,0,0,1,10000000
3620,182036861394,182036862599,0,0,1,10000000
3621,182036864918,182036865779,0,0,1,10000000
3622,182036867774,182036868897,0,0,1,10000000
3623,182036870980,182036871815,0,0,1,10000000
3624,182036873002,182036873731,0,0,1,10000000
3625,182036876312,182036877320,0,0,1,10000000
3626,182036879187,182036880319,0,0,1,10000000
3627,182036904590,182036905820,0,0,1,10000000
3628,182036909706,182036911917,0,0,1,10000000
3629,182036915381,182036917547,0,0,1,10000000
3630,182036920838,182036923062,0,0,1,10000000
3631,182036926326,182036928363,0,0,1,10000000
3632,182036930510,182036931589,0,0,1,10000000
3633,182036933725,182036935109,0,0,1,10000000
3634,182036937408,182036938954,0,0,1,10000000
3635,182036941028,182036941950,0,0,1,10000000
3636,182036943703,182036944495,0,0,1,10000000
3637,182036945919,182036947182,0,0,1,10000000
3638,182036973800,182036975706,0,0,1,10000000
3639,182036979121,182036980387,0,0,1,10000000
3640,182036984528,182036985773,0,0,1,10000000
3641,182036989963,182036991422,0,0,1,10000000
3642,182036993633,182036995060,0,0,1,10000000
3643,182036999027,182037000257,0,0,1,10000000
3644,182037002500,182037003591,0,0,1,10000000
3645,182037006216,182037007166,0,0,1,10000000
3646,182037009871,182037011018,0,0,1,10000000
3647,182037013178,182037014387,0,0,1,10000000
3648,182037016808,182037017862,0,0,1,10000000
3649,182037043221,182037045651,0,0,1,10000000
3650,182037049472,182037050877,0,0,1,10000000
3651,182037053998,182037055576,0,0,1,10000000
3652,182037059870,182037061214,0,0,1,10000000
3653,182037063352,182037064453,0,0,1,10000000
3654,182037068329,182037069697,0,0,1,10000000
3655,182037072073,182037073185,0,0,1,10000000
3656,182037075333,182037076560,0,0,1,10000000
3657,182037079174,182037080231,0,0,1,10000000
3658,182037082690,182037083781,0,0,1,10000000
3659,182037085761,182037086891,0,0,1,10000000
3660,182037112599,182037115117,0,0,1,10000000
3661,182037119765,182037121586,0,0,1,10000000
3662,182037125585,182037126699,0,0,1,10000000
3663,182037130832,182037132122,0,0,1,10000000
3664,182037136363,182037137678,0,0,1,10000000
3665,182037139554,182037140444,0,0,1,10000000
3666,182037142898,182037143768,0,0,1,10000000
3667,182037145447,182037146541,0,0,1,10000000
3668,182037148485,182037149569,0,0,1,10000000
3669,182037151124,182037152311,0,0,1,10000000
3670,182037154080,182037155302,0,0,1,10000000
3671,182037182291,182037184151,0,0,1,10000000
3672,182037187390,182037189235,0,0,1,10000000
3673,182037193225,182037194637,0,0,1,10000000
3674,182037198355,182037199758,0,0,1,10000000
3675,182037201939,182037203334,0,0,1,10000000
3676,182037206948,182037208556,0,0,1,10000000
3677,182037210910,182037212082,0,0,1,10000000
3678,182037214191,182037215281,0,0,1,10000000
3679,182037217015,182037217828,0,0,1,10000000
3680,182037219404,182037220195,0,0,1,10000000
3681,182037221436,182037222169,0,0,1,10000000
3682,182037223606,182037225542,0,0,1,10000000
3683,182037251355,182037252953,0,0,1,10000000
3684,182037256734,182037257983,0,0,1,10000000
3685,182037260386,182037261546,0,0,1,10000000
3686,182037264024,182037265269,0,0,1,10000000
3687,182037269481,182037270783,0,0,1,10000000
3688,182037273148,182037274365,0,0,1,10000000
3689,182037276678,182037277686,0,0,1,10000000
3690,182037279868,182037280763,0,0,1,10000000
3691,182037282540,182037283346,0,0,1,10000000
3692,182037285291,182037286280,0,0,1,10000000
3693,182037287870,182037288734,0,0,1,10000000
3694,182037290385,182037291153,0,0,1,10000000
3695,182037292684,182037293574,0,0,1,10000000
3696,182037320940,182037322365,0,0,1,10000000
3697,182037326224,182037327509,0,0,1,10000000
3698,182037329793,182037331049,0,0,1,10000000
3699,182037333536,182037334740,0,0,1,10000000
3700,182037338929,182037340159,0,0,1,10000000
3701,182037344746,182037345941,0,0,1,10000000
3702,182037347863,182037348730,0,0,1,10000000
3703,182037350398,182037351409,0,0,1,10000000
3704,182037353318,182037354103,0,0,1,10000000
3705,182037355619,182037356414,0,0,1,10000000
3706,182037357770,182037358520,0,0,1,10000000
3707,182037359790,182037360526,0,0,1,10000000
3708,182037361772,182037362516,0,0,1,10000000
3709,182037391446,182037393306,0,0,1,10000000
3710,182037396779,182037398348,0,0,1,10000000
3711,182037401127,182037402560,0,0,1,10000000
3712,182037407933,182037409468,0,0,1,10000000
3713,182037412115,182037413326,0,0,1,10000000
3714,182037415246,182037416421,0,0,1,10000000
3715,182037418392,182037419204,0,0,1,10000000
3716,182037420988,182037421880,0,0,1,10000000
3717,182037423374,182037424315,0,0,1,10000000
3718,182037426476,182037427570,0,0,1,10000000
3719,182037429307,182037430153,0,0,1,10000000
3720,182037431965,182037433244,0,0,1,10000000
3721,182037460108,182037461512,0,0,1,10000000
3722,182037465036,182037466295,0,0,1,10000000
3723,182037468703,182037469892,0,0,1,10000000
3724,182037474152,182037475371,0,0,1,10000000
3725,182037477864,182037479076,0,0,1,10000000
3726,182037483483,182037484595,0,0,1,10000000
3727,182037486619,182037487469,0,0,1,10000000
3728,182037489077,182037490092,0,0,1,10000000
3729,182037491759,182037492497,0,0,1,10000000
3730,182037493776,182037494528,0,0,1,10000000
3731,182037496014,182037496847,0,0,1,10000000
3732,182037498076,182037498816,0,0,1,10000000
3733,182037500071,182037500781,0,0,1,10000000
3734,182037529445,182037530947,0,0,1,10000000
3735,182037534514,182037535712,0,0,1,10000000
3736,182037540042,182037541217,0,0,1,10000000
3737,182037543654,182037545151,0,0,1,10000000
3738,182037549113,182037550318,0,0,1,10000000
3739,182037554413,182037555526,0,0,1,10000000
3740,182037557317,182037558153,0,0,1,10000000
3741,182037559837,182037560701,0,0,1,10000000
3742,182037562073,182037562888,0,0,1,10000000
3743,182037564340,182037565142,0,0,1,10000000
3744,182037566857,182037568006,0,0,1,10000000
3745,182037569865,182037570687,0,0,1,10000000
3746,182037572708,182037573929,0,0,1,10000000
3747,182037598847,182037600805,0,0,1,10000000
3748,182037603897,182037605077,0,0,1,10000000
3749,182037607538,182037608749,0,0,1,10000000
3750,182037613539,182037614941,0,0,1,10000000
3751,182037619175,182037620780,0,0,1,10000000
3752,182037623587,182037624701,0,0,1,10000000
3753,182037626352,182037627208,0,0,1,10000000
3754,182037629703,182037630538,0,0,1,10000000
3755,182037631984,182037632752,0,0,1,10000000
3756,182037634449,182037635422,0,0,1,10000000
3757,182037637046,182037637864,0,0,1,10000000
3758,182037639503,182037640293,0,0,1,10000000
3759,182037642388,182037643154,0,0,1,10000000
3760,182037668327,182037669818,0,0,1,10000000
3761,182037673314,182037674342,0,0,1,10000000
3762,182037678834,182037680164,0,0,1,10000000
3763,182037682917,182037684192,0,0,1,10000000
3764,182037688290,182037689537,0,0,1,10000000
3765,182037693477,182037694681,0,0,1,10000000
3766,182037696501,182037697351,0,0,1,10000000
3767,182037698788,182037699604,0,0,1,10000000
3768,182037700961,182037701703,0,0,1,10000000
3769,182037703085,182037703820,0,0,1,10000000
3770,182037705214,182037705932,0,0,1,10000000
3771,182037707354,182037708074,0,0,1,10000000
3772,182037709470,182037710432,0,0,1,10000000
3773,182037737918,182037739436,0,0,1,10000000
3774,182037742760,182037744145,0,0,1,10000000
3775,182037748340,182037749610,0,0,1,10000000
3776,182037751913,182037753051,0,0,1,10000000
3777,182037757397,182037758555,0,0,1,10000000
3778,182037763032,182037764302,0,0,1,10000000
3779,182037766588,182037767453,0,0,1,10000000
3780,182037769065,182037770050,0,0,1,10000000
3781,182037772149,182037773281,0,0,1,10000000
3782,182037775225,182037775996,0,0,1,10000000
3783,182037777480,182037778689,0,0,1,10000000
3784,182037780769,182037782130,0,0,1,10000000
3785,182037806922,182037808381,0,0,1,10000000
3786,182037812321,182037813619,0,0,1,10000000
3787,182037818160,182037819685,0,0,1,10000000
3788,182037823684,182037824882,0,0,1,10000000
3789,182037829042,182037830305,0,0,1,10000000
3790,182037832532,182037833382,0,0,1,10000000
3791,182037835221,182037836050,0,0,1,10000000
3792,182037838707,182037839571,0,0,1,10000000
3793,182037840857,182037841795,0,0,1,10000000
3794,182037843241,182037844027,0,0,1,10000000
3795,182037845264,182037846004,0,0,1,10000000
3796,182037847396,182037848302,0,0,1,10000000
3797,182037850164,182037851549,0,0,1,10000000
3798,182037876435,182037877900,0,0,1,10000000
3799,182037881622,182037882879,0,0,1,10000000
3800,182037885269,182037886492,0,0,1,10000000
3801,182037890718,182037891955,0,0,1,10000000
3802,182037894384,182037895437,0,0,1,10000000
3803,182037898031,182037899209,0,0,1,10000000
3804,182037901225,182037902401,0,0,1,10000000
3805,182037904029,182037905067,0,0,1,10000000
3806,182037906936,182037907793,0,0,1,10000000
3807,182037909379,182037910398,0,0,1,10000000
3808,182037912229,182037913039,0,0,1,10000000
3809,182037914986,182037916030,0,0,1,10000000
3810,182037917904,182037919134,0,0,1,10000000
3811,182037945903,182037947342,0,0,1,10000000
3812,182037951092,182037952371,0,0,1,10000000
3813,182037956636,182037957935,0,0,1,10000000
3814,182037960434,182037961766,0,0,1,10000000
3815,182037963828,182037965099,0,0,1,10000000
3816,182037969294,182037970574,0,0,1,10000000
3817,182037972223,182037973352,0,0,1,10000000
3818,182037975187,182037975985,0,0,1,10000000
3819,182037978016,182037979053,0,0,1,10000000
3820,182037980958,182037981775,0,0,1,10000000
3821,182037983256,182037984037,0,0,1,10000000
3822,182037985404,182037986149,0,0,1,10000000
3823,182037987698,182037988709,0,0,1,10000000
3824,182038015228,182038016698,0,0,1,10000000
3825,182038020813,182038021754,0,0,1,10000000
3826,182038026007,182038027388,0,0,1,10000000
3827,182038031480,182038032359,0,0,1,10000000
3828,182038036865,182038037789,0,0,1,10000000
3829,182038040150,182038040971,0,0,1,10000000
3830,182038042217,182038042966,0,0,1,10000000
3831,182038044608,182038045349,0,0,1,10000000
3832,182038048279,182038049554,0,0,1,10000000
3833,182038051724,182038052522,0,0,1,10000000
3834,182038054237,182038055155,0,0,1,10000000
3835,182038057812,182038058705,0,0,1,10000000
3836,182038084530,182038086314,0,0,1,10000000
3837,182038089903,182038091316,0,0,1,10000000
3838,182038093918,182038094762,0,0,1,10000000
3839,182038098992,182038100005,0,0,1,10000000
3840,182038104536,182038105468,0,0,1,10000000
3841,182038109525,182038110902,0,0,1,10000000
3842,182038112632,182038113765,0,0,1,10000000
3843,182038115397,182038116476,0,0,1,10000000
3844,182038119780,182038120596,0,0,1,10000000
3845,182038123390,182038124169,0,0,1,10000000
3846,182038126843,182038127977,0,0,1,10000000
3847,182038154246,182038155646,0,0,1,10000000
3848,182038159600,182038160940,0,0,1,10000000
3849,182038163824,182038164627,0,0,1,10000000
3850,182038168535,182038169771,0,0,1,10000000
3851,182038174050,182038175392,0,0,1,10000000
3852,182038179029,182038180145,0,0,1,10000000
3853,182038181856,182038182757,0,0,1,10000000
3854,182038185138,182038186073,0,0,1,10000000
3855,182038188551,182038189452,0,0,1,10000000
3856,182038192254,182038193114,0,0,1,10000000
3857,182038195623,182038196965,0,0,1,10000000
3858,182038199471,182038200318,0,0,1,10000000
3859,182038223521,182038224882,0,0,1,10000000
3860,182038228962,182038230217,0,0,1,10000000
3861,182038234294,182038235515,0,0,1,10000000
3862,182038237934,182038238895,0,0,1,10000000
3863,182038243367,182038244323,0,0,1,10000000
3864,182038248749,182038249715,0,0,1,10000000
3865,182038252234,182038253213,0,0,1,10000000
3866,182038255111,182038255944,0,0,1,10000000
3867,182038257256,182038258074,0,0,1,10000000
3868,182038261028,182038261913,0,0,1,10000000
3869,182038264611,182038265850,0,0,1,10000000
3870,182038267874,182038268998,0,0,1,10000000
3871,182038293015,182038294868,0,0,1,10000000
3872,182038298333,182038299714,0,0,1,10000000
3873,182038303914,182038305184,0,0,1,10000000
3874,182038311079,182038312471,0,0,1,10000000
3875,182038316443,182038317496,0,0,1,10000000
3876,182038319415,182038320295,0,0,1,10000000
3877,182038322262,182038323371,0,0,1,10000000
3878,182038325096,182038326181,0,0,1,10000000
3879,182038327795,182038328896,0,0,1,10000000
3880,182038331802,182038332642,0,0,1,10000000
3881,182038335320,182038336369,0,0,1,10000000
3882,182038362711,182038363984,0,0,1,10000000
3883,182038367639,182038369042,0,0,1,10000000
3884,182038371556,182038372381,0,0,1,10000000
3885,182038374887,182038375728,0,0,1,10000000
3886,182038378571,182038379743,0,0,1,10000000
3887,182038382578,182038383787,0,0,1,10000000
3888,182038387245,182038388266,0,0,1,10000000
3889,182038389813,182038390711,0,0,1,10000000
3890,182038391855,182038392593,0,0,1,10000000
3891,182038395199,182038396364,0,0,1,10000000
3892,182038398746,182038399519,0,0,1,10000000
3893,182038401752,182038402530,0,0,1,10000000
3894,182038405120,182038406228,0,0,1,10000000
3895,182038431881,182038433463,0,0,1,10000000
3896,182038437060,182038438381,0,0,1,10000000
3897,182038441282,182038442328,0,0,1,10000000
3898,182038446171,182038447492,0,0,1,10000000
3899,182038449821,182038450761,0,0,1,10000000
3900,182038455305,182038456396,0,0,1,10000000
3901,182038458287,182038459058,0,0,1,10000000
3902,182038460842,182038461703,0,0,1,10000000
3903,182038463002,182038463777,0,0,1,10000000
3904,182038465066,182038465802,0,0,1,10000000
3905,182038468332,182038469460,0,0,1,10000000
3906,182038472049,182038472831,0,0,1,10000000
3907,182038475822,182038476601,0,0,1,10000000
3908,182038501293,182038502824,0,0,1,10000000
3909,182038506567,182038507596,0,0,1,10000000
3910,182038512233,182038513625,0,0,1,10000000
3911,182038517469,182038518931,0,0,1,10000000
3912,182038521083,182038522221,0,0,1,10000000
3913,182038526192,182038527366,0,0,1,10000000
3914,182038529717,182038530535,0,0,1,10000000
3915,182038533204,182038534289,0,0,1,10000000
3916,182038537149,182038538299,0,0,1,10000000
3917,182038540662,182038541532,0,0,1,10000000
3918,182038544146,182038545065,0,0,1,10000000
3919,182038570712,182038572310,0,0,1,10000000
3920,182038576004,182038577402,0,0,1,10000000
3921,182038579999,182038580838,0,0,1,10000000
3922,182038585250,182038586283,0,0,1,10000000
3923,182038588763,182038589614,0,0,1,10000000
3924,182038592326,182038593180,0,0,1,10000000
3925,182038595530,182038596407,0,0,1,10000000
3926,182038598254,182038598994,0,0,1,10000000
3927,182038601178,182038602084,0,0,1,10000000
3928,182038603458,182038604220,0,0,1,10000000
3929,182038606062,182038606879,0,0,1,10000000
3930,182038608750,182038609629,0,0,1,10000000
3931,182038612337,182038613378,0,0,1,10000000
3932,182038615846,182038616900,0,0,1,10000000
3933,182038640339,182038641704,0,0,1,10000000
3934,182038645500,182038647223,0,0,1,10000000
3935,182038651249,182038652788,0,0,1,10000000
3936,182038656364,182038657461,0,0,1,10000000
3937,182038661721,182038662678,0,0,1,10000000
3938,182038665227,182038666028,0,0,1,10000000
3939,182038667687,182038668466,0,0,1,10000000
3940,182038670614,182038671451,0,0,1,10000000
3941,182038673206,182038674331,0,0,1,10000000
3942,182038675921,182038676821,0,0,1,10000000
3943,182038678591,182038679383,0,0,1,10000000
3944,182038682087,182038683255,0,0,1,10000000
3945,182038709734,182038711434,0,0,1,10000000
3946,182038716663,182038718010,0,0,1,10000000
3947,182038722419,182038723437,0,0,1,10000000
3948,182038727531,182038728518,0,0,1,10000000
3949,182038732997,182038733950,0,0,1,10000000
3950,182038735584,182038736383,0,0,1,10000000
3951,182038737990,182038738759,0,0,1,10000000
3952,182038741460,182038742269,0,0,1,10000000
3953,182038744547,182038745276,0,0,1,10000000
3954,182038747591,182038748600,0,0,1,10000000
3955,182038751471,182038753181,0,0,1,10000000
3956,182038755041,182038756180,0,0,1,10000000
3957,182038778906,182038780502,0,0,1,10000000
3958,182038784197,182038785293,0,0,1,10000000
3959,182038789721,182038791197,0,0,1,10000000
3960,182038795233,182038796506,0,0,1,10000000
3961,182038800613,182038801546,0,0,1,10000000
3962,182038804414,182038805502,0,0,1,10000000
3963,182038806964,182038807998,0,0,1,10000000
3964,182038810159,182038810987,0,0,1,10000000
3965,182038812498,182038813246,0,0,1,10000000
3966,182038814334,182038815036,0,0,1,10000000
3967,182038817761,182038818970,0,0,1,10000000
3968,182038821847,182038823116,0,0,1,10000000
3969,182038848488,182038850095,0,0,1,10000000
3970,182038853679,182038855052,0,0,1,10000000
3971,182038859226,182038860650,0,0,1,10000000
3972,182038865880,182038866853,0,0,1,10000000
3973,182038869653,182038871125,0,0,1,10000000
3974,182038873289,182038874734,0,0,1,10000000
3975,182038876806,182038878335,0,0,1,10000000
3976,182038880378,182038881421,0,0,1,10000000
3977,182038883812,182038884651,0,0,1,10000000
3978,182038887354,182038888186,0,0,1,10000000
3979,182038890986,182038891928,0,0,1,10000000
3980,182038917762,182038919775,0,0,1,10000000
3981,182038924000,182038925081,0,0,1,10000000
3982,182038928603,182038930057,0,0,1,10000000
3983,182038934022,182038935355,0,0,1,10000000
3984,182038939541,182038941405,0,0,1,10000000
3985,182038943968,182038944898,0,0,1,10000000
3986,182038946504,182038947354,0,0,1,10000000
3987,182038948944,182038949817,0,0,1,10000000
3988,182038952123,182038953198,0,0,1,10000000
3989,182038955551,182038956646,0,0,1,10000000
3990,182038959945,182038961002,0,0,1,10000000
3991,182038963347,182038964405,0,0,1,10000000
3992,182038987323,182038989729,0,0,1,10000000
3993,182038994308,182038996193,0,0,1,10000000
3994,182039000914,182039002306,0,0,1,10000000
3995,182039005285,182039006556,0,0,1,10000000
3996,182039009463,182039010856,0,0,1,10000000
3997,182039012978,182039014107,0,0,1,10000000
3998,182039015897,182039017202,0,0,1,10000000
3999,182039020063,182039021247,0,0,1,10000000
4000,182039023211,182039024464,0,0,1,10000000
4001,182039025920,182039027239,0,0,1,10000000
4002,182039029894,182039031185,0,0,1,10000000
4003,182039056820,182039059975,0,0,1,10000000
4004,182039065250,182039067002,0,0,1,10000000
4005,182039070237,182039071443,0,0,1,10000000
4006,182039074819,182039076299,0,0,1,10000000
4007,182039080535,182039081884,0,0,1,10000000
4008,182039084048,182039085029,0,0,1,10000000
4009,182039087055,182039088115,0,0,1,10000000
4010,182039090239,182039091177,0,0,1,10000000
4011,182039092598,182039093622,0,0,1,10000000
4012,182039095023,182039095949,0,0,1,10000000
4013,182039097843,182039099390,0,0,1,10000000
4014,182039126193,182039128702,0,0,1,10000000
4015,182039133222,182039134569,0,0,1,10000000
4016,182039137562,182039138695,0,0,1,10000000
4017,182039142490,182039144059,0,0,1,10000000
4018,182039148125,182039149449,0,0,1,10000000
4019,182039152536,182039153572,0,0,1,10000000
4020,182039155115,182039156306,0,0,1,10000000
4021,182039158749,182039160009,0,0,1,10000000
4022,182039162311,182039163291,0,0,1,10000000
4023,182039164828,182039166236,0,0,1,10000000
4024,182039169751,182039170956,0,0,1,10000000
4025,182039195787,182039197959,0,0,1,10000000
4026,182039200975,182039202445,0,0,1,10000000
4027,182039206843,182039208215,0,0,1,10000000
4028,182039212250,182039213529,0,0,1,10000000
4029,182039217434,182039218690,0,0,1,10000000
4030,182039220434,182039221743,0,0,1,10000000
4031,182039223445,182039224449,0,0,1,10000000
4032,182039225962,182039226944,0,0,1,10000000
4033,182039229964,182039231391,0,0,1,10000000
4034,182039235621,182039236731,0,0,1,10000000
4035,182039241598,182039242787,0,0,1,10000000
4036,182039266228,182039267635,0,0,1,10000000
4037,182039271901,182039273285,0,0,1,10000000
4038,182039276192,182039277430,0,0,1,10000000
4039,182039282920,182039284022,0,0,1,10000000
4040,182039286718,182039287899,0,0,1,10000000
4041,182039290783,182039291941,0,0,1,10000000
4042,182039294613,182039295641,0,0,1,10000000
4043,182039297603,182039298493,0,0,1,10000000
4044,182039300540,182039301648,0,0,1,10000000
4045,182039304165,182039305375,0,0,1,10000000
4046,182039307530,182039308630,0,0,1,10000000
4047,182039334270,182039336176,0,0,1,10000000
4048,182039339736,182039341155,0,0,1,10000000
4049,182039343712,182039344647,0,0,1,10000000
4050,182039348846,182039350117,0,0,1,10000000
4051,182039354291,182039355594,0,0,1,10000000
4052,182039358063,182039358927,0,0,1,10000000
4053,182039360230,182039360997,0,0,1,10000000
4054,182039362158,182039362869,0,0,1,10000000
4055,182039364741,182039365883,0,0,1,10000000
4056,182039367941,182039369034,0,0,1,10000000
4057,182039372450,182039373401,0,0,1,10000000
4058,182039376302,182039377512,0,0,1,10000000
4059,182039379439,182039380529,0,0,1,10000000
4060,182039403811,182039405330,0,0,1,10000000
4061,182039409096,182039410451,0,0,1,10000000
4062,182039414609,182039415921,0,0,1,10000000
4063,182039418766,182039419769,0,0,1,10000000
4064,182039423740,182039425017,0,0,1,10000000
4065,182039427848,182039428699,0,0,1,10000000
4066,182039430092,182039430880,0,0,1,10000000
4067,182039432401,182039433276,0,0,1,10000000
4068,182039434612,182039435400,0,0,1,10000000
4069,182039436604,182039437330,0,0,1,10000000
4070,182039439062,182039439891,0,0,1,10000000
4071,182039443056,182039443964,0,0,1,10000000
4072,182039446835,182039448019,0,0,1,10000000
4073,182039473341,182039475077,0,0,1,10000000
4074,182039478608,182039480479,0,0,1,10000000
4075,182039484326,182039485669,0,0,1,10000000
4076,182039489881,182039491391,0,0,1,10000000
4077,182039494947,182039496289,0,0,1,10000000
4078,182039499145,182039500451,0,0,1,10000000
4079,182039502549,182039503675,0,0,1,10000000
4080,182039506297,182039507230,0,0,1,10000000
4081,182039508938,182039509923,0,0,1,10000000
4082,182039513210,182039514319,0,0,1,10000000
4083,182039516970,182039518254,0,0,1,10000000
4084,182039542913,182039544975,0,0,1,10000000
4085,182039548981,182039550002,0,0,1,10000000
4086,182039553475,182039555150,0,0,1,10000000
4087,182039559121,182039560257,0,0,1,10000000
4088,182039564672,182039565781,0,0,1,10000000
4089,182039568041,182039568942,0,0,1,10000000
4090,182039571290,182039572442,0,0,1,10000000
4091,182039574450,182039575583,0,0,1,10000000
4092,182039577307,182039578425,0,0,1,10000000
4093,182039580298,182039581152,0,0,1,10000000
4094,182039583846,182039585070,0,0,1,10000000
4095,182039587081,182039588155,0,0,1,10000000
4096,182039612151,182039613564,0,0,1,10000000
4097,182039617580,182039618821,0,0,1,10000000
4098,182039623113,182039624088,0,0,1,10000000
4099,182039628306,182039629203,0,0,1,10000000
4100,182039633880,182039635037,0,0,1,10000000
4101,182039636982,182039638007,0,0,1,10000000
4102,182039640278,182039641496,0,0,1,10000000
4103,182039644519,182039645354,0,0,1,10000000
4104,182039648056,182039648862,0,0,1,10000000
4105,182039651537,182039652568,0,0,1,10000000
4106,182039655098,182039655899,0,0,1,10000000
4107,182039681932,182039683793,0,0,1,10000000
4108,182039687082,182039688595,0,0,1,10000000
4109,182039692403,182039693457,0,0,1,10000000
4110,182039698284,182039699537,0,0,1,10000000
4111,182039703523,182039704478,0,0,1,10000000
4112,182039707402,182039708738,0,0,1,10000000
4113,182039710228,182039711077,0,0,1,10000000
4114,182039712391,182039713134,0,0,1,10000000
4115,182039714386,182039715371,0,0,1,10000000
4116,182039716743,182039717610,0,0,1,10000000
4117,182039720357,182039721456,0,0,1,10000000
4118,182039723867,182039724965,0,0,1,10000000
4119,182039752386,182039766458,0,0,1,10000000
4120,182039774120,182039775703,0,0,1,10000000
4121,182039777832,182039779014,0,0,1,10000000
4122,182039785402,182039786710,0,0,1,10000000
4123,182039789585,182039790518,0,0,1,10000000
4124,182039793173,182039794221,0,0,1,10000000
4125,182039820311,182039821958,0,0,1,10000000
4126,182039825751,182039826898,0,0,1,10000000
4127,182039831204,182039832220,0,0,1,10000000
4128,182039837117,182039838233,0,0,1,10000000
4129,182039842228,182039843429,0,0,1,10000000
4130,182039845294,182039846244,0,0,1,10000000
4131,182039847638,182039848968,0,0,1,10000000
4132,182039851661,182039852894,0,0,1,10000000
4133,182039854900,182039856096,0,0,1,10000000
4134,182039857958,182039859118,0,0,1,10000000
4135,182039861135,182039862216,0,0,1,10000000
4136,182039864134,182039865240,0,0,1,10000000
4137,182039889924,182039892476,0,0,1,10000000
4138,182039897332,182039899469,0,0,1,10000000
4139,182039904356,182039905719,0,0,1,10000000
4140,182039909721,182039911488,0,0,1,10000000
4141,182039914793,182039916195,0,0,1,10000000
4142,182039918555,182039919537,0,0,1,10000000
4143,182039921699,182039922977,0,0,1,10000000
4144,182039925574,182039926643,0,0,1,10000000
4145,182039928514,182039929737,0,0,1,10000000
4146,182039933533,182039934497,0,0,1,10000000
4147,182039959452,182039960588,0,0,1,10000000
4148,182039964942,182039966675,0,0,1,10000000
4149,182039970601,182039971977,0,0,1,10000000
4150,182039975716,182039976953,0,0,1,10000000
4151,182039979250,182039980220,0,0,1,10000000
4152,182039984461,182039985547,0,0,1,10000000
4153,182039987603,182039988443,0,0,1,10000000
4154,182039991126,182039991997,0,0,1,10000000
4155,182039994521,182039995375,0,0,1,10000000
4156,182039998055,182039999190,0,0,1,10000000
4157,182040000839,182040001914,0,0,1,10000000
4158,182040029040,182040030149,0,0,1,10000000
4159,182040034177,182040035475,0,0,1,10000000
4160,182040040025,182040041068,0,0,1,10000000
4161,182040045284,182040046716,0,0,1,10000000
4162,182040051027,182040052357,0,0,1,10000000
4163,182040053970,182040055156,0,0,1,10000000
4164,182040057024,182040058067,0,0,1,10000000
4165,182040060474,182040061619,0,0,1,10000000
4166,182040063408,182040064460,0,0,1,10000000
4167,182040067283,182040068102,0,0,1,10000000
4168,182040070585,182040071563,0,0,1,10000000
4169,182040098355,182040100880,0,0,1,10000000
4170,182040104340,182040105359,0,0,1,10000000
4171,182040109186,182040110359,0,0,1,10000000
4172,182040118345,182040119585,0,0,1,10000000
4173,182040121651,182040122885,0,0,1,10000000
4174,182040124893,182040125744,0,0,1,10000000
4175,182040127270,182040128313,0,0,1,10000000
4176,182040130188,182040130976,0,0,1,10000000
4177,182040132563,182040133550,0,0,1,10000000
4178,182040135392,182040136261,0,0,1,10000000
4179,182040137849,182040138661,0,0,1,10000000
4180,182040140215,182040141377,0,0,1,10000000
4181,182040168153,182040169198,0,0,1,10000000
4182,182040172828,182040173851,0,0,1,10000000
4183,182040176448,182040177424,0,0,1,10000000
4184,182040180101,182040180911,0,0,1,10000000
4185,182040183800,182040184674,0,0,1,10000000
4186,182040187689,182040188768,0,0,1,10000000
4187,182040191054,182040192184,0,0,1,10000000
4188,182040194159,182040195010,0,0,1,10000000
4189,182040196775,182040197546,0,0,1,10000000
4190,182040198823,182040199564,0,0,1,10000000
4191,182040200930,182040201676,0,0,1,10000000
4192,182040203012,182040203769,0,0,1,10000000
4193,182040205410,182040206204,0,0,1,10000000
4194,182040207487,182040208222,0,0,1,10000000
4195,182040209563,182040210449,0,0,1,10000000
4196,182040237488,182040238534,0,0,1,10000000
4197,182040242372,182040243276,0,0,1,10000000
4198,182040245885,182040246925,0,0,1,10000000
4199,182040249555,182040250485,0,0,1,10000000
4200,182040253408,182040254359,0,0,1,10000000
4201,182040256902,182040257719,0,0,1,10000000
4202,182040261860,182040262835,0,0,1,10000000
4203,182040264315,182040265078,0,0,1,10000000
4204,182040266488,182040267239,0,0,1,10000000
4205,182040268570,182040269291,0,0,1,10000000
4206,182040270860,182040271654,0,0,1,10000000
4207,182040273021,182040273839,0,0,1,10000000
4208,182040275714,182040276624,0,0,1,10000000
4209,182040278392,182040279415,0,0,1,10000000
4210,182040307227,182040308585,0,0,1,10000000
4211,182040311723,182040312723,0,0,1,10000000
4212,182040315336,182040316334,0,0,1,10000000
4213,182040318968,182040319812,0,0,1,10000000
4214,182040322639,182040323558,0,0,1,10000000
4215,182040326533,182040327476,0,0,1,10000000
4216,182040329931,182040330883,0,0,1,10000000
4217,182040332347,182040333165,0,0,1,10000000
4218,182040334932,182040335774,0,0,1,10000000
4219,182040337594,182040338366,0,0,1,10000000
4220,182040340163,182040340922,0,0,1,10000000
4221,182040342551,182040343312,0,0,1,10000000
4222,182040345222,182040346073,0,0,1,10000000
4223,182040347868,182040348844,0,0,1,10000000
4224,182040376596,182040377963,0,0,1,10000000
4225,182040381157,182040382152,0,0,1,10000000
4226,182040386639,182040387707,0,0,1,10000000
4227,182040390227,182040391164,0,0,1,10000000
4228,182040395776,182040396827,0,0,1,10000000
4229,182040400697,182040401663,0,0,1,10000000
4230,182040403133,182040403907,0,0,1,10000000
4231,182040405429,182040406275,0,0,1,10000000
4232,182040407985,182040408780,0,0,1,10000000
4233,182040410273,182040411057,0,0,1,10000000
4234,182040412668,182040413439,0,0,1,10000000
4235,182040414963,182040415780,0,0,1,10000000
4236,182040417263,182040418281,0,0,1,10000000
4237,182040445936,182040447385,0,0,1,10000000
4238,182040450548,182040451706,0,0,1,10000000
4239,182040454193,182040455213,0,0,1,10000000
4240,182040458034,182040459006,0,0,1,10000000
4241,182040461490,182040462440,0,0,1,10000000
4242,182040465199,182040466160,0,0,1,10000000
4243,182040468815,182040469750,0,0,1,10000000
4244,182040471426,182040472192,0,0,1,10000000
4245,182040473991,182040474853,0,0,1,10000000
4246,182040476524,182040477379,0,0,1,10000000
4247,182040479093,182040479909,0,0,1,10000000
4248,182040481680,182040482470,0,0,1,10000000
4249,182040484038,182040484812,0,0,1,10000000
4250,182040486478,182040487394,0,0,1,10000000
4251,182040515183,182040516311,0,0,1,10000000
4252,182040519964,182040520957,0,0,1,10000000
4253,182040523639,182040524504,0,0,1,10000000
4254,182040529083,182040530041,0,0,1,10000000
4255,182040532736,182040533661,0,0,1,10000000
4256,182040536617,182040537576,0,0,1,10000000
4257,182040539581,182040540524,0,0,1,10000000
4258,182040542367,182040543225,0,0,1,10000000
4259,182040544776,182040545536,0,0,1,10000000
4260,182040547254,182040548035,0,0,1,10000000
4261,182040549610,182040550393,0,0,1,10000000
4262,182040551672,182040552418,0,0,1,10000000
4263,182040554127,182040554922,0,0,1,10000000
4264,182040556563,182040557529,0,0,1,10000000
4265,182040584904,182040586121,0,0,1,10000000
4266,182040589401,182040590329,0,0,1,10000000
4267,182040593066,182040594008,0,0,1,10000000
4268,182040596691,182040597595,0,0,1,10000000
4269,182040600627,182040601537,0,0,1,10000000
4270,182040604047,182040604948,0,0,1,10000000
4271,182040609045,182040609957,0,0,1,10000000
4272,182040611308,182040612048,0,0,1,10000000
4273,182040613958,182040615312,0,0,1,10000000
4274,182040617495,182040618331,0,0,1,10000000
4275,182040620337,182040621290,0,0,1,10000000
4276,182040623332,182040624309,0,0,1,10000000
4277,182040626397,182040627386,0,0,1,10000000
4278,182040654395,182040655541,0,0,1,10000000
4279,182040659099,182040660016,0,0,1,10000000
4280,182040662472,182040663571,0,0,1,10000000
4281,182040666162,182040667077,0,0,1,10000000
4282,182040669837,182040670765,0,0,1,10000000
4283,182040673490,182040674402,0,0,1,10000000
4284,182040678440,182040679345,0,0,1,10000000
4285,182040681033,182040681865,0,0,1,10000000
4286,182040683668,182040684553,0,0,1,10000000
4287,182040686421,182040687176,0,0,1,10000000
4288,182040688796,182040689663,0,0,1,10000000
4289,182040691450,182040692232,0,0,1,10000000
4290,182040693518,182040694242,0,0,1,10000000
4291,182040696038,182040697380,0,0,1,10000000
4292,182040723179,182040724255,0,0,1,10000000
4293,182040728257,182040729235,0,0,1,10000000
4294,182040731903,182040732968,0,0,1,10000000
4295,182040735567,182040736435,0,0,1,10000000
4296,182040741035,182040741933,0,0,1,10000000
4297,182040744874,182040745828,0,0,1,10000000
4298,182040747878,182040748701,0,0,1,10000000
4299,182040750540,182040751505,0,0,1,10000000
4300,182040753192,182040754031,0,0,1,10000000
4301,182040755749,182040756570,0,0,1,10000000
4302,182040758392,182040759172,0,0,1,10000000
4303,182040760789,182040761552,0,0,1,10000000
4304,182040763068,182040763832,0,0,1,10000000
4305,182040765853,182040766731,0,0,1,10000000
4306,182040792984,182040794175,0,0,1,10000000
4307,182040798033,182040799348,0,0,1,10000000
4308,182040801539,182040802675,0,0,1,10000000
4309,182040805010,182040806211,0,0,1,10000000
4310,182040808648,182040809957,0,0,1,10000000
4311,182040812373,182040813542,0,0,1,10000000
4312,182040815966,182040817075,0,0,1,10000000
4313,182040819158,182040820722,0,0,1,10000000
4314,182040823678,182040824653,0,0,1,10000000
4315,182040826620,182040827514,0,0,1,10000000
4316,182040829240,182040830049,0,0,1,10000000
4317,182040831802,182040832571,0,0,1,10000000
4318,182040834367,182040835502,0,0,1,10000000
4319,182040862589,182040864137,0,0,1,10000000
4320,182040867501,182040869494,0,0,1,10000000
4321,182040873024,182040873874,0,0,1,10000000
4322,182040878104,182040879026,0,0,1,10000000
4323,182040881999,182040882920,0,0,1,10000000
4324,182040885452,182040886362,0,0,1,10000000
4325,182040887725,182040888487,0,0,1,10000000
4326,182040890247,182040891054,0,0,1,10000000
4327,182040892920,182040893672,0,0,1,10000000
4328,182040895045,182040895840,0,0,1,10000000
4329,182040897417,182040898168,0,0,1,10000000
4330,182040899744,182040900478,0,0,1,10000000
4331,182040901793,182040902547,0,0,1,10000000
4332,182040904025,182040905004,0,0,1,10000000
4333,182040931607,182040933622,0,0,1,10000000
4334,182040936802,182040937913,0,0,1,10000000
4335,182040942473,182040943515,0,0,1,10000000
4336,182040947842,182040948850,0,0,1,10000000
4337,182040953060,182040954161,0,0,1,10000000
4338,182040956479,182040957464,0,0,1,10000000
4339,182040962444,182040963432,0,0,1,10000000
4340,182040965213,182040966188,0,0,1,10000000
4341,182040968665,182040970108,0,0,1,10000000
4342,182040972036,182040972973,0,0,1,10000000
4343,182040975604,182040976586,0,0,1,10000000
4344,182041001370,182041002573,0,0,1,10000000
4345,182041006567,182041007501,0,0,1,10000000
4346,182041011486,182041012426,0,0,1,10000000
4347,182041015374,182041016198,0,0,1,10000000
4348,182041018776,182041019692,0,0,1,10000000
4349,182041022668,182041023580,0,0,1,10000000
4350,182041025599,182041026794,0,0,1,10000000
4351,182041028747,182041029613,0,0,1,10000000
4352,182041031399,182041032172,0,0,1,10000000
4353,182041033581,182041034356,0,0,1,10000000
4354,182041036041,182041036857,0,0,1,10000000
4355,182041038073,182041038811,0,0,1,10000000
4356,182041040346,182041041318,0,0,1,10000000
4357,182041043392,182041044302,0,0,1,10000000
4358,182041070762,182041071946,0,0,1,10000000
4359,182041075422,182041076440,0,0,1,10000000
4360,182041079079,182041080012,0,0,1,10000000
4361,182041083058,182041084062,0,0,1,10000000
4362,182041088178,182041089145,0,0,1,10000000
4363,182041093815,182041094746,0,0,1,10000000
4364,182041096124,182041097029,0,0,1,10000000
4365,182041098368,182041099243,0,0,1,10000000
4366,182041100443,182041101313,0,0,1,10000000
4367,182041102981,182041103847,0,0,1,10000000
4368,182041105411,182041106214,0,0,1,10000000
4369,182041107938,182041108851,0,0,1,10000000
4370,182041111728,182041113401,0,0,1,10000000
4371,182041115294,182041116068,0,0,1,10000000
4372,182041140046,182041141029,0,0,1,10000000
4373,182041145107,182041145996,0,0,1,10000000
4374,182041150344,182041151310,0,0,1,10000000
4375,182041154150,182041155047,0,0,1,10000000
4376,182041157614,182041158515,0,0,1,10000000
4377,182041161300,182041162203,0,0,1,10000000
4378,182041164466,182041165483,0,0,1,10000000
4379,182041167362,182041168145,0,0,1,10000000
4380,182041169806,182041170599,0,0,1,10000000
4381,182041172394,182041173166,0,0,1,10000000
4382,182041174839,182041175708,0,0,1,10000000
4383,182041177469,182041178219,0,0,1,10000000
4384,182041179830,182041180703,0,0,1,10000000
4385,182041182968,182041184020,0,0,1,10000000
4386,182041209563,182041210766,0,0,1,10000000
4387,182041214678,182041215618,0,0,1,10000000
4388,182041219768,182041220622,0,0,1,10000000
4389,182041223447,182041224638,0,0,1,10000000
4390,182041228938,182041229934,0,0,1,10000000
4391,182041234522,182041235909,0,0,1,10000000
4392,182041238198,182041239329,0,0,1,10000000
4393,182041241039,182041241956,0,0,1,10000000
4394,182041243259,182041244040,0,0,1,10000000
4395,182041245165,182041245889,0,0,1,10000000
4396,182041247731,182041248809,0,0,1,10000000
4397,182041250556,182041251557,0,0,1,10000000
4398,182041279269,182041280400,0,0,1,10000000
4399,182041284117,182041285044,0,0,1,10000000
4400,182041289236,182041290512,0,0,1,10000000
4401,182041292862,182041294123,0,0,1,10000000
4402,182041298386,182041299645,0,0,1,10000000
4403,182041301999,182041303231,0,0,1,10000000
4404,182041304861,182041305714,0,0,1,10000000
4405,182041307050,182041308071,0,0,1,10000000
4406,182041311088,182041311928,0,0,1,10000000
4407,182041314446,182041315229,0,0,1,10000000
4408,182041317589,182041318403,0,0,1,10000000
4409,182041320912,182041321795,0,0,1,10000000
4410,182041348581,182041349763,0,0,1,10000000
4411,182041353419,182041354371,0,0,1,10000000
4412,182041358909,182041359816,0,0,1,10000000
4413,182041364097,182041365023,0,0,1,10000000
4414,182041368046,182041369372,0,0,1,10000000
4415,182041371565,182041372687,0,0,1,10000000
4416,182041374562,182041375313,0,0,1,10000000
4417,182041376642,182041377383,0,0,1,10000000
4418,182041379135,182041380318,0,0,1,10000000
4419,182041382015,182041382808,0,0,1,10000000
4420,182041385138,182041386029,0,0,1,10000000
4421,182041388564,182041389343,0,0,1,10000000
4422,182041391985,182041393055,0,0,1,10000000
4423,182041417765,182041419031,0,0,1,10000000
4424,182041422566,182041423456,0,0,1,10000000
4425,182041426204,182041427091,0,0,1,10000000
4426,182041431685,182041432891,0,0,1,10000000
4427,182041437454,182041438698,0,0,1,10000000
4428,182041443116,182041444200,0,0,1,10000000
4429,182041446061,182041447037,0,0,1,10000000
4430,182041450273,182041451160,0,0,1,10000000
4431,182041453757,182041454668,0,0,1,10000000
4432,182041457038,182041457804,0,0,1,10000000
4433,182041460560,182041461688,0,0,1,10000000
4434,182041487259,182041488385,0,0,1,10000000
4435,182041492312,182041493320,0,0,1,10000000
4436,182041497708,182041498636,0,0,1,10000000
4437,182041502960,182041504247,0,0,1,10000000
4438,182041506674,182041507965,0,0,1,10000000
4439,182041510263,182041511460,0,0,1,10000000
4440,182041513058,182041514134,0,0,1,10000000
4441,182041515591,182041516623,0,0,1,10000000
4442,182041518141,182041519216,0,0,1,10000000
4443,182041521479,182041522366,0,0,1,10000000
4444,182041524881,182041525714,0,0,1,10000000
4445,182041528207,182041529216,0,0,1,10000000
4446,182041531026,182041531863,0,0,1,10000000
4447,182041556784,182041557732,0,0,1,10000000
4448,182041561699,182041562531,0,0,1,10000000
4449,182041566930,182041567809,0,0,1,10000000
4450,182041572385,182041573794,0,0,1,10000000
4451,182041576094,182041577400,0,0,1,10000000
4452,182041581274,182041582614,0,0,1,10000000
4453,182041584226,182041585034,0,0,1,10000000
4454,182041587017,182041587900,0,0,1,10000000
4455,182041590557,182041591455,0,0,1,10000000
4456,182041594319,182041595194,0,0,1,10000000
4457,182041597551,182041598607,0,0,1,10000000
4458,182041600877,182041601651,0,0,1,10000000
4459,182041626278,182041627241,0,0,1,10000000
4460,182041631069,182041632006,0,0,1,10000000
4461,182041636375,182041637310,0,0,1,10000000
4462,182041640192,182041641498,0,0,1,10000000
4463,182041643706,182041644961,0,0,1,10000000
4464,182041649253,182041650443,0,0,1,10000000
4465,182041651983,182041652813,0,0,1,10000000
4466,182041654096,182041654869,0,0,1,10000000
4467,182041657291,182041658377,0,0,1,10000000
4468,182041660010,182041660768,0,0,1,10000000
4469,182041662995,182041663866,0,0,1,10000000
4470,182041666235,182041667353,0,0,1,10000000
4471,182041669651,182041670436,0,0,1,10000000
4472,182041695578,182041696697,0,0,1,10000000
4473,182041701119,182041702095,0,0,1,10000000
4474,182041705823,182041707013,0,0,1,10000000
4475,182041711566,182041712725,0,0,1,10000000
4476,182041716784,182041718099,0,0,1,10000000
4477,182041720038,182041721132,0,0,1,10000000
4478,182041723564,182041724614,0,0,1,10000000
4479,182041727214,182041728405,0,0,1,10000000
4480,182041730653,182041731754,0,0,1,10000000
4481,182041734424,182041735221,0,0,1,10000000
4482,182041737828,182041738891,0,0,1,10000000
4483,182041765134,182041766346,0,0,1,10000000
4484,182041769754,182041770774,0,0,1,10000000
4485,182041773558,182041774391,0,0,1,10000000
4486,182041777061,182041778394,0,0,1,10000000
4487,182041780692,182041781968,0,0,1,10000000
4488,182041784376,182041785669,0,0,1,10000000
4489,182041787980,182041789244,0,0,1,10000000
4490,182041791212,182041792322,0,0,1,10000000
4491,182041794060,182041794908,0,0,1,10000000
4492,182041797735,182041798605,0,0,1,10000000
4493,182041801116,182041801957,0,0,1,10000000
4494,182041805380,182041806473,0,0,1,10000000
4495,182041808576,182041809678,0,0,1,10000000
4496,182041834410,182041836895,0,0,1,10000000
4497,182041840196,182041841826,0,0,1,10000000
4498,182041845853,182041846722,0,0,1,10000000
4499,182041850208,182041851369,0,0,1,10000000
4500,182041855581,182041856969,0,0,1,10000000
4501,182041858997,182041859826,0,0,1,10000000
4502,182041860998,182041862296,0,0,1,10000000
4503,182041864060,182041864864,0,0,1,10000000
4504,182041866165,182041867126,0,0,1,10000000
4505,182041870054,182041870821,0,0,1,10000000
4506,182041873321,182041874183,0,0,1,10000000
4507,182041876775,182041877823,0,0,1,10000000
4508,182041903936,182041904976,0,0,1,10000000
4509,182041908788,182041909685,0,0,1,10000000
4510,182041914633,182041915568,0,0,1,10000000
4511,182041919753,182041920678,0,0,1,10000000
4512,182041923242,182041924440,0,0,1,10000000
4513,182041926937,182041928664,0,0,1,10000000
4514,182041930285,182041931365,0,0,1,10000000
4515,182041933030,182041933807,0,0,1,10000000
4516,182041934938,182041935680,0,0,1,10000000
4517,182041937063,182041937919,0,0,1,10000000
4518,182041941396,182041942368,0,0,1,10000000
4519,182041945046,182041946178,0,0,1,10000000
4520,182041948089,182041949164,0,0,1,10000000
4521,182041973314,182041974395,0,0,1,10000000
4522,182041978334,182041979221,0,0,1,10000000
4523,182041983520,182041984447,0,0,1,10000000
4524,182041987163,182041988545,0,0,1,10000000
4525,182041992672,182041993998,0,0,1,10000000
4526,182041998071,182041999431,0,0,1,10000000
4527,182042000996,182042001835,0,0,1,10000000
4528,182042003385,182042004229,0,0,1,10000000
4529,182042006678,182042007525,0,0,1,10000000
4530,182042009984,182042010787,0,0,1,10000000
4531,182042013479,182042014285,0,0,1,10000000
4532,182042017296,182042018374,0,0,1,10000000
4533,182042042726,182042043810,0,0,1,10000000
4534,182042047693,182042048795,0,0,1,10000000
4535,182042052964,182042053908,0,0,1,10000000
4536,182042056610,182042057890,0,0,1,10000000
4537,182042060243,182042061474,0,0,1,10000000
4538,182042063926,182042065081,0,0,1,10000000
4539,182042067060,182042068191,0,0,1,10000000
4540,182042070643,182042071710,0,0,1,10000000
4541,182042074015,182042075107,0,0,1,10000000
4542,182042076717,182042077736,0,0,1,10000000
4543,182042080586,182042081383,0,0,1,10000000
4544,182042083717,182042084743,0,0,1,10000000
4545,182042086146,182042086910,0,0,1,10000000
4546,182042112198,182042113476,0,0,1,10000000
4547,182042117055,182042118034,0,0,1,10000000
4548,182042120724,182042121904,0,0,1,10000000
4549,182042124483,182042125343,0,0,1,10000000
4550,182042127871,182042129059,0,0,1,10000000
4551,182042133349,182042134949,0,0,1,10000000
4552,182042137513,182042138671,0,0,1,10000000
4553,182042141014,182042142182,0,0,1,10000000
4554,182042144337,182042145173,0,0,1,10000000
4555,182042147674,182042148519,0,0,1,10000000
4556,182042151700,182042152646,0,0,1,10000000
4557,182042155577,182042156354,0,0,1,10000000
4558,182042181643,182042182698,0,0,1,10000000
4559,182042186732,182042187626,0,0,1,10000000
4560,182042191814,182042192768,0,0,1,10000000
4561,182042197266,182042198595,0,0,1,10000000
4562,182042201217,182042202545,0,0,1,10000000
4563,182042206523,182042207852,0,0,1,10000000
4564,182042209566,182042210695,0,0,1,10000000
4565,182042212843,182042213920,0,0,1,10000000
4566,182042216455,182042217325,0,0,1,10000000
4567,182042219868,182042220701,0,0,1,10000000
4568,182042223095,182042224172,0,0,1,10000000
4569,182042251085,182042252237,0,0,1,10000000
4570,182042256125,182042257087,0,0,1,10000000
4571,182042261243,182042262199,0,0,1,10000000
4572,182042264871,182042266213,0,0,1,10000000
4573,182042268521,182042269574,0,0,1,10000000
4574,182042274000,182042275315,0,0,1,10000000
4575,182042277748,182042278833,0,0,1,10000000
4576,182042280921,182042281706,0,0,1,10000000
4577,182042283862,182042284898,0,0,1,10000000
4578,182042287337,182042288094,0,0,1,10000000
4579,182042290438,182042291262,0,0,1,10000000
4580,182042293792,182042294671,0,0,1,10000000
4581,182042320463,182042321585,0,0,1,10000000
4582,182042325789,182042326810,0,0,1,10000000
4583,182042331228,182042332172,0,0,1,10000000
4584,182042336115,182042337053,0,0,1,10000000
4585,182042339848,182042341195,0,0,1,10000000
4586,182042343428,182042344649,0,0,1,10000000
4587,182042347134,182042348215,0,0,1,10000000
4588,182042350428,182042351612,0,0,1,10000000
4589,182042353882,182042354983,0,0,1,10000000
4590,182042357584,182042358341,0,0,1,10000000
4591,182042360862,182042361656,0,0,1,10000000
4592,182042363528,182042364444,0,0,1,10000000
4593,182042389174,182042390418,0,0,1,10000000
4594,182042394542,182042395559,0,0,1,10000000
4595,182042400099,182042400990,0,0,1,10000000
4596,182042403750,182042404955,0,0,1,10000000
4597,182042407588,182042408952,0,0,1,10000000
4598,182042411334,182042412552,0,0,1,10000000
4599,182042414627,182042415497,0,0,1,10000000
4600,182042416908,182042417798,0,0,1,10000000
4601,182042419829,182042421045,0,0,1,10000000
4602,182042423589,182042424481,0,0,1,10000000
4603,182042427085,182042427918,0,0,1,10000000
4604,182042430268,182042431121,0,0,1,10000000
4605,182042433172,182042433993,0,0,1,10000000
4606,182042459345,182042460483,0,0,1,10000000
4607,182042464559,182042465508,0,0,1,10000000
4608,182042469545,182042470486,0,0,1,10000000
4609,182042473228,182042474556,0,0,1,10000000
4610,182042478685,182042479970,0,0,1,10000000
4611,182042482293,182042483467,0,0,1,10000000
4612,182042485717,182042486776,0,0,1,10000000
4613,182042488937,182042490136,0,0,1,10000000
4614,182042491825,182042492655,0,0,1,10000000
4615,182042495163,182042495950,0,0,1,10000000
4616,182042498341,182042499241,0,0,1,10000000
4617,182042502045,182042503123,0,0,1,10000000
4618,182042528805,182042530154,0,0,1,10000000
4619,182042533834,182042534753,0,0,1,10000000
4620,182042538962,182042539898,0,0,1,10000000
4621,182042542806,182042544102,0,0,1,10000000
4622,182042546280,182042547308,0,0,1,10000000
4623,182042551746,182042553044,0,0,1,10000000
4624,182042554976,182042556210,0,0,1,10000000
4625,182042558263,182042559387,0,0,1,10000000
4626,182042561233,182042562280,0,0,1,10000000
4627,182042564651,182042565418,0,0,1,10000000
4628,182042567692,182042568544,0,0,1,10000000
4629,182042570960,182042571779,0,0,1,10000000
4630,182042598188,182042599280,0,0,1,10000000
4631,182042603198,182042604106,0,0,1,10000000
4632,182042608396,182042609250,0,0,1,10000000
4633,182042612076,182042613349,0,0,1,10000000
4634,182042615799,182042616638,0,0,1,10000000
4635,182042619301,182042620547,0,0,1,10000000
4636,182042622509,182042623294,0,0,1,10000000
4637,182042625096,182042625942,0,0,1,10000000
4638,182042627974,182042629181,0,0,1,10000000
4639,182042630639,182042631394,0,0,1,10000000
4640,182042633986,182042634840,0,0,1,10000000
4641,182042637178,182042637972,0,0,1,10000000
4642,182042640632,182042641857,0,0,1,10000000
4643,182042667918,182042669075,0,0,1,10000000
4644,182042672381,182042673393,0,0,1,10000000
4645,182042676364,182042677197,0,0,1,10000000
4646,182042679730,182042680711,0,0,1,10000000
4647,182042685132,182042686429,0,0,1,10000000
4648,182042688802,182042689966,0,0,1,10000000
4649,182042691976,182042693141,0,0,1,10000000
4650,182042694813,182042695643,0,0,1,10000000
4651,182042698607,182042699514,0,0,1,10000000
4652,182042702289,182042703078,0,0,1,10000000
4653,182042705422,182042706345,0,0,1,10000000
4654,182042708827,182042709897,0,0,1,10000000
4655,182042712192,182042713284,0,0,1,10000000
4656,182042737143,182042738299,0,0,1,10000000
4657,182042741768,182042742670,0,0,1,10000000
4658,182042745408,182042746232,0,0,1,10000000
4659,182042749076,182042750368,0,0,1,10000000
4660,182042752716,182042753947,0,0,1,10000000
4661,182042758759,182042760091,0,0,1,10000000
4662,182042761897,182042763041,0,0,1,10000000
4663,182042764478,182042765569,0,0,1,10000000
4664,182042767903,182042768972,0,0,1,10000000
4665,182042771367,182042772126,0,0,1,10000000
4666,182042774586,182042775434,0,0,1,10000000
4667,182042777991,182042779100,0,0,1,10000000
4668,182042781555,182042782512,0,0,1,10000000
4669,182042806451,182042807401,0,0,1,10000000
4670,182042811544,182042812476,0,0,1,10000000
4671,182042816693,182042817645,0,0,1,10000000
4672,182042820294,182042821225,0,0,1,10000000
4673,182042825866,182042827117,0,0,1,10000000
4674,182042829531,182042830671,0,0,1,10000000
4675,182042832257,182042833301,0,0,1,10000000
4676,182042834766,182042835843,0,0,1,10000000
4677,182042838086,182042838985,0,0,1,10000000
4678,182042841796,182042843195,0,0,1,10000000
4679,182042845979,182042846751,0,0,1,10000000
4680,182042850731,182042851923,0,0,1,10000000
4681,182042876035,182042877042,0,0,1,10000000
4682,182042881146,182042882057,0,0,1,10000000
4683,182042886447,182042887476,0,0,1,10000000
4684,182042891567,182042892966,0,0,1,10000000
4685,182042895678,182042896815,0,0,1,10000000
4686,182042900738,182042901984,0,0,1,10000000
4687,182042904367,182042905527,0,0,1,10000000
4688,182042907199,182042908305,0,0,1,10000000
4689,182042911174,182042912013,0,0,1,10000000
4690,182042914360,182042915170,0,0,1,10000000
4691,182042917734,182042918894,0,0,1,10000000
4692,182042945499,182042946730,0,0,1,10000000
4693,182042950443,182042951376,0,0,1,10000000
4694,182042955581,182042956545,0,0,1,10000000
4695,182042961212,182042962559,0,0,1,10000000
4696,182042965349,182042966435,0,0,1,10000000
4697,182042969975,182042971375,0,0,1,10000000
4698,182042973120,182042974234,0,0,1,10000000
4699,182042975904,182042977061,0,0,1,10000000
4700,182042979651,182042980535,0,0,1,10000000
4701,182042983009,182042983859,0,0,1,10000000
4702,182042986675,182042987595,0,0,1,10000000
4703,182042989982,182042990987,0,0,1,10000000
4704,182043014040,182043015388,0,0,1,10000000
4705,182043019736,182043021040,0,0,1,10000000
4706,182043024988,182043025910,0,0,1,10000000
4707,182043028607,182043029738,0,0,1,10000000
4708,182043032438,182043033460,0,0,1,10000000
4709,182043037752,182043038973,0,0,1,10000000
4710,182043041374,182043042434,0,0,1,10000000
4711,182043044720,182043045795,0,0,1,10000000
4712,182043048075,182043049123,0,0,1,10000000
4713,182043051687,182043052629,0,0,1,10000000
4714,182043055128,182043056002,0,0,1,10000000
4715,182043058011,182043058816,0,0,1,10000000
4716,182043084361,182043085538,0,0,1,10000000
4717,182043089110,182043090189,0,0,1,10000000
4718,182043092788,182043093600,0,0,1,10000000
4719,182043096221,182043097570,0,0,1,10000000
4720,182043099863,182043100837,0,0,1,10000000
4721,182043103539,182043104361,0,0,1,10000000
4722,182043108599,182043109967,0,0,1,10000000
4723,182043111828,182043112937,0,0,1,10000000
4724,182043116251,182043117266,0,0,1,10000000
4725,182043119678,182043120478,0,0,1,10000000
4726,182043122902,182043123754,0,0,1,10000000
4727,182043127107,182043128254,0,0,1,10000000
4728,182043153505,182043154889,0,0,1,10000000
4729,182043158400,182043159989,0,0,1,10000000
4730,182043163822,182043164738,0,0,1,10000000
4731,182043169311,182043170658,0,0,1,10000000
4732,182043172993,182043174341,0,0,1,10000000
4733,182043176600,182043177804,0,0,1,10000000
4734,182043180423,182043181881,0,0,1,10000000
4735,182043183485,182043184689,0,0,1,10000000
4736,182043185914,182043186780,0,0,1,10000000
4737,182043189063,182043189972,0,0,1,10000000
4738,182043192491,182043193353,0,0,1,10000000
4739,182043195717,182043196615,0,0,1,10000000
4740,182043223145,182043224392,0,0,1,10000000
4741,182043228145,182043229104,0,0,1,10000000
4742,182043233344,182043234242,0,0,1,10000000
4743,182043236922,182043238190,0,0,1,10000000
4744,182043240558,182043241756,0,0,1,10000000
4745,182043244214,182043245359,0,0,1,10000000
4746,182043247610,182043248535,0,0,1,10000000
4747,182043249943,182043251034,0,0,1,10000000
4748,182043252812,182043253676,0,0,1,10000000
4749,182043255571,182043256381,0,0,1,10000000
4750,182043258906,182043259745,0,0,1,10000000
4751,182043262226,182043263015,0,0,1,10000000
4752,182043265753,182043266656,0,0,1,10000000
4753,182043292624,182043293780,0,0,1,10000000
4754,182043297588,182043298555,0,0,1,10000000
4755,182043302708,182043303625,0,0,1,10000000
4756,182043306604,182043307539,0,0,1,10000000
4757,182043309989,182043311333,0,0,1,10000000
4758,182043313964,182043314741,0,0,1,10000000
4759,182043316845,182043318089,0,0,1,10000000
4760,182043319705,182043320487,0,0,1,10000000
4761,182043321596,182043322304,0,0,1,10000000
4762,182043325209,182043326049,0,0,1,10000000
4763,182043328818,182043329634,0,0,1,10000000
4764,182043331883,182043332776,0,0,1,10000000
4765,182043334504,182043335532,0,0,1,10000000
4766,182043362068,182043363113,0,0,1,10000000
4767,182043366658,182043367776,0,0,1,10000000
4768,182043372149,182043373160,0,0,1,10000000
4769,182043375778,182043377004,0,0,1,10000000
4770,182043379452,182043380548,0,0,1,10000000
4771,182043383065,182043384265,0,0,1,10000000
4772,182043386280,182043387586,0,0,1,10000000
4773,182043389486,182043390275,0,0,1,10000000
4774,182043392223,182043393346,0,0,1,10000000
4775,182043396441,182043397356,0,0,1,10000000
4776,182043399844,182043400633,0,0,1,10000000
4777,182043402941,182043403895,0,0,1,10000000
4778,182043406183,182043407184,0,0,1,10000000
4779,182043431452,182043432596,0,0,1,10000000
4780,182043436060,182043436979,0,0,1,10000000
4781,182043439707,182043440751,0,0,1,10000000
4782,182043445180,182043446400,0,0,1,10000000
4783,182043448837,182043450233,0,0,1,10000000
4784,182043454326,182043455586,0,0,1,10000000
4785,182043457076,182043458150,0,0,1,10000000
4786,182043459918,182043461053,0,0,1,10000000
4787,182043462761,182043463553,0,0,1,10000000
4788,182043466053,182043466910,0,0,1,10000000
4789,182043469816,182043470603,0,0,1,10000000
4790,182043473160,182043473981,0,0,1,10000000
4791,182043500337,182043501567,0,0,1,10000000
4792,182043505847,182043507032,0,0,1,10000000
4793,182043511108,182043511973,0,0,1,10000000
4794,182043516442,182043517785,0,0,1,10000000
4795,182043520333,182043521524,0,0,1,10000000
4796,182043524193,182043525345,0,0,1,10000000
4797,182043526958,182043527770,0,0,1,10000000
4798,182043528926,182043529654,0,0,1,10000000
4799,182043531345,182043532423,0,0,1,10000000
4800,182043534616,182043536158,0,0,1,10000000
4801,182043538655,182043539449,0,0,1,10000000
4802,182043541861,182043542852,0,0,1,10000000
4803,182043544917,182043545717,0,0,1,10000000
4804,182043570164,182043571333,0,0,1,10000000
4805,182043575610,182043576855,0,0,1,10000000
4806,182043580691,182043581574,0,0,1,10000000
4807,182043585892,182043587066,0,0,1,10000000
4808,182043591411,182043592699,0,0,1,10000000
4809,182043594575,182043595396,0,0,1,10000000
4810,182043596706,182043597450,0,0,1,10000000
4811,182043599426,182043600603,0,0,1,10000000
4812,182043603665,182043604452,0,0,1,10000000
4813,182043606937,182043607685,0,0,1,10000000
4814,182043610300,182043611428,0,0,1,10000000
4815,182043614695,182043615561,0,0,1,10000000
4816,182043639697,182043640745,0,0,1,10000000
4817,182043645003,182043645952,0,0,1,10000000
4818,182043650151,182043651058,0,0,1,10000000
4819,182043655320,182043656667,0,0,1,10000000
4820,182043660791,182043662001,0,0,1,10000000
4821,182043663997,182043665151,0,0,1,10000000
4822,182043666725,182043667837,0,0,1,10000000
4823,182043669078,182043669895,0,0,1,10000000
4824,182043671466,182043672567,0,0,1,10000000
4825,182043675021,182043675815,0,0,1,10000000
4826,182043678147,182043678918,0,0,1,10000000
4827,182043681197,182043682215,0,0,1,10000000
4828,182043708425,182043710175,0,0,1,10000000
4829,182043714036,182043715449,0,0,1,10000000
4830,182043719470,182043721368,0,0,1,10000000
4831,182043725086,182043726473,0,0,1,10000000
4832,182043730648,182043731966,0,0,1,10000000
4833,182043734363,182043735458,0,0,1,10000000
4834,182043737421,182043738467,0,0,1,10000000
4835,182043740009,182043740819,0,0,1,10000000
4836,182043742203,182043743014,0,0,1,10000000
4837,182043745984,182043746813,0,0,1,10000000
4838,182043749180,182043749987,0,0,1,10000000
4839,182043752840,182043753632,0,0,1,10000000
4840,182043778351,182043779958,0,0,1,10000000
4841,182043783616,182043784985,0,0,1,10000000
4842,182043788747,182043790011,0,0,1,10000000
4843,182043792564,182043793405,0,0,1,10000000
4844,182043796047,182043797164,0,0,1,10000000
4845,182043799853,182043800893,0,0,1,10000000
4846,182043802988,182043804058,0,0,1,10000000
4847,182043805610,182043806386,0,0,1,10000000
4848,182043807595,182043808311,0,0,1,10000000
4849,182043809606,182043810667,0,0,1,10000000
4850,182043812467,182043813320,0,0,1,10000000
4851,182043817678,182043818845,0,0,1,10000000
4852,182043821944,182043823051,0,0,1,10000000
4853,182043847818,182043851060,0,0,1,10000000
4854,182043855297,182043856452,0,0,1,10000000
4855,182043858518,182043859632,0,0,1,10000000
4856,182043864020,182043865173,0,0,1,10000000
4857,182043869544,182043870527,0,0,1,10000000
4858,182043873281,182043874456,0,0,1,10000000
4859,182043877141,182043878244,0,0,1,10000000
4860,182043880582,182043881675,0,0,1,10000000
4861,182043883549,182043884583,0,0,1,10000000
4862,182043886092,182043887147,0,0,1,10000000
4863,182043889689,182043890690,0,0,1,10000000
4864,182043917270,182043918404,0,0,1,10000000
4865,182043922232,182043923164,0,0,1,10000000
4866,182043927617,182043929034,0,0,1,10000000
4867,182043932047,182043933259,0,0,1,10000000
4868,182043937287,182043938683,0,0,1,10000000
4869,182043941957,182043943287,0,0,1,10000000
4870,182043945076,182043946116,0,0,1,10000000
4871,182043948652,182043949507,0,0,1,10000000
4872,182043951979,182043952754,0,0,1,10000000
4873,182043955261,182043956111,0,0,1,10000000
4874,182043958886,182043959968,0,0,1,10000000
4875,182043961415,182043962613,0,0,1,10000000
4876,182043986546,182043987773,0,0,1,10000000
4877,182043992109,182043993125,0,0,1,10000000
4878,182043997415,182043998358,0,0,1,10000000
4879,182044002471,182044003805,0,0,1,10000000
4880,182044006793,182044008028,0,0,1,10000000
4881,182044011648,182044012884,0,0,1,10000000
4882,182044014938,182044016029,0,0,1,10000000
4883,182044017781,182044018857,0,0,1,10000000
4884,182044021303,182044022379,0,0,1,10000000
4885,182044025036,182044025841,0,0,1,10000000
4886,182044028029,182044029052,0,0,1,10000000
4887,182044056300,182044057548,0,0,1,10000000
4888,182044060963,182044061950,0,0,1,10000000
4889,182044064563,182044065383,0,0,1,10000000
4890,182044070073,182044071494,0,0,1,10000000
4891,182044074468,182044075609,0,0,1,10000000
4892,182044077929,182044079016,0,0,1,10000000
4893,182044081252,182044082784,0,0,1,10000000
4894,182044084802,182044085673,0,0,1,10000000
4895,182044087135,182044088021,0,0,1,10000000
4896,182044090596,182044091492,0,0,1,10000000
4897,182044094069,182044094856,0,0,1,10000000
4898,182044097129,182044098181,0,0,1,10000000
4899,182044100848,182044101764,0,0,1,10000000
4900,182044125687,182044127002,0,0,1,10000000
4901,182044130535,182044131505,0,0,1,10000000
4902,182044135855,182044136726,0,0,1,10000000
4903,182044141349,182044142674,0,0,1,10000000
4904,182044145059,182044146183,0,0,1,10000000
4905,182044148622,182044149802,0,0,1,10000000
4906,182044152466,182044153632,0,0,1,10000000
4907,182044155575,182044156418,0,0,1,10000000
4908,182044158859,182044159862,0,0,1,10000000
4909,182044162446,182044163226,0,0,1,10000000
4910,182044165593,182044166364,0,0,1,10000000
4911,182044169485,182044170918,0,0,1,10000000
4912,182044195151,182044196234,0,0,1,10000000
4913,182044200148,182044201010,0,0,1,10000000
4914,182044205540,182044206378,0,0,1,10000000
4915,182044208994,182044210382,0,0,1,10000000
4916,182044214450,182044215743,0,0,1,10000000
4917,182044218064,182044219250,0,0,1,10000000
4918,182044221319,182044222381,0,0,1,10000000
4919,182044223972,182044225031,0,0,1,10000000
4920,182044227103,182044227885,0,0,1,10000000
4921,182044230933,182044231820,0,0,1,10000000
4922,182044234277,182044235056,0,0,1,10000000
4923,182044237499,182044238312,0,0,1,10000000
4924,182044264202,182044265367,0,0,1,10000000
4925,182044269626,182044270578,0,0,1,10000000
4926,182044274735,182044275748,0,0,1,10000000
4927,182044278647,182044279984,0,0,1,10000000
4928,182044282345,182044283144,0,0,1,10000000
4929,182044285604,182044286773,0,0,1,10000000
4930,182044288872,182044290081,0,0,1,10000000
4931,182044291677,182044292730,0,0,1,10000000
4932,182044294515,182044295470,0,0,1,10000000
4933,182044297182,182044297998,0,0,1,10000000
4934,182044300434,182044301311,0,0,1,10000000
4935,182044303726,182044304549,0,0,1,10000000
4936,182044307229,182044308151,0,0,1,10000000
4937,182044333947,182044334848,0,0,1,10000000
4938,182044339048,182044340273,0,0,1,10000000
4939,182044344187,182044345333,0,0,1,10000000
4940,182044347811,182044349191,0,0,1,10000000
4941,182044351494,182044352480,0,0,1,10000000
4942,182044356958,182044358233,0,0,1,10000000
4943,182044359957,182044360990,0,0,1,10000000
4944,182044362652,182044363750,0,0,1,10000000
4945,182044366100,182044367214,0,0,1,10000000
4946,182044370104,182044370911,0,0,1,10000000
4947,182044373440,182044374289,0,0,1,10000000
4948,182044377288,182044378163,0,0,1,10000000
4949,182044403419,182044404669,0,0,1,10000000
4950,182044408103,182044409187,0,0,1,10000000
4951,182044411724,182044412616,0,0,1,10000000
4952,182044417201,182044418176,0,0,1,10000000
4953,182044422769,182044424110,0,0,1,10000000
4954,182044428275,182044429631,0,0,1,10000000
4955,182044431358,182044432420,0,0,1,10000000
4956,182044435267,182044436055,0,0,1,10000000
4957,182044438660,182044439492,0,0,1,10000000
4958,182044441942,182044443019,0,0,1,10000000
4959,182044446191,182044447186,0,0,1,10000000
4960,182044472878,182044474272,0,0,1,10000000
4961,182044477868,182044478774,0,0,1,10000000
4962,182044483033,182044483974,0,0,1,10000000
4963,182044486793,182044487905,0,0,1,10000000
4964,182044490302,182044491546,0,0,1,10000000
4965,182044494252,182044495374,0,0,1,10000000
4966,182044497269,182044498027,0,0,1,10000000
4967,182044499349,182044500060,0,0,1,10000000
4968,182044501180,182044501878,0,0,1,10000000
4969,182044503078,182044504041,0,0,1,10000000
4970,182044505872,182044506613,0,0,1,10000000
4971,182044508321,182044509134,0,0,1,10000000
4972,182044511755,182044512650,0,0,1,10000000
4973,182044515075,182044515932,0,0,1,10000000
4974,182044542209,182044543261,0,0,1,10000000
4975,182044547180,182044548010,0,0,1,10000000
4976,182044550571,182044551384,0,0,1,10000000
4977,182044556068,182044557310,0,0,1,10000000
4978,182044559789,182044561170,0,0,1,10000000
4979,182044565593,182044567009,0,0,1,10000000
4980,182044569536,182044570339,0,0,1,10000000
4981,182044572766,182044573528,0,0,1,10000000
4982,182044575829,182044576579,0,0,1,10000000
4983,182044578983,182044579892,0,0,1,10000000
4984,182044582079,182044582839,0,0,1,10000000
4985,182044585104,182044586178,0,0,1,10000000
4986,182044611630,182044612664,0,0,1,10000000
4987,182044616869,182044617694,0,0,1,10000000
4988,182044621883,182044622804,0,0,1,10000000
4989,182044625547,182044626816,0,0,1,10000000
4990,182044629091,182044630171,0,0,1,10000000
4991,182044634652,182044635971,0,0,1,10000000
4992,182044638027,182044638775,0,0,1,10000000
4993,182044640228,182044641038,0,0,1,10000000
4994,182044642658,182044643619,0,0,1,10000000
4995,182044645939,182044646748,0,0,1,10000000
4996,182044649262,182044650187,0,0,1,10000000
4997,182044652549,182044653557,0,0,1,10000000
4998,182044655755,182044656495,0,0,1,10000000
4999,182044680704,182044681852,0,0,1,10000000
5000,182044685816,182044686824,0,0,1,10000000
5001,182044689649,182044690590,0,0,1,10000000
5002,182044693336,182044694406,0,0,1,10000000
5003,182044698839,182044700181,0,0,1,10000000
5004,182044702274,182044703456,0,0,1,10000000
5005,182044705447,182044706748,0,0,1,10000000
5006,182044708526,182044709456,0,0,1,10000000
5007,182044711728,182044712486,0,0,1,10000000
5008,182044715004,182044715810,0,0,1,10000000
5009,182044718163,182044719017,0,0,1,10000000
5010,182044721130,182044722055,0,0,1,10000000
5011,182044724127,182044724988,0,0,1,10000000
5012,182044750715,182044752006,0,0,1,10000000
5013,182044755262,182044756312,0,0,1,10000000
5014,182044758880,182044759780,0,0,1,10000000
5015,182044762604,182044763924,0,0,1,10000000
5016,182044766152,182044767106,0,0,1,10000000
5017,182044771690,182044772965,0,0,1,10000000
5018,182044775072,182044776182,0,0,1,10000000
5019,182044777807,182044778858,0,0,1,10000000
5020,182044780831,182044781960,0,0,1,10000000
5021,182044784669,182044785495,0,0,1,10000000
5022,182044787892,182044788653,0,0,1,10000000
5023,182044790995,182044792150,0,0,1,10000000
5024,182044794625,182044795879,0,0,1,10000000
5025,182044819900,182044820966,0,0,1,10000000
5026,182044825026,182044825985,0,0,1,10000000
5027,182044830154,182044830991,0,0,1,10000000
5028,182044835634,182044836834,0,0,1,10000000
5029,182044839316,182044840763,0,0,1,10000000
5030,182044844882,182044846233,0,0,1,10000000
5031,182044847935,182044849075,0,0,1,10000000
5032,182044851981,182044852808,0,0,1,10000000
5033,182044855782,182044857148,0,0,1,10000000
5034,182044860670,182044861814,0,0,1,10000000
5035,182044865087,182044866147,0,0,1,10000000
5036,182044889486,182044890513,0,0,1,10000000
5037,182044894079,182044895285,0,0,1,10000000
5038,182044899607,182044900586,0,0,1,10000000
5039,182044903278,182044904643,0,0,1,10000000
5040,182044906891,182044907838,0,0,1,10000000
5041,182044912358,182044913700,0,0,1,10000000
5042,182044915496,182044916287,0,0,1,10000000
5043,182044917552,182044918312,0,0,1,10000000
5044,182044921248,182044922166,0,0,1,10000000
5045,182044924663,182044925489,0,0,1,10000000
5046,182044927921,182044928825,0,0,1,10000000
5047,182044930628,182044931684,0,0,1,10000000
5048,182044958891,182044960363,0,0,1,10000000
5049,182044963816,182044964752,0,0,1,10000000
5050,182044967535,182044968421,0,0,1,10000000
5051,182044971192,182044972018,0,0,1,10000000
5052,182044976319,182044977558,0,0,1,10000000
5053,182044979966,182044981019,0,0,1,10000000
5054,182044983375,182044984457,0,0,1,10000000
5055,182044986632,182044987688,0,0,1,10000000
5056,182044989190,182044989969,0,0,1,10000000
5057,182044992356,182044993455,0,0,1,10000000
5058,182044995924,182044996727,0,0,1,10000000
5059,182044999057,182044999813,0,0,1,10000000
5060,182045002301,182045003380,0,0,1,10000000
5061,182045027530,182045028509,0,0,1,10000000
5062,182045032968,182045034098,0,0,1,10000000
5063,182045036601,182045037489,0,0,1,10000000
5064,182045042099,182045043365,0,0,1,10000000
5065,182045045771,182045047012,0,0,1,10000000
5066,182045051221,182045052414,0,0,1,10000000
5067,182045054126,182045054909,0,0,1,10000000
5068,182045056183,182045057020,0,0,1,10000000
5069,182045059945,182045060718,0,0,1,10000000
5070,182045063100,182045063848,0,0,1,10000000
5071,182045066304,182045067135,0,0,1,10000000
5072,182045069742,182045070819,0,0,1,10000000
5073,182045097740,182045099182,0,0,1,10000000
5074,182045102602,182045103554,0,0,1,10000000
5075,182045106271,182045107183,0,0,1,10000000
5076,182045111511,182045112859,0,0,1,10000000
5077,182045115430,182045116539,0,0,1,10000000
5078,182045120666,182045121902,0,0,1,10000000
5079,182045124066,182045124848,0,0,1,10000000
5080,182045126539,182045127803,0,0,1,10000000
5081,182045130571,182045131369,0,0,1,10000000
5082,182045134010,182045134869,0,0,1,10000000
5083,182045137414,182045138255,0,0,1,10000000
5084,182045141003,182045141784,0,0,1,10000000
5085,182045167155,182045168103,0,0,1,10000000
5086,182045172012,182045172964,0,0,1,10000000
5087,182045175453,182045176568,0,0,1,10000000
5088,182045180965,182045182144,0,0,1,10000000
5089,182045184612,182045185876,0,0,1,10000000
5090,182045188269,182045189419,0,0,1,10000000
5091,182045191465,182045192779,0,0,1,10000000
5092,182045195161,182045196280,0,0,1,10000000
5093,182045198030,182045199095,0,0,1,10000000
5094,182045201852,182045202721,0,0,1,10000000
5095,182045205453,182045206273,0,0,1,10000000
5096,182045208680,182045209734,0,0,1,10000000
5097,182045236619,182045237975,0,0,1,10000000
5098,182045241656,182045242646,0,0,1,10000000
5099,182045246785,182045247715,0,0,1,10000000
5100,182045250353,182045251490,0,0,1,10000000
5101,182045255981,182045257266,0,0,1,10000000
5102,182045259745,182045261039,0,0,1,10000000
5103,182045262590,182045263426,0,0,1,10000000
5104,182045264674,182045265494,0,0,1,10000000
5105,182045268521,182045269343,0,0,1,10000000
5106,182045271593,182045272382,0,0,1,10000000
5107,182045274687,182045275507,0,0,1,10000000
5108,182045277891,182045278904,0,0,1,10000000
5109,182045306138,182045307294,0,0,1,10000000
5110,182045311271,182045312244,0,0,1,10000000
5111,182045316189,182045317001,0,0,1,10000000
5112,182045319808,182045320974,0,0,1,10000000
5113,182045323528,182045324755,0,0,1,10000000
5114,182045329067,182045330315,0,0,1,10000000
5115,182045331956,182045333004,0,0,1,10000000
5116,182045334778,182045335815,0,0,1,10000000
5117,182045338726,182045339554,0,0,1,10000000
5118,182045341919,182045342785,0,0,1,10000000
5119,182045345469,182045346457,0,0,1,10000000
5120,182045348505,182045349490,0,0,1,10000000
5121,182045375801,182045377059,0,0,1,10000000
5122,182045380231,182045381273,0,0,1,10000000
5123,182045385632,182045386471,0,0,1,10000000
5124,182045391089,182045392465,0,0,1,10000000
5125,182045395187,182045396333,0,0,1,10000000
5126,182045398406,182045399659,0,0,1,10000000
5127,182045401763,182045402533,0,0,1,10000000
5128,182045404191,182045404979,0,0,1,10000000
5129,182045407107,182045408209,0,0,1,10000000
5130,182045410723,182045411560,0,0,1,10000000
5131,182045413633,182045414551,0,0,1,10000000
5132,182045417033,182045417850,0,0,1,10000000
5133,182045444908,182045446090,0,0,1,10000000
5134,182045449548,182045450510,0,0,1,10000000
5135,182045453217,182045454183,0,0,1,10000000
5136,182045456908,182045458285,0,0,1,10000000
5137,182045460534,182045461900,0,0,1,10000000
5138,182045466213,182045467483,0,0,1,10000000
5139,182045469099,182045470157,0,0,1,10000000
5140,182045471729,182045472840,0,0,1,10000000
5141,182045474924,182045475792,0,0,1,10000000
5142,182045478033,182045478864,0,0,1,10000000
5143,182045481357,182045482385,0,0,1,10000000
5144,182045485018,182045486132,0,0,1,10000000
5145,182045488761,182045489711,0,0,1,10000000
5146,182045514260,182045515330,0,0,1,10000000
5147,182045519481,182045520534,0,0,1,10000000
5148,182045524462,182045525434,0,0,1,10000000
5149,182045530325,182045531558,0,0,1,10000000
5150,182045535580,182045536781,0,0,1,10000000
5151,182045538618,182045539767,0,0,1,10000000
5152,182045542004,182045543033,0,0,1,10000000
5153,182045544751,182045545848,0,0,1,10000000
5154,182045547978,182045548974,0,0,1,10000000
5155,182045551508,182045552319,0,0,1,10000000
5156,182045554937,182045555878,0,0,1,10000000
5157,182045557677,182045558722,0,0,1,10000000
5158,182045584022,182045585300,0,0,1,10000000
5159,182045588826,182045589818,0,0,1,10000000
5160,182045593900,182045594791,0,0,1,10000000
5161,182045597589,182045598958,0,0,1,10000000
5162,182045601194,182045602208,0,0,1,10000000
5163,182045606711,182045608034,0,0,1,10000000
5164,182045609879,182045610670,0,0,1,10000000
5165,182045612128,182045613282,0,0,1,10000000
5166,182045615973,182045616782,0,0,1,10000000
5167,182045619242,182045620019,0,0,1,10000000
5168,182045622476,182045623397,0,0,1,10000000
5169,182045625953,182045627123,0,0,1,10000000
5170,182045653359,182045654674,0,0,1,10000000
5171,182045658238,182045659191,0,0,1,10000000
5172,182045663341,182045664269,0,0,1,10000000
5173,182045666974,182045667968,0,0,1,10000000
5174,182045670666,182045672035,0,0,1,10000000
5175,182045674267,182045675385,0,0,1,10000000
5176,182045677515,182045678767,0,0,1,10000000
5177,182045680253,182045681130,0,0,1,10000000
5178,182045682483,182045683538,0,0,1,10000000
5179,182045686206,182045687016,0,0,1,10000000
5180,182045689413,182045690195,0,0,1,10000000
5181,182045692548,182045693478,0,0,1,10000000
5182,182045696461,182045697519,0,0,1,10000000
5183,182045722641,182045723813,0,0,1,10000000
5184,182045727265,182045728456,0,0,1,10000000
5185,182045731400,182045732298,0,0,1,10000000
5186,182045734782,182045735725,0,0,1,10000000
5187,182045738247,182045739352,0,0,1,10000000
5188,182045743751,182045745881,0,0,1,10000000
5189,182045748017,182045748927,0,0,1,10000000
5190,182045750155,182045750897,0,0,1,10000000
5191,182045752557,182045753596,0,0,1,10000000
5192,182045754961,182045755721,0,0,1,10000000
5193,182045757751,182045758519,0,0,1,10000000
5194,182045761021,182045761798,0,0,1,10000000
5195,182045764297,182045765136,0,0,1,10000000
5196,182045792057,182045793085,0,0,1,10000000
5197,182045797112,182045798058,0,0,1,10000000
5198,182045802210,182045803121,0,0,1,10000000
5199,182045805836,182045807077,0,0,1,10000000
5200,182045809477,182045810692,0,0,1,10000000
5201,182045814989,182045816293,0,0,1,10000000
5202,182045817895,182045818940,0,0,1,10000000
5203,182045820453,182045821527,0,0,1,10000000
5204,182045823454,182045824302,0,0,1,10000000
5205,182045827066,182045827852,0,0,1,10000000
5206,182045830234,182045831062,0,0,1,10000000
5207,182045833477,182045834491,0,0,1,10000000
5208,182045861306,182045862958,0,0,1,10000000
5209,182045866827,182045869206,0,0,1,10000000
5210,182045872157,182045873207,0,0,1,10000000
5211,182045877045,182045878265,0,0,1,10000000
5212,182045880789,182045882115,0,0,1,10000000
5213,182045884599,182045885754,0,0,1,10000000
5214,182045887800,182045888582,0,0,1,10000000
5215,182045890316,182045891335,0,0,1,10000000
5216,182045893044,182045894205,0,0,1,10000000
5217,182045896686,182045897760,0,0,1,10000000
5218,182045900123,182045900896,0,0,1,10000000
5219,182045903487,182045904423,0,0,1,10000000
5220,182045930676,182045932674,0,0,1,10000000
